Dönem,Start Date,Start Time,End Time,Subject,Description,Location,,
Time Table 2,1 Eylül 2025 Pazartesi,08:30,16:20,FREE TIME,,,,
Time Table 2,2 Eylül 2025 Salı,09:00,09:30,PRESENTATION OF CLASS 2ND / Prof. Dr. Abdurrahman Fatih AYDIN (Türkçe Tıp ile ortak ders),TIBBİ BİYOKİMYA AD.,FAKÜLTEMİZ WEB SİTESİ ÖĞRENCİ AĞI AMFİ PROGRAMINA BAKINIZ,,
Time Table 2,2 Eylül 2025 Salı,09:40,10:00,Introduction to the Integrated Doctorate Program in Medicine / Prof. Dr. Leman YALÇINTEPE (Türkçe ile ortak),,FAKÜLTEMİZ WEB SİTESİ ÖĞRENCİ AĞI AMFİ PROGRAMINA BAKINIZ,,
Time Table 2,2 Eylül 2025 Salı,10:10,10:50,FREE TIME,,,,
Time Table 2,2 Eylül 2025 Salı,11:00,11:40,1-Bone marrow / Doç. Dr. Tuğba KOTİL (Dr.Öğr.Üyesi Tuğba EKİZ YILMAZ),BLOOD AND IMMUNE SYSTEM / HİSTOLOJİ VE EMBRİYOLOJİ AD.,FAKÜLTEMİZ WEB SİTESİ ÖĞRENCİ AĞI AMFİ PROGRAMINA BAKINIZ,,
Time Table 2,2 Eylül 2025 Salı,11:50,12:30,1-General information on the circulatory system anatomy / Dr.Öğr. Üyesi (Doç. Dr.) Özcan GAYRETLİ (Dr.Öğr. Üyesi Osman COŞKUN),CIRCULATION I / ANATOMİ AD.,FAKÜLTEMİZ WEB SİTESİ ÖĞRENCİ AĞI AMFİ PROGRAMINA BAKINIZ,,
Time Table 2,2 Eylül 2025 Salı,12:30,13:30,lunch break,,,,
Time Table 2,2 Eylül 2025 Salı,13:30,14:20,DISSECTION (1/13),CIRCULATION I / ANATOMİ AD.,ANATOMİ AD. LABORATUVARI,,
Time Table 2,2 Eylül 2025 Salı,14:30,15:20,DISSECTION (1/13),CIRCULATION I / ANATOMİ AD.,ANATOMİ AD. LABORATUVARI,,
Time Table 2,2 Eylül 2025 Salı,15:30,16:20,DISSECTION (1/13),CIRCULATION I / ANATOMİ AD.,ANATOMİ AD. LABORATUVARI,,
Time Table 2,3 Eylül 2025 Çarşamba,08:30,09:10,FREE TIME,,,,
Time Table 2,3 Eylül 2025 Çarşamba,09:20,10:00,1-Consepts related to the immune system / Prof. Dr. Sevim MEŞE (Prof. Dr.Hayriye KIRKOYUN UYSAL),BLOOD AND IMMUNE SYSTEM / TIBBİ MİKROBİYOLOJİ AD.,FAKÜLTEMİZ WEB SİTESİ ÖĞRENCİ AĞI AMFİ PROGRAMINA BAKINIZ,,
Time Table 2,3 Eylül 2025 Çarşamba,10:10,10:50,2-Antigens and receptors / Prof. Dr.Hayriye KIRKOYUN UYSAL (Dr.Öğr. Üyesi Mustafa ÖNEL),BLOOD AND IMMUNE SYSTEM / TIBBİ MİKROBİYOLOJİ AD.,FAKÜLTEMİZ WEB SİTESİ ÖĞRENCİ AĞI AMFİ PROGRAMINA BAKINIZ,,
Time Table 2,3 Eylül 2025 Çarşamba,11:00,11:40,1-Hemoproteins - functions - properties of phorphyrin ring / Prof. Dr. Nihal SALMAYENLİ (Prof. Dr. Abdurrahman Fatih AYDIN),BLOOD AND IMMUNE SYSTEM / TIBBİ BİYOKİMYA AD.,FAKÜLTEMİZ WEB SİTESİ ÖĞRENCİ AĞI AMFİ PROGRAMINA BAKINIZ,,
Time Table 2,3 Eylül 2025 Çarşamba,11:50,12:30,2-Porphyrins and heme synthesis / Prof. Dr. Nihal SALMAYENLİ  (Prof. Dr. Abdurrahman Fatih AYDIN),BLOOD AND IMMUNE SYSTEM / TIBBİ BİYOKİMYA AD.,FAKÜLTEMİZ WEB SİTESİ ÖĞRENCİ AĞI AMFİ PROGRAMINA BAKINIZ,,
Time Table 2,3 Eylül 2025 Çarşamba,12:30,13:30,lunch break,,,,
Time Table 2,3 Eylül 2025 Çarşamba,13:30,15:00,Introduction to Medical Skills Practices / Dr.Öğr. Üyesi Hacer NALBANT (Prof. Dr. Zeynep Olcay SOLAKOĞLU) (Türkçe Tıp ile ortak ders),MEDICAL SKILLS LABORATORY II / TIP EĞİTİMİ AD.,FAKÜLTEMİZ WEB SİTESİ ÖĞRENCİ AĞI AMFİ PROGRAMINA BAKINIZ,,
Time Table 2,3 Eylül 2025 Çarşamba,15:10,15:50,2-Hematopoiesis / Doç. Dr. Tuğba KOTİL (Dr.Öğr.Üyesi Tuğba EKİZ YILMAZ),BLOOD AND IMMUNE SYSTEM / HİSTOLOJİ VE EMBRİYOLOJİ AD.,FAKÜLTEMİZ WEB SİTESİ ÖĞRENCİ AĞI AMFİ PROGRAMINA BAKINIZ,,  
Time Table 2,3 Eylül 2025 Çarşamba,16:00,16:40,FREE TIME,,,,
Time Table 2,4 Eylül 2025 Perşembe,08:30,09:10,FREE TIME,,,,
Time Table 2,4 Eylül 2025 Perşembe,09:20,10:00,1- Physical features and functions of blood / Prof. Dr. Güher SARUHAN DİRESKENELİ (Prof. Dr. Müge Devrim ÜÇOK),BLOOD AND IMMUNE SYSTEM / FİZYOLOJİ AD.,FAKÜLTEMİZ WEB SİTESİ ÖĞRENCİ AĞI AMFİ PROGRAMINA BAKINIZ,,
Time Table 2,4 Eylül 2025 Perşembe,10:10,10:50,2- Haematopoiesis: Erythropoiesis / Prof. Dr. Güher SARUHAN DİRESKENELİ (Prof. Dr. Müge Devrim ÜÇOK),BLOOD AND IMMUNE SYSTEM / FİZYOLOJİ AD.,FAKÜLTEMİZ WEB SİTESİ ÖĞRENCİ AĞI AMFİ PROGRAMINA BAKINIZ,,
Time Table 2,4 Eylül 2025 Perşembe,11:00,11:40,3-Barriers that limit our relationship with the environment / Doç. Dr. Muammer Osman KÖKSAL (  Prof. Dr. Sevim MEŞE ),BLOOD AND IMMUNE SYSTEM / TIBBİ MİKROBİYOLOJİ AD.,FAKÜLTEMİZ WEB SİTESİ ÖĞRENCİ AĞI AMFİ PROGRAMINA BAKINIZ,,
Time Table 2,4 Eylül 2025 Perşembe,11:50,12:30,4-Induction of natural immunity system /Doç. Dr. Muammer Osman KÖKSAL(Prof. Dr.Hayriye KIRKOYUN UYSAL),BLOOD AND IMMUNE SYSTEM / TIBBİ MİKROBİYOLOJİ AD.,FAKÜLTEMİZ WEB SİTESİ ÖĞRENCİ AĞI AMFİ PROGRAMINA BAKINIZ,,
Time Table 2,4 Eylül 2025 Perşembe,12:30,13:30,lunch break,,,,
Time Table 2,4 Eylül 2025 Perşembe,13:30,14:20,DISSECTION (2/13),CIRCULATION I / ANATOMİ AD.,ANATOMİ AD. LABORATUVARI,,
Time Table 2,4 Eylül 2025 Perşembe,14:30,15:20,DISSECTION (2/13),CIRCULATION I / ANATOMİ AD.,ANATOMİ AD. LABORATUVARI,,
Time Table 2,4 Eylül 2025 Perşembe,15:30,16:20,DISSECTION (2/13),CIRCULATION I / ANATOMİ AD.,ANATOMİ AD. LABORATUVARI,,
Time Table 2,5 Eylül 2025 Cuma,08:30,10:20,FREE TIME,,,,
Time Table 2,5 Eylül 2025 Cuma,11:00,11:40,3- Hemoglobin and functions in red blood cells / Prof. Dr. Güher SARUHAN DİRESKENELİ (Prof. Dr. Müge Devrim ÜÇOK),BLOOD AND IMMUNE SYSTEM / FİZYOLOJİ AD.,FAKÜLTEMİZ WEB SİTESİ ÖĞRENCİ AĞI AMFİ PROGRAMINA BAKINIZ,,
Time Table 2,5 Eylül 2025 Cuma,11:50,12:30,4- Anaemia and blood groups / Prof. Dr. Güher SARUHAN DİRESKENELİ (Prof. Dr. Müge Devrim ÜÇOK),BLOOD AND IMMUNE SYSTEM / FİZYOLOJİ AD.,FAKÜLTEMİZ WEB SİTESİ ÖĞRENCİ AĞI AMFİ PROGRAMINA BAKINIZ,,
Time Table 2,5 Eylül 2025 Cuma,12:30,13:30,lunch break,,,,
Time Table 2,5 Eylül 2025 Cuma,14:00,14:40,2-External and internal appearance of the heart / Dr.Öğr. Üyesi (Doç. Dr.) Özcan GAYRETLİ (Dr.Öğr. Üyesi Osman COŞKUN),CIRCULATION I / ANATOMİ AD.,FAKÜLTEMİZ WEB SİTESİ ÖĞRENCİ AĞI AMFİ PROGRAMINA BAKINIZ,,
Time Table 2,5 Eylül 2025 Cuma,14:50,15:30,3-Ventricles and atriums / Dr.Öğr. Üyesi (Doç. Dr.) Özcan GAYRETLİ (Dr.Öğr. Üyesi Osman COŞKUN),CIRCULATION I / ANATOMİ AD.,FAKÜLTEMİZ WEB SİTESİ ÖĞRENCİ AĞI AMFİ PROGRAMINA BAKINIZ,,
Time Table 2,5 Eylül 2025 Cuma,15:40,16:20,FREE TIME,,,,
Time Table 2,8 Eylül 2025 Pazartesi,08:30,09:10,1-Stem cells technologies and new approaches / Doç. Dr. Leyla TÜRKER ŞENER (Doç. Dr.  Bilge ÖZERMAN EDİS),BLOOD AND IMMUNE SYSTEM / BİYOFİZİK AD.,FAKÜLTEMİZ WEB SİTESİ ÖĞRENCİ AĞI AMFİ PROGRAMINA BAKINIZ,,
Time Table 2,8 Eylül 2025 Pazartesi,09:20,10:00,3-Bilirubin metabolism (breakdown of the heme ring) / Prof. Dr. Nihal SALMAYENLİ (Prof. Dr. Abdurrahman Fatih AYDIN),BLOOD AND IMMUNE SYSTEM / TIBBİ BİYOKİMYA AD.,FAKÜLTEMİZ WEB SİTESİ ÖĞRENCİ AĞI AMFİ PROGRAMINA BAKINIZ,,
Time Table 2,8 Eylül 2025 Pazartesi,10:10,10:50,4-Disorders of Heme synthesis and destruction / Prof. Dr. Nihal SALMAYENLİ (Prof. Dr. Abdurrahman Fatih AYDIN),BLOOD AND IMMUNE SYSTEM / TIBBİ BİYOKİMYA AD.,FAKÜLTEMİZ WEB SİTESİ ÖĞRENCİ AĞI AMFİ PROGRAMINA BAKINIZ,,
Time Table 2,8 Eylül 2025 Pazartesi,11:00,11:40,5-Effect mechanisms of natural immunity system / Prof. Dr.Hayriye KIRKOYUN UYSAL  (Doç. Dr. Mustafa ÖNEL),BLOOD AND IMMUNE SYSTEM / TIBBİ MİKROBİYOLOJİ AD.,FAKÜLTEMİZ WEB SİTESİ ÖĞRENCİ AĞI AMFİ PROGRAMINA BAKINIZ,,
Time Table 2,8 Eylül 2025 Pazartesi,11:50,12:30,6-Immunoglobulins and antigen-antibody reactions / Prof. Dr.Hayriye KIRKOYUN UYSAL  (Dr. Öğr.Üyesi Mustafa ÖNEL),BLOOD AND IMMUNE SYSTEM / TIBBİ MİKROBİYOLOJİ AD.,FAKÜLTEMİZ WEB SİTESİ ÖĞRENCİ AĞI AMFİ PROGRAMINA BAKINIZ,,
Time Table 2,8 Eylül 2025 Pazartesi,12:30,13:30,lunch break,,,,
Time Table 2,8 Eylül 2025 Pazartesi,13:30,14:10,FREE TIME,,,,
Time Table 2,8 Eylül 2025 Pazartesi,14:20,15:00,FREE TIME,,,,
Time Table 2,9 Eylül 2025 Salı,08:30,09:10,FREE TIME,,,,
Time Table 2,9 Eylül 2025 Salı,09:20,10:00,3-Introduction to lymphoid system histology / Doç. Dr. Tuğba KOTİL (Dr.Öğr.Üyesi Tuğba EKİZ YILMAZ),BLOOD AND IMMUNE SYSTEM / HİSTOLOJİ VE EMBRİYOLOJİ AD.,FAKÜLTEMİZ WEB SİTESİ ÖĞRENCİ AĞI AMFİ PROGRAMINA BAKINIZ,,
Time Table 2,9 Eylül 2025 Salı,10:10,10:50,4-Thymus / Doç. Dr. Tuğba KOTİL (Dr.Öğr.Üyesi Tuğba EKİZ YILMAZ),BLOOD AND IMMUNE SYSTEM / HİSTOLOJİ VE EMBRİYOLOJİ AD.,FAKÜLTEMİZ WEB SİTESİ ÖĞRENCİ AĞI AMFİ PROGRAMINA BAKINIZ,,
Time Table 2,9 Eylül 2025 Salı,11:00,11:40,4-Heart structure and conductive system / Dr.Öğr. Üyesi (Doç. Dr.) Özcan GAYRETLİ (Dr.Öğr. Üyesi Osman COŞKUN),CIRCULATION I / ANATOMİ AD.,FAKÜLTEMİZ WEB SİTESİ ÖĞRENCİ AĞI AMFİ PROGRAMINA BAKINIZ,,
Time Table 2,9 Eylül 2025 Salı,11:50,12:30,5-Coronary vessels and nerves / Dr.Öğr. Üyesi (Doç. Dr.) Özcan GAYRETLİ (Dr.Öğr. Üyesi Osman COŞKUN),CIRCULATION I / ANATOMİ AD.,FAKÜLTEMİZ WEB SİTESİ ÖĞRENCİ AĞI AMFİ PROGRAMINA BAKINIZ,,
,,12:30,13:30,lunch break,,,,
Time Table 2,9 Eylül 2025 Salı,13:30,14:20,DISSECTION (3/13),CIRCULATION I / ANATOMİ AD.,ANATOMİ AD. LABORATUVARI,,
Time Table 2,9 Eylül 2025 Salı,14:30,15:20,DISSECTION (3/13),CIRCULATION I / ANATOMİ AD.,ANATOMİ AD. LABORATUVARI,,
Time Table 2,9 Eylül 2025 Salı,15:30,16:20,DISSECTION (3/13),CIRCULATION I / ANATOMİ AD.,ANATOMİ AD. LABORATUVARI,,
Time Table 2,10 Eylül 2025 Çarşamba,08:30,09:10,FREE TIME,,,,
Time Table 2,10 Eylül 2025 Çarşamba,09:20,10:00,5- Haemostasis / Prof. Dr. Güher SARUHAN DİRESKENELİ (Prof. Dr. Müge Devrim ÜÇOK),BLOOD AND IMMUNE SYSTEM / FİZYOLOJİ AD.,FAKÜLTEMİZ WEB SİTESİ ÖĞRENCİ AĞI AMFİ PROGRAMINA BAKINIZ,,
Time Table 2,10 Eylül 2025 Çarşamba,10:10,10:50,6- Blood coagulation system / Prof. Dr. Güher SARUHAN DİRESKENELİ (Prof. Dr. Müge Devrim ÜÇOK),BLOOD AND IMMUNE SYSTEM / FİZYOLOJİ AD.,FAKÜLTEMİZ WEB SİTESİ ÖĞRENCİ AĞI AMFİ PROGRAMINA BAKINIZ,,
Time Table 2,10 Eylül 2025 Çarşamba,11:00,11:40,6-Arteries and pulmonary trunk / Dr.Öğr. Üyesi (Doç. Dr.) Özcan GAYRETLİ (Dr.Öğr. Üyesi Osman COŞKUN),CIRCULATION I / ANATOMİ AD.,FAKÜLTEMİZ WEB SİTESİ ÖĞRENCİ AĞI AMFİ PROGRAMINA BAKINIZ,,
Time Table 2,10 Eylül 2025 Çarşamba,11:50,12:30,7-Aorta / Dr.Öğr. Üyesi (Doç. Dr.) Özcan GAYRETLİ (Dr.Öğr. Üyesi Osman COŞKUN),CIRCULATION I / ANATOMİ AD.,FAKÜLTEMİZ WEB SİTESİ ÖĞRENCİ AĞI AMFİ PROGRAMINA BAKINIZ,,
Time Table 2,10 Eylül 2025 Çarşamba,12:30,13:30,lunch break,,,,
Time Table 2,10 Eylül 2025 Çarşamba,13:30,15:20,Integrated session  Anaemia / Prof. Dr. Fatma Aytül Uyar (Prof. Dr. Güher SARUHAN DİRESKENELİ) - Doç. Dr. İpek YÖNAL HİNDİLERDEN - Prof. Dr. Özden Boral (Türkçe Tıp ile ortak ders),BLOOD AND IMMUNE SYSTEM / FİZYOLOJİ AD. - İÇ HASTALIKLARI AD. - TIBBİ MİKROBİYOLOJİ AD.,FAKÜLTEMİZ WEB SİTESİ ÖĞRENCİ AĞI AMFİ PROGRAMINA BAKINIZ,,
Time Table 2,11 Eylül 2025 Perşembe,08:30,09:10,FREE TIME,,,,
Time Table 2,11 Eylül 2025 Perşembe,09:20,10:00,FREE TIME,,,,
Time Table 2,11 Eylül 2025 Perşembe,10:10,10:50,5-Spleen and tonsils / Doç. Dr. Tuğba KOTİL (Dr.Öğr.Üyesi Tuğba EKİZ YILMAZ),BLOOD AND IMMUNE SYSTEM / HİSTOLOJİ VE EMBRİYOLOJİ AD.,FAKÜLTEMİZ WEB SİTESİ ÖĞRENCİ AĞI AMFİ PROGRAMINA BAKINIZ,,
Time Table 2,11 Eylül 2025 Perşembe,11:00,11:40,7- Endothelial cells and regulation of haemostasis / Prof. Dr. Güher SARUHAN DİRESKENELİ (Prof. Dr. Müge Devrim ÜÇOK),BLOOD AND IMMUNE SYSTEM / FİZYOLOJİ AD.,FAKÜLTEMİZ WEB SİTESİ ÖĞRENCİ AĞI AMFİ PROGRAMINA BAKINIZ,,
Time Table 2,11 Eylül 2025 Perşembe,11:50,12:30,8- Haematopoiesis: Lymphoid cells / Prof. Dr. Güher SARUHAN DİRESKENELİ (Prof. Dr. Müge Devrim ÜÇOK),BLOOD AND IMMUNE SYSTEM / FİZYOLOJİ AD.,FAKÜLTEMİZ WEB SİTESİ ÖĞRENCİ AĞI AMFİ PROGRAMINA BAKINIZ,,
Time Table 2,11 Eylül 2025 Perşembe,12:30,13:30,lunch break,,,,
Time Table 2,11 Eylül 2025 Perşembe,13:30,14:20,DISSECTION (4/13),CIRCULATION I / ANATOMİ AD.,ANATOMİ AD. LABORATUVARI,,
Time Table 2,11 Eylül 2025 Perşembe,14:30,15:20,DISSECTION (4/13),CIRCULATION I / ANATOMİ AD.,ANATOMİ AD. LABORATUVARI,,
Time Table 2,11 Eylül 2025 Perşembe,15:30,16:20,DISSECTION (4/13),CIRCULATION I / ANATOMİ AD.,ANATOMİ AD. LABORATUVARI,,
Time Table 2,12 Eylül 2025 Cuma,08:30,09:10,FREE TIME,,,,
Time Table 2,12 Eylül 2025 Cuma,09:20,10:00,FREE TIME,,,,
Time Table 2,12 Eylül 2025 Cuma,10:10,10:50,FREE TIME,,,,
Time Table 2,12 Eylül 2025 Cuma,11:00,11:40,24-Surveillance and control of microorganisms / Doç. Dr. Muammer Osman KÖKSAL (.Prof. Hayriye KIRKOYUN UYSAL),BLOOD AND IMMUNE SYSTEM / TIBBİ MİKROBİYOLOJİ AD.,FAKÜLTEMİZ WEB SİTESİ ÖĞRENCİ AĞI AMFİ PROGRAMINA BAKINIZ,,
Time Table 2,12 Eylül 2025 Cuma,11:50,12:30,8-Complement activation /Prof. Dr. Sevim MEŞE (Prof. Dr.Hayriye KIRKOYUN UYSAL),BLOOD AND IMMUNE SYSTEM / TIBBİ MİKROBİYOLOJİ AD.,FAKÜLTEMİZ WEB SİTESİ ÖĞRENCİ AĞI AMFİ PROGRAMINA BAKINIZ,,
,,12:30,13:30,lunch break,,,,
Time Table 2,12 Eylül 2025 Cuma,14:00,14:40,5-Variant hemoglobins and abnormal hemoglobins / Prof. Dr. Nihal SALMAYENLİ (Prof. Dr. Abdurrahman Fatih AYDIN),BLOOD AND IMMUNE SYSTEM / TIBBİ BİYOKİMYA AD.,FAKÜLTEMİZ WEB SİTESİ ÖĞRENCİ AĞI AMFİ PROGRAMINA BAKINIZ,,
Time Table 2,12 Eylül 2025 Cuma,14:50,15:30,6-Erythrocyte biochemistry / Doç. Dr. İlknur BİNGÜL (Prof. Dr. Abdurrahman Fatih AYDIN),BLOOD AND IMMUNE SYSTEM / TIBBİ BİYOKİMYA AD.,FAKÜLTEMİZ WEB SİTESİ ÖĞRENCİ AĞI AMFİ PROGRAMINA BAKINIZ,,
Time Table 2,12 Eylül 2025 Cuma,15:40,16:20,FREE TIME,,,,
Time Table 2,15 Eylül 2025 Pazartesi,08:30,09:10,FREE TIME,,,,
Time Table 2,15 Eylül 2025 Pazartesi,09:20,10:00,FREE TIME,,,,
Time Table 2,15 Eylül 2025 Pazartesi,10:30,12:20,FREE TIME,,,,
Time Table 2,15 Eylül 2025 Pazartesi,12:30,13:30,lunch break,,,,
Time Table 2,15 Eylül 2025 Pazartesi,13:30,14:10,9- Innate vs. adaptive immune response / Prof. Dr. Güher SARUHAN DİRESKENELİ (Prof. Dr. Müge Devrim ÜÇOK),BLOOD AND IMMUNE SYSTEM / FİZYOLOJİ AD.,FAKÜLTEMİZ WEB SİTESİ ÖĞRENCİ AĞI AMFİ PROGRAMINA BAKINIZ,,
Time Table 2,15 Eylül 2025 Pazartesi,14:20,15:00,10- MHC and antigen presentation / Prof. Dr. Güher SARUHAN DİRESKENELİ (Prof. Dr. Müge Devrim ÜÇOK),BLOOD AND IMMUNE SYSTEM / FİZYOLOJİ AD.,FAKÜLTEMİZ WEB SİTESİ ÖĞRENCİ AĞI AMFİ PROGRAMINA BAKINIZ,,
Time Table 2,15 Eylül 2025 Pazartesi,15:10,15:50,7-Laboratory diagnosis of anemia - The pathophysiology and types of anemia / Prof. Dr. Abdurrahman Fatih AYDIN (Doç. Dr. Ayşe Gül Sündüz TELCİ),BLOOD AND IMMUNE SYSTEM / TIBBİ BİYOKİMYA AD.,FAKÜLTEMİZ WEB SİTESİ ÖĞRENCİ AĞI AMFİ PROGRAMINA BAKINIZ,,
Time Table 2,15 Eylül 2025 Pazartesi,16:00,16:40,FREE TIME,,,,
Time Table 2,16 Eylül 2025 Salı,08:30,09:10,11- Immune receptors and diversity / Prof. Dr. Güher SARUHAN DİRESKENELİ (Prof. Dr. Müge Devrim ÜÇOK),BLOOD AND IMMUNE SYSTEM / FİZYOLOJİ AD.,FAKÜLTEMİZ WEB SİTESİ ÖĞRENCİ AĞI AMFİ PROGRAMINA BAKINIZ,,
Time Table 2,16 Eylül 2025 Salı,09:20,10:00,12- Development of lymphocytes / Prof. Dr. Güher SARUHAN DİRESKENELİ (Prof. Dr. Müge Devrim ÜÇOK),BLOOD AND IMMUNE SYSTEM / FİZYOLOJİ AD.,FAKÜLTEMİZ WEB SİTESİ ÖĞRENCİ AĞI AMFİ PROGRAMINA BAKINIZ,,
Time Table 2,16 Eylül 2025 Salı,10:30,12:20,Integrated session  Platelets and coagulation /Prof. Dr. Güher SARUHAN DİRESKENELİ - Prof. Dr. Ayşegül ÜNÜVAR (Prof. Dr. Serap KARAMAN) - Prof. Dr. Mustafa Nuri YENEREL (Türkçe Tıp ile ortak ders),BLOOD AND IMMUNE SYSTEM / FİZYOLOJİ AD. - ÇOCUK SAĞLIĞI VE HASTALIKLARI AD. - İÇ HASTALIKLARI AD.,FAKÜLTEMİZ WEB SİTESİ ÖĞRENCİ AĞI AMFİ PROGRAMINA BAKINIZ,,
Time Table 2,16 Eylül 2025 Salı,12:30,13:30,lunch break,,,,
Time Table 2,16 Eylül 2025 Salı,13:30,14:20,DISSECTION (5/13),CIRCULATION I / ANATOMİ AD.,ANATOMİ AD. LABORATUVARI,,
Time Table 2,16 Eylül 2025 Salı,14:30,15:20,DISSECTION (5/13),CIRCULATION I / ANATOMİ AD.,ANATOMİ AD. LABORATUVARI,,
Time Table 2,16 Eylül 2025 Salı,15:30,16:20,DISSECTION (5/13),CIRCULATION I / ANATOMİ AD.,ANATOMİ AD. LABORATUVARI,,
Time Table 2,17 Eylül 2025 Çarşamba,08:30,09:10,FREE TIME,,,,
Time Table 2,17 Eylül 2025 Çarşamba,09:20,10:00,13- Activation of lymphocytes / Prof. Dr. Güher SARUHAN DİRESKENELİ (Prof. Dr. Müge Devrim ÜÇOK),BLOOD AND IMMUNE SYSTEM / FİZYOLOJİ AD.,FAKÜLTEMİZ WEB SİTESİ ÖĞRENCİ AĞI AMFİ PROGRAMINA BAKINIZ,,
Time Table 2,17 Eylül 2025 Çarşamba,10:10,10:50,14- Differentiation and functions of CD4 effector T cells / Prof. Dr. Güher SARUHAN DİRESKENELİ (Prof. Dr. Müge Devrim ÜÇOK),BLOOD AND IMMUNE SYSTEM / FİZYOLOJİ AD.,FAKÜLTEMİZ WEB SİTESİ ÖĞRENCİ AĞI AMFİ PROGRAMINA BAKINIZ,,
Time Table 2,17 Eylül 2025 Çarşamba,11:00,11:40,FREE TIME,,,,
Time Table 2,17 Eylül 2025 Çarşamba,11:50,12:30,9-Mucosal immune responses /Doç. Dr. Muammer Osman KÖKSAL (Prof. Dr.Hayriye KIRKOYUN UYSAL),BLOOD AND IMMUNE SYSTEM / TIBBİ MİKROBİYOLOJİ AD.,FAKÜLTEMİZ WEB SİTESİ ÖĞRENCİ AĞI AMFİ PROGRAMINA BAKINIZ,,
Time Table 2,17 Eylül 2025 Çarşamba,12:30,13:30,lunch break,,,,
Time Table 2,17 Eylül 2025 Çarşamba,13:30,15:20,LABORATORY SKILLS (PHYSIOLOGY 1) İ1 - (HISTOLOGY AND EMBRYOLOGY) İ2,BLOOD AND IMMUNE SYSTEM,,,
Time Table 2,18 Eylül 2025 Perşembe,08:30,09:10,FREE TIME,,,,
Time Table 2,18 Eylül 2025 Perşembe,09:20,10:00,FREE TIME,,,,
Time Table 2,18 Eylül 2025 Perşembe,10:10,10:50,Protective immune response and memory response in vaccination / Prof. Dr. Gonca KESKİNDEMİRCİ,BLOOD AND IMMUNE SYSTEM / ÇOCUK SAĞLIĞI VE HASTALIKLARI AD.,FAKÜLTEMİZ WEB SİTESİ ÖĞRENCİ AĞI AMFİ PROGRAMINA BAKINIZ,,
Time Table 2,18 Eylül 2025 Perşembe,11:00,11:40,8-Arteries of head and neck / Dr.Öğr. Üyesi (Doç. Dr.) Özcan GAYRETLİ (Dr.Öğr. Üyesi Osman COŞKUN),CIRCULATION I / ANATOMİ AD.,FAKÜLTEMİZ WEB SİTESİ ÖĞRENCİ AĞI AMFİ PROGRAMINA BAKINIZ,,
Time Table 2,18 Eylül 2025 Perşembe,11:50,12:30,9-Arteries of upper extremity / Dr.Öğr. Üyesi (Doç. Dr.) Özcan GAYRETLİ (Dr.Öğr. Üyesi Osman COŞKUN),CIRCULATION I / ANATOMİ AD.,FAKÜLTEMİZ WEB SİTESİ ÖĞRENCİ AĞI AMFİ PROGRAMINA BAKINIZ,,
Time Table 2,18 Eylül 2025 Perşembe,12:30,13:30,lunch break,,,,
Time Table 2,18 Eylül 2025 Perşembe,13:30,14:20,DISSECTION (6/13),CIRCULATION I / ANATOMİ AD.,ANATOMİ AD. LABORATUVARI,,
Time Table 2,18 Eylül 2025 Perşembe,14:30,15:20,DISSECTION (6/13),CIRCULATION I / ANATOMİ AD.,ANATOMİ AD. LABORATUVARI,,
Time Table 2,18 Eylül 2025 Perşembe,15:30,16:20,DISSECTION (6/13),CIRCULATION I / ANATOMİ AD.,ANATOMİ AD. LABORATUVARI,,
Time Table 2,19 Eylül 2025 Cuma,08:30,09:10,FREE TIME,,,,
Time Table 2,19 Eylül 2025 Cuma,09:20,10:00,FREE TIME,,,,
Time Table 2,19 Eylül 2025 Cuma,10:30,12:20,LABORATORY SKILLS (PHYSIOLOGY 1) İ2 - (HISTOLOGY AND EMBRYOLOGY) İ1,BLOOD AND IMMUNE SYSTEM,,,
Time Table 2,19 Eylül 2025 Cuma,12:30,13:30,lunch break,,,,
Time Table 2,19 Eylül 2025 Cuma,14:00,14:40,FREE TIME,,,,
Time Table 2,19 Eylül 2025 Cuma,14:50,15:30,FREE TIME,,,,
Time Table 2,19 Eylül 2025 Cuma,15:40,16:20,FREE TIME,,,,
Time Table 2,22 Eylül 2025 Pazartesi,08:30,09:10,FREE TIME,,,,
Time Table 2,22 Eylül 2025 Pazartesi,09:20,10:00,FREE TIME,,,,
Time Table 2,22 Eylül 2025 Pazartesi,10:10,10:50,FREE TIME,,,,
Time Table 2,22 Eylül 2025 Pazartesi,11:00,11:40,FREE TIME,,,,
Time Table 2,22 Eylül 2025 Pazartesi,11:50,12:30,FREE TIME,,,,
Time Table 2,22 Eylül 2025 Pazartesi,12:30,13:30,lunch break,,,,
Time Table 2,22 Eylül 2025 Pazartesi,13:30,15:20,Integrated session  What will be recognized by the immune system? /Prof. Dr. Güher SARUHAN DİRESKENELİ - Prof. Dr. Ahmet GÜL (Türkçe Tıp ile ortak ders),BLOOD AND IMMUNE SYSTEM / FİZYOLOJİ AD. - İÇ HASTALIKLARI AD. ,FAKÜLTEMİZ WEB SİTESİ ÖĞRENCİ AĞI AMFİ PROGRAMINA BAKINIZ,,
Time Table 2,22 Eylül 2025 Pazartesi,15:30,16:10,15- Differentiation and functions of CD8 effector T cells / Prof. Dr. Güher SARUHAN DİRESKENELİ (Prof. Dr. Müge Devrim ÜÇOK),BLOOD AND IMMUNE SYSTEM / FİZYOLOJİ AD.,FAKÜLTEMİZ WEB SİTESİ ÖĞRENCİ AĞI AMFİ PROGRAMINA BAKINIZ,,
Time Table 2,22 Eylül 2025 Pazartesi,16:20,17:00,16- Regulation of the immune response / Prof. Dr. Güher SARUHAN DİRESKENELİ (Prof. Dr. Müge Devrim ÜÇOK),BLOOD AND IMMUNE SYSTEM / FİZYOLOJİ AD.,FAKÜLTEMİZ WEB SİTESİ ÖĞRENCİ AĞI AMFİ PROGRAMINA BAKINIZ,,
Time Table 2,23 Eylül 2025 Salı,08:30,09:10,FREE TIME,,,,
Time Table 2,23 Eylül 2025 Salı,09:20,10:00,1-Development of heart /Prof. Dr. Sibel KÖKTÜRK (Doç. Dr. Tuğba KOTİL),CIRCULATION I / HİSTOLOJİ VE EMBRİYOLOJİ AD.,FAKÜLTEMİZ WEB SİTESİ ÖĞRENCİ AĞI AMFİ PROGRAMINA BAKINIZ,,
Time Table 2,23 Eylül 2025 Salı,10:10,10:50,2-Histology of heart / Prof. Dr. Sibel KÖKTÜRK (Doç. Dr. Tuğba KOTİL),CIRCULATION I / HİSTOLOJİ VE EMBRİYOLOJİ AD.,FAKÜLTEMİZ WEB SİTESİ ÖĞRENCİ AĞI AMFİ PROGRAMINA BAKINIZ,,
Time Table 2,23 Eylül 2025 Salı,11:00,11:40,FREE TIME,,,,
Time Table 2,23 Eylül 2025 Salı,11:50,12:30,FREE TIME,,,,
Time Table 2,23 Eylül 2025 Salı,12:30,13:30,lunch break,,,,
Time Table 2,23 Eylül 2025 Salı,13:30,14:20,DISSECTION (7/13),CIRCULATION I / ANATOMİ AD.,ANATOMİ AD. LABORATUVARI,,
Time Table 2,23 Eylül 2025 Salı,14:30,15:20,DISSECTION (7/13),CIRCULATION I / ANATOMİ AD.,ANATOMİ AD. LABORATUVARI,,
Time Table 2,23 Eylül 2025 Salı,15:30,16:20,DISSECTION (7/13),CIRCULATION I / ANATOMİ AD.,ANATOMİ AD. LABORATUVARI,,
Time Table 2,24 Eylül 2025 Çarşamba,08:30,10:20,LABORATORY SKILLS (PHYSIOLOGY 2) İ2,BLOOD AND IMMUNE SYSTEM,,,
Time Table 2,24 Eylül 2025 Çarşamba,11:00,11:40,10-Arteries of trunk / Dr.Öğr. Üyesi (Doç. Dr.) Özcan GAYRETLİ (Dr.Öğr. Üyesi Osman COŞKUN),CIRCULATION I / ANATOMİ AD.,FAKÜLTEMİZ WEB SİTESİ ÖĞRENCİ AĞI AMFİ PROGRAMINA BAKINIZ,,
Time Table 2,24 Eylül 2025 Çarşamba,11:50,12:30,11-Arteries of lower extremity / Dr.Öğr. Üyesi (Doç. Dr.) Özcan GAYRETLİ (Dr.Öğr. Üyesi Osman COŞKUN),CIRCULATION I / ANATOMİ AD.,FAKÜLTEMİZ WEB SİTESİ ÖĞRENCİ AĞI AMFİ PROGRAMINA BAKINIZ,,
Time Table 2,24 Eylül 2025 Çarşamba,12:30,13:30,lunch break,,,,
Time Table 2,24 Eylül 2025 Çarşamba,13:30,14:10,FREE TIME,,,,
Time Table 2,24 Eylül 2025 Çarşamba,14:20,15:00,FREE TIME,,,,
Time Table 2,24 Eylül 2025 Çarşamba,15:10,15:50,FREE TIME,,,,
Time Table 2,25 Eylül 2025 Perşembe,08:30,09:10,FREE TIME,,,,
Time Table 2,25 Eylül 2025 Perşembe,09:20,10:00,5- Abnormalities in Electrocardiogram / Prof. Dr. Müge DEVRİM ÜÇOK (Prof. Dr. Tamer DEMİRALP),CIRCULATION I / FİZYOLOJİ AD.,FAKÜLTEMİZ WEB SİTESİ ÖĞRENCİ AĞI AMFİ PROGRAMINA BAKINIZ,,
Time Table 2,25 Eylül 2025 Perşembe,10:10,10:50,6- Cardiac Cycle and Heart Sounds / Prof. Dr. Müge DEVRİM ÜÇOK (Prof. Dr. Tamer DEMİRALP),CIRCULATION I / FİZYOLOJİ AD.,FAKÜLTEMİZ WEB SİTESİ ÖĞRENCİ AĞI AMFİ PROGRAMINA BAKINIZ,,
Time Table 2,25 Eylül 2025 Perşembe,11:00,11:40,12-Veins of upper extremity / Dr.Öğr. Üyesi Osman COŞKUN (Prof. Dr. Ayşin KALE),CIRCULATION I / ANATOMİ AD.,FAKÜLTEMİZ WEB SİTESİ ÖĞRENCİ AĞI AMFİ PROGRAMINA BAKINIZ,,
Time Table 2,25 Eylül 2025 Perşembe,11:50,12:30,13-Veins of head and neck / Dr.Öğr. Üyesi Osman COŞKUN (Prof. Dr. Ayşin KALE),CIRCULATION I / ANATOMİ AD.,FAKÜLTEMİZ WEB SİTESİ ÖĞRENCİ AĞI AMFİ PROGRAMINA BAKINIZ,,
Time Table 2,25 Eylül 2025 Perşembe,12:30,13:30,lunch break,,,,
Time Table 2,25 Eylül 2025 Perşembe,13:30,14:20,DISSECTION (8/13),CIRCULATION I / ANATOMİ AD.,ANATOMİ AD. LABORATUVARI,,
Time Table 2,25 Eylül 2025 Perşembe,14:30,15:20,DISSECTION (8/13),CIRCULATION I / ANATOMİ AD.,ANATOMİ AD. LABORATUVARI,,
Time Table 2,25 Eylül 2025 Perşembe,15:30,16:20,DISSECTION (8/13),CIRCULATION I / ANATOMİ AD.,ANATOMİ AD. LABORATUVARI,,
Time Table 2,26 Eylül 2025 Cuma,08:30,10:20,FREE TIME,,,,
Time Table 2,26 Eylül 2025 Cuma,10:30,12:20,LABORATORY SKILLS (PHYSIOLOGY 2) İ1,BLOOD AND IMMUNE SYSTEM,,,
Time Table 2,26 Eylül 2025 Cuma,12:30,13:30,lunch break,,,,
Time Table 2,26 Eylül 2025 Cuma,14:00,15:30,FREE TIME,,,,
Time Table 2,29 Eylül 2025 Pazartesi,08:30,09:10,From innate and adaptive immune response: NK cells / Prof. Dr. Günnur DENİZ,BLOOD AND IMMUNE SYSTEM / AZİZ SANCAR DENEYSEL TIP ARAŞTIRMA ENSTİTÜSÜ MÜDÜRLÜĞÜ,FAKÜLTEMİZ WEB SİTESİ ÖĞRENCİ AĞI AMFİ PROGRAMINA BAKINIZ,,
Time Table 2,29 Eylül 2025 Pazartesi,09:20,10:50,integrated session Evaluation of the immune parameters - COVID immunology / Prof. Dr. Güher Saruhan Direskeneli - Prof. Dr. Günnur DENİZ - Prof. Dr. Serap ŞİMŞEK YAVUZ (Türkçe Tıp ile ortak ders),BLOOD AND IMMUNE SYSTEM / FİZYOLOJİ AD. - AZİZ SANCAR DENEYSEL TIP ARAŞTIRMA ENSTİTÜSÜ MÜDÜRLÜĞÜ - ENFEKSİYON HASTALIKLARI VE KLİNİK MİKROBİYOLOJİ AD.,FAKÜLTEMİZ WEB SİTESİ ÖĞRENCİ AĞI AMFİ PROGRAMINA BAKINIZ,,
Time Table 2,29 Eylül 2025 Pazartesi,11:00,11:40,7- Pressure Changes during the Cardiac Cycle / Prof. Dr. Müge DEVRİM ÜÇOK (Prof. Dr. Tamer DEMİRALP),CIRCULATION I / FİZYOLOJİ AD.,FAKÜLTEMİZ WEB SİTESİ ÖĞRENCİ AĞI AMFİ PROGRAMINA BAKINIZ,,
Time Table 2,29 Eylül 2025 Pazartesi,11:50,12:30,8- Intrinsic Regulation of Heart Pumping / Prof. Dr. Müge DEVRİM ÜÇOK (Prof. Dr. Tamer DEMİRALP),CIRCULATION I / FİZYOLOJİ AD.,FAKÜLTEMİZ WEB SİTESİ ÖĞRENCİ AĞI AMFİ PROGRAMINA BAKINIZ,,
Time Table 2,29 Eylül 2025 Pazartesi,12:30,13:30,lunch break,,,,
Time Table 2,29 Eylül 2025 Pazartesi,13:30,14:10,FREE TIME,,,,
Time Table 2,29 Eylül 2025 Pazartesi,14:20,15:00,FREE TIME,,,,
Time Table 2,29 Eylül 2025 Pazartesi,15:10,15:50,1- Physiology of Cardiac Muscle / Prof. Dr. Müge DEVRİM ÜÇOK (Prof. Dr. Tamer DEMİRALP),CIRCULATION I / FİZYOLOJİ AD.,FAKÜLTEMİZ WEB SİTESİ ÖĞRENCİ AĞI AMFİ PROGRAMINA BAKINIZ,,
Time Table 2,29 Eylül 2025 Pazartesi,16:00,16:40,FREE TIME,,,,
Time Table 2,30 Eylül 2025 Salı,08:30,09:10,FREE TIME,,,,
Time Table 2,30 Eylül 2025 Salı,09:20,10:50,Integrated Session Pushing Physiological Limits in Cardiovascular System / Prof. Dr. Bülent BAYRAKTAR (Prof. Dr. Gökhan METİN) (Türkçe Tıp ile ortak ders),CIRCULATION I / SPOR HEKİMLİĞİ AD.,FAKÜLTEMİZ WEB SİTESİ ÖĞRENCİ AĞI AMFİ PROGRAMINA BAKINIZ,,
Time Table 2,30 Eylül 2025 Salı,11:00,11:40,14-Veins of trunk and lower extremity / Dr.Öğr. Üyesi Osman COŞKUN (Prof. Dr. Ayşin KALE),CIRCULATION I / ANATOMİ AD.,FAKÜLTEMİZ WEB SİTESİ ÖĞRENCİ AĞI AMFİ PROGRAMINA BAKINIZ,,
Time Table 2,30 Eylül 2025 Salı,11:50,12:30,15-Lymphatics of head - neck and upper extremity / Dr.Öğr. Üyesi Osman COŞKUN (Prof. Dr. Ayşin KALE),CIRCULATION I / ANATOMİ AD.,FAKÜLTEMİZ WEB SİTESİ ÖĞRENCİ AĞI AMFİ PROGRAMINA BAKINIZ,,
Time Table 2,30 Eylül 2025 Salı,12:30,13:30,lunch break,,,,
Time Table 2,30 Eylül 2025 Salı,13:30,14:20,DISSECTION (9/13),CIRCULATION I / ANATOMİ AD.,ANATOMİ AD. LABORATUVARI,,
Time Table 2,30 Eylül 2025 Salı,14:30,15:20,DISSECTION (9/13),CIRCULATION I / ANATOMİ AD.,ANATOMİ AD. LABORATUVARI,,
Time Table 2,30 Eylül 2025 Salı,15:30,16:20,DISSECTION (9/13),CIRCULATION I / ANATOMİ AD.,ANATOMİ AD. LABORATUVARI,,
Time Table 2,1 Ekim 2025 Çarşamba,08:30,09:10,FREE TIME,,,,
Time Table 2,1 Ekim 2025 Çarşamba,09:20,10:00,3-Development of arteries /Dr. Öğr. Üyesi Tuğba EKİZ YILMAZ (Doç. Dr. Tuğba KOTİL),CIRCULATION I / HİSTOLOJİ VE EMBRİYOLOJİ AD.,FAKÜLTEMİZ WEB SİTESİ ÖĞRENCİ AĞI AMFİ PROGRAMINA BAKINIZ,,
Time Table 2,1 Ekim 2025 Çarşamba,10:10,10:50,2- Rhythmical Excitation of the Heart / Prof. Dr. Müge DEVRİM ÜÇOK (Prof. Dr. Tamer DEMİRALP),CIRCULATION I / FİZYOLOJİ AD.,FAKÜLTEMİZ WEB SİTESİ ÖĞRENCİ AĞI AMFİ PROGRAMINA BAKINIZ,,
Time Table 2,1 Ekim 2025 Çarşamba,11:00,11:40,FREE TIME,,,,
Time Table 2,1 Ekim 2025 Çarşamba,11:50,12:30,FREE TIME,,,,
Time Table 2,1 Ekim 2025 Çarşamba,12:30,13:30,lunch break,,,,
Time Table 2,1 Ekim 2025 Çarşamba,13:30,14:10,Elective Courses - 1,,FAKÜLTEMİZ WEB SİTESİ ÖĞRENCİ AĞI SEÇMELİ DERS AMFİ PROGRAMINA BAKINIZ,,
Time Table 2,1 Ekim 2025 Çarşamba,14:20,15:00,Elective Courses - 1,,FAKÜLTEMİZ WEB SİTESİ ÖĞRENCİ AĞI SEÇMELİ DERS AMFİ PROGRAMINA BAKINIZ,,
Time Table 2,1 Ekim 2025 Çarşamba,15:10,15:50,Elective Courses - 1,,FAKÜLTEMİZ WEB SİTESİ ÖĞRENCİ AĞI SEÇMELİ DERS AMFİ PROGRAMINA BAKINIZ,,
Time Table 2,2 Ekim 2025 Perşembe,08:30,09:10,3- Specialized Excitatory and Conductive System of the Heart / Prof. Dr. Müge DEVRİM ÜÇOK (Prof. Dr. Tamer DEMİRALP),CIRCULATION I / FİZYOLOJİ AD.,FAKÜLTEMİZ WEB SİTESİ ÖĞRENCİ AĞI AMFİ PROGRAMINA BAKINIZ,,
Time Table 2,2 Ekim 2025 Perşembe,09:20,10:00,9- Extrinsic Regulation of Heart Pumping / Prof. Dr. Müge DEVRİM ÜÇOK (Prof. Dr. Tamer DEMİRALP),CIRCULATION I / FİZYOLOJİ AD.,FAKÜLTEMİZ WEB SİTESİ ÖĞRENCİ AĞI AMFİ PROGRAMINA BAKINIZ,,
Time Table 2,2 Ekim 2025 Perşembe,10:10,10:50,7-Fetal circulation / Dr.Öğr. Üyesi Tuğba Ekiz Yılmaz (Doç.Dr. Tuğba KOTİL),CIRCULATION I / HİSTOLOJİ VE EMBRİYOLOJİ AD.,FAKÜLTEMİZ WEB SİTESİ ÖĞRENCİ AĞI AMFİ PROGRAMINA BAKINIZ,,
Time Table 2,2 Ekim 2025 Perşembe,11:00,11:40,16-Lymphatics of trunk and lower extremity / Dr.Öğr. Üyesi Osman COŞKUN (Prof. Dr. Ayşin KALE),CIRCULATION I / ANATOMİ AD.,FAKÜLTEMİZ WEB SİTESİ ÖĞRENCİ AĞI AMFİ PROGRAMINA BAKINIZ,,
Time Table 2,2 Ekim 2025 Perşembe,11:50,12:30,17-Axillary region / Dr.Öğr. Üyesi Osman COŞKUN (Prof. Dr. Ayşin KALE),CIRCULATION I / ANATOMİ AD.,FAKÜLTEMİZ WEB SİTESİ ÖĞRENCİ AĞI AMFİ PROGRAMINA BAKINIZ,,
Time Table 2,2 Ekim 2025 Perşembe,12:30,13:30,lunch break,,,,
Time Table 2,2 Ekim 2025 Perşembe,13:30,14:20,DISSECTION (10/13),CIRCULATION I / ANATOMİ AD.,ANATOMİ AD. LABORATUVARI,,
Time Table 2,2 Ekim 2025 Perşembe,14:30,15:20,DISSECTION (10/13),CIRCULATION I / ANATOMİ AD.,ANATOMİ AD. LABORATUVARI,,
Time Table 2,2 Ekim 2025 Perşembe,15:30,16:20,DISSECTION (10/13),CIRCULATION I / ANATOMİ AD.,ANATOMİ AD. LABORATUVARI,,
Time Table 2,3 Ekim 2025 Cuma,08:30,10:20,LABORATORY SKILLS (HISTOLOGY AND EMBRYOLOGY) İ1 - (PHYSIOLOGY 2) İ2),CIRCULATION I,,,
Time Table 2,3 Ekim 2025 Cuma,11:00,11:40,1-Biochemistry of Endothelial cell / Prof. Dr. Abdurrahman Fatih AYDIN (Prof. Dr. Evin ADEMOĞLU),CIRCULATION I / TIBBİ BİYOKİMYA AD.,FAKÜLTEMİZ WEB SİTESİ ÖĞRENCİ AĞI AMFİ PROGRAMINA BAKINIZ,,
Time Table 2,3 Ekim 2025 Cuma,11:50,12:30,2-Atherosclerosis / Prof. Dr. Abdurrahman Prof. Dr. Abdurrahman Fatih AYDIN (Prof. Dr. Evin ADEMOĞLU),CIRCULATION I / TIBBİ BİYOKİMYA AD.,FAKÜLTEMİZ WEB SİTESİ ÖĞRENCİ AĞI AMFİ PROGRAMINA BAKINIZ,,
Time Table 2,3 Ekim 2025 Cuma,12:30,13:30,lunch break,,,,
Time Table 2,3 Ekim 2025 Cuma,14:00,14:40,ECG based case reports / Prof. Dr. Ahmet Bilge SÖZEN,CIRCULATION I / KARDİYOLOJİ AD.,FAKÜLTEMİZ WEB SİTESİ ÖĞRENCİ AĞI AMFİ PROGRAMINA BAKINIZ,,
Time Table 2,3 Ekim 2025 Cuma,14:50,15:30,Ek Ders - Dr.Öğr. Üyesi (Doç. Dr. ) Özcan GAYRETLİ,CIRCULATION I / ANATOMİ AD.,FAKÜLTEMİZ WEB SİTESİ ÖĞRENCİ AĞI AMFİ PROGRAMINA BAKINIZ,,
Time Table 2,6 Ekim 2025 Pazartesi,08:30,09:10,10- The Microcirculation and the Lymphatic System / Prof. Dr. Müge DEVRİM ÜÇOK (Prof. Dr. Tamer DEMİRALP),CIRCULATION I / FİZYOLOJİ AD.,FAKÜLTEMİZ WEB SİTESİ ÖĞRENCİ AĞI AMFİ PROGRAMINA BAKINIZ,,
Time Table 2,6 Ekim 2025 Pazartesi,09:20,10:00,11- Local and Humoral Control of Blood Flow by the Tissues / Prof. Dr. Müge DEVRİM ÜÇOK (Prof. Dr. Tamer DEMİRALP),CIRCULATION I / FİZYOLOJİ AD.,FAKÜLTEMİZ WEB SİTESİ ÖĞRENCİ AĞI AMFİ PROGRAMINA BAKINIZ,,
Time Table 2,6 Ekim 2025 Pazartesi,10:10,10:50,FREE TIME,,,,
Time Table 2,6 Ekim 2025 Pazartesi,11:00,12:30,integrated session Blood pressure / Prof. Dr. Hasan KUDAT - Prof. Dr. Muhammet BEKTAŞ - Dr.Öğr. Üyesi (Doç. Dr. ) Özcan GAYRETLİ (Türkçe Tıp ile ortak ders),CIRCULATION I / KARDİYOLOJİ AD. - BİYOFİZİK AD. - ANATOMİ AD.,FAKÜLTEMİZ WEB SİTESİ ÖĞRENCİ AĞI AMFİ PROGRAMINA BAKINIZ,,
Time Table 2,6 Ekim 2025 Pazartesi,12:30,13:30,lunch break,,,,
Time Table 2,6 Ekim 2025 Pazartesi,13:30,15:20,LABORATORY SKILLS (PHYSIOLOGY 2) İ1,,,,
Time Table 2,7 Ekim 2025 Salı,08:30,09:10,1-Epidemiology of Circulatory System Diseases / Prof. Dr. Ayşe Emel ÖNAL (Prof. Dr. Gülsüm Nurhan İNCE),CIRCULATION I / HALK SAĞLIĞI AD.,FAKÜLTEMİZ WEB SİTESİ ÖĞRENCİ AĞI AMFİ PROGRAMINA BAKINIZ,,
Time Table 2,7 Ekim 2025 Salı,09:20,10:00,2-Prevention and Control Programs (Cardio-vascular Diseases) /Prof. Dr. Ayşe Emel ÖNAL (Prof. Dr. Gülsüm Nurhan İNCE),CIRCULATION I / HALK SAĞLIĞI AD.,FAKÜLTEMİZ WEB SİTESİ ÖĞRENCİ AĞI AMFİ PROGRAMINA BAKINIZ,,
Time Table 2,7 Ekim 2025 Salı,10:10,10:50,4- The Normal Electrocardiogram / Prof. Dr. Müge DEVRİM ÜÇOK (Prof. Dr. Tamer DEMİRALP),CIRCULATION I / FİZYOLOJİ AD.,FAKÜLTEMİZ WEB SİTESİ ÖĞRENCİ AĞI AMFİ PROGRAMINA BAKINIZ,,
Time Table 2,7 Ekim 2025 Salı,11:00,11:40,Pushing the physological limits (At the end of life) / Prof. Dr. Akın Savaş TOKLU (Doç. Dr. Bengüsu Mirasoğlu),CIRCULATION I / SUALTI HEKİMLİĞİ VE HİPERBARİK TIP AD.,FAKÜLTEMİZ WEB SİTESİ ÖĞRENCİ AĞI AMFİ PROGRAMINA BAKINIZ,,
Time Table 2,7 Ekim 2025 Salı,11:50,12:30,5-Development of lymphatic and venous system / Dr.Öğr. Üyesi Tuğba Ekiz Yılmaz (Doç.Dr. Tuğba KOTİL),CIRCULATION I / HİSTOLOJİ VE EMBRİYOLOJİ AD.,FAKÜLTEMİZ WEB SİTESİ ÖĞRENCİ AĞI AMFİ PROGRAMINA BAKINIZ,,
Time Table 2,7 Ekim 2025 Salı,12:30,13:30,lunch break,,,,
Time Table 2,7 Ekim 2025 Salı,13:30,14:20,DISSECTION (11/13),CIRCULATION I / ANATOMİ AD.,ANATOMİ AD. LABORATUVARI,,
Time Table 2,7 Ekim 2025 Salı,14:30,15:20,DISSECTION (11/13),CIRCULATION I / ANATOMİ AD.,ANATOMİ AD. LABORATUVARI,,
Time Table 2,7 Ekim 2025 Salı,15:30,16:20,DISSECTION (11/13),CIRCULATION I / ANATOMİ AD.,ANATOMİ AD. LABORATUVARI,,
Time Table 2,8 Ekim 2025 Çarşamba,08:30,10:20,PHYSIOLOGY LABORATORY SKILLS I (TÜM GRUPLAR Amfide yapılacak)  (Türkçe Tıp ile ortak ders),CIRCULATION I / FİZYOLOJİ AD.,FAKÜLTEMİZ WEB SİTESİ ÖĞRENCİ AĞI AMFİ PROGRAMINA BAKINIZ,,
Time Table 2,8 Ekim 2025 Çarşamba,11:00,11:40,9-Development of endothelium /Dr.Öğr. Üyesi Tuğba Ekiz Yılmaz (Doç.Dr. Tuğba KOTİL),CIRCULATION I / HİSTOLOJİ VE EMBRİYOLOJİ AD.,FAKÜLTEMİZ WEB SİTESİ ÖĞRENCİ AĞI AMFİ PROGRAMINA BAKINIZ,,
Time Table 2,8 Ekim 2025 Çarşamba,11:50,12:30,FREE TIME,,,,
Time Table 2,8 Ekim 2025 Çarşamba,12:30,13:30,lunch break,,,,
Time Table 2,8 Ekim 2025 Çarşamba,13:30,14:10,Elective Courses - 2,,FAKÜLTEMİZ WEB SİTESİ ÖĞRENCİ AĞI SEÇMELİ DERS AMFİ PROGRAMINA BAKINIZ,,
Time Table 2,8 Ekim 2025 Çarşamba,14:20,15:00,Elective Courses - 2,,FAKÜLTEMİZ WEB SİTESİ ÖĞRENCİ AĞI SEÇMELİ DERS AMFİ PROGRAMINA BAKINIZ,,
Time Table 2,8 Ekim 2025 Çarşamba,15:10,15:50,Elective Courses - 2,,FAKÜLTEMİZ WEB SİTESİ ÖĞRENCİ AĞI SEÇMELİ DERS AMFİ PROGRAMINA BAKINIZ,,
Time Table 2,9 Ekim 2025 Perşembe,08:30,09:10,12- Measurement and Regulation of Arterial Pressure / Prof. Dr. Müge DEVRİM ÜÇOK (Prof. Dr. Tamer DEMİRALP),CIRCULATION I / FİZYOLOJİ AD.,FAKÜLTEMİZ WEB SİTESİ ÖĞRENCİ AĞI AMFİ PROGRAMINA BAKINIZ,,
Time Table 2,9 Ekim 2025 Perşembe,09:20,10:00,"13- Cardiac Output, Venous Return and their Regulation / Prof. Dr. Müge DEVRİM ÜÇOK (Prof. Dr. Tamer DEMİRALP)",CIRCULATION I / FİZYOLOJİ AD.,FAKÜLTEMİZ WEB SİTESİ ÖĞRENCİ AĞI AMFİ PROGRAMINA BAKINIZ,,
Time Table 2,9 Ekim 2025 Perşembe,10:10,10:50,Case examples of circulatory system disorders in adults / Prof. Dr. Hasan KUDAT,CIRCULATION I / KARDİYOLOJİ AD.,FAKÜLTEMİZ WEB SİTESİ ÖĞRENCİ AĞI AMFİ PROGRAMINA BAKINIZ,,
Time Table 2,9 Ekim 2025 Perşembe,11:20,12:00,FREE TIME,,,,
Time Table 2,9 Ekim 2025 Perşembe,12:30,13:30,lunch break,,,,
Time Table 2,9 Ekim 2025 Perşembe,13:30,14:20,DISSECTION (12/13),CIRCULATION I / ANATOMİ AD.,ANATOMİ AD. LABORATUVARI,,
Time Table 2,9 Ekim 2025 Perşembe,14:30,15:20,DISSECTION (12/13),CIRCULATION I / ANATOMİ AD.,ANATOMİ AD. LABORATUVARI,,
Time Table 2,9 Ekim 2025 Perşembe,15:30,16:20,DISSECTION (12/13),CIRCULATION I / ANATOMİ AD.,ANATOMİ AD. LABORATUVARI,,
Time Table 2,10 Ekim 2025 Cuma,08:30,09:10,1-Structure fonction relation in circulatory system / Doç. Dr.  Bilge ÖZERMAN EDİS (Prof. Dr. Leman YALÇINTEPE GÜNEŞTUTAR),CIRCULATION I / BİYOFİZİK AD.,FAKÜLTEMİZ WEB SİTESİ ÖĞRENCİ AĞI AMFİ PROGRAMINA BAKINIZ,,
Time Table 2,10 Ekim 2025 Cuma,09:20,10:00,2-Blood pressure and flow resistance shear stress and plaque formation / Doç. Dr.  Bilge ÖZERMAN EDİS (Prof. Dr. Leman YALÇINTEPE GÜNEŞTUTAR),CIRCULATION I / BİYOFİZİK AD.,FAKÜLTEMİZ WEB SİTESİ ÖĞRENCİ AĞI AMFİ PROGRAMINA BAKINIZ,,
Time Table 2,10 Ekim 2025 Cuma,10:10,10:50,6-Histology of lymphatic and venous system / Doç. Dr. Elif KERVANCIOĞLU  DEMİRCİ (Doç.Dr. Tuğba KOTİL),CIRCULATION I / HİSTOLOJİ VE EMBRİYOLOJİ AD.,FAKÜLTEMİZ WEB SİTESİ ÖĞRENCİ AĞI AMFİ PROGRAMINA BAKINIZ,,
Time Table 2,10 Ekim 2025 Cuma,11:00,11:40,8-Histology of capillaries /Doç. Dr. Elif KERVANCIOĞLU DEMİRCİ (Doç.Dr. Tuğba KOTİL),CIRCULATION I / HİSTOLOJİ VE EMBRİYOLOJİ AD.,FAKÜLTEMİZ WEB SİTESİ ÖĞRENCİ AĞI AMFİ PROGRAMINA BAKINIZ,,
Time Table 2,10 Ekim 2025 Cuma,11:50,12:30,4-Histology of arteries / Doç. Dr. Elif KERVANCIOĞLU DEMİRCİ  (Doç.Dr. Tuğba KOTİL),CIRCULATION I / HİSTOLOJİ VE EMBRİYOLOJİ AD.,FAKÜLTEMİZ WEB SİTESİ ÖĞRENCİ AĞI AMFİ PROGRAMINA BAKINIZ,,
Time Table 2,10 Ekim 2025 Cuma,12:30,13:30,lunch break,,,,
Time Table 2,10 Ekim 2025 Cuma,14:00,15:20,FREE TIME,,,,
Time Table 2,13 Ekim 2025 Pazartesi,08:30,09:10,FREE TIME,,,,
Time Table 2,13 Ekim 2025 Pazartesi,09:20,10:00,FREE TIME,,,,
Time Table 2,13 Ekim 2025 Pazartesi,10:10,10:50,FREE TIME,,,,
Time Table 2,13 Ekim 2025 Pazartesi,11:00,11:40,14- Circulation Through Special Regions / Prof. Dr. Müge DEVRİM ÜÇOK (Prof. Dr. Tamer DEMİRALP),CIRCULATION I / FİZYOLOJİ AD.,FAKÜLTEMİZ WEB SİTESİ ÖĞRENCİ AĞI AMFİ PROGRAMINA BAKINIZ,,
Time Table 2,13 Ekim 2025 Pazartesi,11:50,12:30,15- Cardiovascular Homeostasis in Health and Disease / Prof. Dr. Müge DEVRİM ÜÇOK (Prof. Dr. Tamer DEMİRALP),CIRCULATION I / FİZYOLOJİ AD.,FAKÜLTEMİZ WEB SİTESİ ÖĞRENCİ AĞI AMFİ PROGRAMINA BAKINIZ,,
Time Table 2,13 Ekim 2025 Pazartesi,12:30,13:30,lunch break,,,,
Time Table 2,13 Ekim 2025 Pazartesi,13:30,14:30,MEASUREMENT AND EVALUATION INFORMATION MEETING (Türkçe Tıp ile ortak ders),,FAKÜLTEMİZ WEB SİTESİ ÖĞRENCİ AĞI AMFİ PROGRAMINA BAKINIZ,,
Time Table 2,13 Ekim 2025 Pazartesi,14:20,15:00,FREE TIME,,,,
Time Table 2,13 Ekim 2025 Pazartesi,15:00,15:40,FREE TIME,,,,
Time Table 2,14 Ekim 2025 Salı,09:20,10:00,FREE TIME,,,,
Time Table 2,14 Ekim 2025 Salı,09:00,11:00,LIVE ANATOMY Cardiovascular Surgery / Prof. Dr. Nilgün BOZBUĞA (Prof. Dr. Mehmet Sertaç ÇİÇEK) - Doç. Dr. Özcan GAYRETLİ (Dr.Öğr. Üyesi Osman COŞKUN) (Türkçe Tıp ile ortak ders),CIRCULATION I / KALP VE DAMAR CERRAHİSİ AD. - ANATOMİ AD. ,FAKÜLTEMİZ WEB SİTESİ ÖĞRENCİ AĞI AMFİ PROGRAMINA BAKINIZ,,
Time Table 2,14 Ekim 2025 Salı,12:30,13:30,lunch break,,,,
Time Table 2,14 Ekim 2025 Salı,13:00,14:20,DISSECTION (13/13),CIRCULATION I / ANATOMİ AD.,ANATOMİ AD. LABORATUVARI,,
Time Table 2,14 Ekim 2025 Salı,14:30,15:20,DISSECTION (13/13),CIRCULATION I / ANATOMİ AD.,ANATOMİ AD. LABORATUVARI,,
Time Table 2,14 Ekim 2025 Salı,15:30,16:20,DISSECTION (13/13),CIRCULATION I / ANATOMİ AD.,ANATOMİ AD. LABORATUVARI,,
Time Table 2,15 Ekim 2025 Çarşamba,08:30,09:10,FREE TIME,,,,
Time Table 2,15 Ekim 2025 Çarşamba,09:20,10:00,FREE TIME,,,,
Time Table 2,15 Ekim 2025 Çarşamba,10:10,12:30,FREE TIME,,,,
Time Table 2,15 Ekim 2025 Çarşamba,12:30,13:30,lunch break,,,,
Time Table 2,15 Ekim 2025 Çarşamba,13:30,14:10,Elective Courses - 3,,FAKÜLTEMİZ WEB SİTESİ ÖĞRENCİ AĞI SEÇMELİ DERS AMFİ PROGRAMINA BAKINIZ,,
Time Table 2,15 Ekim 2025 Çarşamba,14:20,15:00,Elective Courses - 3,,FAKÜLTEMİZ WEB SİTESİ ÖĞRENCİ AĞI SEÇMELİ DERS AMFİ PROGRAMINA BAKINIZ,,
Time Table 2,15 Ekim 2025 Çarşamba,15:10,15:50,Elective Courses - 3,,FAKÜLTEMİZ WEB SİTESİ ÖĞRENCİ AĞI SEÇMELİ DERS AMFİ PROGRAMINA BAKINIZ,,
Time Table 2,16 Ekim 2025 Perşembe,08:30,16:20,FREE TIME,,,,
Time Table 2,16 Ekim 2025 Perşembe,12:30,13:30,lunch break,,,,
Time Table 2,16 Ekim 2025 Perşembe,13:30,15:20,LABORATORY SKILLS  - telafi,BLOOD AND IMMUNE SYSTEM,,,
Time Table 2,17 Ekim 2025 Cuma,08:30,16:20,FREE TIME,,,,
Time Table 2,20 Ekim 2025 Pazartesi,10:00,12:00,EXAMINATION,BLOOD AND IMMUNE SYSTEM - CIRCULATION I,FAKÜLTEMİZ WEB SİTESİ ÖĞRENCİ AĞI AMFİ PROGRAMINA BAKINIZ,,
Time Table 2,20 Ekim 2025 Pazartesi,12:30,13:30,lunch break,,,,
Time Table 2,20 Ekim 2025 Pazartesi,13:00,14:00,FREE TIME ( Year 1 Exam ),,,,
Time Table 2,21 Ekim 2025 Salı,08:30,10:20,LABORATORY SKILLS (HISTOLOGY AND EMBRYOLOGY) İ2 ,CIRCULATION I,,,
Time Table 2,21 Ekim 2025 Salı,11:00,11:40,FREE TIME,,,,
Time Table 2,21 Ekim 2025 Salı,11:50,12:30,FREE TIME,,,,
Time Table 2,21 Ekim 2025 Salı,12:30,13:30,lunch break,,,,
Time Table 2,21 Ekim 2025 Salı,14:30,15:10,1-Nose and nasal cavity / Dr.Öğr. Üyesi (Doç. Dr.) Özcan GAYRETLİ (Dr.Öğr. Üyesi Osman COŞKUN),RESPIRATION I / ANATOMİ AD.,FAKÜLTEMİZ WEB SİTESİ ÖĞRENCİ AĞI AMFİ PROGRAMINA BAKINIZ,,
Time Table 2,21 Ekim 2025 Salı,15:20,16:00,FREE TIME,,,,
Time Table 2,22 Ekim 2025 Çarşamba,08:30,09:10,FREE TIME,,,,
Time Table 2,22 Ekim 2025 Çarşamba,09:20,10:00,FREE TIME,,,,
Time Table 2,22 Ekim 2025 Çarşamba,10:10,10:50,2-Paranasal sinuses / Dr.Öğr. Üyesi (Doç. Dr.) Özcan GAYRETLİ (Dr.Öğr. Üyesi Osman COŞKUN),RESPIRATION I / ANATOMİ AD.,FAKÜLTEMİZ WEB SİTESİ ÖĞRENCİ AĞI AMFİ PROGRAMINA BAKINIZ,,
Time Table 2,22 Ekim 2025 Çarşamba,11:00,11:40,1- Respiratory system intro / Prof. Dr. Ali Sarper DİLER (Prof. Dr. Güher SARUHAN DİRESKENELİ),RESPIRATION I / FİZYOLOJİ AD.,FAKÜLTEMİZ WEB SİTESİ ÖĞRENCİ AĞI AMFİ PROGRAMINA BAKINIZ,,
Time Table 2,22 Ekim 2025 Çarşamba,11:50,12:30,2- Physio-anatomy of respiration and  Reflexes / Prof. Dr. Ali Sarper DİLER (Prof. Dr. Güher SARUHAN DİRESKENELİ),RESPIRATION I / FİZYOLOJİ AD.,FAKÜLTEMİZ WEB SİTESİ ÖĞRENCİ AĞI AMFİ PROGRAMINA BAKINIZ,,
Time Table 2,22 Ekim 2025 Çarşamba,12:30,13:30,lunch break,,,,
Time Table 2,22 Ekim 2025 Çarşamba,13:30,14:10,Elective Courses - 4,,FAKÜLTEMİZ WEB SİTESİ ÖĞRENCİ AĞI SEÇMELİ DERS AMFİ PROGRAMINA BAKINIZ,,
Time Table 2,22 Ekim 2025 Çarşamba,14:20,15:00,Elective Courses - 4,,FAKÜLTEMİZ WEB SİTESİ ÖĞRENCİ AĞI SEÇMELİ DERS AMFİ PROGRAMINA BAKINIZ,,
Time Table 2,22 Ekim 2025 Çarşamba,15:10,15:50,Elective Courses - 4,,FAKÜLTEMİZ WEB SİTESİ ÖĞRENCİ AĞI SEÇMELİ DERS AMFİ PROGRAMINA BAKINIZ,,
Time Table 2,23 Ekim 2025 Perşembe,08:30,10:20,PHYSIOLOGY LABORATORY SKILLS 2 (Türkçe Tıp ile ortak ders),RESPIRATION I / FİZYOLOJİ AD.,FAKÜLTEMİZ WEB SİTESİ ÖĞRENCİ AĞI AMFİ PROGRAMINA BAKINIZ,,
Time Table 2,23 Ekim 2025 Perşembe,11:00,11:40,3-Development of face and upper respiratory system /  Doç. Dr. Elif KERVANCIOĞLU DEMİRCİ (Prof.Dr. Sibel KÖKTÜRK),RESPIRATION I / HİSTOLOJİ VE EMBRİYOLOJİ AD.,FAKÜLTEMİZ WEB SİTESİ ÖĞRENCİ AĞI AMFİ PROGRAMINA BAKINIZ,,
Time Table 2,23 Ekim 2025 Perşembe,11:50,12:30,4-Introduction to respiratory system histology / Prof. Dr. Sibel KÖKTÜRK (Doç. Dr. Elif KERVANCIOĞLU DEMİRCİ ),RESPIRATION I / HİSTOLOJİ VE EMBRİYOLOJİ AD.,FAKÜLTEMİZ WEB SİTESİ ÖĞRENCİ AĞI AMFİ PROGRAMINA BAKINIZ,,
Time Table 2,23 Ekim 2025 Perşembe,12:30,13:30,lunch break,,,,
Time Table 2,23 Ekim 2025 Perşembe,13:30,14:20,DISSECTION (1/6),RESPIRATION I / ANATOMİ AD.,ANATOMİ AD. LABORATUVARI,,
Time Table 2,23 Ekim 2025 Perşembe,14:30,15:20,DISSECTION (1/6),RESPIRATION I / ANATOMİ AD.,ANATOMİ AD. LABORATUVARI,,
Time Table 2,23 Ekim 2025 Perşembe,15:30,16:20,DISSECTION (1/6),RESPIRATION I / ANATOMİ AD.,ANATOMİ AD. LABORATUVARI,,
Time Table 2,24 Ekim 2025 Cuma,08:30,09:10,1-Cellular metabolic reactions using oxygen / Doç. Dr. İlknur BİNGÜL (Prof. Dr. Nihal SALMAYENLİ),RESPIRATION I / TIBBİ BİYOKİMYA AD.,FAKÜLTEMİZ WEB SİTESİ ÖĞRENCİ AĞI AMFİ PROGRAMINA BAKINIZ,,
Time Table 2,24 Ekim 2025 Cuma,09:20,10:00,2-Cellular oxygen toxicity - causes and consequences / Doç. Dr. İlknur BİNGÜL  (Prof. Dr. Nihal SALMAYENLİ),RESPIRATION I / TIBBİ BİYOKİMYA AD.,FAKÜLTEMİZ WEB SİTESİ ÖĞRENCİ AĞI AMFİ PROGRAMINA BAKINIZ,,
Time Table 2,24 Ekim 2025 Cuma,10:30,12:20,LABORATORY SKILLS (PHYSIOLOGY 1) İ1 - (HISTOLOGY AND EMBRYOLOGY) İ2,RESPIRATION I,,,
Time Table 2,24 Ekim 2025 Cuma,12:30,13:30,lunch break,,,,
Time Table 2,24 Ekim 2025 Cuma,14:00,15:30,integrated session  shortness of breath /  Prof. Dr. Züleyha BİNGÖL - Prof. Dr. Mukadder ORHAN SUNGUR (Doç. Dr. A.Kemalettin KOLTKA) -  Prof. Dr. Ali Sarper DİLER (Türkçe Tıp ile ortak ders),RESPIRATION I / GÖĞÜS HASTALIKLARI AD. - ANESTEZİYOLOJİ VE REANİMASYON AD. - FİZYOLOJİ AD.,FAKÜLTEMİZ WEB SİTESİ ÖĞRENCİ AĞI AMFİ PROGRAMINA BAKINIZ,,
Time Table 2,27 Ekim 2025 Pazartesi,08:30,09:10,FREE TIME,,,,
Time Table 2,27 Ekim 2025 Pazartesi,09:20,10:00,3- Mechanics of Respiration / Prof. Dr. Ali Sarper DİLER (Prof. Dr. Güher SARUHAN DİRESKENELİ),RESPIRATION I / FİZYOLOJİ AD.,FAKÜLTEMİZ WEB SİTESİ ÖĞRENCİ AĞI AMFİ PROGRAMINA BAKINIZ,,
Time Table 2,27 Ekim 2025 Pazartesi,10:10,10:50,4- Pulmonary pressures / Prof. Dr. Ali Sarper DİLER (Prof. Dr. Güher SARUHAN DİRESKENELİ),RESPIRATION I / FİZYOLOJİ AD.,FAKÜLTEMİZ WEB SİTESİ ÖĞRENCİ AĞI AMFİ PROGRAMINA BAKINIZ,,
Time Table 2,27 Ekim 2025 Pazartesi,11:00,11:40,5-Conducting and respiratory portions of the respiratory system / Prof. Dr. Sibel KÖKTÜRK (Doç. Dr. Elif KERVANCIOĞLU DEMİRCİ ),RESPIRATION I / HİSTOLOJİ VE EMBRİYOLOJİ AD.,FAKÜLTEMİZ WEB SİTESİ ÖĞRENCİ AĞI AMFİ PROGRAMINA BAKINIZ,,
Time Table 2,27 Ekim 2025 Pazartesi,11:50,12:30,6-Development of respiratory system / Prof. Dr. Sibel KÖKTÜRK (Doç. Dr. Elif KERVANCIOĞLU DEMİRCİ ),RESPIRATION I / HİSTOLOJİ VE EMBRİYOLOJİ AD.,FAKÜLTEMİZ WEB SİTESİ ÖĞRENCİ AĞI AMFİ PROGRAMINA BAKINIZ,,
Time Table 2,27 Ekim 2025 Pazartesi,12:30,13:30,lunch break,,,,
Time Table 2,27 Ekim 2025 Pazartesi,13:30,14:10,1-Development and derivatives of pharyngeal apparatus I / Doç. Dr. Elif KERVANCIOĞLU DEMİRCİ (Prof.Dr. Sibel KÖKTÜRK),RESPIRATION I / HİSTOLOJİ VE EMBRİYOLOJİ AD.,FAKÜLTEMİZ WEB SİTESİ ÖĞRENCİ AĞI AMFİ PROGRAMINA BAKINIZ,,
Time Table 2,27 Ekim 2025 Pazartesi,14:20,15:00,2-Development and derivatives of pharyngeal apparatus II / Doç. Dr. Elif KERVANCIOĞLU DEMİRCİ (Prof.Dr. Sibel KÖKTÜRK),RESPIRATION I / HİSTOLOJİ VE EMBRİYOLOJİ AD.,FAKÜLTEMİZ WEB SİTESİ ÖĞRENCİ AĞI AMFİ PROGRAMINA BAKINIZ,,
Time Table 2,27 Ekim 2025 Pazartesi,15:10,15:50,3-Bioenergetics of the respiratory system  / Doç. Dr. Leyla TÜRKER ŞENER (Doç. Dr.  Bilge ÖZERMAN EDİS),RESPIRATION I / BİYOFİZİK AD.,FAKÜLTEMİZ WEB SİTESİ ÖĞRENCİ AĞI AMFİ PROGRAMINA BAKINIZ,,
Time Table 2,28 Ekim 2025 Salı,08:30,12:30,FREE TIME,,,,
Time Table 2,28 Ekim 2025 Salı,10:30,12:20,FREE TIME,,,,
Time Table 2,28 Ekim 2025 Salı,12:30,13:30,lunch break,,,,
Time Table 2,28 Ekim 2025 Salı,13:30,16:20,CUMHURİYET BAYRAMI AREFESİ,,,,
Time Table 2,29 Ekim 2025 Çarşamba,8:00,16:20,CUMHURİYET BAYRAMI,,,,
Time Table 2,30 Ekim 2025 Perşembe,08:30,09:10,5- Pulmonar circulation / Prof. Dr. Ali Sarper DİLER (Prof. Dr. Güher SARUHAN DİRESKENELİ),RESPIRATION I / FİZYOLOJİ AD.,FAKÜLTEMİZ WEB SİTESİ ÖĞRENCİ AĞI AMFİ PROGRAMINA BAKINIZ,,
Time Table 2,30 Ekim 2025 Perşembe,09:20,10:00,3-Larynx / Dr.Öğr. Üyesi (Doç. Dr.) Özcan GAYRETLİ (Dr.Öğr. Üyesi Osman COŞKUN),RESPIRATION I / ANATOMİ AD.,FAKÜLTEMİZ WEB SİTESİ ÖĞRENCİ AĞI AMFİ PROGRAMINA BAKINIZ,,
Time Table 2,30 Ekim 2025 Perşembe,10:10,10:50,4-Lower airway tract - lungs and pleura I / Dr.Öğr. Üyesi (Doç. Dr.) Özcan GAYRETLİ (Dr.Öğr. Üyesi Osman COŞKUN),RESPIRATION I / ANATOMİ AD.,FAKÜLTEMİZ WEB SİTESİ ÖĞRENCİ AĞI AMFİ PROGRAMINA BAKINIZ,,
Time Table 2,30 Ekim 2025 Perşembe,11:00,11:40,6- Dysfunction of Respiration / Prof. Dr. Ali Sarper DİLER (Prof. Dr. Güher SARUHAN DİRESKENELİ),RESPIRATION I / FİZYOLOJİ AD.,FAKÜLTEMİZ WEB SİTESİ ÖĞRENCİ AĞI AMFİ PROGRAMINA BAKINIZ,,
Time Table 2,30 Ekim 2025 Perşembe,11:50,12:30,7- Diffusion of O2 and Co2 through respiratory membranes / Prof. Dr. Ali Sarper DİLER (Prof. Dr. Güher SARUHAN DİRESKENELİ),RESPIRATION I / FİZYOLOJİ AD.,FAKÜLTEMİZ WEB SİTESİ ÖĞRENCİ AĞI AMFİ PROGRAMINA BAKINIZ,,
Time Table 2,30 Ekim 2025 Perşembe,12:30,13:30,lunch break,,,,
Time Table 2,30 Ekim 2025 Perşembe,13:30,14:20,DISSECTION (2/6),RESPIRATION I / ANATOMİ AD.,ANATOMİ AD. LABORATUVARI,,
Time Table 2,30 Ekim 2025 Perşembe,14:30,15:20,DISSECTION (2/6),RESPIRATION I / ANATOMİ AD.,ANATOMİ AD. LABORATUVARI,,
Time Table 2,30 Ekim 2025 Perşembe,15:30,16:20,DISSECTION (2/6),RESPIRATION I / ANATOMİ AD.,ANATOMİ AD. LABORATUVARI,,
Time Table 2,31 Ekim 2025 Cuma,08:30,09:10,FREE TIME,,,,
Time Table 2,31 Ekim 2025 Cuma,09:20,10:00,Being qualified physician and taking anamnesis: The Special Approach Requires Communication in Situations / Uzm. Dr. Emine Şeyma KARAKETİR (Prof. Dr. Gülsüm Nurhan İNCE),MEDICAL SKILLS LABORATORY II / HALK SAĞLIĞI AD.,FAKÜLTEMİZ WEB SİTESİ ÖĞRENCİ AĞI AMFİ PROGRAMINA BAKINIZ,,
Time Table 2,31 Ekim 2025 Cuma,10:10,10:50,Being qualified physician and taking anamnesis: Introduction to anamnesis(medical history) - and taking anamnesis from the adult patient / Prof. Dr. Bülent SAKA,MEDICAL SKILLS LABORATORY II / İÇ HASTALIKLARI AD.,FAKÜLTEMİZ WEB SİTESİ ÖĞRENCİ AĞI AMFİ PROGRAMINA BAKINIZ,,
Time Table 2,31 Ekim 2025 Cuma,11:00,11:40,5-Lower airway tract - lungs and pleura II / Dr.Öğr. Üyesi Osman COŞKUN (Prof. Dr. Ayşin KALE),RESPIRATION I / ANATOMİ AD.,FAKÜLTEMİZ WEB SİTESİ ÖĞRENCİ AĞI AMFİ PROGRAMINA BAKINIZ,,
Time Table 2,31 Ekim 2025 Cuma,11:50,12:30,6-Mediastinum / Dr.Öğr. Üyesi Osman COŞKUN (Prof. Dr. Ayşin KALE),RESPIRATION I / ANATOMİ AD.,FAKÜLTEMİZ WEB SİTESİ ÖĞRENCİ AĞI AMFİ PROGRAMINA BAKINIZ,,
Time Table 2,31 Ekim 2025 Cuma,12:30,13:30,lunch break,,,,
Time Table 2,31 Ekim 2025 Cuma,14:00,14:40,7-Pleura - alveolar structure and circulation of lungs / Prof. Dr. Sibel KÖKTÜRK (Doç. Dr. Elif KERVANCIOĞLU DEMİRCİ),RESPIRATION I / HİSTOLOJİ VE EMBRİYOLOJİ AD.,FAKÜLTEMİZ WEB SİTESİ ÖĞRENCİ AĞI AMFİ PROGRAMINA BAKINIZ,,
Time Table 2,31 Ekim 2025 Cuma,14:50,15:30,FREE TIME,,,,
Time Table 2,31 Ekim 2025 Cuma,15:40,16:20,FREE TIME,,,,
Time Table 2,3 Kasım 2025 Pazartesi,08:30,09:10,1-Dynamics of Respiration - gas laws and respiration / Doç. Dr. Leyla TÜRKER ŞENER (Doç. Dr.  Bilge ÖZERMAN EDİS),RESPIRATION I / BİYOFİZİK AD.,FAKÜLTEMİZ WEB SİTESİ ÖĞRENCİ AĞI AMFİ PROGRAMINA BAKINIZ,,
Time Table 2,3 Kasım 2025 Pazartesi,09:20,10:00,2-Volume and pressure changes during respiration - steps ofcellular respiration / Doç. Dr. Leyla TÜRKER ŞENER (Doç. Dr.  Bilge ÖZERMAN EDİS),RESPIRATION I / BİYOFİZİK AD.,FAKÜLTEMİZ WEB SİTESİ ÖĞRENCİ AĞI AMFİ PROGRAMINA BAKINIZ,,
Time Table 2,3 Kasım 2025 Pazartesi,10:30,12:20,LABORATORY SKILLS (PHYSIOLOGY 1) İ2 - (HISTOLOGY AND EMBRYOLOGY) İ1,RESPIRATION I,,,
Time Table 2,3 Kasım 2025 Pazartesi,12:30,13:30,lunch break,,,,
Time Table 2,3 Kasım 2025 Pazartesi,13:30,14:10,7-Topography and the surface anatomy of the thorax / Dr.Öğr. Üyesi Osman COŞKUN (Prof. Dr. Ayşin KALE),RESPIRATION I / ANATOMİ AD.,FAKÜLTEMİZ WEB SİTESİ ÖĞRENCİ AĞI AMFİ PROGRAMINA BAKINIZ,,
Time Table 2,3 Kasım 2025 Pazartesi,14:20,15:00,8-Radiologic anatomy of the thorax / Dr.Öğr. Üyesi Osman COŞKUN (Prof. Dr. Ayşin KALE),RESPIRATION I / ANATOMİ AD.,FAKÜLTEMİZ WEB SİTESİ ÖĞRENCİ AĞI AMFİ PROGRAMINA BAKINIZ,,
Time Table 2,3 Kasım 2025 Pazartesi,15:10,15:50,1-Epidemiology of Respiratory System Diseases/Environmental Factories / Doç. Dr. M. Merve ÖREN ÇELİK (Prof. Dr. Sevgi CANBAZ),RESPIRATION I / HALK SAĞLIĞI AD.,FAKÜLTEMİZ WEB SİTESİ ÖĞRENCİ AĞI AMFİ PROGRAMINA BAKINIZ,,
Time Table 2,3 Kasım 2025 Pazartesi,16:00,16:40,FREE TIME,,,,
Time Table 2,4 Kasım 2025 Salı,08:30,09:10,8- O2 and Co2 transport / Prof. Dr. Ali Sarper DİLER (Prof. Dr. Güher SARUHAN DİRESKENELİ),RESPIRATION I / FİZYOLOJİ AD.,FAKÜLTEMİZ WEB SİTESİ ÖĞRENCİ AĞI AMFİ PROGRAMINA BAKINIZ,,
Time Table 2,4 Kasım 2025 Salı,09:20,10:00,9- Respiratory regulations / Prof. Dr. Ali Sarper DİLER (Prof. Dr. Güher SARUHAN DİRESKENELİ),RESPIRATION I / FİZYOLOJİ AD.,FAKÜLTEMİZ WEB SİTESİ ÖĞRENCİ AĞI AMFİ PROGRAMINA BAKINIZ,,
Time Table 2,4 Kasım 2025 Salı,10:30,12:20,LIVE ANATOMY Bronkoskopi / Prof. Dr. Turhan ECE - Doç. Dr. Özcan GAYRETLİ  (Türkçe Tıp ile ortak ders),RESPIRATION I / GÖĞÜS HASTALIKLARI AD. - ANATOMİ AD.,FAKÜLTEMİZ WEB SİTESİ ÖĞRENCİ AĞI AMFİ PROGRAMINA BAKINIZ,,
Time Table 2,4 Kasım 2025 Salı,12:30,13:30,lunch break,,,,
Time Table 2,4 Kasım 2025 Salı,13:30,14:20,DISSECTION (3/6),RESPIRATION I / ANATOMİ AD.,ANATOMİ AD. LABORATUVARI,,
Time Table 2,4 Kasım 2025 Salı,14:30,15:20,DISSECTION (3/6),RESPIRATION I / ANATOMİ AD.,ANATOMİ AD. LABORATUVARI,,
Time Table 2,4 Kasım 2025 Salı,15:30,16:20,DISSECTION (3/6),RESPIRATION I / ANATOMİ AD.,ANATOMİ AD. LABORATUVARI,,
Time Table 2,5 Kasım 2025 Çarşamba,08:30,09:10,FREE TIME,,,,
Time Table 2,5 Kasım 2025 Çarşamba,09:20,10:00,10- Respiratory testings and analyses / Prof. Dr. Ali Sarper DİLER (Prof. Dr. Güher SARUHAN DİRESKENELİ),RESPIRATION I / FİZYOLOJİ AD.,FAKÜLTEMİZ WEB SİTESİ ÖĞRENCİ AĞI AMFİ PROGRAMINA BAKINIZ,,
Time Table 2,5 Kasım 2025 Çarşamba,10:10,10:50,11- Respiration in acid base equilibrium / Prof. Dr. Ali Sarper DİLER (Prof. Dr. Güher SARUHAN DİRESKENELİ),RESPIRATION I / FİZYOLOJİ AD.,FAKÜLTEMİZ WEB SİTESİ ÖĞRENCİ AĞI AMFİ PROGRAMINA BAKINIZ,,
Time Table 2,5 Kasım 2025 Çarşamba,11:00,11:40,Structure and funtion of vitamins A and D  / Prof. Dr. Şule SEÇKİN (Doç. Dr. İlknur BİNGÜL),DIGESTION I / TIBBİ BİYOKİMYA AD.,FAKÜLTEMİZ WEB SİTESİ ÖĞRENCİ AĞI AMFİ PROGRAMINA BAKINIZ,,
Time Table 2,5 Kasım 2025 Çarşamba,11:50,12:30,Structure and function of vitamins E and K  / Prof. Dr. Şule SEÇKİN (Doç. Dr. İlknur BİNGÜL),DIGESTION I / TIBBİ BİYOKİMYA AD.,FAKÜLTEMİZ WEB SİTESİ ÖĞRENCİ AĞI AMFİ PROGRAMINA BAKINIZ,,
Time Table 2,5 Kasım 2025 Çarşamba,12:30,13:30,lunch break,,,,
Time Table 2,5 Kasım 2025 Çarşamba,13:30,14:10,Elective Courses - 5,,FAKÜLTEMİZ WEB SİTESİ ÖĞRENCİ AĞI SEÇMELİ DERS AMFİ PROGRAMINA BAKINIZ,,
Time Table 2,5 Kasım 2025 Çarşamba,14:20,15:00,Elective Courses - 5,,FAKÜLTEMİZ WEB SİTESİ ÖĞRENCİ AĞI SEÇMELİ DERS AMFİ PROGRAMINA BAKINIZ,,
Time Table 2,5 Kasım 2025 Çarşamba,15:10,15:50,Elective Courses - 5,,FAKÜLTEMİZ WEB SİTESİ ÖĞRENCİ AĞI SEÇMELİ DERS AMFİ PROGRAMINA BAKINIZ,,
Time Table 2,6 Kasım 2025 Perşembe,08:30,10:20,FREE TIME,,,,
Time Table 2,6 Kasım 2025 Perşembe,10:30,12:20,LABORATORY SKILLS (HISTOLOGY AND EMBRYOLOGY) İ1 ,DIGESTION I,,,
Time Table 2,6 Kasım 2025 Perşembe,12:30,13:30,lunch break,,,,
Time Table 2,6 Kasım 2025 Perşembe,13:30,14:20,DISSECTION (4/6),RESPIRATION I / ANATOMİ AD.,ANATOMİ AD. LABORATUVARI,,
Time Table 2,6 Kasım 2025 Perşembe,14:30,15:20,DISSECTION (4/6),RESPIRATION I / ANATOMİ AD.,ANATOMİ AD. LABORATUVARI,,
Time Table 2,6 Kasım 2025 Perşembe,15:30,16:20,DISSECTION (4/6),RESPIRATION I / ANATOMİ AD.,ANATOMİ AD. LABORATUVARI,,
Time Table 2,7 Kasım 2025 Cuma,08:30,10:20,Integrated session  Pulmonary edema / Prof. Dr. Züleyha BİNGÖL- Prof. Dr. Mukadder ORHAN SUNGUR (Doç. Dr. Demet ALTUN BİNGÖL) Doç. Dr. Elif KERVANCIOĞLU DEMİRCİ (Türkçe Tıp ile ortak ders),RESPIRATION I / ANESTEZİYOLOJİ VE REANİMASYON AD. - HİSTOLOJİ VE EMBRİYOLOJİ AD.,FAKÜLTEMİZ WEB SİTESİ ÖĞRENCİ AĞI AMFİ PROGRAMINA BAKINIZ,,
Time Table 2,7 Kasım 2025 Cuma,10:30,11:10,1-Development of digestive system / Dr. Öğr. Üyesi Tuğba EKİZ YILMAZ (Prof. Dr. Sibel KÖKTÜRK),DIGESTION I / HİSTOLOJİ VE EMBRİYOLOJİ AD.,FAKÜLTEMİZ WEB SİTESİ ÖĞRENCİ AĞI AMFİ PROGRAMINA BAKINIZ,,
Time Table 2,7 Kasım 2025 Cuma,11:20,12:00,2-Development of liver and gallbladder /Dr. Öğr. Üyesi Tuğba EKİZ YILMAZ (Prof. Dr. Sibel KÖKTÜRK),DIGESTION I / HİSTOLOJİ VE EMBRİYOLOJİ AD.,FAKÜLTEMİZ WEB SİTESİ ÖĞRENCİ AĞI AMFİ PROGRAMINA BAKINIZ,,
Time Table 2,7 Kasım 2025 Cuma,12:30,13:30,lunch break,,,,
Time Table 2,7 Kasım 2025 Cuma,14:00,14:40,Structure of fat soluble vitamins   / Prof. Dr. Şule SEÇKİN (Doç. Dr. İlknur BİNGÜL),DIGESTION I / TIBBİ BİYOKİMYA AD.,FAKÜLTEMİZ WEB SİTESİ ÖĞRENCİ AĞI AMFİ PROGRAMINA BAKINIZ,,
Time Table 2,7 Kasım 2025 Cuma,14:50,15:30,Function of fat soluble vitamins   /  Prof. Dr. Şule SEÇKİN (Doç. Dr. İlknur BİNGÜL),DIGESTION I / TIBBİ BİYOKİMYA AD.,FAKÜLTEMİZ WEB SİTESİ ÖĞRENCİ AĞI AMFİ PROGRAMINA BAKINIZ,,
Time Table 2,7 Kasım 2025 Cuma,15:40,16:20,1-Food Safety/Basic Principles of Community Nutrition / Prof. Dr. Sevgi CANBAZ  (Prof. Dr. Gülsüm Nurhan İNCE),DIGESTION I / HALK SAĞLIĞI AD.,FAKÜLTEMİZ WEB SİTESİ ÖĞRENCİ AĞI AMFİ PROGRAMINA BAKINIZ,,
Time Table 2,10 Kasım 2025 Pazartesi,08:30,12:00,FREE TIME,,,,
Time Table 2,10 Kasım 2025 Pazartesi,12:30,13:30,lunch break,,,,
Time Table 2,10 Kasım 2025 Pazartesi,13:30,15:20,LABORATORY SKILLS (HISTOLOGY AND EMBRYOLOGY) İ2,DIGESTION I,,,
Time Table 2,11 Kasım 2025 Salı,08:30,09:10,FREE TIME,,,,
Time Table 2,11 Kasım 2025 Salı,09:20,10:00,1- Introduction to the gastrointestinal system / Prof. Dr. Ali Sarper DİLER (Prof.Dr. Müge Devrim ÜÇOK),DIGESTION I / FİZYOLOJİ AD.,FAKÜLTEMİZ WEB SİTESİ ÖĞRENCİ AĞI AMFİ PROGRAMINA BAKINIZ,,
Time Table 2,11 Kasım 2025 Salı,10:10,10:50,"2- Digestive function, nervous and hormonal control of secretions / Prof. Dr. Ali Sarper DİLER (Prof.Dr. Müge Devrim ÜÇOK)",DIGESTION I / FİZYOLOJİ AD.,FAKÜLTEMİZ WEB SİTESİ ÖĞRENCİ AĞI AMFİ PROGRAMINA BAKINIZ,,
Time Table 2,11 Kasım 2025 Salı,11:00,11:40,1-Anatomy of abdomen / Prof. Dr. Ayşin KALE (Dr.Öğr. Üyesi Osman COŞKUN),DIGESTION I / ANATOMİ AD.,FAKÜLTEMİZ WEB SİTESİ ÖĞRENCİ AĞI AMFİ PROGRAMINA BAKINIZ,,
Time Table 2,11 Kasım 2025 Salı,11:50,12:30,2-Introduction to the anatomy of the digestive system / Prof. Dr. Ayşin KALE (Dr.Öğr. Üyesi Osman COŞKUN),DIGESTION I / ANATOMİ AD.,FAKÜLTEMİZ WEB SİTESİ ÖĞRENCİ AĞI AMFİ PROGRAMINA BAKINIZ,,
Time Table 2,11 Kasım 2025 Salı,12:30,13:30,lunch break,,,,
Time Table 2,11 Kasım 2025 Salı,13:30,14:20,DISSECTION (5/6),RESPIRATION I / ANATOMİ AD.,ANATOMİ AD. LABORATUVARI,,
Time Table 2,11 Kasım 2025 Salı,14:30,15:20,DISSECTION (5/6),RESPIRATION I / ANATOMİ AD.,ANATOMİ AD. LABORATUVARI,,
Time Table 2,11 Kasım 2025 Salı,15:30,16:20,DISSECTION (5/6),RESPIRATION I / ANATOMİ AD.,ANATOMİ AD. LABORATUVARI,,
Time Table 2,12 Kasım 2025 Çarşamba,08:30,09:10,1-Importance of Bioelements in nutrition - their classification / Prof. Dr. Abdurrahman Fatih AYDIN (Prof. Dr. Nihal SALMAYENLİ),DIGESTION I / TIBBİ BİYOKİMYA AD.,FAKÜLTEMİZ WEB SİTESİ ÖĞRENCİ AĞI AMFİ PROGRAMINA BAKINIZ,,
Time Table 2,12 Kasım 2025 Çarşamba,09:20,10:00,1-Dyspeptic patient / Prof. Dr. Aslı ÇİFCİBAŞI ÖRMECİ (Prof. Dr. Selman Fatih BEŞIŞIK),DIGESTION I / İÇ HASTALIKLARI AD. (GASTROENTEROHEPATOLOJİ BD.),FAKÜLTEMİZ WEB SİTESİ ÖĞRENCİ AĞI AMFİ PROGRAMINA BAKINIZ,,
Time Table 2,12 Kasım 2025 Çarşamba,10:10,10:50,2-Gastrointestinal system case samples / Prof. Dr. Filiz AKYÜZ (Doç. Dr. Aslı ÇİFCİBAŞI ÖRMECİ),DIGESTION I / İÇ HASTALIKLARI AD. (GASTROENTEROHEPATOLOJİ BD.),FAKÜLTEMİZ WEB SİTESİ ÖĞRENCİ AĞI AMFİ PROGRAMINA BAKINIZ,,
Time Table 2,12 Kasım 2025 Çarşamba,11:00,11:40,3-Oral cavity / Prof. Dr. Ayşin KALE (Dr.Öğr. Üyesi Osman COŞKUN),DIGESTION I / ANATOMİ AD.,FAKÜLTEMİZ WEB SİTESİ ÖĞRENCİ AĞI AMFİ PROGRAMINA BAKINIZ,,
Time Table 2,12 Kasım 2025 Çarşamba,11:50,12:30,4-Pharynx / Prof. Dr. Ayşin KALE (Dr.Öğr. Üyesi Osman COŞKUN),DIGESTION I / ANATOMİ AD.,FAKÜLTEMİZ WEB SİTESİ ÖĞRENCİ AĞI AMFİ PROGRAMINA BAKINIZ,,
Time Table 2,12 Kasım 2025 Çarşamba,12:30,13:30,lunch break,,,,
Time Table 2,12 Kasım 2025 Çarşamba,13:30,14:10,Elective Courses - 6,,FAKÜLTEMİZ WEB SİTESİ ÖĞRENCİ AĞI SEÇMELİ DERS AMFİ PROGRAMINA BAKINIZ,,
Time Table 2,12 Kasım 2025 Çarşamba,14:20,15:00,Elective Courses - 6,,FAKÜLTEMİZ WEB SİTESİ ÖĞRENCİ AĞI SEÇMELİ DERS AMFİ PROGRAMINA BAKINIZ,,
Time Table 2,12 Kasım 2025 Çarşamba,15:10,15:50,Elective Courses - 6,,FAKÜLTEMİZ WEB SİTESİ ÖĞRENCİ AĞI SEÇMELİ DERS AMFİ PROGRAMINA BAKINIZ,,
Time Table 2,13 Kasım 2025 Perşembe,08:30,09:10,FREE TIME,,,,
Time Table 2,13 Kasım 2025 Perşembe,09:20,10:00,2-Macroelements / Prof. Dr. Abdurrahman Fatih AYDIN  (Prof. Dr. Nihal SALMAYENLİ),DIGESTION I / TIBBİ BİYOKİMYA AD.,FAKÜLTEMİZ WEB SİTESİ ÖĞRENCİ AĞI AMFİ PROGRAMINA BAKINIZ,,
Time Table 2,13 Kasım 2025 Perşembe,10:10,10:50,3-Trace elements I / Prof. Dr. Abdurrahman Fatih AYDIN  (Prof. Dr. Nihal SALMAYENLİ),DIGESTION I / TIBBİ BİYOKİMYA AD.,FAKÜLTEMİZ WEB SİTESİ ÖĞRENCİ AĞI AMFİ PROGRAMINA BAKINIZ,,
Time Table 2,13 Kasım 2025 Perşembe,11:00,11:40,5-Esophagus and stomach / Prof. Dr. Ayşin KALE (Dr.Öğr. Üyesi Osman COŞKUN),DIGESTION I / ANATOMİ AD.,FAKÜLTEMİZ WEB SİTESİ ÖĞRENCİ AĞI AMFİ PROGRAMINA BAKINIZ,,
Time Table 2,13 Kasım 2025 Perşembe,11:50,12:30,6-Small intestine / Prof. Dr. Ayşin KALE (Dr.Öğr. Üyesi Osman COŞKUN),DIGESTION I / ANATOMİ AD.,FAKÜLTEMİZ WEB SİTESİ ÖĞRENCİ AĞI AMFİ PROGRAMINA BAKINIZ,,
Time Table 2,13 Kasım 2025 Perşembe,12:30,13:30,lunch break,,,,
Time Table 2,13 Kasım 2025 Perşembe,13:30,14:20,DISSECTION (6/6),RESPIRATION I / ANATOMİ AD.,ANATOMİ AD. LABORATUVARI,,
Time Table 2,13 Kasım 2025 Perşembe,14:30,15:20,DISSECTION (6/6),RESPIRATION I / ANATOMİ AD.,ANATOMİ AD. LABORATUVARI,,
Time Table 2,13 Kasım 2025 Perşembe,15:30,16:20,DISSECTION (6/6),RESPIRATION I / ANATOMİ AD.,ANATOMİ AD. LABORATUVARI,,
Time Table 2,14 Kasım 2025 Cuma,08:30,09:10,FREE TIME,,,,
Time Table 2,14 Kasım 2025 Cuma,09:20,10:00,"3- Coordination of mastication, swallowing and esophageal motility / Prof. Dr. Ali Sarper DİLER (Prof.Dr. Müge Devrim ÜÇOK)",DIGESTION I / FİZYOLOJİ AD.,FAKÜLTEMİZ WEB SİTESİ ÖĞRENCİ AĞI AMFİ PROGRAMINA BAKINIZ,,
Time Table 2,14 Kasım 2025 Cuma,10:10,10:50,"4- Gastric motility, movement of small and large intestine and defecation / Prof. Dr. Ali Sarper DİLER (Prof.Dr. Müge Devrim ÜÇOK)",DIGESTION I / FİZYOLOJİ AD.,FAKÜLTEMİZ WEB SİTESİ ÖĞRENCİ AĞI AMFİ PROGRAMINA BAKINIZ,,
Time Table 2,14 Kasım 2025 Cuma,11:00,11:40,3-Histology of digestive system - lips - cheeks and palate / Dr. Öğr. Üyesi Tuğba EKİZ YILMAZ (Prof. Dr. Sibel KÖKTÜRK),DIGESTION I / HİSTOLOJİ VE EMBRİYOLOJİ AD.,FAKÜLTEMİZ WEB SİTESİ ÖĞRENCİ AĞI AMFİ PROGRAMINA BAKINIZ,,
Time Table 2,14 Kasım 2025 Cuma,11:50,12:30,4-Histology of tongue and salivary glands / Dr. Öğr. Üyesi Tuğba EKİZ YILMAZ (Prof. Dr. Sibel KÖKTÜRK),DIGESTION I / HİSTOLOJİ VE EMBRİYOLOJİ AD.,FAKÜLTEMİZ WEB SİTESİ ÖĞRENCİ AĞI AMFİ PROGRAMINA BAKINIZ,,
Time Table 2,14 Kasım 2025 Cuma,12:30,13:30,lunch break,,,,
Time Table 2,14 Kasım 2025 Cuma,14:00,15:50,LABORATORY SKILLS (HISTOLOGY AND EMBRYOLOGY) İ1,DIGESTION I,,,
Time Table 2,17 Kasım 2025 Pazartesi,08:30,09:10,FREE TIME,,,,
Time Table 2,17 Kasım 2025 Pazartesi,09:20,10:00,FREE TIME,,,,
Time Table 2,17 Kasım 2025 Pazartesi,10:10,10:50,FREE TIME,,,,
Time Table 2,17 Kasım 2025 Pazartesi,11:00,11:40,FREE TIME,,,,
Time Table 2,17 Kasım 2025 Pazartesi,11:50,12:30,FREE TIME,,,,
Time Table 2,17 Kasım 2025 Pazartesi,12:30,13:30,lunch break,,,,
Time Table 2,17 Kasım 2025 Pazartesi,13:30,14:10,5-Histology of teeth - pharynx and esophagus / Dr. Öğr. Üyesi Tuğba EKİZ YILMAZ  (Doç. Dr. Elif KERVANCIOĞLU DEMİRCİ),DIGESTION I / HİSTOLOJİ VE EMBRİYOLOJİ AD.,FAKÜLTEMİZ WEB SİTESİ ÖĞRENCİ AĞI AMFİ PROGRAMINA BAKINIZ,,
Time Table 2,17 Kasım 2025 Pazartesi,14:20,15:00,6-Histology of stomach /  Dr. Öğr. Üyesi Tuğba EKİZ YILMAZ  (Doç. Dr. Elif KERVANCIOĞLU DEMİRCİ),DIGESTION I / HİSTOLOJİ VE EMBRİYOLOJİ AD.,FAKÜLTEMİZ WEB SİTESİ ÖĞRENCİ AĞI AMFİ PROGRAMINA BAKINIZ,,
Time Table 2,17 Kasım 2025 Pazartesi,15:10,15:50,FREE TIME,,,,
Time Table 2,18 Kasım 2025 Salı,08:30,09:10,4-Trace elements II / Prof. Dr. Abdurrahman Fatih AYDIN  (Prof. Dr. Nihal SALMAYENLİ),DIGESTION I / TIBBİ BİYOKİMYA AD.,FAKÜLTEMİZ WEB SİTESİ ÖĞRENCİ AĞI AMFİ PROGRAMINA BAKINIZ,,
Time Table 2,18 Kasım 2025 Salı,09:20,10:00,5-Ultra trace elements / Prof. Dr. Abdurrahman Fatih AYDIN  (Prof. Dr. Nihal SALMAYENLİ),DIGESTION I / TIBBİ BİYOKİMYA AD.,FAKÜLTEMİZ WEB SİTESİ ÖĞRENCİ AĞI AMFİ PROGRAMINA BAKINIZ,,
Time Table 2,18 Kasım 2025 Salı,10:30,12:20,Integrated session  Acid Peptic Diseases / Prof. Dr. Sabahattin KAYMAKOĞLU - Prof. Dr. Gülay ÜZÜM - Prof. Dr. Özlem DURMAZ (Doç. Dr. Zerrin ÖNAL) (Türkçe Tıp ile ortak ders),DIGESTION I / İÇ HASTALIKLARI AD. - FİZYOLOJİ AD. - ÇOCUK SAĞLIĞI VE HASTALIKLARI AD.,FAKÜLTEMİZ WEB SİTESİ ÖĞRENCİ AĞI AMFİ PROGRAMINA BAKINIZ,,
Time Table 2,18 Kasım 2025 Salı,12:30,13:30,lunch break,,,,
Time Table 2,18 Kasım 2025 Salı,13:30,14:20,DISSECTION (1/11),DIGESTION I / ANATOMİ AD.,ANATOMİ AD. LABORATUVARI,,
Time Table 2,18 Kasım 2025 Salı,14:30,15:20,DISSECTION (1/11),DIGESTION I / ANATOMİ AD.,ANATOMİ AD. LABORATUVARI,,
Time Table 2,18 Kasım 2025 Salı,15:30,16:20,DISSECTION (1/11),DIGESTION I / ANATOMİ AD.,ANATOMİ AD. LABORATUVARI,,
Time Table 2,19 Kasım 2025 Çarşamba,08:30,09:10,"7- Bile, small and large intestine’s secretion / Prof. Dr. Ali Sarper DİLER (Prof.Dr. Müge Devrim ÜÇOK)",DIGESTION I / FİZYOLOJİ AD.,FAKÜLTEMİZ WEB SİTESİ ÖĞRENCİ AĞI AMFİ PROGRAMINA BAKINIZ,,
Time Table 2,19 Kasım 2025 Çarşamba,09:20,10:00,8- Digestion & absorption / Prof. Dr. Ali Sarper DİLER (Prof.Dr. Müge Devrim ÜÇOK),DIGESTION I / FİZYOLOJİ AD.,FAKÜLTEMİZ WEB SİTESİ ÖĞRENCİ AĞI AMFİ PROGRAMINA BAKINIZ,,
Time Table 2,19 Kasım 2025 Çarşamba,10:10,10:50,7-Histology of small intestine / Dr. Öğr. Üyesi Tuğba EKİZ YILMAZ  (Doç. Dr. Elif KERVANCIOĞLU DEMİRCİ),DIGESTION I / HİSTOLOJİ VE EMBRİYOLOJİ AD.,FAKÜLTEMİZ WEB SİTESİ ÖĞRENCİ AĞI AMFİ PROGRAMINA BAKINIZ,,
Time Table 2,19 Kasım 2025 Çarşamba,11:00,11:40,8-Histology of large intestine /  Dr. Öğr. Üyesi Tuğba EKİZ YILMAZ  (Doç. Dr. Elif KERVANCIOĞLU DEMİRCİ),DIGESTION I / HİSTOLOJİ VE EMBRİYOLOJİ AD.,FAKÜLTEMİZ WEB SİTESİ ÖĞRENCİ AĞI AMFİ PROGRAMINA BAKINIZ,,
Time Table 2,19 Kasım 2025 Çarşamba,11:50,12:30,7-Large intestine / Prof. Dr. Ayşin KALE (Dr.Öğr. Üyesi Osman COŞKUN),DIGESTION I / ANATOMİ AD.,FAKÜLTEMİZ WEB SİTESİ ÖĞRENCİ AĞI AMFİ PROGRAMINA BAKINIZ,,
Time Table 2,19 Kasım 2025 Çarşamba,12:30,13:30,lunch break,,,,
Time Table 2,19 Kasım 2025 Çarşamba,13:30,14:10,Elective Courses - 7,,FAKÜLTEMİZ WEB SİTESİ ÖĞRENCİ AĞI SEÇMELİ DERS AMFİ PROGRAMINA BAKINIZ,,
Time Table 2,19 Kasım 2025 Çarşamba,14:20,15:00,Elective Courses - 7,,FAKÜLTEMİZ WEB SİTESİ ÖĞRENCİ AĞI SEÇMELİ DERS AMFİ PROGRAMINA BAKINIZ,,
Time Table 2,19 Kasım 2025 Çarşamba,15:10,15:50,Elective Courses - 7,,FAKÜLTEMİZ WEB SİTESİ ÖĞRENCİ AĞI SEÇMELİ DERS AMFİ PROGRAMINA BAKINIZ,,
Time Table 2,20 Kasım 2025 Perşembe,08:30,09:10,Being qualified physician and taking anamnesis / Doç. Dr. Dilek ANUK (Dr.Öğr. Üyesi Irmak POLAT),MEDICAL SKILLS LABORATORY II / RUH SAĞLIĞI VE HASTALIKLARI AD.,FAKÜLTEMİZ WEB SİTESİ ÖĞRENCİ AĞI AMFİ PROGRAMINA BAKINIZ,,
Time Table 2,20 Kasım 2025 Perşembe,09:20,10:00,1-Basic functions of metabolism / Prof. Dr. Evin ADEMOĞLU (Prof. Dr. Şule SEÇKİN),METABOLISM / TIBBİ BİYOKİMYA AD.,FAKÜLTEMİZ WEB SİTESİ ÖĞRENCİ AĞI AMFİ PROGRAMINA BAKINIZ,,
Time Table 2,20 Kasım 2025 Perşembe,10:30,12:20,LABORATORY SKILLS (HISTOLOGY AND EMBRYOLOGY) İ2,DIGESTION I,,,
,,12:30,13:30,lunch break,,,,
Time Table 2,20 Kasım 2025 Perşembe,13:30,14:20,DISSECTION (2/11),DIGESTION I / ANATOMİ AD.,ANATOMİ AD. LABORATUVARI,,
Time Table 2,20 Kasım 2025 Perşembe,14:30,15:20,DISSECTION (2/11),DIGESTION I / ANATOMİ AD.,ANATOMİ AD. LABORATUVARI,,
Time Table 2,20 Kasım 2025 Perşembe,15:30,16:20,DISSECTION (2/11),DIGESTION I / ANATOMİ AD.,ANATOMİ AD. LABORATUVARI,,
Time Table 2,21 Kasım 2025 Cuma,08:30,10:20,FREE TIME,,,,
Time Table 2,21 Kasım 2025 Cuma,11:00,11:40,5- Secretory functions of the digestive system / Prof. Dr. Ali Sarper DİLER (Prof.Dr. Müge Devrim ÜÇOK),DIGESTION I / FİZYOLOJİ AD.,FAKÜLTEMİZ WEB SİTESİ ÖĞRENCİ AĞI AMFİ PROGRAMINA BAKINIZ,,
Time Table 2,21 Kasım 2025 Cuma,11:50,12:30,"6- Gastric mucosal barrier, pancreatic secretion / Prof. Dr. Ali Sarper DİLER (Prof.Dr. Müge Devrim ÜÇOK)",DIGESTION I / FİZYOLOJİ AD.,FAKÜLTEMİZ WEB SİTESİ ÖĞRENCİ AĞI AMFİ PROGRAMINA BAKINIZ,,
Time Table 2,21 Kasım 2025 Cuma,12:30,13:30,lunch break,,,,
Time Table 2,21 Kasım 2025 Cuma,14:00,14:40,9-Histology of liver and gall bladder /  Dr. Öğr. Üyesi Tuğba EKİZ YILMAZ  (Doç. Dr. Elif KERVANCIOĞLU DEMİRCİ),DIGESTION I / HİSTOLOJİ VE EMBRİYOLOJİ AD.,FAKÜLTEMİZ WEB SİTESİ ÖĞRENCİ AĞI AMFİ PROGRAMINA BAKINIZ,,
Time Table 2,21 Kasım 2025 Cuma,14:50,15:30,10-Histology of pancreas / Dr. Öğr. Üyesi Tuğba EKİZ YILMAZ  (Doç. Dr. Elif KERVANCIOĞLU DEMİRCİ),DIGESTION I / HİSTOLOJİ VE EMBRİYOLOJİ AD.,FAKÜLTEMİZ WEB SİTESİ ÖĞRENCİ AĞI AMFİ PROGRAMINA BAKINIZ,,
Time Table 2,21 Kasım 2025 Cuma,15:40,16.20,FREE TIME,,,,
Time Table 2,24 Kasım 2025 Pazartesi,08:30,09:10,FREE TIME,,,,
Time Table 2,24 Kasım 2025 Pazartesi,09:20,10:00,FREE TIME,,,,
Time Table 2,24 Kasım 2025 Pazartesi,10:10,10:50,2-Regulation of glucose metabolism / Prof. Dr. Evin ADEMOĞLU  (Prof. Dr. Şule SEÇKİN),METABOLISM / TIBBİ BİYOKİMYA AD.,FAKÜLTEMİZ WEB SİTESİ ÖĞRENCİ AĞI AMFİ PROGRAMINA BAKINIZ,,
Time Table 2,24 Kasım 2025 Pazartesi,11:00,11:40,3-Indirect oxidation of glucose / Prof. Dr. Evin ADEMOĞLU  (Prof. Dr. Şule SEÇKİN),METABOLISM / TIBBİ BİYOKİMYA AD.,FAKÜLTEMİZ WEB SİTESİ ÖĞRENCİ AĞI AMFİ PROGRAMINA BAKINIZ,,
Time Table 2,24 Kasım 2025 Pazartesi,11:50,12:30,4-Direct oxidation of glucose / Prof. Dr. Evin ADEMOĞLU  (Prof. Dr. Şule SEÇKİN),METABOLISM / TIBBİ BİYOKİMYA AD.,FAKÜLTEMİZ WEB SİTESİ ÖĞRENCİ AĞI AMFİ PROGRAMINA BAKINIZ,,
Time Table 2,24 Kasım 2025 Pazartesi,12:30,13:30,lunch break,,,,
Time Table 2,24 Kasım 2025 Pazartesi,13:30,15:20,Etik (Film gösterimi)-1 / Prof. Dr. İlhan İLKILIÇ (Prof. Dr. Fatma Arın NAMAL) (Türkçe Tıp ile ortak ders),MEDICAL SKILLS LABORATORY II / TIP TARİHİ VE ETİK AD.,FAKÜLTEMİZ WEB SİTESİ ÖĞRENCİ AĞI AMFİ PROGRAMINA BAKINIZ,,
Time Table 2,25 Kasım 2025 Salı,08:30,09:10,FREE TIME,,,,
Time Table 2,25 Kasım 2025 Salı,10:10,10:50,Ek Ders ( ANATOMİ) Prof. Dr. Ayşin KALE,ANATOMİ AD.,FAKÜLTEMİZ WEB SİTESİ ÖĞRENCİ AĞI AMFİ PROGRAMINA BAKINIZ,,
Time Table 2,25 Kasım 2025 Salı,11:00,11:40,Ek Ders ( ANATOMİ) Prof. Dr. Ayşin KALE,ANATOMİ AD.,FAKÜLTEMİZ WEB SİTESİ ÖĞRENCİ AĞI AMFİ PROGRAMINA BAKINIZ,,
Time Table 2,25 Kasım 2025 Salı,11:50,12:30,Ek Ders ( ANATOMİ) Prof. Dr. Ayşin KALE,ANATOMİ AD.,FAKÜLTEMİZ WEB SİTESİ ÖĞRENCİ AĞI AMFİ PROGRAMINA BAKINIZ,,
Time Table 2,25 Kasım 2025 Salı,12:30,13:30,lunch break,,,,
Time Table 2,25 Kasım 2025 Salı,13:30,14:20,DISSECTION (3/11),DIGESTION I / ANATOMİ AD.,ANATOMİ AD. LABORATUVARI,,
Time Table 2,25 Kasım 2025 Salı,14:30,15:20,DISSECTION (3/11),DIGESTION I / ANATOMİ AD.,ANATOMİ AD. LABORATUVARI,,
Time Table 2,25 Kasım 2025 Salı,15:30,16:20,DISSECTION (3/11),DIGESTION I / ANATOMİ AD.,ANATOMİ AD. LABORATUVARI,,
Time Table 2,26 Kasım 2025 Çarşamba,08:30,09:10,FREE TIME,,,,
Time Table 2,26 Kasım 2025 Çarşamba,09:20,10:00,Ek Ders ( ANATOMİ) Prof. Dr. Ayşin KALE,ANATOMİ AD.,FAKÜLTEMİZ WEB SİTESİ ÖĞRENCİ AĞI AMFİ PROGRAMINA BAKINIZ,,
Time Table 2,26 Kasım 2025 Çarşamba,10:10,10:50,Ek Ders ( ANATOMİ) Prof. Dr. Ayşin KALE,ANATOMİ AD.,FAKÜLTEMİZ WEB SİTESİ ÖĞRENCİ AĞI AMFİ PROGRAMINA BAKINIZ,,
Time Table 2,26 Kasım 2025 Çarşamba,11:00,11:40,Being qualified physician and taking anamnesis / Dr. Öğr. Üyesi Hacer NALBANT ,MEDICAL SKILLS LABORATORY II / TIP AD.,FAKÜLTEMİZ WEB SİTESİ ÖĞRENCİ AĞI AMFİ PROGRAMINA BAKINIZ,,
Time Table 2,26 Kasım 2025 Çarşamba,11:50,12:30,Being qualified physician and taking anamnesis: The features of taking anamnesis in pediatric patient / Prof. Dr. Ayşe PALANDUZ,MEDICAL SKILLS LABORATORY II / AİLE HEKİMLİĞİ AD.,FAKÜLTEMİZ WEB SİTESİ ÖĞRENCİ AĞI AMFİ PROGRAMINA BAKINIZ,,
Time Table 2,26 Kasım 2025 Çarşamba,12:30,13:30,lunch break,,,,
Time Table 2,26 Kasım 2025 Çarşamba,13:30,14:10,Elective Courses - 8,,FAKÜLTEMİZ WEB SİTESİ ÖĞRENCİ AĞI SEÇMELİ DERS AMFİ PROGRAMINA BAKINIZ,,
Time Table 2,26 Kasım 2025 Çarşamba,14:20,15:00,Elective Courses - 8,,FAKÜLTEMİZ WEB SİTESİ ÖĞRENCİ AĞI SEÇMELİ DERS AMFİ PROGRAMINA BAKINIZ,,
Time Table 2,26 Kasım 2025 Çarşamba,15:10,15:50,Elective Courses - 8,,FAKÜLTEMİZ WEB SİTESİ ÖĞRENCİ AĞI SEÇMELİ DERS AMFİ PROGRAMINA BAKINIZ,,
Time Table 2,27 Kasım 2025 Perşembe,08:30,10:20,FREE TIME,,,,
Time Table 2,27 Kasım 2025 Perşembe,10:30,11:10,FREE TIME,,,,
Time Table 2,27 Kasım 2025 Perşembe,11:20,12:00,FREE TIME,,,,
Time Table 2,27 Kasım 2025 Perşembe,12:30,13:30,lunch break,,,,
Time Table 2,27 Kasım 2025 Perşembe,13:30,14:20,DISSECTION (4/11),DIGESTION I / ANATOMİ AD.,ANATOMİ AD. LABORATUVARI,,
Time Table 2,27 Kasım 2025 Perşembe,14:30,15:20,DISSECTION (4/11),DIGESTION I / ANATOMİ AD.,ANATOMİ AD. LABORATUVARI,,
Time Table 2,27 Kasım 2025 Perşembe,15:30,16:20,DISSECTION (4/11),DIGESTION I / ANATOMİ AD.,ANATOMİ AD. LABORATUVARI,,
Time Table 2,28 Kasım 2025 Cuma,08:30,09:10,FREE TIME,,,,
Time Table 2,28 Kasım 2025 Cuma,09:20,10:00,8-Rectum ve anal canal / Prof. Dr. Ayşin KALE (Dr.Öğr. Üyesi Osman COŞKUN),DIGESTION I / ANATOMİ AD.,FAKÜLTEMİZ WEB SİTESİ ÖĞRENCİ AĞI AMFİ PROGRAMINA BAKINIZ,,
Time Table 2,28 Kasım 2025 Cuma,10:10,10:50,9-Liver and biliary tract / Prof. Dr. Ayşin KALE (Dr.Öğr. Üyesi Osman COŞKUN),DIGESTION I / ANATOMİ AD.,FAKÜLTEMİZ WEB SİTESİ ÖĞRENCİ AĞI AMFİ PROGRAMINA BAKINIZ,,
Time Table 2,28 Kasım 2025 Cuma,11:00,12:00,Ethics (Filmscreening discussion)-1 / Prof. Dr. İlhan İLKILIÇ  (Prof. Dr. Fatma Arın NAMAL) (Türkçe Tıp ile ortak ders),MEDICAL SKILLS LABORATORY II / TIP TARİHİ VE ETİK AD.,FAKÜLTEMİZ WEB SİTESİ ÖĞRENCİ AĞI AMFİ PROGRAMINA BAKINIZ,,
Time Table 2,28 Kasım 2025 Cuma,12:30,13:30,lunch break,,,,
Time Table 2,28 Kasım 2025 Cuma,14:00,14:40,5-Glycolysis / Prof. Dr. Evin ADEMOĞLU  (Prof. Dr. Şule SEÇKİN),METABOLISM / TIBBİ BİYOKİMYA AD.,FAKÜLTEMİZ WEB SİTESİ ÖĞRENCİ AĞI AMFİ PROGRAMINA BAKINIZ,,
Time Table 2,28 Kasım 2025 Cuma,14:50,15:30,6-Gluconeogenesis / Prof. Dr. Evin ADEMOĞLU  (Prof. Dr. Şule SEÇKİN),METABOLISM / TIBBİ BİYOKİMYA AD.,FAKÜLTEMİZ WEB SİTESİ ÖĞRENCİ AĞI AMFİ PROGRAMINA BAKINIZ,,
Time Table 2,28 Kasım 2025 Cuma,15:40,16:20,Ek Ders ( ANATOMİ) Prof. Dr. Ayşin KALE,ANATOMİ AD.,FAKÜLTEMİZ WEB SİTESİ ÖĞRENCİ AĞI AMFİ PROGRAMINA BAKINIZ,,
Time Table 2,1 Aralık 2025 Pazartesi,08:30,09:10,FREE TIME,,,,
Time Table 2,1 Aralık 2025 Pazartesi,09:20,10:00,1-Epidemiology of diabetes / Öğr. Gör. Dr. Bedia Fulya ÇALIKOĞLU BARBAROS (Prof. Dr. Özlem SOYLUK SELÇUKBİRİCİK),METABOLISM / İÇ HASTALIKLARI AD. (ENDOKRİNOLOJİ BD.),FAKÜLTEMİZ WEB SİTESİ ÖĞRENCİ AĞI AMFİ PROGRAMINA BAKINIZ,,
Time Table 2,1 Aralık 2025 Pazartesi,10:10,10:50,10-Pancreas and salivary glands / Prof. Dr. Ayşin KALE (Dr.Öğr. Üyesi Osman COŞKUN),DIGESTION I / ANATOMİ AD.,FAKÜLTEMİZ WEB SİTESİ ÖĞRENCİ AĞI AMFİ PROGRAMINA BAKINIZ,,
Time Table 2,1 Aralık 2025 Pazartesi,11:00,11:40,7-Glycogen metabolism / Prof. Dr. Evin ADEMOĞLU  (Prof. Dr. Şule SEÇKİN),METABOLISM / TIBBİ BİYOKİMYA AD.,FAKÜLTEMİZ WEB SİTESİ ÖĞRENCİ AĞI AMFİ PROGRAMINA BAKINIZ,,
Time Table 2,1 Aralık 2025 Pazartesi,11:50,12:30,10-Overview of Lipid metabolism / Prof. Dr. Nihal SALMAYENLİ (Doç. Dr. Ayşe Gül Sündüz TELCİ),METABOLISM / TIBBİ BİYOKİMYA AD.,FAKÜLTEMİZ WEB SİTESİ ÖĞRENCİ AĞI AMFİ PROGRAMINA BAKINIZ,,
Time Table 2,1 Aralık 2025 Pazartesi,13:30,14:10,11-Lipoproteins - structure and classifications / Prof. Dr. Nihal SALMAYENLİ (Doç. Dr. Ayşe Gül Sündüz TELCİ),METABOLISM / TIBBİ BİYOKİMYA AD.,FAKÜLTEMİZ WEB SİTESİ ÖĞRENCİ AĞI AMFİ PROGRAMINA BAKINIZ,,
Time Table 2,1 Aralık 2025 Pazartesi,12:30,13:30,lunch break,,,,
Time Table 2,1 Aralık 2025 Pazartesi,14:20,16:10,Etik (Film gösterimi)-2 / Prof. Dr. Fatma Arın NAMAL (Prof. Dr. İlhan İLKILIÇ)( Türkçe Tıp ile ortak),MEDICAL SKILLS LABORATORY II / TIP TARİHİ VE ETİK AD.,FAKÜLTEMİZ WEB SİTESİ ÖĞRENCİ AĞI AMFİ PROGRAMINA BAKINIZ,,
Time Table 2,2 Aralık 2025 Salı,08:30,09:10,FREE TIME,,,,
Time Table 2,2 Aralık 2025 Salı,09:20,10:00,12-Chylomicrons - VLDL - LDL - HDL lipoproteins / Prof. Dr. Nihal SALMAYENLİ (Doç. Dr. Ayşe Gül Sündüz TELCİ),METABOLISM / TIBBİ BİYOKİMYA AD.,FAKÜLTEMİZ WEB SİTESİ ÖĞRENCİ AĞI AMFİ PROGRAMINA BAKINIZ,,
Time Table 2,2 Aralık 2025 Salı,10:10,10:50,13-Fatty acid oxidation - lipolysis / Prof. Dr. Nihal SALMAYENLİ (Doç. Dr. Ayşe Gül Sündüz TELCİ),METABOLISM / TIBBİ BİYOKİMYA AD.,FAKÜLTEMİZ WEB SİTESİ ÖĞRENCİ AĞI AMFİ PROGRAMINA BAKINIZ,,
Time Table 2,2 Aralık 2025 Salı,11:00,11:40,1-General overview of history and signs in inherited metabolic diseases / Doç. Dr. Asuman GEDİKBAŞI (Dr.Öğr. Üyesi DİLEK GÜNEŞ),METABOLISM / ÇOCUK SAĞLIĞI VE HASTALIKLARI AD.,FAKÜLTEMİZ WEB SİTESİ ÖĞRENCİ AĞI AMFİ PROGRAMINA BAKINIZ,,
Time Table 2,2 Aralık 2025 Salı,11:50,12:30,2-Nutrition of children and teenagers /Dr.Öğr. Üyesi DİLEK GÜNEŞ ( Öğr.Gör.Dr. Meryem KARACA),METABOLISM / ÇOCUK SAĞLIĞI VE HASTALIKLARI AD.,FAKÜLTEMİZ WEB SİTESİ ÖĞRENCİ AĞI AMFİ PROGRAMINA BAKINIZ,,
Time Table 2,2 Aralık 2025 Salı,12:30,13:30,lunch break,,,,
Time Table 2,2 Aralık 2025 Salı,13:30,14:20,DISSECTION (5/11),DIGESTION I / ANATOMİ AD.,ANATOMİ AD. LABORATUVARI,,
Time Table 2,2 Aralık 2025 Salı,14:30,15:20,DISSECTION (5/11),DIGESTION I / ANATOMİ AD.,ANATOMİ AD. LABORATUVARI,,
Time Table 2,2 Aralık 2025 Salı,15:30,16:20,DISSECTION (5/11),DIGESTION I / ANATOMİ AD.,ANATOMİ AD. LABORATUVARI,,
Time Table 2,3 Aralık 2025 Çarşamba,08:30,10:20,LIVE ANATOMY Endoscopy and Colonoscopy /  Doç. Dr. Bilger ÇAVUŞ -  Prof. Dr. Ayşin KALE (İngilizce Tıp ile ortak ders),DIGESTION I / İÇ HASTALIKLARI AD. - ANATOMİ AD.,FAKÜLTEMİZ WEB SİTESİ ÖĞRENCİ AĞI AMFİ PROGRAMINA BAKINIZ,,
Time Table 2,3 Aralık 2025 Çarşamba,11:00,11:40,14-The synthesis and use of keton bodies / Prof. Dr. Nihal SALMAYENLİ (Doç. Dr. Ayşe Gül Sündüz TELCİ),METABOLISM / TIBBİ BİYOKİMYA AD.,FAKÜLTEMİZ WEB SİTESİ ÖĞRENCİ AĞI AMFİ PROGRAMINA BAKINIZ,,
Time Table 2,3 Aralık 2025 Çarşamba,11:50,12:30,15-Synthesis of fatty acids - lipogenesis / Prof. Dr. Nihal SALMAYENLİ (Doç. Dr. Ayşe Gül Sündüz TELCİ),METABOLISM / TIBBİ BİYOKİMYA AD.,FAKÜLTEMİZ WEB SİTESİ ÖĞRENCİ AĞI AMFİ PROGRAMINA BAKINIZ,,
Time Table 2,3 Aralık 2025 Çarşamba,12:30,13:30,lunch break,,,,
Time Table 2,3 Aralık 2025 Çarşamba,13:30,14:10,Elective Courses - 9,,FAKÜLTEMİZ WEB SİTESİ ÖĞRENCİ AĞI SEÇMELİ DERS AMFİ PROGRAMINA BAKINIZ,,
Time Table 2,3 Aralık 2025 Çarşamba,14:20,15:00,Elective Courses - 9,,FAKÜLTEMİZ WEB SİTESİ ÖĞRENCİ AĞI SEÇMELİ DERS AMFİ PROGRAMINA BAKINIZ,,
Time Table 2,3 Aralık 2025 Çarşamba,14:20,15:00,Elective Courses - 9,,FAKÜLTEMİZ WEB SİTESİ ÖĞRENCİ AĞI SEÇMELİ DERS AMFİ PROGRAMINA BAKINIZ,,
Time Table 2,4 Aralık 2025 Perşembe,09:00,10:50,FREE TIME,,,,
Time Table 2,4 Aralık 2025 Perşembe,11:00,11:40,16-Cholesterol metabolism / Prof. Dr. Nihal SALMAYENLİ (Doç. Dr. Ayşe Gül Sündüz TELCİ),METABOLISM / TIBBİ BİYOKİMYA AD.,İNGİLİZCE TIP BİNASI Dr.MUZAFFER AKSOY AMFİSİ,,
Time Table 2,4 Aralık 2025 Perşembe,11:50,12:40,17-Biochemistry of obesity / Prof. Dr. Nihal SALMAYENLİ (Doç. Dr. Ayşe Gül Sündüz TELCİ),METABOLISM / TIBBİ BİYOKİMYA AD.,İNGİLİZCE TIP BİNASI Dr.MUZAFFER AKSOY AMFİSİ,,
Time Table 2,4 Aralık 2025 Perşembe,12:30,13:30,lunch break,,,,
Time Table 2,4 Aralık 2025 Perşembe,13:30,14:20,DISSECTION (6/11),DIGESTION I / ANATOMİ AD.,ANATOMİ AD. LABORATUVARI,,
Time Table 2,4 Aralık 2025 Perşembe,14:30,15:20,DISSECTION (6/11),DIGESTION I / ANATOMİ AD.,ANATOMİ AD. LABORATUVARI,,
Time Table 2,4 Aralık 2025 Perşembe,15:30,16:20,DISSECTION (6/11),DIGESTION I / ANATOMİ AD.,ANATOMİ AD. LABORATUVARI,,
Time Table 2,5 Aralık 2025 Cuma,08:30,09:10,FREE TIME,,,,
Time Table 2,5 Aralık 2025 Cuma,09:20,10:00,8-Hormonal regulation of glucose metabolism / Prof. Dr. Evin ADEMOĞLU  (Prof. Dr. Şule SEÇKİN),METABOLISM / TIBBİ BİYOKİMYA AD.,FAKÜLTEMİZ WEB SİTESİ ÖĞRENCİ AĞI AMFİ PROGRAMINA BAKINIZ,,
Time Table 2,5 Aralık 2025 Cuma,10:10,10:50,9-Laboratory monitoring of glucose metabolism / Prof. Dr. Evin ADEMOĞLU  (Prof. Dr. Şule SEÇKİN),METABOLISM / TIBBİ BİYOKİMYA AD.,FAKÜLTEMİZ WEB SİTESİ ÖĞRENCİ AĞI AMFİ PROGRAMINA BAKINIZ,,
Time Table 2,5 Aralık 2025 Cuma,11:00,11:40,FREE TIME,,,,
Time Table 2,5 Aralık 2025 Cuma,11:50,12:30,4-Case studies in inherited metabolic diseases / Öğr.Gör.Dr.Mehmet Cihan BALCI (Dr.Öğr. Üyesi DİLEK GÜNEŞ),METABOLISM / ÇOCUK SAĞLIĞI VE HASTALIKLARI AD.,,,
Time Table 2,5 Aralık 2025 Cuma,12:30,13:30,lunch break,,,,
Time Table 2,5 Aralık 2025 Cuma,14:00,15:00,Etik (Film gosterimi tartismasi)-2 / Prof. Dr. Fatma Arın NAMAL (Prof. Dr. İlhan İLKILIÇ) (Türkçe Tıp ile ortak ders),MEDICAL SKILLS LABORATORY II / TIP TARİHİ VE ETİK AD.,FAKÜLTEMİZ WEB SİTESİ ÖĞRENCİ AĞI AMFİ PROGRAMINA BAKINIZ,,
Time Table 2,5 Aralık 2025 Cuma,15:10,15:50,FREE TIME,,,,
Time Table 2,8 Aralık 2025 Pazartesi,08:30,09:10,FREE TIME,,,,
Time Table 2,8 Aralık 2025 Pazartesi,09:20,10:00,18-Introduction to protein metabolism / Prof. Dr. Evin ADEMOĞLU (Prof. Dr. Şule SEÇKİN),METABOLISM / TIBBİ BİYOKİMYA AD.,FAKÜLTEMİZ WEB SİTESİ ÖĞRENCİ AĞI AMFİ PROGRAMINA BAKINIZ,,
Time Table 2,8 Aralık 2025 Pazartesi,10:10,10:50,19-Metabolic fates and distribution of amino acids in the body / Prof. Dr. Evin ADEMOĞLU (Prof. Dr. Şule SEÇKİN),METABOLISM / TIBBİ BİYOKİMYA AD.,FAKÜLTEMİZ WEB SİTESİ ÖĞRENCİ AĞI AMFİ PROGRAMINA BAKINIZ,,
Time Table 2,8 Aralık 2025 Pazartesi,11:00,11:40,11-Peritoneum 1 / Prof. Dr. Ayşin KALE (Dr.Öğr. Üyesi Osman COŞKUN),DIGESTION I / ANATOMİ AD.,FAKÜLTEMİZ WEB SİTESİ ÖĞRENCİ AĞI AMFİ PROGRAMINA BAKINIZ,,
Time Table 2,8 Aralık 2025 Pazartesi,11:50,12:30,12-Peritoneum 2 / Prof. Dr. Ayşin KALE (Dr.Öğr. Üyesi Osman COŞKUN),DIGESTION I / ANATOMİ AD.,FAKÜLTEMİZ WEB SİTESİ ÖĞRENCİ AĞI AMFİ PROGRAMINA BAKINIZ,,
Time Table 2,8 Aralık 2025 Pazartesi,12:30,13:30,lunch break,,,,
Time Table 2,8 Aralık 2025 Pazartesi,13:30,14:10,2-Preclinical and clinical diagnostic criteria and classification of diabetes mellitus / Prof. Dr. Nurdan GÜL (Prof. Dr. Özlem SOYLUK SELÇUKBİRİCİK),METABOLISM / İÇ HASTALIKLARI AD. (ENDOKRİNOLOJİ BD.),FAKÜLTEMİZ WEB SİTESİ ÖĞRENCİ AĞI AMFİ PROGRAMINA BAKINIZ,,
Time Table 2,8 Aralık 2025 Pazartesi,14:20,15:00,3-Case report: Diabetes mellitus / Prof. Dr. Nurdan GÜL (Prof. Dr. Ayşe KUBAT ÜZÜM),METABOLISM / İÇ HASTALIKLARI AD. (ENDOKRİNOLOJİ BD.),FAKÜLTEMİZ WEB SİTESİ ÖĞRENCİ AĞI AMFİ PROGRAMINA BAKINIZ,,
Time Table 2,8 Aralık 2025 Pazartesi,15:10,15:50,FREE TIME,,,,
Time Table 2,8 Aralık 2025 Pazartesi,16:00,16:40,FREE TIME,,,,
Time Table 2,9 Aralık 2025 Salı,08:30,09:10,FREE TIME,,,,
Time Table 2,9 Aralık 2025 Salı,09:30,10:50,Ek Ders ( ANATOMİ) Prof. Dr. Ayşin KALE,DIGESTION I / ANATOMİ AD.,FAKÜLTEMİZ WEB SİTESİ ÖĞRENCİ AĞI AMFİ PROGRAMINA BAKINIZ,,
Time Table 2,9 Aralık 2025 Salı,11:00,11:40,20-Metabolism of ammonia / Prof. Dr. Evin ADEMOĞLU (Prof. Dr. Şule SEÇKİN),METABOLISM / TIBBİ BİYOKİMYA AD.,FAKÜLTEMİZ WEB SİTESİ ÖĞRENCİ AĞI AMFİ PROGRAMINA BAKINIZ,,
Time Table 2,9 Aralık 2025 Salı,11:50,12:30,21-Urea synthesis and its regulation / Prof. Dr. Evin ADEMOĞLU (Prof. Dr. Şule SEÇKİN),METABOLISM / TIBBİ BİYOKİMYA AD.,FAKÜLTEMİZ WEB SİTESİ ÖĞRENCİ AĞI AMFİ PROGRAMINA BAKINIZ,,
Time Table 2,9 Aralık 2025 Salı,12:30,13:30,lunch break,,,,
Time Table 2,9 Aralık 2025 Salı,13:30,14:20,DISSECTION (7/11),DIGESTION I / ANATOMİ AD.,ANATOMİ AD. LABORATUVARI,,
Time Table 2,9 Aralık 2025 Salı,14:30,15:20,DISSECTION (7/11),DIGESTION I / ANATOMİ AD.,ANATOMİ AD. LABORATUVARI,,
Time Table 2,9 Aralık 2025 Salı,15:30,16:20,DISSECTION (7/11),DIGESTION I / ANATOMİ AD.,ANATOMİ AD. LABORATUVARI,,
Time Table 2,10 Aralık 2025 Çarşamba,08:30,09:10,3-The principles of healty nutrition / Öğr.Gör.Dr.Meryem KARACA (Dr.Öğr. Üyesi DİLEK GÜNEŞ),METABOLISM / ÇOCUK SAĞLIĞI VE HASTALIKLARI AD.,FAKÜLTEMİZ WEB SİTESİ ÖĞRENCİ AĞI AMFİ PROGRAMINA BAKINIZ,,
Time Table 2,10 Aralık 2025 Çarşamba,09:20,10:00,"5-Case studies in inherited diseases of glycogen, fructose and galactose metabolism / Öğr.Gör.Dr. Meryem KARACA (Dr.Öğr. Üyesi DİLEK GÜNEŞ)",METABOLISM / ÇOCUK SAĞLIĞI VE HASTALIKLARI AD.,FAKÜLTEMİZ WEB SİTESİ ÖĞRENCİ AĞI AMFİ PROGRAMINA BAKINIZ,,
Time Table 2,10 Aralık 2025 Çarşamba,10:30,12:20,LABORATORY SKILLS (BIOCHEMISTRY 1) İ1,METABOLISM,,,
Time Table 2,10 Aralık 2025 Çarşamba,12:30,13:30,lunch break,,,,
Time Table 2,10 Aralık 2025 Çarşamba,13:30,14:10,Elective Courses - 10,,FAKÜLTEMİZ WEB SİTESİ ÖĞRENCİ AĞI SEÇMELİ DERS AMFİ PROGRAMINA BAKINIZ,,
Time Table 2,10 Aralık 2025 Çarşamba,14:20,15:00,Elective Courses - 10,,FAKÜLTEMİZ WEB SİTESİ ÖĞRENCİ AĞI SEÇMELİ DERS AMFİ PROGRAMINA BAKINIZ,,
Time Table 2,10 Aralık 2025 Çarşamba,15:10,15:50,Elective Courses - 10,,FAKÜLTEMİZ WEB SİTESİ ÖĞRENCİ AĞI SEÇMELİ DERS AMFİ PROGRAMINA BAKINIZ,,
Time Table 2,11 Aralık 2025 Perşembe,08:30,09:10,FREE TIME,,,,
Time Table 2,11 Aralık 2025 Perşembe,09:30,10:50,Ek Ders ( ANATOMİ) Prof. Dr. Ayşin KALE,DIGESTION I / ANATOMİ AD.,FAKÜLTEMİZ WEB SİTESİ ÖĞRENCİ AĞI AMFİ PROGRAMINA BAKINIZ,,
Time Table 2,11 Aralık 2025 Perşembe,11:00,11:40,22-Biologic amines and polyamines / Prof. Dr. Evin ADEMOĞLU (Prof. Dr. Şule SEÇKİN),METABOLISM / TIBBİ BİYOKİMYA AD.,FAKÜLTEMİZ WEB SİTESİ ÖĞRENCİ AĞI AMFİ PROGRAMINA BAKINIZ,,
Time Table 2,11 Aralık 2025 Perşembe,11:50,12:30,23-Mechanism of methylation reactions and hyperhomocysteinemia / Prof. Dr. Evin ADEMOĞLU (Prof. Dr. Şule SEÇKİN),METABOLISM / TIBBİ BİYOKİMYA AD.,FAKÜLTEMİZ WEB SİTESİ ÖĞRENCİ AĞI AMFİ PROGRAMINA BAKINIZ,,
Time Table 2,11 Aralık 2025 Perşembe,12:30,13:30,lunch break,,,,
Time Table 2,11 Aralık 2025 Perşembe,13:30,14:20,DISSECTION (8/11),DIGESTION I / ANATOMİ AD.,ANATOMİ AD. LABORATUVARI,,
Time Table 2,11 Aralık 2025 Perşembe,14:30,15:20,DISSECTION (8/11),DIGESTION I / ANATOMİ AD.,ANATOMİ AD. LABORATUVARI,,
Time Table 2,11 Aralık 2025 Perşembe,15:30,16:20,DISSECTION (8/11),DIGESTION I / ANATOMİ AD.,ANATOMİ AD. LABORATUVARI,,
Time Table 2,12 Aralık 2025 Cuma,08:30,10:20,LABORATORY SKILLS (BIOCHEMISTRY 1) İ2,METABOLISM,,,
Time Table 2,12 Aralık 2025 Cuma,11:00,11:40,24-Importance of aromatic amino acids in organism / Prof. Dr. Evin ADEMOĞLU (Prof. Dr. Şule SEÇKİN),METABOLISM / TIBBİ BİYOKİMYA AD.,FAKÜLTEMİZ WEB SİTESİ ÖĞRENCİ AĞI AMFİ PROGRAMINA BAKINIZ,,
Time Table 2,12 Aralık 2025 Cuma,11:50,12:30,25-Metabolism of aromatic amino acids - inborn metabolic errors / Prof. Dr. Evin ADEMOĞLU (Prof. Dr. Şule SEÇKİN),METABOLISM / TIBBİ BİYOKİMYA AD.,FAKÜLTEMİZ WEB SİTESİ ÖĞRENCİ AĞI AMFİ PROGRAMINA BAKINIZ,,
Time Table 2,12 Aralık 2025 Cuma,12:30,13:30,lunch break,,,,
Time Table 2,12 Aralık 2025 Cuma,14:00,15:50,FREE TIME,,,,
Time Table 2,15 Aralık 2025 Pazartesi,08:30,10:20,LABORATORY SKILLS EXAMINATION (BIOCHEMISTRY 1) İ1,METABOLISM,,,
Time Table 2,15 Aralık 2025 Pazartesi,10:30,12:20,LABORATORY SKILLS EXAMINATION (BIOCHEMISTRY 2) İ2 ,METABOLISM,,,
Time Table 2,15 Aralık 2025 Pazartesi,11:00,12:30,LIVE ANATOMY Laparoscopic cholecystectomy / Prof. Dr. Nihat AKSAKAL - Prof. Dr. Ayşin KALE (Türkçe Tıp ile ortak ders),DIGESTION I / GENEL CERRAHİ AD. - ANATOMİ AD.,AZİZ SANCAR AMFİSİ,,
Time Table 2,15 Aralık 2025 Pazartesi,12:30,13:30,lunch break,,,,
Time Table 2,15 Aralık 2025 Pazartesi,13:30,15:20,PDÖ,,,,
Time Table 2,16 Aralık 2025 Salı,08:30,10:20,FREE TIME,,,,
Time Table 2,16 Aralık 2025 Salı,10:30,11:10,26-Xenobiotic metabolism - phase I reactions / Prof. Dr. Abdurrahman Fatih AYDIN (Prof. Dr. Şule SEÇKİN),METABOLISM / TIBBİ BİYOKİMYA AD.,FAKÜLTEMİZ WEB SİTESİ ÖĞRENCİ AĞI AMFİ PROGRAMINA BAKINIZ,,
Time Table 2,16 Aralık 2025 Salı,11:20,12:00,27-Xenobiotic metabolism - phase II reactions / Prof. Dr. Abdurrahman Fatih AYDIN,METABOLISM / TIBBİ BİYOKİMYA AD.,FAKÜLTEMİZ WEB SİTESİ ÖĞRENCİ AĞI AMFİ PROGRAMINA BAKINIZ,,
Time Table 2,16 Aralık 2025 Salı,12:30,13:20,Ek Ders(Sağlık Bilimlerinde Kanıta Dayalı Bilimsel Çalışmalar) seçmeli ders,,FAKÜLTEMİZ WEB SİTESİ ÖĞRENCİ AĞI AMFİ PROGRAMINA BAKINIZ,,
Time Table 2,16 Aralık 2025 Salı,12:30,13:30,lunch break,,,,
Time Table 2,16 Aralık 2025 Salı,13:30,14:20,DISSECTION (9/11),DIGESTION I / ANATOMİ AD.,ANATOMİ AD. LABORATUVARI,,
Time Table 2,16 Aralık 2025 Salı,14:30,15:20,DISSECTION (9/11),DIGESTION I / ANATOMİ AD.,ANATOMİ AD. LABORATUVARI,,
Time Table 2,16 Aralık 2025 Salı,15:30,16:20,DISSECTION (9/11),DIGESTION I / ANATOMİ AD.,ANATOMİ AD. LABORATUVARI,,
Time Table 2,17 Aralık 2025 Çarşamba,08:30,09:10,FREE TIME,,,,
Time Table 2,17 Aralık 2025 Çarşamba,09:20,10:00,FREE TIME,,,,
Time Table 2,17 Aralık 2025 Çarşamba,10:30,12:20,PDÖ,,,,
Time Table 2,17 Aralık 2025 Çarşamba,12:30,13:30,lunch break,,,,
Time Table 2,17 Aralık 2025 Çarşamba,13:30,14:10,Elective Courses - 11,,FAKÜLTEMİZ WEB SİTESİ ÖĞRENCİ AĞI SEÇMELİ DERS AMFİ PROGRAMINA BAKINIZ,,
Time Table 2,17 Aralık 2025 Çarşamba,14:20,15:00,Elective Courses - 11,,FAKÜLTEMİZ WEB SİTESİ ÖĞRENCİ AĞI SEÇMELİ DERS AMFİ PROGRAMINA BAKINIZ,,
Time Table 2,17 Aralık 2025 Çarşamba,15:10,15:50,Elective Courses - 11,,FAKÜLTEMİZ WEB SİTESİ ÖĞRENCİ AĞI SEÇMELİ DERS AMFİ PROGRAMINA BAKINIZ,,
Time Table 2,18 Aralık 2025 Perşembe,08:30,10:20,FREE TIME,,,,
Time Table 2,18 Aralık 2025 Perşembe,10:30,11:10,FREE TIME,,,,
Time Table 2,18 Aralık 2025 Perşembe,11:20,12:00,FREE TIME,,,,
Time Table 2,18 Aralık 2025 Perşembe,12:30,13:30,lunch break,,,,
Time Table 2,18 Aralık 2025 Perşembe,13:30,14:20,DISSECTION (10/11),DIGESTION I / ANATOMİ AD.,ANATOMİ AD. LABORATUVARI,,
Time Table 2,18 Aralık 2025 Perşembe,14:30,15:20,DISSECTION (10/11),DIGESTION I / ANATOMİ AD.,ANATOMİ AD. LABORATUVARI,,
Time Table 2,18 Aralık 2025 Perşembe,15:30,16:20,DISSECTION (10/11),DIGESTION I / ANATOMİ AD.,ANATOMİ AD. LABORATUVARI,,
Time Table 2,19 Aralık 2025 Cuma,08:30,16:20,FREE TIME,,,,
Time Table 2,22 Aralık 2025 Pazartesi,08:30,12:30,FREE TIME,,,,
Time Table 2,22 Aralık 2025 Pazartesi,12:30,13:30,lunch break,,,,
Time Table 2,22 Aralık 2025 Pazartesi,13:30,15:20,Biyokimya Telafi Uygulama Sınavı,METABOLISM,,,
Time Table 2,23 Aralık 2025 Salı,08:30,10:20,FREE TIME,,,,
Time Table 2,23 Aralık 2025 Salı,10:30,12:20,Biyokimya Telafi Uygulama Sınavı,METABOLISM,,,
Time Table 2,23 Aralık 2025 Salı,12:30,13:30,lunch break,,,,
Time Table 2,23 Aralık 2025 Salı,13:30,14:20,DISSECTION (11/11),DIGESTION I / ANATOMİ AD.,ANATOMİ AD. LABORATUVARI,,
Time Table 2,23 Aralık 2025 Salı,14:30,15:20,DISSECTION (11/11),DIGESTION I / ANATOMİ AD.,ANATOMİ AD. LABORATUVARI,,
Time Table 2,23 Aralık 2025 Salı,15:30,16:20,DISSECTION (11/11),DIGESTION I / ANATOMİ AD.,ANATOMİ AD. LABORATUVARI,,
Time Table 2,24 Aralık 2025 Çarşamba,08:30,10:20,FREE TIME,,,,
Time Table 2,24 Aralık 2025 Çarşamba,10:30,12:20,FREE TIME,,,,
Time Table 2,24 Aralık 2025 Çarşamba,12:30,13:30,lunch break,,,,
Time Table 2,24 Aralık 2025 Çarşamba,13:30,14:10,Elective Courses - 12,,FAKÜLTEMİZ WEB SİTESİ ÖĞRENCİ AĞI SEÇMELİ DERS AMFİ PROGRAMINA BAKINIZ,,
Time Table 2,24 Aralık 2025 Çarşamba,14:20,15:00,Elective Courses - 12,,FAKÜLTEMİZ WEB SİTESİ ÖĞRENCİ AĞI SEÇMELİ DERS AMFİ PROGRAMINA BAKINIZ,,
Time Table 2,24 Aralık 2025 Çarşamba,15:10,15:50,Elective Courses - 12,,FAKÜLTEMİZ WEB SİTESİ ÖĞRENCİ AĞI SEÇMELİ DERS AMFİ PROGRAMINA BAKINIZ,,
Time Table 2,25 Aralık 2025 Perşembe,12:00,14:30,FREE TIME (dönem1 uzaktan eğitim sınavları),,,,
Time Table 2,26 Aralık 2025 Cuma,10:00,13:00,EXAMINATION,RESPIRATION I + DIGESTION I + METABOLISM + MEDICAL SKILLS LABORATORY II,FAKÜLTEMİZ WEB SİTESİ ÖĞRENCİ AĞI AMFİ PROGRAMINA BAKINIZ,,
Time Table 2,29 Aralık 2025 Pazartesi,08:30,16:00,FREE TIME,,,,
Time Table 2,30 Aralık 2025 Salı,08:30,16:00,FREE TIME,,,,
Time Table 2,31 Aralık 2025 Çarşamba,08:30,16:00,FREE TIME,,,,
Time Table 2,1 Ocak 2026 Perşembe,,,YILBAŞI TATİLİ,,,,
Time Table 2,2 Ocak 2026 Cuma,14:00,15:30,EXAMINATION ,BLOOD AND IMMUNE SYSTEM + CIRCULATION I,FAKÜLTEMİZ WEB SİTESİ ÖĞRENCİ AĞI AMFİ PROGRAMINA BAKINIZ,,
Time Table 2,5 Ocak 2026 Pazartesi,08:30,16:20,FREE TIME,,,,
Time Table 2,6 Ocak 2026 Salı,10:00,13:00,EXAMINATION 2,RESPIRATION I + METABOLISM + DIGESTION I + MEDICAL SKILLS LABORATORY II,FAKÜLTEMİZ WEB SİTESİ ÖĞRENCİ AĞI AMFİ PROGRAMINA BAKINIZ,,
Time Table 2,7 Ocak 2026 Çarşamba,08:00,16:00,LABORATORY SKILLS EXAMINATION,HISTOLOGY AND EMBRYOLOGY (BLOOD AND IMMUNE SYSTEM + CIRCULATION I + RESPIRATION I + DIGESTION I),FAKÜLTEMİZ WEB SİTESİ ÖĞRENCİ AĞI AMFİ PROGRAMINA BAKINIZ,,
Time Table 2,8 Ocak 2026 Perşembe,08:00,16:00,LABORATORY SKILLS EXAMINATION,ANATOMY (CIRCULATION I + RESPIRATION I + DIGESTION I),FAKÜLTEMİZ WEB SİTESİ ÖĞRENCİ AĞI AMFİ PROGRAMINA BAKINIZ,,
Time Table 2,9 Ocak 2026 Cuma,14:00,15:00,LABORATORY SKILLS EXAMINATION,PHYSIOLOGY (BLOOD AND IMMUNE SYSTEM + CIRCULATION I + RESPIRATION I),FAKÜLTEMİZ WEB SİTESİ ÖĞRENCİ AĞI AMFİ PROGRAMINA BAKINIZ,,
Time Table 2,9 Ocak 2026 Cuma,10:00,12:00,FREE TIME  (Dönem 3 Sınav),,,,
Time Table 2,9 Ocak 2026 Cuma,12:30,13:30,lunch break,,,,
Time Table 2,9 Ocak 2026 Cuma,13:30,15:00,LABORATORY SKILLS EXAMINATION,BIOCHEMISTRY (METABOLISM) (Dilimi alttan alan öğrenciler için),FAKÜLTEMİZ WEB SİTESİ ÖĞRENCİ AĞI AMFİ PROGRAMINA BAKINIZ,,
Time Table 2,12 Ocak 2026 Pazartesi,,,SEMESTER HOLIDAY,,,,
Time Table 2,13 Ocak 2026 Salı,,,SEMESTER HOLIDAY,,,,
Time Table 2,14 Ocak 2026 Çarşamba,,,SEMESTER HOLIDAY,,,,
Time Table 2,15 Ocak 2026 Perşembe,,,SEMESTER HOLIDAY,,,,
Time Table 2,16 Ocak 2026 Cuma,,,SEMESTER HOLIDAY,,,,
Time Table 2,19 Ocak 2026 Pazartesi,,,SEMESTER HOLIDAY,,,,
Time Table 2,20 Ocak 2026 Salı,,,SEMESTER HOLIDAY,,,,
Time Table 2,21 Ocak 2026 Çarşamba,,,SEMESTER HOLIDAY,,,,
Time Table 2,22 Ocak 2026 Perşembe,,,SEMESTER HOLIDAY,,,,
Time Table 2,23 Ocak 2026 Cuma,,,SEMESTER HOLIDAY,,,,
Time Table 2,26 Ocak 2026 Pazartesi,08:30,09:10,FREE TIME,,,,
Time Table 2,26 Ocak 2026 Pazartesi,09:20,10:00,FREE TIME,,,,
Time Table 2,26 Ocak 2026 Pazartesi,10:10,10:50,1-Water metabolism / Prof. Dr. Abdurrahman Prof. Dr. Abdurrahman Fatih AYDIN (Dr.Öğr. Üyesi Hande KARPUZOĞLU),UROGENITAL AND REPRODUCTIVE I / TIBBİ BİYOKİMYA AD.,FAKÜLTEMİZ WEB SİTESİ ÖĞRENCİ AĞI AMFİ PROGRAMINA BAKINIZ,,
Time Table 2,26 Ocak 2026 Pazartesi,11:00,11:40,1-Introduction to the urogenital system - External features of the kidneys / Prof. Dr. Ayşin KALE (Dr.Öğr. Üyesi Osman COŞKUN),UROGENITAL AND REPRODUCTIVE I / ANATOMİ AD.,FAKÜLTEMİZ WEB SİTESİ ÖĞRENCİ AĞI AMFİ PROGRAMINA BAKINIZ,,
Time Table 2,26 Ocak 2026 Pazartesi,11:50,12:30,2-Posterior aspect of the kidney and its relations / Prof. Dr. Ayşin KALE (Dr.Öğr. Üyesi Osman COŞKUN),UROGENITAL AND REPRODUCTIVE I / ANATOMİ AD.,FAKÜLTEMİZ WEB SİTESİ ÖĞRENCİ AĞI AMFİ PROGRAMINA BAKINIZ,,
Time Table 2,26 Ocak 2026 Pazartesi,12:30,13:30,lunch break,,,,
Time Table 2,26 Ocak 2026 Pazartesi,13:30,14:10,FREE TIME,,,,
Time Table 2,26 Ocak 2026 Pazartesi,14:20,15:00,2-Evaluation of Laboratory Tests in Kidney Diseases / Doç. Dr. Şafak MİRİOĞLU,UROGENITAL AND REPRODUCTIVE I / İÇ HASTALIKLARI AD.,FAKÜLTEMİZ WEB SİTESİ ÖĞRENCİ AĞI AMFİ PROGRAMINA BAKINIZ,,
Time Table 2,26 Ocak 2026 Pazartesi,15:10,16:20,TERM EVALUATION MEETING (Türkçe tıp ile ortak),,FAKÜLTEMİZ WEB SİTESİ ÖĞRENCİ AĞI AMFİ PROGRAMINA BAKINIZ,,
Time Table 2,27 Ocak 2026 Salı,08:30,09:10,FREE TIME,,,,
Time Table 2,27 Ocak 2026 Salı,09:20,10:00,1- Introduction to Renal Physiology / Prof.Dr. F. Aytül UYAR (Prof. Dr. Ali Sarper DİLER),UROGENITAL AND REPRODUCTIVE I / FİZYOLOJİ AD.,FAKÜLTEMİZ WEB SİTESİ ÖĞRENCİ AĞI AMFİ PROGRAMINA BAKINIZ,,
Time Table 2,27 Ocak 2026 Salı,10:10,10:50,2- Glomerular filtration in the nephron /Prof.Dr. F. Aytül UYAR (Prof. Dr. Ali Sarper DİLER),UROGENITAL AND REPRODUCTIVE I / FİZYOLOJİ AD.,FAKÜLTEMİZ WEB SİTESİ ÖĞRENCİ AĞI AMFİ PROGRAMINA BAKINIZ,,
Time Table 2,27 Ocak 2026 Salı,11:00,11:40,2-Electrolyte metabolism / Prof. Dr. Abdurrahman Fatih AYDIN (Dr.Öğr. Üyesi Hande KARPUZOĞLU),UROGENITAL AND REPRODUCTIVE I / TIBBİ BİYOKİMYA AD.,FAKÜLTEMİZ WEB SİTESİ ÖĞRENCİ AĞI AMFİ PROGRAMINA BAKINIZ,,
Time Table 2,27 Ocak 2026 Salı,11:50,12:30,3-Physical and chemical properties of urine / Prof. Dr. Abdurrahman Fatih AYDIN (Dr.Öğr. Üyesi Hande KARPUZOĞLU),UROGENITAL AND REPRODUCTIVE I / TIBBİ BİYOKİMYA AD.,FAKÜLTEMİZ WEB SİTESİ ÖĞRENCİ AĞI AMFİ PROGRAMINA BAKINIZ,,
Time Table 2,27 Ocak 2026 Salı,12:30,13:30,lunch break,,,,
Time Table 2,27 Ocak 2026 Salı,13:30,14:20,DISSECTION (1/6),UROGENITAL AND REPRODUCTIVE I / ANATOMİ AD.,ANATOMİ AD. LABORATUVARI,,
Time Table 2,27 Ocak 2026 Salı,14:30,15:20,DISSECTION (1/6),UROGENITAL AND REPRODUCTIVE I / ANATOMİ AD.,ANATOMİ AD. LABORATUVARI,,
Time Table 2,27 Ocak 2026 Salı,15:30,16:20,DISSECTION (1/6),UROGENITAL AND REPRODUCTIVE I / ANATOMİ AD.,ANATOMİ AD. LABORATUVARI,,
Time Table 2,28 Ocak 2026 Çarşamba,08:30,09:10,FREE TIME,,,,
Time Table 2,28 Ocak 2026 Çarşamba,09:20,10:00,FREE TIME,,,,
Time Table 2,28 Ocak 2026 Çarşamba,10:10,10:50,1-Development of urinary system /  Doç. Dr. Elif KERVANCIOĞLU DEMİRCİ (Prof. Dr. Sibel KÖKTÜRK),UROGENITAL AND REPRODUCTIVE I / HİSTOLOJİ VE EMBRİYOLOJİ AD.,FAKÜLTEMİZ WEB SİTESİ ÖĞRENCİ AĞI AMFİ PROGRAMINA BAKINIZ,,
Time Table 2,28 Ocak 2026 Çarşamba,11:00,11:40,3-Vessels - nerves - lymphatics and anomalies of the kidneys / Prof. Dr. Ayşin KALE (Dr.Öğr. Üyesi Osman COŞKUN),UROGENITAL AND REPRODUCTIVE I / ANATOMİ AD.,FAKÜLTEMİZ WEB SİTESİ ÖĞRENCİ AĞI AMFİ PROGRAMINA BAKINIZ,,
Time Table 2,28 Ocak 2026 Çarşamba,11:50,12:30,4-The anatomy of the renal collecting system and ureter / Prof. Dr. Ayşin KALE (Dr.Öğr. Üyesi Osman COŞKUN),UROGENITAL AND REPRODUCTIVE I / ANATOMİ AD.,FAKÜLTEMİZ WEB SİTESİ ÖĞRENCİ AĞI AMFİ PROGRAMINA BAKINIZ,,
Time Table 2,28 Ocak 2026 Çarşamba,12:30,13:30,lunch break,,,,
Time Table 2,28 Ocak 2026 Çarşamba,13:30,14:10,FREE TIME,,,,
Time Table 2,28 Ocak 2026 Çarşamba,14:20,15:00,5-Acid-base balance-role of buffers / Prof. Dr. Abdurrahman Fatih AYDIN (Dr.Öğr. Üyesi Hande KARPUZOĞLU),UROGENITAL AND REPRODUCTIVE I / TIBBİ BİYOKİMYA AD.,FAKÜLTEMİZ WEB SİTESİ ÖĞRENCİ AĞI AMFİ PROGRAMINA BAKINIZ,,
Time Table 2,28 Ocak 2026 Çarşamba,15:10,15:50,6-Acid-base balance-molecular mechanism / Prof. Dr. Abdurrahman Fatih AYDIN (Dr.Öğr. Üyesi Hande KARPUZOĞLU),UROGENITAL AND REPRODUCTIVE I / TIBBİ BİYOKİMYA AD.,FAKÜLTEMİZ WEB SİTESİ ÖĞRENCİ AĞI AMFİ PROGRAMINA BAKINIZ,,
Time Table 2,29 Ocak 2026 Perşembe,08:30,10:20,LABORATORY SKILLS  - Informed Consent İ2   -  Oxygen İ1,MEDICAL SKILLS LABORATORY II,FAKÜLTEMİZ WEB SİTESİ ÖĞRENCİ AĞI AMFİ PROGRAMINA BAKINIZ,,
Time Table 2,29 Ocak 2026 Perşembe,10:30,11:10,2-Introduction of urinary system histology / Doç. Dr. Elif KERVANCIOĞLU DEMİRCİ (Prof. Dr. Sibel KÖKTÜRK),UROGENITAL AND REPRODUCTIVE I / HİSTOLOJİ VE EMBRİYOLOJİ AD.,FAKÜLTEMİZ WEB SİTESİ ÖĞRENCİ AĞI AMFİ PROGRAMINA BAKINIZ,,
Time Table 2,29 Ocak 2026 Perşembe,11:20,12:00,3-Histology of kidney and structure of nephrons / Doç. Dr. Elif KERVANCIOĞLU DEMİRCİ (Prof. Dr. Sibel KÖKTÜRK),UROGENITAL AND REPRODUCTIVE I / HİSTOLOJİ VE EMBRİYOLOJİ AD.,FAKÜLTEMİZ WEB SİTESİ ÖĞRENCİ AĞI AMFİ PROGRAMINA BAKINIZ,,
Time Table 2,29 Ocak 2026 Perşembe,12:30,13:30,lunch break,,,,
Time Table 2,29 Ocak 2026 Perşembe,13:30,14:20,DISSECTION (2/6),UROGENITAL AND REPRODUCTIVE I / ANATOMİ AD.,ANATOMİ AD. LABORATUVARI,,
Time Table 2,29 Ocak 2026 Perşembe,14:30,15:20,DISSECTION (2/6),UROGENITAL AND REPRODUCTIVE I / ANATOMİ AD.,ANATOMİ AD. LABORATUVARI,,
Time Table 2,29 Ocak 2026 Perşembe,15:30,16:20,DISSECTION (2/6),UROGENITAL AND REPRODUCTIVE I / ANATOMİ AD.,ANATOMİ AD. LABORATUVARI,,
Time Table 2,30 Ocak 2026 Cuma,08:30,09:10,1-Introduction to anatomy of central nervous anatomy / Dr.Öğr. Üyesi Osman COŞKUN (Prof. Dr. Ayşin KALE),NERVE AND SENSE I / ANATOMİ AD.,FAKÜLTEMİZ WEB SİTESİ ÖĞRENCİ AĞI AMFİ PROGRAMINA BAKINIZ,,
Time Table 2,30 Ocak 2026 Cuma,09:20,10:00,3- Renal blood flow and autoregulation /Prof.Dr. F. Aytül UYAR (Prof. Dr. Ali Sarper DİLER),UROGENITAL AND REPRODUCTIVE I / FİZYOLOJİ AD.,FAKÜLTEMİZ WEB SİTESİ ÖĞRENCİ AĞI AMFİ PROGRAMINA BAKINIZ,,
Time Table 2,30 Ocak 2026 Cuma,10:10,10:50,4- Tubular function / Prof.Dr. F. Aytül UYAR (Prof. Dr. Ali Sarper DİLER),UROGENITAL AND REPRODUCTIVE I / FİZYOLOJİ AD.,FAKÜLTEMİZ WEB SİTESİ ÖĞRENCİ AĞI AMFİ PROGRAMINA BAKINIZ,,
Time Table 2,30 Ocak 2026 Cuma,11:00,11:40,1-Why do kidney injured? / Prof. Dr. Alaattin YILDIZ ,UROGENITAL AND REPRODUCTIVE I / İÇ HASTALIKLARI AD.,FAKÜLTEMİZ WEB SİTESİ ÖĞRENCİ AĞI AMFİ PROGRAMINA BAKINIZ,,
Time Table 2,30 Ocak 2026 Cuma,11:50,12:30,FREE TIME,,,,
Time Table 2,30 Ocak 2026 Cuma,12:30,13:30,lunch break,,,,
Time Table 2,30 Ocak 2026 Cuma,14:00,15:50,LABORATORY SKILLS (HISTOLOGY AND EMBRYOLOGY) İ1,UROGENITAL AND REPRODUCTIVE I,FAKÜLTEMİZ WEB SİTESİ ÖĞRENCİ AĞI AMFİ PROGRAMINA BAKINIZ,,
Time Table 2,2 Şubat 2026 Pazartesi,08:30,09:10,2-Spinal Cord I/ Dr.Öğr. Üyesi Osman COŞKUN (Prof. Dr. Ayşin KALE),NERVE AND SENSE I / ANATOMİ AD.,FAKÜLTEMİZ WEB SİTESİ ÖĞRENCİ AĞI AMFİ PROGRAMINA BAKINIZ,,
Time Table 2,2 Şubat 2026 Pazartesi,09:20,10:00,7-Pathologies observed in urine examination / Prof. Dr. Abdurrahman Fatih AYDIN (Dr.Öğr. Üyesi Hande KARPUZOĞLU),UROGENITAL AND REPRODUCTIVE I / TIBBİ BİYOKİMYA AD.,FAKÜLTEMİZ WEB SİTESİ ÖĞRENCİ AĞI AMFİ PROGRAMINA BAKINIZ,,
Time Table 2,2 Şubat 2026 Pazartesi,10:10,10:50,8-Glomerular and tubular renal function tests / Prof. Dr. Abdurrahman Fatih AYDIN (Dr.Öğr. Üyesi Hande KARPUZOĞLU),UROGENITAL AND REPRODUCTIVE I / TIBBİ BİYOKİMYA AD.,FAKÜLTEMİZ WEB SİTESİ ÖĞRENCİ AĞI AMFİ PROGRAMINA BAKINIZ,,
Time Table 2,2 Şubat 2026 Pazartesi,11:00,11:40,5-Urinary vesicle - its vessels - nerves and relations / Prof. Dr. Ayşin KALE (Dr.Öğr. Üyesi Osman COŞKUN),UROGENITAL AND REPRODUCTIVE I / ANATOMİ AD.,FAKÜLTEMİZ WEB SİTESİ ÖĞRENCİ AĞI AMFİ PROGRAMINA BAKINIZ,,
Time Table 2,2 Şubat 2026 Pazartesi,11:50,12:30,6-Urethra / Prof. Dr. Ayşin KALE (Dr.Öğr. Üyesi Osman COŞKUN),UROGENITAL AND REPRODUCTIVE I / ANATOMİ AD.,FAKÜLTEMİZ WEB SİTESİ ÖĞRENCİ AĞI AMFİ PROGRAMINA BAKINIZ,,
Time Table 2,2 Şubat 2026 Pazartesi,12:30,13:30,lunch break,,,,
Time Table 2,2 Şubat 2026 Pazartesi,13:30,15:20,LABORATORY SKILLS (BIOCHEMISTRY) İ1  ,UROGENITAL AND REPRODUCTIVE I - MEDICAL SKILLS LABORATORY II,FAKÜLTEMİZ WEB SİTESİ ÖĞRENCİ AĞI AMFİ PROGRAMINA BAKINIZ,,
Time Table 2,2 Şubat 2026 Pazartesi,13:30,15:20,LABORATORY SKILLS - Informed Consent İ3 - ,MEDICAL SKILLS,FAKÜLTEMİZ WEB SİTESİ ÖĞRENCİ AĞI AMFİ PROGRAMINA BAKINIZ,,
Time Table 2,3 Şubat 2026 Salı,08:30,09:10,9-Nonprotein nitrogenous compounds in blood and urine-clinical importance / Prof. Dr. Abdurrahman Fatih AYDIN (Dr.Öğr. Üyesi Hande KARPUZOĞLU),UROGENITAL AND REPRODUCTIVE I / TIBBİ BİYOKİMYA AD.,FAKÜLTEMİZ WEB SİTESİ ÖĞRENCİ AĞI AMFİ PROGRAMINA BAKINIZ,,
Time Table 2,3 Şubat 2026 Salı,09:20,10:00,4-Renal tubules /  Doç. Dr. Elif KERVANCIOĞLU DEMİRCİ (Prof. Dr. Sibel KÖKTÜRK),UROGENITAL AND REPRODUCTIVE I / HİSTOLOJİ VE EMBRİYOLOJİ AD.,FAKÜLTEMİZ WEB SİTESİ ÖĞRENCİ AĞI AMFİ PROGRAMINA BAKINIZ,,
Time Table 2,3 Şubat 2026 Salı,10:10,10:50,5-Collecting ducts /  Doç. Dr. Elif KERVANCIOĞLU DEMİRCİ (Prof. Dr. Sibel KÖKTÜRK),UROGENITAL AND REPRODUCTIVE I / HİSTOLOJİ VE EMBRİYOLOJİ AD.,FAKÜLTEMİZ WEB SİTESİ ÖĞRENCİ AĞI AMFİ PROGRAMINA BAKINIZ,,
Time Table 2,3 Şubat 2026 Salı,11:00,11:40,5- Clearance / Prof.Dr. F. Aytül UYAR (Prof. Dr. Ali Sarper DİLER),UROGENITAL AND REPRODUCTIVE I / FİZYOLOJİ AD.,FAKÜLTEMİZ WEB SİTESİ ÖĞRENCİ AĞI AMFİ PROGRAMINA BAKINIZ,,
Time Table 2,3 Şubat 2026 Salı,11:50,12:30,6- Urine concentration and dilution mechanisms / Prof.Dr. F. Aytül UYAR (Prof. Dr. Ali Sarper DİLER),UROGENITAL AND REPRODUCTIVE I / FİZYOLOJİ AD.,FAKÜLTEMİZ WEB SİTESİ ÖĞRENCİ AĞI AMFİ PROGRAMINA BAKINIZ,,
Time Table 2,3 Şubat 2026 Salı,12:30,13:30,lunch break,,,,
Time Table 2,3 Şubat 2026 Salı,13:30,14:20,DISSECTION (3/6),UROGENITAL AND REPRODUCTIVE I / ANATOMİ AD.,ANATOMİ AD. LABORATUVARI,,
Time Table 2,3 Şubat 2026 Salı,14:30,15:20,DISSECTION (3/6),UROGENITAL AND REPRODUCTIVE I / ANATOMİ AD.,ANATOMİ AD. LABORATUVARI,,
Time Table 2,3 Şubat 2026 Salı,15:30,16:20,DISSECTION (3/6),UROGENITAL AND REPRODUCTIVE I / ANATOMİ AD.,ANATOMİ AD. LABORATUVARI,,
Time Table 2,4 Şubat 2026 Çarşamba,08:30,09:10,10-Female Sex hormones / Doç. Dr. Ayşe Gül Sündüs TELCİ (Dr.Öğr. Üyesi Hande KARPUZOĞLU),UROGENITAL AND REPRODUCTIVE I / TIBBİ BİYOKİMYA AD.,FAKÜLTEMİZ WEB SİTESİ ÖĞRENCİ AĞI AMFİ PROGRAMINA BAKINIZ,,
Time Table 2,4 Şubat 2026 Çarşamba,09:20,10:00,11-Male Sex hormones / Doç. Dr. Ayşe Gül Sündüs TELCİ (Dr.Öğr. Üyesi Hande KARPUZOĞLU),UROGENITAL AND REPRODUCTIVE I / TIBBİ BİYOKİMYA AD.,FAKÜLTEMİZ WEB SİTESİ ÖĞRENCİ AĞI AMFİ PROGRAMINA BAKINIZ,,
Time Table 2,4 Şubat 2026 Çarşamba,10:10,10:50,3-Acid base Disorders Case studies / Doç. Dr.Ayşe Serra ARTAN,UROGENITAL AND REPRODUCTIVE I / İÇ HASTALIKLARI AD.,FAKÜLTEMİZ WEB SİTESİ ÖĞRENCİ AĞI AMFİ PROGRAMINA BAKINIZ,,
Time Table 2,4 Şubat 2026 Çarşamba,11:00,11:40,7-Anatomy of the abdominal wall / Prof. Dr. Ayşin KALE (Dr.Öğr. Üyesi Osman COŞKUN),UROGENITAL AND REPRODUCTIVE I / ANATOMİ AD.,FAKÜLTEMİZ WEB SİTESİ ÖĞRENCİ AĞI AMFİ PROGRAMINA BAKINIZ,,
Time Table 2,4 Şubat 2026 Çarşamba,11:50,12:30,8-Male genital organs - Testes andepididymis / Prof. Dr. Ayşin KALE,UROGENITAL AND REPRODUCTIVE I / ANATOMİ AD.,FAKÜLTEMİZ WEB SİTESİ ÖĞRENCİ AĞI AMFİ PROGRAMINA BAKINIZ,,
Time Table 2,4 Şubat 2026 Çarşamba,12:30,13:30,lunch break,,,,
Time Table 2,4 Şubat 2026 Çarşamba,13:30,15:20,LABORATORY SKILLS (BIOCHEMISTRY) İ2 ,UROGENITAL AND REPRODUCTIVE I - MEDICAL SKILLS LABORATORY II,FAKÜLTEMİZ WEB SİTESİ ÖĞRENCİ AĞI AMFİ PROGRAMINA BAKINIZ,,
Time Table 2,4 Şubat 2026 Çarşamba,13:30,15:20,LABORATORY SKILLS - Informed Consent İ1,MEDICAL SKILLS,FAKÜLTEMİZ WEB SİTESİ ÖĞRENCİ AĞI AMFİ PROGRAMINA BAKINIZ,,
Time Table 2,5 Şubat 2026 Perşembe,08:30,09:10,3-Medulla Oblongata / Dr.Öğr. Üyesi Osman COŞKUN (Prof. Dr. Ayşin KALE),UROGENITAL AND REPRODUCTIVE I / ANATOMİ AD.,FAKÜLTEMİZ WEB SİTESİ ÖĞRENCİ AĞI AMFİ PROGRAMINA BAKINIZ,,
Time Table 2,5 Şubat 2026 Perşembe,09:20,10:00,7- Introduction to reproductive system / Prof.Dr. F. Aytül UYAR (Prof. Dr. Ali Sarper DİLER),UROGENITAL AND REPRODUCTIVE I / FİZYOLOJİ AD.,FAKÜLTEMİZ WEB SİTESİ ÖĞRENCİ AĞI AMFİ PROGRAMINA BAKINIZ,,
Time Table 2,5 Şubat 2026 Perşembe,10:10,10:50,8- Prepubertal Physiology / Prof.Dr. F. Aytül UYAR (Prof. Dr. Ali Sarper DİLER),UROGENITAL AND REPRODUCTIVE I / FİZYOLOJİ AD.,FAKÜLTEMİZ WEB SİTESİ ÖĞRENCİ AĞI AMFİ PROGRAMINA BAKINIZ,,
Time Table 2,5 Şubat 2026 Perşembe,11:00,11:40,6-Development of male genital system / Doç. Dr. Elif KERVANCIOĞLU DEMİRCİ(Dr.Öğr. Üyesi Tuğba EKİZ YILMAZ),UROGENITAL AND REPRODUCTIVE I / HİSTOLOJİ VE EMBRİYOLOJİ AD.,FAKÜLTEMİZ WEB SİTESİ ÖĞRENCİ AĞI AMFİ PROGRAMINA BAKINIZ,,
Time Table 2,5 Şubat 2026 Perşembe,11:50,12:30,7-Histology of testes / Doç. Dr. Elif KERVANCIOĞLU DEMİRCİ (Dr.Öğr. Üyesi Tuğba EKİZ YILMAZ),UROGENITAL AND REPRODUCTIVE I / HİSTOLOJİ VE EMBRİYOLOJİ AD.,FAKÜLTEMİZ WEB SİTESİ ÖĞRENCİ AĞI AMFİ PROGRAMINA BAKINIZ,,
Time Table 2,5 Şubat 2026 Perşembe,12:30,13:30,lunch break,,,,
Time Table 2,5 Şubat 2026 Perşembe,13:30,14:20,DISSECTION (4/6),UROGENITAL AND REPRODUCTIVE I / ANATOMİ AD.,ANATOMİ AD. LABORATUVARI,,
Time Table 2,5 Şubat 2026 Perşembe,14:30,15:20,DISSECTION (4/6),UROGENITAL AND REPRODUCTIVE I / ANATOMİ AD.,ANATOMİ AD. LABORATUVARI,,
Time Table 2,5 Şubat 2026 Perşembe,15:30,16:20,DISSECTION (4/6),UROGENITAL AND REPRODUCTIVE I / ANATOMİ AD.,ANATOMİ AD. LABORATUVARI,,
Time Table 2,6 Şubat 2026 Cuma,08:30,09:10,9- Male reproductive system and sexual activity / Prof.Dr. F. Aytül UYAR (Prof. Dr. Ali Sarper DİLER),UROGENITAL AND REPRODUCTIVE I / FİZYOLOJİ AD.,FAKÜLTEMİZ WEB SİTESİ ÖĞRENCİ AĞI AMFİ PROGRAMINA BAKINIZ,,
Time Table 2,6 Şubat 2026 Cuma,09:20,10:00,10- Female physiology before pregnancy and menopause / Prof.Dr. F. Aytül UYAR (Prof. Dr. Ali Sarper DİLER),UROGENITAL AND REPRODUCTIVE I / FİZYOLOJİ AD.,FAKÜLTEMİZ WEB SİTESİ ÖĞRENCİ AĞI AMFİ PROGRAMINA BAKINIZ,,
Time Table 2,6 Şubat 2026 Cuma,10:30,12:20,LABORATORY SKILLS (HISTOLOGY AND EMBRYOLOGY) i2,UROGENITAL AND REPRODUCTIVE I,FAKÜLTEMİZ WEB SİTESİ ÖĞRENCİ AĞI AMFİ PROGRAMINA BAKINIZ,,
Time Table 2,6 Şubat 2026 Cuma,12:30,13:30,lunch break,,,,
Time Table 2,6 Şubat 2026 Cuma,14:00,15:50,LABORATORY SKILLS - Oxygen İ2,MEDICAL SKILLS,FAKÜLTEMİZ WEB SİTESİ ÖĞRENCİ AĞI AMFİ PROGRAMINA BAKINIZ,,
Time Table 2,9 Şubat 2026 Pazartesi,08:30,09:10,4-Pons / Dr.Öğr. Üyesi Osman COŞKUN (Prof. Dr. Ayşin KALE),UROGENITAL AND REPRODUCTIVE I / ANATOMİ AD.,FAKÜLTEMİZ WEB SİTESİ ÖĞRENCİ AĞI AMFİ PROGRAMINA BAKINIZ,,
Time Table 2,9 Şubat 2026 Pazartesi,09:20,10:00,8-Histology of male genital ducts / Doç. Dr. Elif KERVANCIOĞLU DEMİRCİ (Dr.Öğr. Üyesi Tuğba EKİZ YILMAZ),UROGENITAL AND REPRODUCTIVE I / HİSTOLOJİ VE EMBRİYOLOJİ AD.,FAKÜLTEMİZ WEB SİTESİ ÖĞRENCİ AĞI AMFİ PROGRAMINA BAKINIZ,,
Time Table 2,9 Şubat 2026 Pazartesi,10:10,10:50,9-Pathway of sperm flom and anatomy of the penis / Prof. Dr. Ayşin KALE (Dr.Öğr. Üyesi Osman COŞKUN),UROGENITAL AND REPRODUCTIVE I / ANATOMİ AD.,FAKÜLTEMİZ WEB SİTESİ ÖĞRENCİ AĞI AMFİ PROGRAMINA BAKINIZ,,
Time Table 2,9 Şubat 2026 Pazartesi,11:00,11:40,The introductory course for the simulated patient / Dr.Öğr. Üyesi Hacer NALBANT (Prof. Dr. Zeynep Olcay SOLAKOĞLU),MEDICAL SKILLS LABORATORY II / TIP EĞİTİMİ AD.,FAKÜLTEMİZ WEB SİTESİ ÖĞRENCİ AĞI AMFİ PROGRAMINA BAKINIZ,,
Time Table 2,9 Şubat 2026 Pazartesi,11:50,12:30,5-Mesencephalon (midbrain) / Dr.Öğr. Üyesi Osman COŞKUN (Prof. Dr. Ayşin KALE),NERVE AND SENSE I / ANATOMİ AD.,FAKÜLTEMİZ WEB SİTESİ ÖĞRENCİ AĞI AMFİ PROGRAMINA BAKINIZ,,
Time Table 2,9 Şubat 2026 Pazartesi,12:30,13:30,lunch break,,,,
Time Table 2,9 Şubat 2026 Pazartesi,13:30,15:20,LABORATORY SKILLS (BIOCHEMISTRY EXAM)  İ1 + İ2,UROGENITAL AND REPRODUCTIVE I,FAKÜLTEMİZ WEB SİTESİ ÖĞRENCİ AĞI AMFİ PROGRAMINA BAKINIZ,,
Time Table 2,10 Şubat 2026 Salı,08:30,09:10,6-Cerebellum / Dr.Öğr. Üyesi Osman COŞKUN (Prof. Dr. Ayşin KALE),NERVE AND SENSE I / ANATOMİ AD.,FAKÜLTEMİZ WEB SİTESİ ÖĞRENCİ AĞI AMFİ PROGRAMINA BAKINIZ,,
Time Table 2,10 Şubat 2026 Salı,09:20,10:00,11- Menstrual cycle regulation / Prof.Dr. F. Aytül UYAR (Prof. Dr. Ali Sarper DİLER),UROGENITAL AND REPRODUCTIVE I / FİZYOLOJİ AD.,FAKÜLTEMİZ WEB SİTESİ ÖĞRENCİ AĞI AMFİ PROGRAMINA BAKINIZ,,
Time Table 2,10 Şubat 2026 Salı,10:10,10:50,12- Pregnancy & Parturition / Prof.Dr. F. Aytül UYAR (Prof. Dr. Ali Sarper DİLER),UROGENITAL AND REPRODUCTIVE I / FİZYOLOJİ AD.,FAKÜLTEMİZ WEB SİTESİ ÖĞRENCİ AĞI AMFİ PROGRAMINA BAKINIZ,,
Time Table 2,10 Şubat 2026 Salı,11:00,11:40,10-Scrotum - prostate - glandula bulbouretralis anatomy / Prof. Dr. Ayşin KALE (Dr.Öğr. Üyesi Osman COŞKUN),UROGENITAL AND REPRODUCTIVE I / ANATOMİ AD.,FAKÜLTEMİZ WEB SİTESİ ÖĞRENCİ AĞI AMFİ PROGRAMINA BAKINIZ,,
Time Table 2,10 Şubat 2026 Salı,11:50,12:30,11-Female genital organs - ovaries - tuba uterina / Prof. Dr. Ayşin KALE (Dr.Öğr. Üyesi Osman COŞKUN),UROGENITAL AND REPRODUCTIVE I / ANATOMİ AD.,FAKÜLTEMİZ WEB SİTESİ ÖĞRENCİ AĞI AMFİ PROGRAMINA BAKINIZ,,
Time Table 2,10 Şubat 2026 Salı,12:30,13:30,lunch break,,,,
Time Table 2,10 Şubat 2026 Salı,13:30,14:20,DISSECTION (5/6),UROGENITAL AND REPRODUCTIVE I / ANATOMİ AD.,ANATOMİ AD. LABORATUVARI,,
Time Table 2,10 Şubat 2026 Salı,14:30,15:20,DISSECTION (5/6),UROGENITAL AND REPRODUCTIVE I / ANATOMİ AD.,ANATOMİ AD. LABORATUVARI,,
Time Table 2,10 Şubat 2026 Salı,15:30,16:20,DISSECTION (5/6),UROGENITAL AND REPRODUCTIVE I / ANATOMİ AD.,ANATOMİ AD. LABORATUVARI,,
Time Table 2,11 Şubat 2026 Çarşamba,08:30,10:20,integrated session Fluid Electrolyte Disorders (A Hyponatremic Case) / Prof. Dr. Pervin VURAL - Prof. Dr. Alev YILMAZ (Dr.Öğr. Üyesi Bağdagl Aksu) (Türkçe Tıp ile ortak ders),ÜROGENİTAL VE ÜREME DİLİMİ / TIBBİ BİYOKİMYA AD. - ÇOCUK SAĞLIĞI VE HASTALIKLARI AD.,FAKÜLTEMİZ WEB SİTESİ ÖĞRENCİ AĞI AMFİ PROGRAMINA BAKINIZ,,
Time Table 2,11 Şubat 2026 Çarşamba,11:00,11:40,FREE TIME,,,,
Time Table 2,11 Şubat 2026 Çarşamba,11:50,12:30,FREE TIME,,,,
Time Table 2,11 Şubat 2026 Çarşamba,12:30,13:30,lunch break,,,,
Time Table 2,11 Şubat 2026 Çarşamba,13:30,14:10,7-Hypothalamus - hypophysis - pineal gland / Dr.Öğr. Üyesi Osman COŞKUN (Prof. Dr. Ayşin KALE),NERVE AND SENSE I / ANATOMİ AD.,FAKÜLTEMİZ WEB SİTESİ ÖĞRENCİ AĞI AMFİ PROGRAMINA BAKINIZ,,
Time Table 2,11 Şubat 2026 Çarşamba,14:20,15:00,4-Biochemistry of body fluids / Prof. Dr. Nihal SALMAYENLİ (Dr.Öğr. Üyesi Hande KARPUZOĞLU),UROGENITAL AND REPRODUCTIVE I / TIBBİ BİYOKİMYA AD.,FAKÜLTEMİZ WEB SİTESİ ÖĞRENCİ AĞI AMFİ PROGRAMINA BAKINIZ,,
Time Table 2,11 Şubat 2026 Çarşamba,15:10,16:40,Informed Consent-Exam ,,,,
Time Table 2,12 Şubat 2026 Perşembe,08:30,10:20,LIVE ANATOMY Kidney Operation / Prof. Dr. Faruk ÖZCAN - Prof. Dr. Ayşin KALE (Türkçe Tıp ile ortak ders),UROGENITAL AND REPRODUCTIVE I / ÜROLOJİ AD. - ANATOMİ AD.,FAKÜLTEMİZ WEB SİTESİ ÖĞRENCİ AĞI AMFİ PROGRAMINA BAKINIZ,,
Time Table 2,12 Şubat 2026 Perşembe,11:00,11:40,12-Uterus and vagina / Prof. Dr. Ayşin KALE (Dr.Öğr. Üyesi Osman COŞKUN),UROGENITAL AND REPRODUCTIVE I / ANATOMİ AD.,FAKÜLTEMİZ WEB SİTESİ ÖĞRENCİ AĞI AMFİ PROGRAMINA BAKINIZ,,
Time Table 2,12 Şubat 2026 Perşembe,11:50,12:30,13-Feminine external genital organs and specific glands / Prof. Dr. Ayşin KALE (Dr.Öğr. Üyesi Osman COŞKUN),UROGENITAL AND REPRODUCTIVE I / ANATOMİ AD.,FAKÜLTEMİZ WEB SİTESİ ÖĞRENCİ AĞI AMFİ PROGRAMINA BAKINIZ,,
Time Table 2,12 Şubat 2026 Perşembe,12:30,13:30,lunch break,,,,
Time Table 2,12 Şubat 2026 Perşembe,13:30,14:20,DISSECTION (6/6),UROGENITAL AND REPRODUCTIVE I / ANATOMİ AD.,ANATOMİ AD. LABORATUVARI,,
Time Table 2,12 Şubat 2026 Perşembe,14:30,15:20,DISSECTION (6/6),UROGENITAL AND REPRODUCTIVE I / ANATOMİ AD.,ANATOMİ AD. LABORATUVARI,,
Time Table 2,12 Şubat 2026 Perşembe,15:30,16:20,DISSECTION (6/6),UROGENITAL AND REPRODUCTIVE I / ANATOMİ AD.,ANATOMİ AD. LABORATUVARI,,
Time Table 2,13 Şubat 2026 Cuma,08:30,09:10,1-The examination methods of the urinary system / Prof. Dr. Mehmet Öner ŞANLI (Prof. Dr. Tayfun Mevlüt OKTAR),UROGENITAL AND REPRODUCTIVE I / ÜROLOJİ AD.,FAKÜLTEMİZ WEB SİTESİ ÖĞRENCİ AĞI AMFİ PROGRAMINA BAKINIZ,,
Time Table 2,13 Şubat 2026 Cuma,09:20,10:00,11-Histology of ovaries / Doç. Dr. Elif KERVANCIOĞLU DEMİRCİ (Dr.Öğr. Üyesİ Tuğba KOTİL),UROGENITAL AND REPRODUCTIVE I / HİSTOLOJİ VE EMBRİYOLOJİ AD.,FAKÜLTEMİZ WEB SİTESİ ÖĞRENCİ AĞI AMFİ PROGRAMINA BAKINIZ,,
Time Table 2,13 Şubat 2026 Cuma,10:10,10:50,4-Disturbances of fluid electrolytes case studies / Prof. Dr. Savaş ÖZTÜRK,UROGENITAL AND REPRODUCTIVE I / İÇ HASTALIKLARI AD.,FAKÜLTEMİZ WEB SİTESİ ÖĞRENCİ AĞI AMFİ PROGRAMINA BAKINIZ,,
Time Table 2,13 Şubat 2026 Cuma,11:00,11:40,14-Inguinal region / Prof. Dr. Ayşin KALE (Dr.Öğr. Üyesi Osman COŞKUN),UROGENITAL AND REPRODUCTIVE I / ANATOMİ AD.,FAKÜLTEMİZ WEB SİTESİ ÖĞRENCİ AĞI AMFİ PROGRAMINA BAKINIZ,,
Time Table 2,13 Şubat 2026 Cuma,11:50,12:30,15-Perineum / Prof. Dr. Ayşin KALE (Dr.Öğr. Üyesi Osman COŞKUN),UROGENITAL AND REPRODUCTIVE I / ANATOMİ AD.,FAKÜLTEMİZ WEB SİTESİ ÖĞRENCİ AĞI AMFİ PROGRAMINA BAKINIZ,,
Time Table 2,13 Şubat 2026 Cuma,12:30,13:30,lunch break,,,,
Time Table 2,13 Şubat 2026 Cuma,14:00,15:50,LABORATORY SKILLS - Oxygen İ3,MEDICAL SKILLS,FAKÜLTEMİZ WEB SİTESİ ÖĞRENCİ AĞI AMFİ PROGRAMINA BAKINIZ,,
Time Table 2,13 Şubat 2026 Cuma,14:00,15:50,Biyokimya Telafi Uygulaması ( alttan alanlar da dahil ),UROGENITAL AND REPRODUCTIVE I ,,,
Time Table 2,16 Şubat 2026 Pazartesi,08:30,10:20,Biyokimya Telafi Uygulama Sınavı,UROGENITAL AND REPRODUCTIVE I ,,,
Time Table 2,16 Şubat 2026 Pazartesi,10:30,11:10,9-Accessory glands and penis /  Doç. Dr. Elif KERVANCIOĞLU DEMİRCİ (Prof. Dr. Sibel KÖKTÜRK),UROGENITAL AND REPRODUCTIVE I / HİSTOLOJİ VE EMBRİYOLOJİ AD.,FAKÜLTEMİZ WEB SİTESİ ÖĞRENCİ AĞI AMFİ PROGRAMINA BAKINIZ,,
Time Table 2,16 Şubat 2026 Pazartesi,11:20,12:00,10-Development of female genital system / Doç. Dr. Elif KERVANCIOĞLU DEMİRCİ (Dr.Öğr. Üyesİ Tuğba KOTİL),UROGENITAL AND REPRODUCTIVE I / HİSTOLOJİ VE EMBRİYOLOJİ AD.,FAKÜLTEMİZ WEB SİTESİ ÖĞRENCİ AĞI AMFİ PROGRAMINA BAKINIZ,,
Time Table 2,16 Şubat 2026 Pazartesi,12:30,13:30,lunch break,,,,
Time Table 2,16 Şubat 2026 Pazartesi,13:30,14:10,12-Histology of uterine tubes - uterus - cervix and vagina / Doç. Dr. Elif KERVANCIOĞLU DEMİRCİ (Dr.Öğr.Üyesİ Tuğba KOTİL),UROGENITAL AND REPRODUCTIVE I / HİSTOLOJİ VE EMBRİYOLOJİ AD.,FAKÜLTEMİZ WEB SİTESİ ÖĞRENCİ AĞI AMFİ PROGRAMINA BAKINIZ,,
Time Table 2,16 Şubat 2026 Pazartesi,14:20,15:00,13-Histology of external genitalia - mammary glands and placenta / Doç. Dr. Elif KERVANCIOĞLU DEMİRCİ(Dr.Öğr.Üyesİ Tuğba KOTİL),UROGENITAL AND REPRODUCTIVE I / HİSTOLOJİ VE EMBRİYOLOJİ AD.,FAKÜLTEMİZ WEB SİTESİ ÖĞRENCİ AĞI AMFİ PROGRAMINA BAKINIZ,,
Time Table 2,16 Şubat 2026 Pazartesi,15:10,15:50,FREE TIME,,,,
Time Table 2,17 Şubat 2026 Salı,08:30,09:10,FREE TIME,,,,
Time Table 2,17 Şubat 2026 Salı,09:20,10:00,FREE TIME,,,,
Time Table 2,17 Şubat 2026 Salı,10:10,10:50,12-Clinical features of placenta - amniotic fluid and cord blood / Prof. Dr. Nihal SALMAYENLİ (Dr.Öğr. Üyesi Hande KARPUZOĞLU),UROGENITAL AND REPRODUCTIVE I / TIBBİ BİYOKİMYA AD.,FAKÜLTEMİZ WEB SİTESİ ÖĞRENCİ AĞI AMFİ PROGRAMINA BAKINIZ,,
Time Table 2,17 Şubat 2026 Salı,11:00,11:40,1- Introduction to endocrinology and regulation / Prof. Dr. Güher SARUHAN DİRESKENELİ (Prof. Dr. Ali Sarper DİLER),ENDOCRINE I / FİZYOLOJİ AD.,FAKÜLTEMİZ WEB SİTESİ ÖĞRENCİ AĞI AMFİ PROGRAMINA BAKINIZ,,
Time Table 2,17 Şubat 2026 Salı,11:50,12:30,FREE TIME,,,,
Time Table 2,17 Şubat 2026 Salı,12:30,13:30,lunch break,,,,
Time Table 2,17 Şubat 2026 Salı,13:30,14:20,DISSECTION (1/17),NERVE AND SENSE I / ANATOMİ AD.,ANATOMİ AD. LABORATUVARI,,
Time Table 2,17 Şubat 2026 Salı,14:30,15:20,DISSECTION (1/17),NERVE AND SENSE I / ANATOMİ AD.,ANATOMİ AD. LABORATUVARI,,
Time Table 2,17 Şubat 2026 Salı,15:30,16:20,DISSECTION (1/17),NERVE AND SENSE I / ANATOMİ AD.,ANATOMİ AD. LABORATUVARI,,
Time Table 2,18 Şubat 2026 Çarşamba,08:30,09:10,FREE TIME,,,,
Time Table 2,18 Şubat 2026 Çarşamba,09:20,10:00,1-Development and structure of pituitary gland (hypophysis) / Dr.Öğr. Üyesi Tuğba EKİZ YILMAZ (Doç. Dr. Tuğba KOTİL),ENDOCRINE I / HİSTOLOJİ VE EMBRİYOLOJİ AD.,FAKÜLTEMİZ WEB SİTESİ ÖĞRENCİ AĞI AMFİ PROGRAMINA BAKINIZ,,
Time Table 2,18 Şubat 2026 Çarşamba,10:10,10:50,2-Cell types of hypophysis /Dr.Öğr. Üyesi Tuğba EKİZ YILMAZ (Doç. Dr. Tuğba KOTİL),ENDOCRINE I / HİSTOLOJİ VE EMBRİYOLOJİ AD.,FAKÜLTEMİZ WEB SİTESİ ÖĞRENCİ AĞI AMFİ PROGRAMINA BAKINIZ,,
Time Table 2,18 Şubat 2026 Çarşamba,11:00,11:40,FREE TIME,,,,
Time Table 2,18 Şubat 2026 Çarşamba,11:50,12:30,FREE TIME,,,,
Time Table 2,18 Şubat 2026 Çarşamba,12:30,13:30,lunch break,,,,
Time Table 2,18 Şubat 2026 Çarşamba,13:30,14:10,FREE TIME,,,,
Time Table 2,18 Şubat 2026 Çarşamba,14:20,15:00,1-Biochemical characteristics of hormones - and their classification / Doç. Dr. Ayşe Gül Sündüs TELCİ  (Dr.Öğr. Üyesi Hande KARPUZOĞLU),ENDOCRINE I / TIBBİ BİYOKİMYA AD.,FAKÜLTEMİZ WEB SİTESİ ÖĞRENCİ AĞI AMFİ PROGRAMINA BAKINIZ,,
Time Table 2,18 Şubat 2026 Çarşamba,15:10,15:50,2-Protein hormones and the principles of their action / Doç. Dr. Ayşe Gül Sündüs TELCİ (Dr.Öğr. Üyesi Hande KARPUZOĞLU),ENDOCRINE I / TIBBİ BİYOKİMYA AD.,FAKÜLTEMİZ WEB SİTESİ ÖĞRENCİ AĞI AMFİ PROGRAMINA BAKINIZ,,
Time Table 2,18 Şubat 2026 Çarşamba,16:00,16:40,FREE TIME,,,,
Time Table 2,19 Şubat 2026 Perşembe,08:30,09:10,FREE TIME,,,,
Time Table 2,19 Şubat 2026 Perşembe,10:00,11:40,PDÖ ,,,,
Time Table 2,19 Şubat 2026 Perşembe,11:50,12:30,2- Hypothalamic regulation of hormonal functions / Prof. Dr. Güher SARUHAN DİRESKENELİ (Prof. Dr. Ali Sarper DİLER),ENDOCRINE I / FİZYOLOJİ AD.,FAKÜLTEMİZ WEB SİTESİ ÖĞRENCİ AĞI AMFİ PROGRAMINA BAKINIZ,,
Time Table 2,19 Şubat 2026 Perşembe,12:30,13:30,lunch break,,,,
Time Table 2,19 Şubat 2026 Perşembe,13:30,14:20,DISSECTION (2/17),NERVE AND SENSE I / ANATOMİ AD.,ANATOMİ AD. LABORATUVARI,,
Time Table 2,19 Şubat 2026 Perşembe,14:30,15:20,DISSECTION (2/17),NERVE AND SENSE I / ANATOMİ AD.,ANATOMİ AD. LABORATUVARI,,
Time Table 2,19 Şubat 2026 Perşembe,15:30,16:20,DISSECTION (2/17),NERVE AND SENSE I / ANATOMİ AD.,ANATOMİ AD. LABORATUVARI,,
Time Table 2,20 Şubat 2026 Cuma,08:30,09:10,FREE TIME,,,,
Time Table 2,20 Şubat 2026 Cuma,09:20,10:00,FREE TIME,,,,
Time Table 2,20 Şubat 2026 Cuma,10:10,10:50,3-Definition and synthesis of local hormones - and their metabolism / Doç. Dr. Ayşe Gül Sündüs TELCİ (Dr.Öğr. Üyesi Hande KARPUZOĞLU),ENDOCRINE I / TIBBİ BİYOKİMYA AD.,FAKÜLTEMİZ WEB SİTESİ ÖĞRENCİ AĞI AMFİ PROGRAMINA BAKINIZ,,
Time Table 2,20 Şubat 2026 Cuma,11:00,11:40,4-Steroid hormones / Doç. Dr. Ayşe Gül Sündüs TELCİ (Dr.Öğr. Üyesi Hande KARPUZOĞLU),ENDOCRINE I / TIBBİ BİYOKİMYA AD.,FAKÜLTEMİZ WEB SİTESİ ÖĞRENCİ AĞI AMFİ PROGRAMINA BAKINIZ,,
Time Table 2,20 Şubat 2026 Cuma,11:50,12:30,3-Histology of adenohypophysis - neurohypophysis and pineal gland / Dr.Öğr. Üyesi Tuğba EKİZ YILMAZ (Doç. Dr. Tuğba KOTİL),ENDOCRINE I / HİSTOLOJİ VE EMBRİYOLOJİ AD.,FAKÜLTEMİZ WEB SİTESİ ÖĞRENCİ AĞI AMFİ PROGRAMINA BAKINIZ,,
Time Table 2,20 Şubat 2026 Cuma,12:30,13:30,lunch break,,,,
Time Table 2,20 Şubat 2026 Cuma,14:00,14:40,FREE TIME,,,,
Time Table 2,20 Şubat 2026 Cuma,14:50,15:30,FREE TIME,,,,
Time Table 2,20 Şubat 2026 Cuma,15:40,16:20,FREE TIME,,,,
Time Table 2,23 Şubat 2026 Pazartesi,08:30,09:10,5-Hypothalamic and pituitary hormones I / Doç. Dr. Ayşe Gül Sündüs TELCİ (Dr.Öğr. Üyesi Hande KARPUZOĞLU),ENDOCRINE I / TIBBİ BİYOKİMYA AD.,FAKÜLTEMİZ WEB SİTESİ ÖĞRENCİ AĞI AMFİ PROGRAMINA BAKINIZ,,
Time Table 2,23 Şubat 2026 Pazartesi,09:20,10:00,6-Hypothalamic and pituitary hormones II / Doç. Dr. Ayşe Gül Sündüs TELCİ (Dr.Öğr. Üyesi Hande KARPUZOĞLU),ENDOCRINE I / TIBBİ BİYOKİMYA AD.,FAKÜLTEMİZ WEB SİTESİ ÖĞRENCİ AĞI AMFİ PROGRAMINA BAKINIZ,,
Time Table 2,23 Şubat 2026 Pazartesi,10:10,10:50,1-Developmental genetics: signaling pathways - transcription factors /Doç. Dr. Ayça  Dilruba ASLANGER (Dr. Öğr. Üyesi Tuğba Kalaycı),ENDOCRINE I / TIBBİ GENETİK AD.,FAKÜLTEMİZ WEB SİTESİ ÖĞRENCİ AĞI AMFİ PROGRAMINA BAKINIZ,,
Time Table 2,23 Şubat 2026 Pazartesi,11:00,11:40,8-Cerebrum / Dr.Öğr. Üyesi (Doç. Dr.) Özcan GAYRETLİ (Dr.Öğr. Üyesi Osman COŞKUN),NERVE AND SENSE I / ANATOMİ AD.,FAKÜLTEMİZ WEB SİTESİ ÖĞRENCİ AĞI AMFİ PROGRAMINA BAKINIZ,,
Time Table 2,23 Şubat 2026 Pazartesi,11:50,12:30,9-Cerebral hemispheres - Basal ganglia / Dr.Öğr. Üyesi (Doç. Dr.) Özcan GAYRETLİ (Dr.Öğr. Üyesi Osman COŞKUN),NERVE AND SENSE I / ANATOMİ AD.,FAKÜLTEMİZ WEB SİTESİ ÖĞRENCİ AĞI AMFİ PROGRAMINA BAKINIZ,,
Time Table 2,23 Şubat 2026 Pazartesi,12:30,13:30,lunch break,,,,
Time Table 2,23 Şubat 2026 Pazartesi,13:30,15:20,PDÖ ,,,,
Time Table 2,23 Şubat 2026 Pazartesi,15:30,16:10,FREE TIME,,,,
Time Table 2,24 Şubat 2026 Salı,08:30,09:10,Endocrine Hormone Adaptations During Sports or Exercises / Dr. Öğr. Üyesi Sergen DEVRAN (Prof. Dr. Gökhan METİN),ENDOCRINE I / SPOR HEKİMLİĞİ AD.,FAKÜLTEMİZ WEB SİTESİ ÖĞRENCİ AĞI AMFİ PROGRAMINA BAKINIZ,,
Time Table 2,24 Şubat 2026 Salı,09:20,10:00,4-Embryology and histology of thyroid and parathyroid glands / Dr.Öğr. Üyesi Tuğba EKİZ YILMAZ (Doç. Dr. Tuğba KOTİL),ENDOCRINE I / HİSTOLOJİ VE EMBRİYOLOJİ AD.,FAKÜLTEMİZ WEB SİTESİ ÖĞRENCİ AĞI AMFİ PROGRAMINA BAKINIZ,,
Time Table 2,24 Şubat 2026 Salı,10:10,10:50,5-Histology and embryology of suprarenal and endocrine pancreas gland / Dr.Öğr. Üyesi Tuğba EKİZ YILMAZ (Doç. Dr. Tuğba KOTİL),ENDOCRINE I / HİSTOLOJİ VE EMBRİYOLOJİ AD.,FAKÜLTEMİZ WEB SİTESİ ÖĞRENCİ AĞI AMFİ PROGRAMINA BAKINIZ,,
Time Table 2,24 Şubat 2026 Salı,11:00,11:40,5- Thyroid Hormones / Prof. Dr. Güher SARUHAN DİRESKENELİ (Prof. Dr. Ali Sarper DİLER),ENDOCRINE I / FİZYOLOJİ AD.,FAKÜLTEMİZ WEB SİTESİ ÖĞRENCİ AĞI AMFİ PROGRAMINA BAKINIZ,,
Time Table 2,24 Şubat 2026 Salı,11:50,12:30,6- Adrenal medulla and cortex-1 / Prof. Dr. Güher SARUHAN DİRESKENELİ (Prof. Dr. Ali Sarper DİLER),ENDOCRINE I / FİZYOLOJİ AD.,FAKÜLTEMİZ WEB SİTESİ ÖĞRENCİ AĞI AMFİ PROGRAMINA BAKINIZ,,
Time Table 2,24 Şubat 2026 Salı,12:30,13:30,lunch break,,,,
Time Table 2,24 Şubat 2026 Salı,13:30,14:20,DISSECTION (3/17),NERVE AND SENSE I / ANATOMİ AD.,ANATOMİ AD. LABORATUVARI,,
Time Table 2,24 Şubat 2026 Salı,14:30,15:20,DISSECTION (3/17),NERVE AND SENSE I / ANATOMİ AD.,ANATOMİ AD. LABORATUVARI,,
Time Table 2,24 Şubat 2026 Salı,15:30,16:20,DISSECTION (3/17),NERVE AND SENSE I / ANATOMİ AD.,ANATOMİ AD. LABORATUVARI,,
Time Table 2,25 Şubat 2026 Çarşamba,08:30,09:10,4- Posterior pituitary gland and hormones / Prof. Dr. Güher SARUHAN DİRESKENELİ (Prof. Dr. Ali Sarper DİLER),ENDOCRINE I / FİZYOLOJİ AD.,FAKÜLTEMİZ WEB SİTESİ ÖĞRENCİ AĞI AMFİ PROGRAMINA BAKINIZ,,
Time Table 2,25 Şubat 2026 Çarşamba,09:20,10:00,7-Thyroid hormones / Doç. Dr. Ayşe Gül Sündüs TELCİ (Dr.Öğr. Üyesi Hande KARPUZOĞLU),ENDOCRINE I / TIBBİ BİYOKİMYA AD.,FAKÜLTEMİZ WEB SİTESİ ÖĞRENCİ AĞI AMFİ PROGRAMINA BAKINIZ,,
Time Table 2,25 Şubat 2026 Çarşamba,10:10,10:50,8-Parathyroid hormones / Doç. Dr. Ayşe Gül Sündüs TELCİ(Dr.Öğr. Üyesi Hande KARPUZOĞLU),ENDOCRINE I / TIBBİ BİYOKİMYA AD.,FAKÜLTEMİZ WEB SİTESİ ÖĞRENCİ AĞI AMFİ PROGRAMINA BAKINIZ,,
Time Table 2,25 Şubat 2026 Çarşamba,11:00,11:40,10-Functional localization of cerebral hemispheres 1/ Dr.Öğr. Üyesi (Doç. Dr.) Özcan GAYRETLİ (Dr.Öğr. Üyesi Osman COŞKUN),NERVE AND SENSE I / ANATOMİ AD.,FAKÜLTEMİZ WEB SİTESİ ÖĞRENCİ AĞI AMFİ PROGRAMINA BAKINIZ,,
Time Table 2,25 Şubat 2026 Çarşamba,11:50,12:30,11-Functional localization of cerebral hemispheres 2/ Dr.Öğr. Üyesi (Doç. Dr.) Özcan GAYRETLİ (Dr.Öğr. Üyesi Osman COŞKUN),NERVE AND SENSE I / ANATOMİ AD.,FAKÜLTEMİZ WEB SİTESİ ÖĞRENCİ AĞI AMFİ PROGRAMINA BAKINIZ,,
Time Table 2,25 Şubat 2026 Çarşamba,12:30,13:30,lunch break,,,,
Time Table 2,25 Şubat 2026 Çarşamba,13:30,14:20,Elective Courses - 1,,FAKÜLTEMİZ WEB SİTESİ ÖĞRENCİ AĞI SEÇMELİ DERS AMFİ PROGRAMINA BAKINIZ,,
Time Table 2,25 Şubat 2026 Çarşamba,14:30,15:20,Elective Courses - 1,,FAKÜLTEMİZ WEB SİTESİ ÖĞRENCİ AĞI SEÇMELİ DERS AMFİ PROGRAMINA BAKINIZ,,
Time Table 2,25 Şubat 2026 Çarşamba,15:30,16:20,Elective Courses - 1,,FAKÜLTEMİZ WEB SİTESİ ÖĞRENCİ AĞI SEÇMELİ DERS AMFİ PROGRAMINA BAKINIZ,,
Time Table 2,26 Şubat 2026 Perşembe,08:30,09:10,3- Anterior pituitary gland and hormones /Prof. Dr. Güher SARUHAN DİRESKENELİ (Prof. Dr. Ali Sarper DİLER),ENDOCRINE I / FİZYOLOJİ AD.,FAKÜLTEMİZ WEB SİTESİ ÖĞRENCİ AĞI AMFİ PROGRAMINA BAKINIZ,,
Time Table 2,26 Şubat 2026 Perşembe,09:20,10:00,1-Environmental Endocrine Disruptors and Screening Programs / Prof. Dr. Ayşe Emel ÖNAL (Dr. Öğr. Üye. Emine Şeyma KARAKETİR),ENDOCRINE I / HALK SAĞLIĞI AD.,FAKÜLTEMİZ WEB SİTESİ ÖĞRENCİ AĞI AMFİ PROGRAMINA BAKINIZ,,
Time Table 2,26 Şubat 2026 Perşembe,10:10,10:50,9-Pancreatic Hormones / Doç. Dr. Ayşe Gül Sündüs TELCİ (Dr.Öğr. Üyesi Hande KARPUZOĞLU),ENDOCRINE I / TIBBİ BİYOKİMYA AD.,FAKÜLTEMİZ WEB SİTESİ ÖĞRENCİ AĞI AMFİ PROGRAMINA BAKINIZ,,
Time Table 2,26 Şubat 2026 Perşembe,11:00,11:40,10-Hormones of adrenal cortex / Doç. Dr. Ayşe Gül Sündüs TELCİ (Dr.Öğr. Üyesi Hande KARPUZOĞLU),ENDOCRINE I / TIBBİ BİYOKİMYA AD.,FAKÜLTEMİZ WEB SİTESİ ÖĞRENCİ AĞI AMFİ PROGRAMINA BAKINIZ,,
Time Table 2,26 Şubat 2026 Perşembe,11:50,12:30,Overview of cases with endocrinological disorders in edults / Prof. Dr. Nurdan GÜL (Prof. Dr. Ayşe KUBAT ÜZÜM),ENDOCRINE I / İÇ HASTALIKLARI AD. (ENDOKRİNOLOJİ BD.),FAKÜLTEMİZ WEB SİTESİ ÖĞRENCİ AĞI AMFİ PROGRAMINA BAKINIZ,,
Time Table 2,26 Şubat 2026 Perşembe,12:30,13:30,lunch break,,,,
Time Table 2,26 Şubat 2026 Perşembe,13:30,14:20,DISSECTION (4/17),NERVE AND SENSE I / ANATOMİ AD.,ANATOMİ AD. LABORATUVARI,,
Time Table 2,26 Şubat 2026 Perşembe,14:30,15:20,DISSECTION (4/17),NERVE AND SENSE I / ANATOMİ AD.,ANATOMİ AD. LABORATUVARI,,
Time Table 2,26 Şubat 2026 Perşembe,15:30,16:20,DISSECTION (4/17),NERVE AND SENSE I / ANATOMİ AD.,ANATOMİ AD. LABORATUVARI,,
Time Table 2,27 Şubat 2026 Cuma,08:30,09:10,FREE TIME,,,,
Time Table 2,27 Şubat 2026 Cuma,09:20,10:00,12-Brainstem reticular formation and Limbic system / Dr.Öğr. Üyesi (Doç. Dr.) Özcan GAYRETLİ (Dr.Öğr. Üyesi Osman COŞKUN),NERVE AND SENSE I / ANATOMİ AD.,FAKÜLTEMİZ WEB SİTESİ ÖĞRENCİ AĞI AMFİ PROGRAMINA BAKINIZ,,
Time Table 2,27 Şubat 2026 Cuma,10:10,10:50,13-Ascending-Descending pathways / Dr.Öğr. Üyesi Osman COŞKUN (Dr.Öğr. Üyesi (Doç. Dr.) Özcan GAYRETLİ),NERVE AND SENSE I / ANATOMİ AD.,FAKÜLTEMİZ WEB SİTESİ ÖĞRENCİ AĞI AMFİ PROGRAMINA BAKINIZ,,
Time Table 2,27 Şubat 2026 Cuma,11:00,11:40,7- Adrenal medulla and cortex-2 /Prof. Dr. Güher SARUHAN DİRESKENELİ (Prof. Dr. Ali Sarper DİLER),ENDOCRINE I / FİZYOLOJİ AD.,FAKÜLTEMİZ WEB SİTESİ ÖĞRENCİ AĞI AMFİ PROGRAMINA BAKINIZ,,
Time Table 2,27 Şubat 2026 Cuma,11:50,12:30,"8- Insulin, Glucagon, and Diabetes Mellitus /Prof. Dr. Güher SARUHAN DİRESKENELİ (Prof. Dr. Ali Sarper DİLER)",ENDOCRINE I / FİZYOLOJİ AD.,FAKÜLTEMİZ WEB SİTESİ ÖĞRENCİ AĞI AMFİ PROGRAMINA BAKINIZ,,
Time Table 2,27 Şubat 2026 Cuma,12:30,13:30,lunch break,,,,
Time Table 2,27 Şubat 2026 Cuma,14:00,15:50,LABORATORY SKILLS (HISTOLOGY AND EMBRYOLOGY) İ1,ENDOCRINE I,FAKÜLTEMİZ WEB SİTESİ ÖĞRENCİ AĞI AMFİ PROGRAMINA BAKINIZ,,
Time Table 2,2 Mart 2026 Pazartesi,08:30,09:10,FREE TIME,,,,
Time Table 2,2 Mart 2026 Pazartesi,09:20,10:00,11-Adrenal medullary hormones / Doç. Dr. Ayşe Gül Sündüs TELCİ (Dr.Öğr. Üyesi Hande KARPUZOĞLU),ENDOCRINE I / TIBBİ BİYOKİMYA AD.,FAKÜLTEMİZ WEB SİTESİ ÖĞRENCİ AĞI AMFİ PROGRAMINA BAKINIZ,,
Time Table 2,2 Mart 2026 Pazartesi,10:10,10:50,12-Gastrointestinal hormones / Doç. Dr. Ayşe Gül Sündüs TELCİ (Dr.Öğr. Üyesi Hande KARPUZOĞLU),ENDOCRINE I / TIBBİ BİYOKİMYA AD.,FAKÜLTEMİZ WEB SİTESİ ÖĞRENCİ AĞI AMFİ PROGRAMINA BAKINIZ,,
Time Table 2,2 Mart 2026 Pazartesi,11:00,11:40,14-Brain circulation / Dr.Öğr. Üyesi (Doç. Dr.) Özcan GAYRETLİ (Dr.Öğr. Üyesi Osman COŞKUN),NERVE AND SENSE I / ANATOMİ AD.,FAKÜLTEMİZ WEB SİTESİ ÖĞRENCİ AĞI AMFİ PROGRAMINA BAKINIZ,,
Time Table 2,2 Mart 2026 Pazartesi,11:50,12:30,15-Meninges / Dr.Öğr. Üyesi (Doç. Dr.) Özcan GAYRETLİ (Prof. Dr. Ayşin KALE),NERVE AND SENSE I / ANATOMİ AD.,FAKÜLTEMİZ WEB SİTESİ ÖĞRENCİ AĞI AMFİ PROGRAMINA BAKINIZ,,
Time Table 2,2 Mart 2026 Pazartesi,12:30,13:30,lunch break,,,,
Time Table 2,2 Mart 2026 Pazartesi,13:30,15:20,LABORATORY SKILLS (HISTOLOGY AND EMBRYOLOGY) İ2,ENDOCRINE I,FAKÜLTEMİZ WEB SİTESİ ÖĞRENCİ AĞI AMFİ PROGRAMINA BAKINIZ,,
Time Table 2,3 Mart 2026 Salı,08:30,09:10,"9- Parathyroid hormone, Calcitonin, Calcium and Phosphate Metabolism, Vitamin D, Bone and Teeth / Prof. Dr. Güher SARUHAN DİRESKENELİ (Prof. Dr. Ali Sarper DİLER)",ENDOCRINE I / FİZYOLOJİ AD.,FAKÜLTEMİZ WEB SİTESİ ÖĞRENCİ AĞI AMFİ PROGRAMINA BAKINIZ,,
Time Table 2,3 Mart 2026 Salı,09:20,10:00,3-Radiological Anatomy of The Gastrointestinal System / Prof. Dr. Artür SALMASLIOĞLU (Doç. Dr. Mesut BULAKÇI),ENDOCRINE I / RADYOLOJİ AD.,FAKÜLTEMİZ WEB SİTESİ ÖĞRENCİ AĞI AMFİ PROGRAMINA BAKINIZ,,
Time Table 2,3 Mart 2026 Salı,10:30,12:20,"integrated session Stress / Prof.Dr. Güher Saruhan Direskeneli ,Dr. Öğr. Üyesi Erdi ŞAHİN (Doç. Dr. Bedia Samancı Başar BİLGİÇ) (Türkçe Tıp ile ortak ders)",ENDOCRINE I / FİZYOLOJİ AD. - NÖROLOJİ AD.,FAKÜLTEMİZ WEB SİTESİ ÖĞRENCİ AĞI AMFİ PROGRAMINA BAKINIZ,,
Time Table 2,3 Mart 2026 Salı,12:30,13:30,lunch break,,,,
Time Table 2,3 Mart 2026 Salı,13:30,14:20,DISSECTION (5/17),NERVE AND SENSE I / ANATOMİ AD.,ANATOMİ AD. LABORATUVARI,,
Time Table 2,3 Mart 2026 Salı,14:30,15:20,DISSECTION (5/17),NERVE AND SENSE I / ANATOMİ AD.,ANATOMİ AD. LABORATUVARI,,
Time Table 2,3 Mart 2026 Salı,15:30,16:20,DISSECTION (5/17),NERVE AND SENSE I / ANATOMİ AD.,ANATOMİ AD. LABORATUVARI,,
Time Table 2,4 Mart 2026 Çarşamba,08:30,09:10,1-Introduction to neuroradiology and head and neck radiology I / Prof. Dr. N. Serra SENCER  (Uzm.Dr. Celal Caner ERCAN),ENDOCRINE I / RADYOLOJİ AD.,FAKÜLTEMİZ WEB SİTESİ ÖĞRENCİ AĞI AMFİ PROGRAMINA BAKINIZ,,
Time Table 2,4 Mart 2026 Çarşamba,09:20,10:00,2-Introduction to neuroradiology and head and neck radiology II / Prof. Dr. N. Serra SENCER  (Uzm.Dr. Celal Caner ERCAN),ENDOCRINE I / RADYOLOJİ AD.,FAKÜLTEMİZ WEB SİTESİ ÖĞRENCİ AĞI AMFİ PROGRAMINA BAKINIZ,,
Time Table 2,4 Mart 2026 Çarşamba,10:30,12:20,LABORATORY SKILLS ( Simulated Patient History Taking- i1),,,,
Time Table 2,4 Mart 2026 Çarşamba,12:30,13:30,lunch break,,,,
Time Table 2,4 Mart 2026 Çarşamba,13:30,14:10,Elective Courses - 2,,FAKÜLTEMİZ WEB SİTESİ ÖĞRENCİ AĞI SEÇMELİ DERS AMFİ PROGRAMINA BAKINIZ,,
Time Table 2,4 Mart 2026 Çarşamba,14:20,15:00,Elective Courses - 2,,FAKÜLTEMİZ WEB SİTESİ ÖĞRENCİ AĞI SEÇMELİ DERS AMFİ PROGRAMINA BAKINIZ,,
Time Table 2,4 Mart 2026 Çarşamba,15:10,15:50,Elective Courses - 2,,FAKÜLTEMİZ WEB SİTESİ ÖĞRENCİ AĞI SEÇMELİ DERS AMFİ PROGRAMINA BAKINIZ,,
Time Table 2,5 Mart 2026 Perşembe,08:30,12:30,FREE TIME,,,,
Time Table 2,5 Mart 2026 Perşembe,13:30,16:20,FREE TIME,,,,
Time Table 2,6 Mart 2026 Cuma,08:30,12:20,FREE TIME,,,,
Time Table 2,6 Mart 2026 Cuma,14:00,16:20,FREE TIME,,,,
Time Table 2,9 Mart 2026 Pazartesi,10:00,11:30,EXAMINATION,UROGENITAL AND REPRODUCTIVE I + ENDOCRINE I ,FAKÜLTEMİZ WEB SİTESİ ÖĞRENCİ AĞI AMFİ PROGRAMINA BAKINIZ,,
Time Table 2,10 Mart 2026 Salı,08:30,10:20,LABORATORY SKILLS ( Simulated Patient History Taking- i2),,,,
Time Table 2,10 Mart 2026 Salı,11:00,11:40,"1- Organization of the Nervous System, Basic Functions of Synapses and Neurotransmitters / Prof. Dr. Tamer DEMİRALP (Prof. Dr. Müge DEVRİM ÜÇOK)",NERVE AND SENSE I / FİZYOLOJİ AD.,FAKÜLTEMİZ WEB SİTESİ ÖĞRENCİ AĞI AMFİ PROGRAMINA BAKINIZ,,
Time Table 2,10 Mart 2026 Salı,11:50,12:30,2- Sensory Receptors / Prof. Dr. Tamer DEMİRALP (Prof. Dr. Müge DEVRİM ÜÇOK),NERVE AND SENSE I / FİZYOLOJİ AD.,FAKÜLTEMİZ WEB SİTESİ ÖĞRENCİ AĞI AMFİ PROGRAMINA BAKINIZ,,
Time Table 2,10 Mart 2026 Salı,12:30,13:30,lunch break,,,,
Time Table 2,10 Mart 2026 Salı,13:30,14:20,DISSECTION (6/17),NERVE AND SENSE I / ANATOMİ AD.,ANATOMİ AD. LABORATUVARI,,
Time Table 2,10 Mart 2026 Salı,14:30,15:20,DISSECTION (6/17),NERVE AND SENSE I / ANATOMİ AD.,ANATOMİ AD. LABORATUVARI,,
Time Table 2,10 Mart 2026 Salı,15:30,16:20,DISSECTION (6/17),NERVE AND SENSE I / ANATOMİ AD.,ANATOMİ AD. LABORATUVARI,,
Time Table 2,11 Mart 2026 Çarşamba,08:30,09:10,INTRODUCTION TO SCIENTIFIC RESEARCH Characteristics and acquisition of scientific knowledge - Basic concepts in research methodology/ Dr. Öğr. Üyesi Sevda ÖZEL YILDIZ(Dr.Başak GÜRTEKİN ) (Türkçe Tıp ile ortak ders),DİKEY KORİDOR II DİLİMİ / BİYOİSTATİSTİK AD.,FAKÜLTEMİZ WEB SİTESİ ÖĞRENCİ AĞI AMFİ PROGRAMINA BAKINIZ,,
Time Table 2,11 Mart 2026 Çarşamba,09:20,10:00,1-Development of eye / Doç. Dr. Tuğba KOTİL (Prof. Dr. Sibel KÖKTÜRK),NERVE AND SENSE I / HİSTOLOJİ VE EMBRİYOLOJİ AD.,FAKÜLTEMİZ WEB SİTESİ ÖĞRENCİ AĞI AMFİ PROGRAMINA BAKINIZ,,
Time Table 2,11 Mart 2026 Çarşamba,10:10,10:50,2-Histology of cornea - sclera - ciliary body and choroid / Doç. Dr. Tuğba KOTİL (Prof. Dr. Sibel KÖKTÜRK),NERVE AND SENSE I / HİSTOLOJİ VE EMBRİYOLOJİ AD.,FAKÜLTEMİZ WEB SİTESİ ÖĞRENCİ AĞI AMFİ PROGRAMINA BAKINIZ,,
Time Table 2,11 Mart 2026 Çarşamba,11:00,11:40,16-Cerebral ventricles and dural venous sinuses/ Dr.Öğr. Üyesi (Doç. Dr.) Özcan GAYRETLİ (Prof. Dr. Ayşin KALE),NERVE AND SENSE I / ANATOMİ AD.,FAKÜLTEMİZ WEB SİTESİ ÖĞRENCİ AĞI AMFİ PROGRAMINA BAKINIZ,,
Time Table 2,11 Mart 2026 Çarşamba,11:50,12:30,17-Anatomy of the Ear I / Dr.Öğr. Üyesi Osman COŞKUN (Prof. Dr. Ayşin KALE),NERVE AND SENSE I / ANATOMİ AD.,FAKÜLTEMİZ WEB SİTESİ ÖĞRENCİ AĞI AMFİ PROGRAMINA BAKINIZ,,
Time Table 2,11 Mart 2026 Çarşamba,12:30,13:30,lunch break,,,,
Time Table 2,11 Mart 2026 Çarşamba,13:30,14:10,Elective Courses - 3,,FAKÜLTEMİZ WEB SİTESİ ÖĞRENCİ AĞI SEÇMELİ DERS AMFİ PROGRAMINA BAKINIZ,,
Time Table 2,11 Mart 2026 Çarşamba,14:20,15:00,Elective Courses - 3,,FAKÜLTEMİZ WEB SİTESİ ÖĞRENCİ AĞI SEÇMELİ DERS AMFİ PROGRAMINA BAKINIZ,,
Time Table 2,11 Mart 2026 Çarşamba,15:10,15:50,Elective Courses - 3,,FAKÜLTEMİZ WEB SİTESİ ÖĞRENCİ AĞI SEÇMELİ DERS AMFİ PROGRAMINA BAKINIZ,,
Time Table 2,11 Mart 2026 Çarşamba,16:00,17:30,pdö - Telafi,,,,
Time Table 2,12 Mart 2026 Perşembe,08:30,09:10,INTRODUCTION TO SCIENTIFIC RESEARCH Measurement errors - loss of information theoretical sources of error and bias (Bias'lar) /Dr. Öğr. Üyesi Sevda ÖZEL YILDIZ (Dr.Başak GÜRTEKİN ) (Türkçe Tıp ile ortak ders),DİKEY KORİDOR II DİLİMİ / BİYOİSTATİSTİK AD.,FAKÜLTEMİZ WEB SİTESİ ÖĞRENCİ AĞI AMFİ PROGRAMINA BAKINIZ,,
Time Table 2,12 Mart 2026 Perşembe,09:20,10:00,1-Transduction properties in vision system / Doç. Dr. BAŞAK GÜNÇER (Doç. Dr.  Bilge ÖZERMAN EDİS),NERVE AND SENSE I / BİYOFİZİK AD.,FAKÜLTEMİZ WEB SİTESİ ÖĞRENCİ AĞI AMFİ PROGRAMINA BAKINIZ,,
Time Table 2,12 Mart 2026 Perşembe,10:10,10:50,2-Transduction properties in auditory system / Doç. Dr.  Bilge ÖZERMAN EDİS (Doç. Dr. BAŞAK GÜNÇER),NERVE AND SENSE I / BİYOFİZİK AD.,FAKÜLTEMİZ WEB SİTESİ ÖĞRENCİ AĞI AMFİ PROGRAMINA BAKINIZ,,
Time Table 2,12 Mart 2026 Perşembe,11:00,11:40,18-Anatomy of the Ear II / Dr.Öğr. Üyesi Osman COŞKUN (Prof. Dr. Ayşin KALE),NERVE AND SENSE I / ANATOMİ AD.,FAKÜLTEMİZ WEB SİTESİ ÖĞRENCİ AĞI AMFİ PROGRAMINA BAKINIZ,,
Time Table 2,12 Mart 2026 Perşembe,11:50,12:30,19-Anatomy of the Ear III / Dr.Öğr. Üyesi Osman COŞKUN (Prof. Dr. Ayşin KALE),NERVE AND SENSE I / ANATOMİ AD.,FAKÜLTEMİZ WEB SİTESİ ÖĞRENCİ AĞI AMFİ PROGRAMINA BAKINIZ,,
Time Table 2,12 Mart 2026 Perşembe,12:30,13:30,lunch break,,,,
Time Table 2,12 Mart 2026 Perşembe,13:30,14:20,DISSECTION (7/17),NERVE AND SENSE I / ANATOMİ AD.,ANATOMİ AD. LABORATUVARI,,
Time Table 2,12 Mart 2026 Perşembe,14:30,15:20,DISSECTION (7/17),NERVE AND SENSE I / ANATOMİ AD.,ANATOMİ AD. LABORATUVARI,,
Time Table 2,12 Mart 2026 Perşembe,15:30,16:20,DISSECTION (7/17),NERVE AND SENSE I / ANATOMİ AD.,ANATOMİ AD. LABORATUVARI,,
Time Table 2,13 Mart 2026 Cuma,08:30,10:20,pdö - Telafi,,,,
Time Table 2,13 Mart 2026 Cuma,10:30,12:20,LABORATORY SKILLS ( Simulated Patient History Taking- i3),,,,
Time Table 2,13 Mart 2026 Cuma,13:30,16:20,FREE TIME,,,,
Time Table 2,16 Mart 2026 Pazartesi,08:30,09:10,FREE TIME,,,,
Time Table 2,16 Mart 2026 Pazartesi,09:20,10:00,FREE TIME,,,,
Time Table 2,16 Mart 2026 Pazartesi,10:10,10:50,FREE TIME,,,,
Time Table 2,16 Mart 2026 Pazartesi,11:00,11:40,20-Anatomy of the Eye I / Dr.Öğr. Üyesi (Doç. Dr.) Özcan GAYRETLİ (Dr.Öğr. Üyesi Osman COŞKUN),NERVE AND SENSE I / ANATOMİ AD.,FAKÜLTEMİZ WEB SİTESİ ÖĞRENCİ AĞI AMFİ PROGRAMINA BAKINIZ,,
Time Table 2,16 Mart 2026 Pazartesi,11:50,12:30,21-Anatomy of the Eye II / Dr.Öğr. Üyesi (Doç. Dr.) Özcan GAYRETLİ (Dr.Öğr. Üyesi Osman COŞKUN),NERVE AND SENSE I / ANATOMİ AD.,FAKÜLTEMİZ WEB SİTESİ ÖĞRENCİ AĞI AMFİ PROGRAMINA BAKINIZ,,
Time Table 2,16 Mart 2026 Pazartesi,12:30,13:30,lunch break,,,,
Time Table 2,16 Mart 2026 Pazartesi,13:30,15:20,LABORATORY SKILLS (PHYSIOLOGY 1) İ1 - (HISTOLOGY AND EMBRYOLOGY 1) İ2,NERVE AND SENSE I,FAKÜLTEMİZ WEB SİTESİ ÖĞRENCİ AĞI AMFİ PROGRAMINA BAKINIZ,,
Time Table 2,16 Mart 2026 Pazartesi,15:30,16:10,"INTRODUCTION TO SCIENTIFIC RESEARCH Explaining causality, data quality, and biostatistical evaluation applications. / Dr. Öğr. Üyesi Mehmet Güven Günver (Prof. Dr. Eray Yurtseven)(Türkçe Tıp ile ortak ders)",DİKEY KORİDOR II DİLİMİ / BİYOİSTATİSTİK AD.,FAKÜLTEMİZ WEB SİTESİ ÖĞRENCİ AĞI AMFİ PROGRAMINA BAKINIZ,,
Time Table 2,17 Mart 2026 Salı,08:30,09:10,FREE TIME,,,,
Time Table 2,17 Mart 2026 Salı,09:20,10:00,3-Histology of retina / Doç. Dr. Tuğba KOTİL (Prof. Dr. Sibel KÖKTÜRK),NERVE AND SENSE I / HİSTOLOJİ VE EMBRİYOLOJİ AD.,FAKÜLTEMİZ WEB SİTESİ ÖĞRENCİ AĞI AMFİ PROGRAMINA BAKINIZ,,
Time Table 2,17 Mart 2026 Salı,10:30,12:20,LABORATORY SKILLS - (HISTOLOGY AND EMBRYOLOGY 1) İ1,NERVE AND SENSE I,FAKÜLTEMİZ WEB SİTESİ ÖĞRENCİ AĞI AMFİ PROGRAMINA BAKINIZ,,
Time Table 2,17 Mart 2026 Salı,12:30,13:30,lunch break,,,,
Time Table 2,17 Mart 2026 Salı,13:30,14:20,DISSECTION (8/17),NERVE AND SENSE I / ANATOMİ AD.,ANATOMİ AD. LABORATUVARI,,
Time Table 2,17 Mart 2026 Salı,14:30,15:20,DISSECTION (8/17),NERVE AND SENSE I / ANATOMİ AD.,ANATOMİ AD. LABORATUVARI,,
Time Table 2,17 Mart 2026 Salı,15:30,16:20,DISSECTION (8/17),NERVE AND SENSE I / ANATOMİ AD.,ANATOMİ AD. LABORATUVARI,,
Time Table 2,18 Mart 2026 Çarşamba,08:30,09:10,FREE TIME,,,,
Time Table 2,18 Mart 2026 Çarşamba,09:20,10:00,3- Neuronal Circuits for Processing Information / Prof. Dr. Müge DEVRİM ÜÇOK (Prof. Dr. Ali Sarper DİLER),NERVE AND SENSE I / FİZYOLOJİ AD.,FAKÜLTEMİZ WEB SİTESİ ÖĞRENCİ AĞI AMFİ PROGRAMINA BAKINIZ,,
Time Table 2,18 Mart 2026 Çarşamba,10:10,10:50,4- Somatic Sensations / Prof. Dr. Müge DEVRİM ÜÇOK (Prof. Dr. Ali Sarper DİLER),NERVE AND SENSE I / FİZYOLOJİ AD.,FAKÜLTEMİZ WEB SİTESİ ÖĞRENCİ AĞI AMFİ PROGRAMINA BAKINIZ,,
Time Table 2,18 Mart 2026 Çarşamba,11:00,11:40,22-Introduction to the anatomy of the peripheral nervous system / Prof. Dr. Ayşin KALE (Dr.Öğr. Üyesi Osman COŞKUN),NERVE AND SENSE I / ANATOMİ AD.,FAKÜLTEMİZ WEB SİTESİ ÖĞRENCİ AĞI AMFİ PROGRAMINA BAKINIZ,,
Time Table 2,18 Mart 2026 Çarşamba,11:50,12:30,23-Cervical plexus / Prof. Dr. Ayşin KALE (Dr.Öğr. Üyesi Osman COŞKUN),NERVE AND SENSE I / ANATOMİ AD.,FAKÜLTEMİZ WEB SİTESİ ÖĞRENCİ AĞI AMFİ PROGRAMINA BAKINIZ,,
Time Table 2,18 Mart 2026 Çarşamba,12:30,13:30,lunch break,,,,
Time Table 2,18 Mart 2026 Çarşamba,13:30,14:10,Elective Courses - 4,,FAKÜLTEMİZ WEB SİTESİ ÖĞRENCİ AĞI SEÇMELİ DERS AMFİ PROGRAMINA BAKINIZ,,
Time Table 2,18 Mart 2026 Çarşamba,14:20,15:00,Elective Courses - 4,,FAKÜLTEMİZ WEB SİTESİ ÖĞRENCİ AĞI SEÇMELİ DERS AMFİ PROGRAMINA BAKINIZ,,
Time Table 2,18 Mart 2026 Çarşamba,15:10,15:50,Elective Courses - 4,,FAKÜLTEMİZ WEB SİTESİ ÖĞRENCİ AĞI SEÇMELİ DERS AMFİ PROGRAMINA BAKINIZ,,
Time Table 2,19 Mart 2026 Perşembe,08:30,12:20,FREE TIME,,,,
Time Table 2,19 Mart 2026 Perşembe,,,RAMAZAN BAYRAMI ARİFESİ,,,,
Time Table 2,20 Mart 2026 Cuma,,,RAMAZAN BAYRAMI ,,,,
Time Table 2,23 Mart 2026 Pazartesi,08:30,10:20,LABORATORY SKILLS ( Simulated Patient History Taking- i1 Exam ),,,,
Time Table 2,23 Mart 2026 Pazartesi,11:00,11:40,24-Brachial plexus-I / Prof. Dr. Ayşin KALE (Dr.Öğr. Üyesi Osman COŞKUN),NERVE AND SENSE I / ANATOMİ AD.,FAKÜLTEMİZ WEB SİTESİ ÖĞRENCİ AĞI AMFİ PROGRAMINA BAKINIZ,,
Time Table 2,23 Mart 2026 Pazartesi,11:50,12:30,25-Brachial plexus-II / Prof. Dr. Ayşin KALE (Dr.Öğr. Üyesi Osman COŞKUN),NERVE AND SENSE I / ANATOMİ AD.,FAKÜLTEMİZ WEB SİTESİ ÖĞRENCİ AĞI AMFİ PROGRAMINA BAKINIZ,,
Time Table 2,23 Mart 2026 Pazartesi,12:30,13:30,lunch break,,,,
Time Table 2,23 Mart 2026 Pazartesi,13:30,15:20,LABORATORY SKILLS (PHYSIOLOGY 2) İ1 - (HISTOLOGY AND EMBRYOLOGY 2) İ2,NERVE AND SENSE I,,,
Time Table 2,24 Mart 2026 Salı,08:30,09:10,5- Optics of Vision / Prof. Dr. Müge DEVRİM ÜÇOK (Prof. Dr. Güher SARUHAN DİRESKENELİ),NERVE AND SENSE I / FİZYOLOJİ AD.,FAKÜLTEMİZ WEB SİTESİ ÖĞRENCİ AĞI AMFİ PROGRAMINA BAKINIZ,,
Time Table 2,24 Mart 2026 Salı,09:20,10:00,6- Receptor and Neural Function of the Retina / Prof. Dr. Müge DEVRİM ÜÇOK (Prof. Dr. Güher SARUHAN DİRESKENELİ),NERVE AND SENSE I / FİZYOLOJİ AD.,FAKÜLTEMİZ WEB SİTESİ ÖĞRENCİ AĞI AMFİ PROGRAMINA BAKINIZ,,
Time Table 2,24 Mart 2026 Salı,10:10,10:50,26-Thoracic spinal nerves / Prof. Dr. Ayşin KALE (Dr.Öğr. Üyesi Osman COŞKUN),NERVE AND SENSE I / ANATOMİ AD.,FAKÜLTEMİZ WEB SİTESİ ÖĞRENCİ AĞI AMFİ PROGRAMINA BAKINIZ,,
Time Table 2,24 Mart 2026 Salı,11:00,11:40,FREE TIME,,,,
Time Table 2,24 Mart 2026 Salı,11:50,12:30,FREE TIME,,,,
Time Table 2,24 Mart 2026 Salı,12:30,13:30,lunch break,,,,
Time Table 2,24 Mart 2026 Salı,13:30,14:20,DISSECTION (9/17),NERVE AND SENSE I / ANATOMİ AD.,ANATOMİ AD. LABORATUVARI,,
Time Table 2,24 Mart 2026 Salı,14:30,15:20,DISSECTION (9/17),NERVE AND SENSE I / ANATOMİ AD.,ANATOMİ AD. LABORATUVARI,,
Time Table 2,24 Mart 2026 Salı,15:30,16:20,DISSECTION (9/17),NERVE AND SENSE I / ANATOMİ AD.,ANATOMİ AD. LABORATUVARI,,
Time Table 2,25 Mart 2026 Çarşamba,08:30,09:10,"INTRODUCTION TO SCIENTIFIC RESEARCH Artificial Intelligence, Medicine and the Future-1 Prof. Dr. Zeynep SOLAKOĞLU( (Türkçe Tıp ile ortak ders)",DİKEY KORİDOR II DİLİMİ / TIP EĞİTİMİ AD.,FAKÜLTEMİZ WEB SİTESİ ÖĞRENCİ AĞI AMFİ PROGRAMINA BAKINIZ,,
Time Table 2,25 Mart 2026 Çarşamba,09:20,10:00,6-Histology of middle and external ear /Prof. Dr. Sibel KÖKTÜRK (Doç. Dr. Tuğba KOTİL),NERVE AND SENSE I / HİSTOLOJİ VE EMBRİYOLOJİ AD.,FAKÜLTEMİZ WEB SİTESİ ÖĞRENCİ AĞI AMFİ PROGRAMINA BAKINIZ,,
Time Table 2,25 Mart 2026 Çarşamba,10:10,10:50,7-Development of nervous system - neurulation / Doç. Dr. Tuğba KOTİL (Dr.Öğr.Üyesi Tuğba EKİZ YILMAZ),NERVE AND SENSE I / HİSTOLOJİ VE EMBRİYOLOJİ AD.,FAKÜLTEMİZ WEB SİTESİ ÖĞRENCİ AĞI AMFİ PROGRAMINA BAKINIZ,,
Time Table 2,25 Mart 2026 Çarşamba,11:00,11:40,27-Lumbar plexus / Prof. Dr. Ayşin KALE (Dr.Öğr. Üyesi Osman COŞKUN),NERVE AND SENSE I / ANATOMİ AD.,FAKÜLTEMİZ WEB SİTESİ ÖĞRENCİ AĞI AMFİ PROGRAMINA BAKINIZ,,
Time Table 2,25 Mart 2026 Çarşamba,11:50,12:30,28-Sacral and coccygeal plexus / Prof. Dr. Ayşin KALE (Dr.Öğr. Üyesi Osman COŞKUN),NERVE AND SENSE I / ANATOMİ AD.,FAKÜLTEMİZ WEB SİTESİ ÖĞRENCİ AĞI AMFİ PROGRAMINA BAKINIZ,,
Time Table 2,25 Mart 2026 Çarşamba,12:30,13:30,lunch break,,,,
Time Table 2,25 Mart 2026 Çarşamba,13:30,14:10,Elective Courses - 5,,FAKÜLTEMİZ WEB SİTESİ ÖĞRENCİ AĞI SEÇMELİ DERS AMFİ PROGRAMINA BAKINIZ,,
Time Table 2,25 Mart 2026 Çarşamba,14:20,15:00,Elective Courses - 5,,FAKÜLTEMİZ WEB SİTESİ ÖĞRENCİ AĞI SEÇMELİ DERS AMFİ PROGRAMINA BAKINIZ,,
Time Table 2,25 Mart 2026 Çarşamba,15:10,15:50,Elective Courses - 5,,FAKÜLTEMİZ WEB SİTESİ ÖĞRENCİ AĞI SEÇMELİ DERS AMFİ PROGRAMINA BAKINIZ,,
Time Table 2,26 Mart 2026 Perşembe,08:30,09:10,FREE TIME,,,,
Time Table 2,26 Mart 2026 Perşembe,09:20,10:00,FREE TIME,,,,
Time Table 2,26 Mart 2026 Perşembe,10:10,10:50,FREE TIME,,,,
Time Table 2,26 Mart 2026 Perşembe,11:00,11:40,7- Central Neurophysiology of Vision / Prof. Dr. Müge DEVRİM ÜÇOK (Prof. Dr. Güher SARUHAN DİRESKENELİ),NERVE AND SENSE I / FİZYOLOJİ AD.,FAKÜLTEMİZ WEB SİTESİ ÖĞRENCİ AĞI AMFİ PROGRAMINA BAKINIZ,,
Time Table 2,26 Mart 2026 Perşembe,11:50,12:30,8- Color and Depth Vison / Prof. Dr. Müge DEVRİM ÜÇOK (Prof. Dr. Güher SARUHAN DİRESKENELİ),NERVE AND SENSE I / FİZYOLOJİ AD.,FAKÜLTEMİZ WEB SİTESİ ÖĞRENCİ AĞI AMFİ PROGRAMINA BAKINIZ,,
Time Table 2,26 Mart 2026 Perşembe,12:30,13:30,lunch break,,,,
Time Table 2,26 Mart 2026 Perşembe,13:30,14:20,DISSECTION (10/17),NERVE AND SENSE I / ANATOMİ AD.,ANATOMİ AD. LABORATUVARI,,
Time Table 2,26 Mart 2026 Perşembe,14:30,15:20,DISSECTION (10/17),NERVE AND SENSE I / ANATOMİ AD.,ANATOMİ AD. LABORATUVARI,,
Time Table 2,26 Mart 2026 Perşembe,15:30,16:20,DISSECTION (10/17),NERVE AND SENSE I / ANATOMİ AD.,ANATOMİ AD. LABORATUVARI,,
Time Table 2,27 Mart 2026 Cuma,08:30,09:10,"INTRODUCTION TO SCIENTIFIC RESEARCH Artificial Intelligence, Medicine and the Future-2 Prof. Dr. Zeynep SOLAKOĞLU( (Türkçe Tıp ile ortak ders)",DİKEY KORİDOR II DİLİMİ / TIP EĞİTİMİ AD.,FAKÜLTEMİZ WEB SİTESİ ÖĞRENCİ AĞI AMFİ PROGRAMINA BAKINIZ,,
Time Table 2,27 Mart 2026 Cuma,09:20,10:00,"INTRODUCTION TO SCIENTIFIC RESEARCH Artificial Intelligence, Medicine and the Future-3 Prof. Dr. Zeynep SOLAKOĞLU( (Türkçe Tıp ile ortak ders)",DİKEY KORİDOR II DİLİMİ / TIP EĞİTİMİ AD.,FAKÜLTEMİZ WEB SİTESİ ÖĞRENCİ AĞI AMFİ PROGRAMINA BAKINIZ,,
Time Table 2,27 Mart 2026 Cuma,10:10,10:50,FREE TIME,,,,
Time Table 2,27 Mart 2026 Cuma,14:00,15:30,FREE TIME,,,,
Time Table 2,30 Mart 2026 Pazartesi,08:30,09:10,FREE TIME,,,,
Time Table 2,30 Mart 2026 Pazartesi,09:20,10:00,FREE TIME,,,,
Time Table 2,30 Mart 2026 Pazartesi,10:10,10:50,8-Development of spinal cord / Doç. Dr. Tuğba KOTİL (Dr.Öğr.Üyesi Tuğba EKİZ YILMAZ),NERVE AND SENSE I / HİSTOLOJİ VE EMBRİYOLOJİ AD.,FAKÜLTEMİZ WEB SİTESİ ÖĞRENCİ AĞI AMFİ PROGRAMINA BAKINIZ,,
Time Table 2,30 Mart 2026 Pazartesi,11:00,11:40,9-Development of forebrain - midbrain - hindbrain / Doç. Dr. Tuğba KOTİL (Dr.Öğr.Üyesi Tuğba EKİZ YILMAZ),NERVE AND SENSE I / HİSTOLOJİ VE EMBRİYOLOJİ AD.,FAKÜLTEMİZ WEB SİTESİ ÖĞRENCİ AĞI AMFİ PROGRAMINA BAKINIZ,,
Time Table 2,30 Mart 2026 Pazartesi,11:50,12:30,9- Functional Structure of the Ear / Prof. Dr. Müge DEVRİM ÜÇOK (Prof. Dr. Güher SARUHAN DİRESKENELİ),NERVE AND SENSE I / FİZYOLOJİ AD.,FAKÜLTEMİZ WEB SİTESİ ÖĞRENCİ AĞI AMFİ PROGRAMINA BAKINIZ,,
Time Table 2,30 Mart 2026 Pazartesi,12:30,13:30,lunch break,,,,
Time Table 2,30 Mart 2026 Pazartesi,13:30,14:10,3-Processing of sound waves in ear / Doç. Dr.  Bilge ÖZERMAN EDİS (Doç. Dr. BAŞAK GÜNÇER),NERVE AND SENSE I / BİYOFİZİK AD.,FAKÜLTEMİZ WEB SİTESİ ÖĞRENCİ AĞI AMFİ PROGRAMINA BAKINIZ,,
Time Table 2,30 Mart 2026 Pazartesi,14:20,15:00,4-Auditory Biophysics / Doç. Dr.  Bilge ÖZERMAN EDİS (Doç. Dr. BAŞAK GÜNÇER),NERVE AND SENSE I / BİYOFİZİK AD.,FAKÜLTEMİZ WEB SİTESİ ÖĞRENCİ AĞI AMFİ PROGRAMINA BAKINIZ,,
Time Table 2,30 Mart 2026 Pazartesi,15:10,15:50,"INTRODUCTION TO SCIENTIFIC RESEARCH Artificial Intelligence, Medicine and the Future-4 Prof. Dr. Zeynep SOLAKOĞLU( (Türkçe Tıp ile ortak ders)",DİKEY KORİDOR II DİLİMİ / TIP EĞİTİMİ AD.,FAKÜLTEMİZ WEB SİTESİ ÖĞRENCİ AĞI AMFİ PROGRAMINA BAKINIZ,,
Time Table 2,30 Mart 2026 Pazartesi,16:00,16:40,Anatomi Ek Ders (Doç. Dr. Özcan GAYRETLİ ) Türkçe tıp ile ortak,,,,
Time Table 2,31 Mart 2026 Salı,08:30,10:20,LABORATORY SKILLS (PHYSIOLOGY 1) İ2,NERVE AND SENSE I,,,
Time Table 2,31 Mart 2026 Salı,11:00,11:40,10- The Sense of Hearing / Prof. Dr. Müge DEVRİM ÜÇOK (Prof. Dr. Güher SARUHAN DİRESKENELİ),NERVE AND SENSE I / FİZYOLOJİ AD.,FAKÜLTEMİZ WEB SİTESİ ÖĞRENCİ AĞI AMFİ PROGRAMINA BAKINIZ,,
Time Table 2,31 Mart 2026 Salı,11:50,12:20,11- The Chemical Senses—Taste and Smell / Prof. Dr. Müge DEVRİM ÜÇOK (Prof. Dr. Güher SARUHAN DİRESKENELİ),NERVE AND SENSE I / FİZYOLOJİ AD.,FAKÜLTEMİZ WEB SİTESİ ÖĞRENCİ AĞI AMFİ PROGRAMINA BAKINIZ,,
Time Table 2,31 Mart 2026 Salı,12:30,13:30,lunch break,,,,
Time Table 2,31 Mart 2026 Salı,13:30,14:20,DISSECTION (11/17),NERVE AND SENSE I / ANATOMİ AD.,ANATOMİ AD. LABORATUVARI,,
Time Table 2,31 Mart 2026 Salı,14:30,15:20,DISSECTION (11/17),NERVE AND SENSE I / ANATOMİ AD.,ANATOMİ AD. LABORATUVARI,,
Time Table 2,31 Mart 2026 Salı,15:30,16:20,DISSECTION (11/17),NERVE AND SENSE I / ANATOMİ AD.,ANATOMİ AD. LABORATUVARI,,
Time Table 2,1 Nisan 2026 Çarşamba,08:30,09:10,FREE TIME,,,,
Time Table 2,1 Nisan 2026 Çarşamba,09:20,10:00,4-Development of ear / Prof. Dr. Sibel KÖKTÜRK (Doç. Dr. Tuğba KOTİL),NERVE AND SENSE I / HİSTOLOJİ VE EMBRİYOLOJİ AD.,FAKÜLTEMİZ WEB SİTESİ ÖĞRENCİ AĞI AMFİ PROGRAMINA BAKINIZ,,
Time Table 2,1 Nisan 2026 Çarşamba,10:10,10:50,5-Histology of internal ear / Prof. Dr. Sibel KÖKTÜRK (Doç. Dr. Tuğba KOTİL),NERVE AND SENSE I / HİSTOLOJİ VE EMBRİYOLOJİ AD.,FAKÜLTEMİZ WEB SİTESİ ÖĞRENCİ AĞI AMFİ PROGRAMINA BAKINIZ,,
Time Table 2,1 Nisan 2026 Çarşamba,11:00,11:40,29-Cranial nerves 1 - 2 - 3 / Prof. Dr. Ayşin KALE (Dr.Öğr. Üyesi Osman COŞKUN),NERVE AND SENSE I / ANATOMİ AD.,FAKÜLTEMİZ WEB SİTESİ ÖĞRENCİ AĞI AMFİ PROGRAMINA BAKINIZ,,
Time Table 2,1 Nisan 2026 Çarşamba,11:50,12:30,30-Cranial nerves 4 - 5 - 6 / Prof. Dr. Ayşin KALE (Dr.Öğr. Üyesi Osman COŞKUN),NERVE AND SENSE I / ANATOMİ AD.,FAKÜLTEMİZ WEB SİTESİ ÖĞRENCİ AĞI AMFİ PROGRAMINA BAKINIZ,,
Time Table 2,1 Nisan 2026 Çarşamba,12:30,13:30,lunch break,,,,
Time Table 2,1 Nisan 2026 Çarşamba,13:30,14:10,Elective Courses - 6,,FAKÜLTEMİZ WEB SİTESİ ÖĞRENCİ AĞI SEÇMELİ DERS AMFİ PROGRAMINA BAKINIZ,,
Time Table 2,1 Nisan 2026 Çarşamba,14:20,15:00,Elective Courses - 6,,FAKÜLTEMİZ WEB SİTESİ ÖĞRENCİ AĞI SEÇMELİ DERS AMFİ PROGRAMINA BAKINIZ,,
Time Table 2,1 Nisan 2026 Çarşamba,15:10,15:50,Elective Courses - 6,,FAKÜLTEMİZ WEB SİTESİ ÖĞRENCİ AĞI SEÇMELİ DERS AMFİ PROGRAMINA BAKINIZ,,
Time Table 2,1 Nisan 2026 Çarşamba,16:00,16:40,Anatomi Ek Ders (Prof. Dr. Ayşin KALE) ,,,,
Time Table 2,2 Nisan 2026 Perşembe,08:30,09:10,FREE TIME,,,,
Time Table 2,2 Nisan 2026 Perşembe,10:00,12:00,FREE TIME,,,,
Time Table 2,2 Nisan 2026 Perşembe,13:30,14:20,DISSECTION (12/17),NERVE AND SENSE I / ANATOMİ AD.,ANATOMİ AD. LABORATUVARI,,
Time Table 2,2 Nisan 2026 Perşembe,14:30,15:20,DISSECTION (12/17),NERVE AND SENSE I / ANATOMİ AD.,ANATOMİ AD. LABORATUVARI,,
Time Table 2,2 Nisan 2026 Perşembe,15:30,16:20,DISSECTION (12/17),NERVE AND SENSE I / ANATOMİ AD.,ANATOMİ AD. LABORATUVARI,,
Time Table 2,3 Nisan 2026 Cuma,08:30,09:10,FREE TIME,,,,
Time Table 2,3 Nisan 2026 Cuma,09:00,10:00,Anatomi Ek Ders (Prof. Dr. Ayşin KALE) ,,,,
Time Table 2,3 Nisan 2026 Cuma,10:10,10:50,12- Motor Functions of the Spinal Cord / Prof. Dr. Tamer DEMİRALP (Prof. Dr. Müge DEVRİM ÜÇOK),NERVE AND SENSE I / FİZYOLOJİ AD.,FAKÜLTEMİZ WEB SİTESİ ÖĞRENCİ AĞI AMFİ PROGRAMINA BAKINIZ,,
Time Table 2,3 Nisan 2026 Cuma,11:00,11:40,13- Spinal Cord Reflexes / Prof. Dr. Tamer DEMİRALP (Prof. Dr. Müge DEVRİM ÜÇOK),NERVE AND SENSE I / FİZYOLOJİ AD.,FAKÜLTEMİZ WEB SİTESİ ÖĞRENCİ AĞI AMFİ PROGRAMINA BAKINIZ,,
Time Table 2,3 Nisan 2026 Cuma,11:50,12:30,Anatomi Ek Ders (Prof. Dr. Ayşin KALE) ,NERVE AND SENSE I / ANATOMİ AD.,,,
Time Table 2,3 Nisan 2026 Cuma,12:30,13:30,lunch break,,,,
Time Table 2,3 Nisan 2026 Cuma,14:00,15:50,LABORATORY SKILLS (PHYSIOLOGY 2) İ2 - (HISTOLOGY AND EMBRYOLOGY 2) İ1,NERVE AND SENSE I,,,
Time Table 2,3 Nisan 2026 Cuma,16:00,16:40,FREE TIME,,,,
Time Table 2,6 Nisan 2026 Pazartesi,08:30,10:20,LABORATORY SKILLS ( Simulated Patient History Taking- İ2 Exam),,,,
Time Table 2,6 Nisan 2026 Pazartesi,11:00,11:40,31-Cranial nerves 7 - 8 - 9 / Prof. Dr. Ayşin KALE (Dr.Öğr. Üyesi Osman COŞKUN),NERVE AND SENSE I / ANATOMİ AD.,FAKÜLTEMİZ WEB SİTESİ ÖĞRENCİ AĞI AMFİ PROGRAMINA BAKINIZ,,
Time Table 2,6 Nisan 2026 Pazartesi,11:50,12:30,32-Cranial nerves 10 - 11 - 12 / Prof. Dr. Ayşin KALE (Dr.Öğr. Üyesi Osman COŞKUN),NERVE AND SENSE I / ANATOMİ AD.,FAKÜLTEMİZ WEB SİTESİ ÖĞRENCİ AĞI AMFİ PROGRAMINA BAKINIZ,,
Time Table 2,6 Nisan 2026 Pazartesi,12:30,13:30,lunch break,,,,
Time Table 2,6 Nisan 2026 Pazartesi,13:30,15:20,LABORATORY SKILLS ( Simulated Patient History Taking- i3 Exam),,,,
Time Table 2,6 Nisan 2026 Pazartesi,13:30,15:20,Anatomi Ek Ders (Prof. Dr. Ayşin KALE) ,NERVE AND SENSE I / ANATOMİ AD.,,,
Time Table 2,7 Nisan 2026 Salı,09:00,10:30,Anatomi Ek Ders (Prof. Dr. Ayşin KALE) ,NERVE AND SENSE I / ANATOMİ AD.,,,
Time Table 2,7 Nisan 2026 Salı,11:00,11:40,14- Spinal Shock and Spinal Cord Injuries / Prof. Dr. Ali Sarper DİLER (Prof. Dr. Tamer DEMİRALP),NERVE AND SENSE I / FİZYOLOJİ AD.,FAKÜLTEMİZ WEB SİTESİ ÖĞRENCİ AĞI AMFİ PROGRAMINA BAKINIZ,,
Time Table 2,7 Nisan 2026 Salı,11:50,12:30,15- Cortical Control of Motor Function / Prof. Dr. Tamer DEMİRALP (Prof. Dr. Ali Sarper DİLER),NERVE AND SENSE I / FİZYOLOJİ AD.,FAKÜLTEMİZ WEB SİTESİ ÖĞRENCİ AĞI AMFİ PROGRAMINA BAKINIZ,,
Time Table 2,7 Nisan 2026 Salı,12:30,13:30,lunch break,,,,
Time Table 2,7 Nisan 2026 Salı,13:30,14:20,DISSECTION (13/17),NERVE AND SENSE I / ANATOMİ AD.,ANATOMİ AD. LABORATUVARI,,
Time Table 2,7 Nisan 2026 Salı,14:30,15:20,DISSECTION (13/17),NERVE AND SENSE I / ANATOMİ AD.,ANATOMİ AD. LABORATUVARI,,
Time Table 2,7 Nisan 2026 Salı,15:30,16:20,DISSECTION (13/17),NERVE AND SENSE I / ANATOMİ AD.,ANATOMİ AD. LABORATUVARI,,
Time Table 2,8 Nisan 2026 Çarşamba,08:30,09:10,FREE TIME,,,,
Time Table 2,8 Nisan 2026 Çarşamba,09:20,10:00,16- Brain Stem Control of Motor Function / Prof. Dr. Tamer DEMİRALP (Prof. Dr. Ali Sarper DİLER),NERVE AND SENSE I / FİZYOLOJİ AD.,FAKÜLTEMİZ WEB SİTESİ ÖĞRENCİ AĞI AMFİ PROGRAMINA BAKINIZ,,
Time Table 2,8 Nisan 2026 Çarşamba,10:10,10:50,17- Contribution of the cerebellum to motor control / Prof. Dr. Tamer DEMİRALP (Prof. Dr. Ali Sarper DİLER),NERVE AND SENSE I / FİZYOLOJİ AD.,FAKÜLTEMİZ WEB SİTESİ ÖĞRENCİ AĞI AMFİ PROGRAMINA BAKINIZ,,
Time Table 2,8 Nisan 2026 Çarşamba,11:00,11:40,33-Nervous System and Acupuncture Points / Prof. Dr. Ayşin KALE (Dr.Öğr. Üyesi (Doç. Dr.) Özcan GAYRETLİ),NERVE AND SENSE I / ANATOMİ AD.,FAKÜLTEMİZ WEB SİTESİ ÖĞRENCİ AĞI AMFİ PROGRAMINA BAKINIZ,,
Time Table 2,8 Nisan 2026 Çarşamba,11:50,12:30,34-Autonomic nervous system I / Prof. Dr. Ayşin KALE (Dr.Öğr. Üyesi Osman COŞKUN),NERVE AND SENSE I / ANATOMİ AD.,FAKÜLTEMİZ WEB SİTESİ ÖĞRENCİ AĞI AMFİ PROGRAMINA BAKINIZ,,
Time Table 2,8 Nisan 2026 Çarşamba,12:30,13:30,lunch break,,,,
Time Table 2,8 Nisan 2026 Çarşamba,13:30,14:10,Elective Courses - 7,,FAKÜLTEMİZ WEB SİTESİ ÖĞRENCİ AĞI SEÇMELİ DERS AMFİ PROGRAMINA BAKINIZ,,
Time Table 2,8 Nisan 2026 Çarşamba,14:20,15:00,Elective Courses - 7,,FAKÜLTEMİZ WEB SİTESİ ÖĞRENCİ AĞI SEÇMELİ DERS AMFİ PROGRAMINA BAKINIZ,,
Time Table 2,8 Nisan 2026 Çarşamba,15:10,15:50,Elective Courses - 7,,FAKÜLTEMİZ WEB SİTESİ ÖĞRENCİ AĞI SEÇMELİ DERS AMFİ PROGRAMINA BAKINIZ,,
Time Table 2,9 Nisan 2026 Perşembe,08:30,09:10,FREE TIME,,,,
Time Table 2,9 Nisan 2026 Perşembe,09:20,10:00,14-Histology of peripheral and autonomic nervous systems  / Doç. Dr. Tuğba KOTİL (Dr.Öğr.Üyesi Tuğba EKİZ YILMAZ),NERVE AND SENSE I / HİSTOLOJİ VE EMBRİYOLOJİ AD.,FAKÜLTEMİZ WEB SİTESİ ÖĞRENCİ AĞI AMFİ PROGRAMINA BAKINIZ,,
Time Table 2,9 Nisan 2026 Perşembe,10:10,10:50,18- Contribution of the basal nuclei to motor control / Prof. Dr. Tamer DEMİRALP (Prof. Dr. Ali Sarper DİLER),NERVE AND SENSE I / FİZYOLOJİ AD.,FAKÜLTEMİZ WEB SİTESİ ÖĞRENCİ AĞI AMFİ PROGRAMINA BAKINIZ,,
Time Table 2,9 Nisan 2026 Perşembe,11:00,11:40,"19- Cerebral Blood Flow, Blood-Brain Barrier / Prof. Dr. Tamer DEMİRALP (Prof. Dr. Ali Sarper DİLER)",NERVE AND SENSE I / FİZYOLOJİ AD.,FAKÜLTEMİZ WEB SİTESİ ÖĞRENCİ AĞI AMFİ PROGRAMINA BAKINIZ,,
Time Table 2,9 Nisan 2026 Perşembe,11:50,12:30,35-Autonomic nervous system II / Prof. Dr. Ayşin KALE (Dr.Öğr. Üyesi Osman COŞKUN),NERVE AND SENSE I / ANATOMİ AD.,FAKÜLTEMİZ WEB SİTESİ ÖĞRENCİ AĞI AMFİ PROGRAMINA BAKINIZ,,
Time Table 2,9 Nisan 2026 Perşembe,12:30,13:30,lunch break,,,,
Time Table 2,9 Nisan 2026 Perşembe,13:30,14:20,DISSECTION (14/17),NERVE AND SENSE I / ANATOMİ AD.,ANATOMİ AD. LABORATUVARI,,
Time Table 2,9 Nisan 2026 Perşembe,14:30,15:10,DISSECTION (14/17),NERVE AND SENSE I / ANATOMİ AD.,ANATOMİ AD. LABORATUVARI,,
Time Table 2,9 Nisan 2026 Perşembe,15:20,16:00,DISSECTION (14/17),NERVE AND SENSE I / ANATOMİ AD.,ANATOMİ AD. LABORATUVARI,,
Time Table 2,10 Nisan 2026 Cuma,08:30,09:10,FREE TIME,,,,
Time Table 2,10 Nisan 2026 Cuma,09:00,09:50,Anatomi Ek Ders (Prof. Dr. Ayşin KALE) ,NERVE AND SENSE I / ANATOMİ AD.,FAKÜLTEMİZ WEB SİTESİ ÖĞRENCİ AĞI AMFİ PROGRAMINA BAKINIZ,,
Time Table 2,10 Nisan 2026 Cuma,10:10,10:50,20- Cerebrospinal Fluid and Brain Metabolism / Prof. Dr. Tamer DEMİRALP (Prof. Dr. Ali Sarper DİLER),NERVE AND SENSE I / FİZYOLOJİ AD.,FAKÜLTEMİZ WEB SİTESİ ÖĞRENCİ AĞI AMFİ PROGRAMINA BAKINIZ,,
Time Table 2,10 Nisan 2026 Cuma,11:00,11:40,21- Limbic System / Prof. Dr. Tamer DEMİRALP (Prof. Dr. Ali Sarper DİLER),NERVE AND SENSE I / FİZYOLOJİ AD.,FAKÜLTEMİZ WEB SİTESİ ÖĞRENCİ AĞI AMFİ PROGRAMINA BAKINIZ,,
Time Table 2,10 Nisan 2026 Cuma,11:50,12:30,1-Norogenetics: genes effective in the development of central nervous system / Dr. Öğr. Üyesi Tuğba Kalaycı (Doç. Dr. Ayça  Dilruba ASLANGER),NERVE AND SENSE I / TIBBİ GENETİK AD.,FAKÜLTEMİZ WEB SİTESİ ÖĞRENCİ AĞI AMFİ PROGRAMINA BAKINIZ,,
Time Table 2,10 Nisan 2026 Cuma,12:30,13:30,lunch break,,,,
Time Table 2,10 Nisan 2026 Cuma,14:00,14:40,10-Development of cerebellum /Doç. Dr. Tuğba KOTİL (Dr.Öğr.Üyesi Tuğba EKİZ YILMAZ),NERVE AND SENSE I / HİSTOLOJİ VE EMBRİYOLOJİ AD.,FAKÜLTEMİZ WEB SİTESİ ÖĞRENCİ AĞI AMFİ PROGRAMINA BAKINIZ,,
Time Table 2,10 Nisan 2026 Cuma,14:50,15:30,11-Development of peripheral and autonomic nervous systems / Doç. Dr. Tuğba KOTİL (Dr.Öğr.Üyesi Tuğba EKİZ YILMAZ),NERVE AND SENSE I / HİSTOLOJİ VE EMBRİYOLOJİ AD.,FAKÜLTEMİZ WEB SİTESİ ÖĞRENCİ AĞI AMFİ PROGRAMINA BAKINIZ,,
Time Table 2,10 Nisan 2026 Cuma,15:40,16:20,FREE TIME,,,,
Time Table 2,13 Nisan 2026 Pazartesi,08:30,10:20,LABORATORY SKILLS  Team Work İ2,DİKEY KORİDOR II DİLİMİ,,,
Time Table 2,13 Nisan 2026 Pazartesi,11:00,11:40,36-Autonomic nervous system III / Prof. Dr. Ayşin KALE (Dr.Öğr. Üyesi Osman COŞKUN),NERVE AND SENSE I / ANATOMİ AD.,FAKÜLTEMİZ WEB SİTESİ ÖĞRENCİ AĞI AMFİ PROGRAMINA BAKINIZ,,
Time Table 2,13 Nisan 2026 Pazartesi,11:50,12:30,37-Autonomic nervous system IV / Prof. Dr. Ayşin KALE (Dr.Öğr. Üyesi Osman COŞKUN),NERVE AND SENSE I / ANATOMİ AD.,FAKÜLTEMİZ WEB SİTESİ ÖĞRENCİ AĞI AMFİ PROGRAMINA BAKINIZ,,
Time Table 2,13 Nisan 2026 Pazartesi,13:30,15:00,"Integrated Session - Brain Activity States, Disorders of Consciousness and Coma / Prof. Dr. Tamer DEMİRALP - Prof. Dr.  Nilüfer YEŞİLOT (Türkçe Tıp ile ortak ders)",NERVE AND SENSE I / FİZYOLOJİ AD. - NÖROLOJİ AD.,FAKÜLTEMİZ WEB SİTESİ ÖĞRENCİ AĞI AMFİ PROGRAMINA BAKINIZ,,
Time Table 2,13 Nisan 2026 Pazartesi,15:10,16:00,Ek Ders -Anatomi (Prof. Dr. Ayşin KALE),NERVE AND SENSE I / ANATOMİ AD.,FAKÜLTEMİZ WEB SİTESİ ÖĞRENCİ AĞI AMFİ PROGRAMINA BAKINIZ,,
Time Table 2,13 Nisan 2026 Pazartesi,16:00,16:40,FREE TIME,,,,
Time Table 2,14 Nisan 2026 Salı,8:30,10:20,LABORATORY SKILLS  Team Work İ3,DİKEY KORİDOR II DİLİMİ,,,
Time Table 2,14 Nisan 2026 Salı,10:30,11:10,12-Histology of  Cerebrum / Doç. Dr. Tuğba KOTİL (Dr.Öğr.Üyesi Tuğba EKİZ YILMAZ),NERVE AND SENSE I / HİSTOLOJİ VE EMBRİYOLOJİ AD.,FAKÜLTEMİZ WEB SİTESİ ÖĞRENCİ AĞI AMFİ PROGRAMINA BAKINIZ,,
Time Table 2,14 Nisan 2026 Salı,11:20,12:00,13-Histology of cerebellum /Doç. Dr. Tuğba KOTİL (Dr.Öğr.Üyesi Tuğba EKİZ YILMAZ),NERVE AND SENSE I / HİSTOLOJİ VE EMBRİYOLOJİ AD.,FAKÜLTEMİZ WEB SİTESİ ÖĞRENCİ AĞI AMFİ PROGRAMINA BAKINIZ,,
Time Table 2,14 Nisan 2026 Salı,12:30,13:30,lunch break,,,,
Time Table 2,14 Nisan 2026 Salı,13:30,14:20,DISSECTION (15/17),NERVE AND SENSE I / ANATOMİ AD.,ANATOMİ AD. LABORATUVARI,,
Time Table 2,14 Nisan 2026 Salı,14:30,15:20,DISSECTION (15/17),NERVE AND SENSE I / ANATOMİ AD.,ANATOMİ AD. LABORATUVARI,,
Time Table 2,14 Nisan 2026 Salı,15:30,16:20,DISSECTION (15/17),NERVE AND SENSE I / ANATOMİ AD.,ANATOMİ AD. LABORATUVARI,,
Time Table 2,15 Nisan 2026 Çarşamba,08:30,10:20,FREE TIME,,,,
Time Table 2,15 Nisan 2026 Çarşamba,10:30,11:10,38-Anatomy of the Eye III / Dr.Öğr. Üyesi (Doç. Dr.) Özcan GAYRETLİ (Dr.Öğr. Üyesi Osman COŞKUN),NERVE AND SENSE I / ANATOMİ AD.,FAKÜLTEMİZ WEB SİTESİ ÖĞRENCİ AĞI AMFİ PROGRAMINA BAKINIZ,,
Time Table 2,15 Nisan 2026 Çarşamba,11:20,12:00,39- General information about skin / Prof. Dr. Ayşin KALE (Dr.Öğr. Üyesi Osman COŞKUN),NERVE AND SENSE I / ANATOMİ AD.,FAKÜLTEMİZ WEB SİTESİ ÖĞRENCİ AĞI AMFİ PROGRAMINA BAKINIZ,,
Time Table 2,15 Nisan 2026 Çarşamba,12:30,13:30,lunch break,,,,
Time Table 2,15 Nisan 2026 Çarşamba,13:30,14:10,Elective Courses - 8,,FAKÜLTEMİZ WEB SİTESİ ÖĞRENCİ AĞI SEÇMELİ DERS AMFİ PROGRAMINA BAKINIZ,,
Time Table 2,15 Nisan 2026 Çarşamba,14:20,15:00,Elective Courses - 8,,FAKÜLTEMİZ WEB SİTESİ ÖĞRENCİ AĞI SEÇMELİ DERS AMFİ PROGRAMINA BAKINIZ,,
Time Table 2,15 Nisan 2026 Çarşamba,15:10,15:50,Elective Courses - 8,,FAKÜLTEMİZ WEB SİTESİ ÖĞRENCİ AĞI SEÇMELİ DERS AMFİ PROGRAMINA BAKINIZ,,
Time Table 2,16 Nisan 2026 Perşembe,08:30,10:20,LABORATORY SKILLS  Team Work İ5,DİKEY KORİDOR II DİLİMİ,,,
Time Table 2,16 Nisan 2026 Perşembe,10:30,12:20,LABORATORY SKILLS (PHYSIOLOGY 3) İ1,NERVE AND SENSE I,,,
Time Table 2,16 Nisan 2026 Perşembe,12:30,13:30,lunch break,,,,
Time Table 2,16 Nisan 2026 Perşembe,13:30,14:10,40-Appendices of the skin and breasts / Prof. Dr. Ayşin KALE (Dr.Öğr. Üyesi Osman COŞKUN),NERVE AND SENSE I / ANATOMİ AD.,FAKÜLTEMİZ WEB SİTESİ ÖĞRENCİ AĞI AMFİ PROGRAMINA BAKINIZ,,
Time Table 2,16 Nisan 2026 Perşembe,14:20,15:00,Anatomi Ek Ders (Prof. Dr. Ayşin KALE) ,NERVE AND SENSE I / ANATOMİ AD.,FAKÜLTEMİZ WEB SİTESİ ÖĞRENCİ AĞI AMFİ PROGRAMINA BAKINIZ,,
Time Table 2,16 Nisan 2026 Perşembe,15:10,15:50,22- Hypothalamus / Prof. Dr. Tamer DEMİRALP (Prof. Dr. Ali Sarper DİLER),NERVE AND SENSE I / FİZYOLOJİ AD.,FAKÜLTEMİZ WEB SİTESİ ÖĞRENCİ AĞI AMFİ PROGRAMINA BAKINIZ,,
Time Table 2,16 Nisan 2026 Perşembe,16:00,16:40,23- Metabolism and Regulation of the Body Temperature / Prof. Dr. Tamer DEMİRALP (Prof. Dr. Ali Sarper DİLER),NERVE AND SENSE I / FİZYOLOJİ AD.,FAKÜLTEMİZ WEB SİTESİ ÖĞRENCİ AĞI AMFİ PROGRAMINA BAKINIZ,,
Time Table 2,17 Nisan 2026 Cuma,08:30,09:10,41-Regions of Head-I / Dr.Öğr. Üyesi (Doç. Dr.) Özcan GAYRETLİ (Dr.Öğr. Üyesi Osman COŞKUN),NERVE AND SENSE I / ANATOMİ AD.,FAKÜLTEMİZ WEB SİTESİ ÖĞRENCİ AĞI AMFİ PROGRAMINA BAKINIZ,,
Time Table 2,17 Nisan 2026 Cuma,09:20,10:10,42-Regions of Head II / Dr.Öğr. Üyesi (Doç. Dr.) Özcan GAYRETLİ (Dr.Öğr. Üyesi Osman COŞKUN),NERVE AND SENSE I / ANATOMİ AD.,FAKÜLTEMİZ WEB SİTESİ ÖĞRENCİ AĞI AMFİ PROGRAMINA BAKINIZ,,
Time Table 2,17 Nisan 2026 Cuma,10:30,12:20,LABORATORY SKILLS (PHYSIOLOGY 4) (Türkçe Tıp ile ortak ders),NERVE AND SENSE I,FAKÜLTEMİZ WEB SİTESİ ÖĞRENCİ AĞI AMFİ PROGRAMINA BAKINIZ,,
Time Table 2,17 Nisan 2026 Cuma,14:00,15:30,integrated session  Epilepsy /Doç. Dr. Pınar TOPALOĞLU( Dr. Öğr. Üyesi Mine SEZGİN) - Prof. Dr. Tamer DEMİRALP (Prof. Dr. Müge DEVRİM ÜÇOK) (Türkçe Tıp ile ortak ders),NERVE AND SENSE I / FİZYOLOJİ AD. - NÖROLOJİ AD.,FAKÜLTEMİZ WEB SİTESİ ÖĞRENCİ AĞI AMFİ PROGRAMINA BAKINIZ,,
Time Table 2,17 Nisan 2026 Cuma,15:40,16:20,24- Cerebral Cortex / Prof. Dr. Tamer DEMİRALP (Prof. Dr. Müge DEVRİM ÜÇOK),NERVE AND SENSE I / FİZYOLOJİ AD.,FAKÜLTEMİZ WEB SİTESİ ÖĞRENCİ AĞI AMFİ PROGRAMINA BAKINIZ,,
Time Table 2,20 Nisan 2026 Pazartesi,08:30,10:20,LABORATORY SKILLS PREVENTION OF HOSPITAL INFECTIONS  İ1 + İ2,,MİKROBİYOLOJİ BÖLÜMÜ LABORATUVARLARI,,
Time Table 2,20 Nisan 2026 Pazartesi,11:00,12:30,integrated session  Central and peripheral nervous system disorders with cases / Prof. Dr. Elif KOCASOY ORHAN - Doç. Dr. Bedia SAMANCI -Dr. Öğrt. Üyesi Ahmed Serkan EMEKLİ - Doç. Dr. Esme EKİZOĞLU TURGUT (Türkçe Tıp ile ortak ders),NERVE AND SENSE I / NÖROLOJİ AD.,FAKÜLTEMİZ WEB SİTESİ ÖĞRENCİ AĞI AMFİ PROGRAMINA BAKINIZ,,
Time Table 2,20 Nisan 2026 Pazartesi,12:30,13:30,lunch break,,,,
Time Table 2,20 Nisan 2026 Pazartesi,13:30,15:20,LABORATORY SKILLS  ,MEDICAL SKILLS LABORATORY II ,,,
Time Table 2,21 Nisan 2026 Salı,08:30,09:10,25- Intellectual Functions of the Brain - Learning - and Memory / Prof. Dr. Tamer DEMİRALP (Prof. Dr. Müge DEVRİM ÜÇOK),NERVE AND SENSE I / FİZYOLOJİ AD.,FAKÜLTEMİZ WEB SİTESİ ÖĞRENCİ AĞI AMFİ PROGRAMINA BAKINIZ,,
Time Table 2,21 Nisan 2026 Salı,09:20,10:00,26- States of brain activity - brain stem reticular formation / Prof. Dr. Tamer DEMİRALP (Prof. Dr. Müge DEVRİM ÜÇOK),NERVE AND SENSE I / FİZYOLOJİ AD.,FAKÜLTEMİZ WEB SİTESİ ÖĞRENCİ AĞI AMFİ PROGRAMINA BAKINIZ,,
Time Table 2,21 Nisan 2026 Salı,10:30,12:20,LABORATORY SKILLS (PHYSIOLOGY 3) İ2,NERVE AND SENSE I,,,
Time Table 2,21 Nisan 2026 Salı,12:30,13:30,lunch break,,,,
Time Table 2,21 Nisan 2026 Salı,13:30,14:20,DISSECTION (16/17),NERVE AND SENSE I / ANATOMİ AD.,ANATOMİ AD. LABORATUVARI,,
Time Table 2,21 Nisan 2026 Salı,14:30,15:20,DISSECTION (16/17),NERVE AND SENSE I / ANATOMİ AD.,ANATOMİ AD. LABORATUVARI,,
Time Table 2,21 Nisan 2026 Salı,15:30,16:20,DISSECTION (16/17),NERVE AND SENSE I / ANATOMİ AD.,ANATOMİ AD. LABORATUVARI,,
Time Table 2,22 Nisan 2026 Çarşamba,08:45,10:20,Ek Der Anatomi (Prof. Dr. Ayşin KALE),NERVE AND SENSE I / ANATOMİ AD.,FAKÜLTEMİZ WEB SİTESİ ÖĞRENCİ AĞI AMFİ PROGRAMINA BAKINIZ,,
Time Table 2,22 Nisan 2026 Çarşamba,11:00,11:40,27- Autonomic Nervous System I / Prof. Dr. Tamer DEMİRALP (Prof. Dr. Müge DEVRİM ÜÇOK),NERVE AND SENSE I / FİZYOLOJİ AD.,FAKÜLTEMİZ WEB SİTESİ ÖĞRENCİ AĞI AMFİ PROGRAMINA BAKINIZ,,
Time Table 2,22 Nisan 2026 Çarşamba,11:50,12:30,28- Autonomic Nervous System II / Prof. Dr. Tamer DEMİRALP (Prof. Dr. Müge DEVRİM ÜÇOK),NERVE AND SENSE I / FİZYOLOJİ AD.,FAKÜLTEMİZ WEB SİTESİ ÖĞRENCİ AĞI AMFİ PROGRAMINA BAKINIZ,,
Time Table 2,22 Nisan 2026 Çarşamba,12:30,13:30,lunch break,,,,
Time Table 2,22 Nisan 2026 Çarşamba,13:30,14:10,Elective Courses - 9,,FAKÜLTEMİZ WEB SİTESİ ÖĞRENCİ AĞI SEÇMELİ DERS AMFİ PROGRAMINA BAKINIZ,,
Time Table 2,22 Nisan 2026 Çarşamba,14:20,15:00,Elective Courses - 9,,FAKÜLTEMİZ WEB SİTESİ ÖĞRENCİ AĞI SEÇMELİ DERS AMFİ PROGRAMINA BAKINIZ,,
Time Table 2,22 Nisan 2026 Çarşamba,15:10,15:50,Elective Courses - 9,,FAKÜLTEMİZ WEB SİTESİ ÖĞRENCİ AĞI SEÇMELİ DERS AMFİ PROGRAMINA BAKINIZ,,
Time Table 2,23 Nisan 2026 Perşembe,,,ULUSAL EGEMENLİK VE ÇOCUK BAYRAMI,,,,
Time Table 2,24 Nisan 2026 Cuma,08:30,12:20,FREE TIME,,,,
Time Table 2,24 Nisan 2026 Cuma,14:00,16:20,FREE TIME,,,,
Time Table 2,27 Nisan 2026 Pazartesi,08:30,10:20,FREE TIME,,,,
Time Table 2,27 Nisan 2026 Pazartesi,10:30,11:10,FREE TIME,,,,
Time Table 2,27 Nisan 2026 Pazartesi,11:20,12:00,FREE TIME,,,,
Time Table 2,27 Nisan 2026 Pazartesi,14:00,16:20,FREE TIME,,,,
Time Table 2,28 Nisan 2026 Salı,08:30,09:10,FREE TIME,,,,
Time Table 2,28 Nisan 2026 Salı,09:20,10:00,Ek Der Anatomi (Doç. Dr. Özcan GAYRETLİ),NERVE AND SENSE I / ANATOMİ AD.,FAKÜLTEMİZ WEB SİTESİ ÖĞRENCİ AĞI AMFİ PROGRAMINA BAKINIZ,,
Time Table 2,28 Nisan 2026 Salı,10:10,10:50,43-Triangles of the neck / Dr.Öğr. Üyesi (Doç. Dr.) Özcan GAYRETLİ (Dr.Öğr. Üyesi Osman COŞKUN),NERVE AND SENSE I / ANATOMİ AD.,FAKÜLTEMİZ WEB SİTESİ ÖĞRENCİ AĞI AMFİ PROGRAMINA BAKINIZ,,
Time Table 2,28 Nisan 2026 Salı,11:00,11:40,44-Cervical compartments / Dr.Öğr. Üyesi (Doç. Dr.) Özcan GAYRETLİ (Dr.Öğr. Üyesi Osman COŞKUN),NERVE AND SENSE I / ANATOMİ AD.,FAKÜLTEMİZ WEB SİTESİ ÖĞRENCİ AĞI AMFİ PROGRAMINA BAKINIZ,,
Time Table 2,28 Nisan 2026 Salı,11:50,12:30,29- Nervous System Injuries - Regeneration and Reorganization / Prof. Dr. Tamer DEMİRALP (Prof. Dr. Müge DEVRİM ÜÇOK),NERVE AND SENSE I / FİZYOLOJİ AD.,FAKÜLTEMİZ WEB SİTESİ ÖĞRENCİ AĞI AMFİ PROGRAMINA BAKINIZ,,
Time Table 2,28 Nisan 2026 Salı,12:30,13:30,Istanbul Faculty of Medicine Integrated Doctorate of Medicine Program Introduction,,FAKÜLTEMİZ WEB SİTESİ ÖĞRENCİ AĞI AMFİ PROGRAMINA BAKINIZ,,
Time Table 2,28 Nisan 2026 Salı,13:30,14:20,DISSECTION (17/17),NERVE AND SENSE I / ANATOMİ AD.,ANATOMİ AD. LABORATUVARI,,
Time Table 2,28 Nisan 2026 Salı,14:30,15:20,DISSECTION (17/17),NERVE AND SENSE I / ANATOMİ AD.,ANATOMİ AD. LABORATUVARI,,
Time Table 2,28 Nisan 2026 Salı,15:30,16:20,DISSECTION (17/17),NERVE AND SENSE I / ANATOMİ AD.,ANATOMİ AD. LABORATUVARI,,
Time Table 2,29 Nisan 2026 Çarşamba,08:30,10:20,LABORATORY SKILLS  Team Work İ1,DİKEY KORİDOR II DİLİMİ,,,
Time Table 2,29 Nisan 2026 Çarşamba,11:00,11:40,30-Measuring Brain Functions / Prof. Dr. Tamer DEMİRALP (Prof. Dr. Müge DEVRİM ÜÇOK),NERVE AND SENSE I / FİZYOLOJİ AD.,FAKÜLTEMİZ WEB SİTESİ ÖĞRENCİ AĞI AMFİ PROGRAMINA BAKINIZ,,
Time Table 2,29 Nisan 2026 Çarşamba,11:50,12:30,Ek Ders- Prof. Dr. Tamer DEMİRALP,NERVE AND SENSE I / FİZYOLOJİ AD.,FAKÜLTEMİZ WEB SİTESİ ÖĞRENCİ AĞI AMFİ PROGRAMINA BAKINIZ,,
Time Table 2,29 Nisan 2026 Çarşamba,12:30,13:30,lunch break,,,,
Time Table 2,29 Nisan 2026 Çarşamba,13:30,14:10,Elective Courses - 10,,FAKÜLTEMİZ WEB SİTESİ ÖĞRENCİ AĞI SEÇMELİ DERS AMFİ PROGRAMINA BAKINIZ,,
Time Table 2,29 Nisan 2026 Çarşamba,14:20,15:00,Elective Courses - 10,,FAKÜLTEMİZ WEB SİTESİ ÖĞRENCİ AĞI SEÇMELİ DERS AMFİ PROGRAMINA BAKINIZ,,
Time Table 2,29 Nisan 2026 Çarşamba,15:10,15:50,Elective Courses - 10,,FAKÜLTEMİZ WEB SİTESİ ÖĞRENCİ AĞI SEÇMELİ DERS AMFİ PROGRAMINA BAKINIZ,,
Time Table 2,30 Nisan 2026 Perşembe,08:30,12:30,FREE TIME,,,,
Time Table 2,30 Nisan 2026 Perşembe,13:30,16:20,FREE TIME,,,,
Time Table 2,1 Mayıs 2026 Cuma,,,LABOR DAY,,,,
Time Table 2,4 Mayıs 2026 Pazartesi,13:00,15:00,EXAMINATION,NERVE AND SENSE I - MEDICAL SKILLS LABORATORY II (BİLİMSEL ARAŞTIRMAYA GİRİŞ),,,
Time Table 2,5 Mayıs 2026 Salı,08:30,10:20,LABORATORY SKILLS ,MEDICAL SKILLS LABORATORY II ,,,
Time Table 2,5 Mayıs 2026 Salı,10:30,12:20,LABORATORY SKILLS  Team Work İ4,DİKEY KORİDOR II DİLİMİ,,,
Time Table 2,5 Mayıs 2026 Salı,12:30,13:30,lunch break,,,,
Time Table 2,5 Mayıs 2026 Salı,13:30,14:10,1-Introduction to pathology / Prof. Dr. Yasemin Özlük (Doç.Dr.Gökçen Ünverengil),PATHOLOGY AND INTRODUCTION TO CLINICS / TIBBİ PATOLOJİ AD.,FAKÜLTEMİZ WEB SİTESİ ÖĞRENCİ AĞI AMFİ PROGRAMINA BAKINIZ,,
Time Table 2,5 Mayıs 2026 Salı,14:20,15:00,2-Cell growth - maturation and differentiation / Dr.Öğr.Gör.Sidar BAĞBUDAR (Dr. Öğr. Gör. Ali Yılmaz Altay),PATHOLOGY AND INTRODUCTION TO CLINICS / TIBBİ PATOLOJİ AD.,FAKÜLTEMİZ WEB SİTESİ ÖĞRENCİ AĞI AMFİ PROGRAMINA BAKINIZ,,
Time Table 2,5 Mayıs 2026 Salı,15:10,15:50,FREE TIME,,,,
Time Table 2,5 Mayıs 2026 Salı,16:00,16:40,FREE TIME,,,,
Time Table 2,6 Mayıs 2026 Çarşamba,08:30,09:10,FREE TIME,,,,
Time Table 2,6 Mayıs 2026 Çarşamba,09:20,10:00,"1-Introduction to Pharmacology, basic principles / Prof. Dr. A.Pınar Yamantürk ÇELİK(Prof. Dr. A. Yağız ÜRESİN)",PATHOLOGY AND INTRODUCTION TO CLINICS / TIBBİ FARMAKOLOJİ AD.,FAKÜLTEMİZ WEB SİTESİ ÖĞRENCİ AĞI AMFİ PROGRAMINA BAKINIZ,,
Time Table 2,6 Mayıs 2026 Çarşamba,10:10,10:50,2-Absorption of drugs / Uzm.Dr. Zinnet EREN (Prof. Dr. Ayşe Pınar YAMANTÜRK ÇELİK),PATHOLOGY AND INTRODUCTION TO CLINICS / TIBBİ FARMAKOLOJİ AD.,FAKÜLTEMİZ WEB SİTESİ ÖĞRENCİ AĞI AMFİ PROGRAMINA BAKINIZ,,
Time Table 2,6 Mayıs 2026 Çarşamba,11:00,11:40,"1-Disinfection,Antisepsi and Sterilization (DAS) Aplication in Hospitals (DAS) / Assoc.Prof. Yaşar Nakipoğlu (Assoc.Prof. Gonca Erköse Genç)",PATHOLOGY AND INTRODUCTION TO CLINICS / TIBBİ MİKROBİYOLOJİ AD.,FAKÜLTEMİZ WEB SİTESİ ÖĞRENCİ AĞI AMFİ PROGRAMINA BAKINIZ,,
Time Table 2,6 Mayıs 2026 Çarşamba,11:50,12:30,2-Staphylococcus - Streptococcus and Enterococcus spp. / Prof. Dr. Lütfiye ÖKSÜZ (Prof. Dr. Zerrin AKTAŞ),PATHOLOGY AND INTRODUCTION TO CLINICS / TIBBİ MİKROBİYOLOJİ AD.,FAKÜLTEMİZ WEB SİTESİ ÖĞRENCİ AĞI AMFİ PROGRAMINA BAKINIZ,,
Time Table 2,6 Mayıs 2026 Çarşamba,12:30,13:30,lunch break,,,,
Time Table 2,6 Mayıs 2026 Çarşamba,13:30,14:10,Elective Courses - 11,,FAKÜLTEMİZ WEB SİTESİ ÖĞRENCİ AĞI SEÇMELİ DERS AMFİ PROGRAMINA BAKINIZ,,
Time Table 2,6 Mayıs 2026 Çarşamba,14:20,15:00,Elective Courses - 11,,FAKÜLTEMİZ WEB SİTESİ ÖĞRENCİ AĞI SEÇMELİ DERS AMFİ PROGRAMINA BAKINIZ,,
Time Table 2,6 Mayıs 2026 Çarşamba,15:10,15:50,Elective Courses - 11,,FAKÜLTEMİZ WEB SİTESİ ÖĞRENCİ AĞI SEÇMELİ DERS AMFİ PROGRAMINA BAKINIZ,,
Time Table 2,7 Mayıs 2026 Perşembe,08:30,10:20,LABORATORY SKILLS (Pathology 1) İ1 + İ2,PATHOLOGY AND INTRODUCTION TO CLINICS,,,
Time Table 2,7 Mayıs 2026 Perşembe,11:00,11:40,3-Bacillus - Corynebacterium and Listeria spp / Prof. Dr. Zerrin AKTAŞ (Doç. Dr. Deniz Bahar AKGÜN KARAPINAR),PATHOLOGY AND INTRODUCTION TO CLINICS / TIBBİ MİKROBİYOLOJİ AD.,FAKÜLTEMİZ WEB SİTESİ ÖĞRENCİ AĞI AMFİ PROGRAMINA BAKINIZ,,
Time Table 2,7 Mayıs 2026 Perşembe,11:50,12:30,FREE TIME,,,,
Time Table 2,7 Mayıs 2026 Perşembe,12:30,13:30,lunch break,,,,
Time Table 2,7 Mayıs 2026 Perşembe,13:30,14:10,FREE TIME,,,,
Time Table 2,7 Mayıs 2026 Perşembe,14:20,15:00,Terminology Microbiology terms /  Prof. Dr. Serap Şimşek YAVUZ (Prof. Dr. A. Atahan ÇAĞATAY)  (Türkçe ile ortak),PATOLOJİLERE VE KLİNİĞE GİRİŞ DİLİMİ / ENFEKSİYON HASTALIKLARI VE KLİNİK MİKROBİYOLOJİ AD.,FAKÜLTEMİZ WEB SİTESİ ÖĞRENCİ AĞI AMFİ PROGRAMINA BAKINIZ,,
Time Table 2,7 Mayıs 2026 Perşembe,15:10,15:50,3-Routes of drug administration /  Uzm.Dr. Zinnet EREN  (Prof. Dr. Ayşe Pınar YAMANTÜRK ÇELİK),PATHOLOGY AND INTRODUCTION TO CLINICS / TIBBİ FARMAKOLOJİ AD.,FAKÜLTEMİZ WEB SİTESİ ÖĞRENCİ AĞI AMFİ PROGRAMINA BAKINIZ,,
Time Table 2,7 Mayıs 2026 Perşembe,16:00,16:40,4-Distribution of drugs /  Uzm.Dr. Burak AYDIN  (Prof. Dr. Ayşe Pınar YAMANTÜRK ÇELİK),PATHOLOGY AND INTRODUCTION TO CLINICS / TIBBİ FARMAKOLOJİ AD.,FAKÜLTEMİZ WEB SİTESİ ÖĞRENCİ AĞI AMFİ PROGRAMINA BAKINIZ,,
Time Table 2,8 Mayıs 2026 Cuma,08:30,09:10,3-Causes of cell injury and cell death / Öğr.Gör.Dr.Sidar Bağbudar(Dr. Öğr. Gör. Ali Yılmaz Altay),PATHOLOGY AND INTRODUCTION TO CLINICS / TIBBİ PATOLOJİ AD.,FAKÜLTEMİZ WEB SİTESİ ÖĞRENCİ AĞI AMFİ PROGRAMINA BAKINIZ,,
Time Table 2,8 Mayıs 2026 Cuma,09:20,10:00,4-Necrosis - apoptosis / Öğr.Gör.Dr.Sidar Bağbudar (Dr. Öğr. Gör. Ali Yılmaz Altay),PATHOLOGY AND INTRODUCTION TO CLINICS / TIBBİ PATOLOJİ AD.,FAKÜLTEMİZ WEB SİTESİ ÖĞRENCİ AĞI AMFİ PROGRAMINA BAKINIZ,,
Time Table 2,8 Mayıs 2026 Cuma,10:10,10:50,6-Pseudomonas - Burkholderia - Stenotrophomonas and Acinetobacter spp / Assoc.Prof. Yaşar Nakipoğlu (Assoc.Prof. Gonca Erköse Genç),PATHOLOGY AND INTRODUCTION TO CLINICS / TIBBİ MİKROBİYOLOJİ AD.,FAKÜLTEMİZ WEB SİTESİ ÖĞRENCİ AĞI AMFİ PROGRAMINA BAKINIZ,,
Time Table 2,8 Mayıs 2026 Cuma,11:00,11:40,5-Cellular adaptation and intracellular deposits / Dr.Öğr.Gör.Sidar BAĞBUDAR (Dr. Öğr. Gör. Ali Yılmaz Altay),PATHOLOGY AND INTRODUCTION TO CLINICS / TIBBİ PATOLOJİ AD.,FAKÜLTEMİZ WEB SİTESİ ÖĞRENCİ AĞI AMFİ PROGRAMINA BAKINIZ,,
Time Table 2,8 Mayıs 2026 Cuma,11:50,12:30,6-Amiloidosis / Dr.Öğr.Gör. Doğu VURALLI BAKKALOĞLU (Dr. Öğr. Gör. Ali Yılmaz Altay),PATHOLOGY AND INTRODUCTION TO CLINICS / TIBBİ PATOLOJİ AD.,FAKÜLTEMİZ WEB SİTESİ ÖĞRENCİ AĞI AMFİ PROGRAMINA BAKINIZ,,
Time Table 2,8 Mayıs 2026 Cuma,12:30,14:00,lunch break,,,,
Time Table 2,8 Mayıs 2026 Cuma,14:00,14:40,5-Metabolism of drugs / Uzm.Dr. Burak AYDIN  (Prof. Dr. Ayşe Pınar YAMANTÜRK ÇELİK),PATHOLOGY AND INTRODUCTION TO CLINICS / TIBBİ FARMAKOLOJİ AD.,FAKÜLTEMİZ WEB SİTESİ ÖĞRENCİ AĞI AMFİ PROGRAMINA BAKINIZ,,
Time Table 2,8 Mayıs 2026 Cuma,14:50,15:30,6-Elimination of drugs / Uzm.Dr. Burak AYDIN  (Prof. Dr. Ayşe Pınar YAMANTÜRK ÇELİK),PATHOLOGY AND INTRODUCTION TO CLINICS / TIBBİ FARMAKOLOJİ AD.,FAKÜLTEMİZ WEB SİTESİ ÖĞRENCİ AĞI AMFİ PROGRAMINA BAKINIZ,,
Time Table 2,8 Mayıs 2026 Cuma,15:40,16:20,FREE TIME,,,,
Time Table 2,11 Mayıs 2026 Pazartesi,08:30,10:20,LABORATORY SKILLS  Team Work - Make Up,DİKEY KORİDOR II DİLİMİ,,,
Time Table 2,11 Mayıs 2026 Pazartesi,10:30,12:20,Integrated session  Animal bites and poisonings in terms of human health / Prof. Dr. Özden BORAL Arthropods - spiders - tick and mites - dipteras - and myiasis / Prof. Dr. Özden BORAL Arthropod - snake - and fish poisonings / Prof. Dr. Vakur Azmi AKKAYA Arthropods - Insects - Flies - and their control (Türkçe Tıp ile ortak ders),PATHOLOGY AND INTRODUCTION TO CLINICS / TIBBİ MİKROBİYOLOJİ AD. - İÇ HASTALIKLARI AD. ,FAKÜLTEMİZ WEB SİTESİ ÖĞRENCİ AĞI AMFİ PROGRAMINA BAKINIZ,,
Time Table 2,11 Mayıs 2026 Pazartesi,12:30,13:30,lunch break,,,,
Time Table 2,11 Mayıs 2026 Pazartesi,13:30,14:10,7-Haemophilus - Bordetella and Pasteurella spp. / Prof. Dr. Zerrin AKTAŞ (Doç. Dr. Deniz Bahar AKGÜN KARAPINAR),PATHOLOGY AND INTRODUCTION TO CLINICS / TIBBİ MİKROBİYOLOJİ AD.,FAKÜLTEMİZ WEB SİTESİ ÖĞRENCİ AĞI AMFİ PROGRAMINA BAKINIZ,,
Time Table 2,11 Mayıs 2026 Pazartesi,14:20,15:00,8-Anaerobic bacteria-1 / Prof. Dr. Lütfiye ÖKSÜZ (Prof. Dr. Zerrin AKTAŞ),PATHOLOGY AND INTRODUCTION TO CLINICS / TIBBİ MİKROBİYOLOJİ AD.,FAKÜLTEMİZ WEB SİTESİ ÖĞRENCİ AĞI AMFİ PROGRAMINA BAKINIZ,,
Time Table 2,11 Mayıs 2026 Pazartesi,15:10,15:50,FREE TIME,,,,
Time Table 2,11 Mayıs 2026 Pazartesi,16:00,16:40,FREE TIME,,,,
Time Table 2,12 Mayıs 2026 Salı,08:30,09:10,9-Anaerobic bacteria-2 / Prof. Dr. Lütfiye ÖKSÜZ (Prof. Dr. Zerrin AKTAŞ),PATHOLOGY AND INTRODUCTION TO CLINICS / TIBBİ MİKROBİYOLOJİ AD.,FAKÜLTEMİZ WEB SİTESİ ÖĞRENCİ AĞI AMFİ PROGRAMINA BAKINIZ,,
Time Table 2,12 Mayıs 2026 Salı,09:20,10:00,10-Borrelia - Leptospira and Spirillum spp / Prof. Dr. Zerrin AKTAŞ (Prof.  Dr. Lütfiye ÖKSÜZ),PATHOLOGY AND INTRODUCTION TO CLINICS / TIBBİ MİKROBİYOLOJİ AD.,FAKÜLTEMİZ WEB SİTESİ ÖĞRENCİ AĞI AMFİ PROGRAMINA BAKINIZ,,
Time Table 2,12 Mayıs 2026 Salı,10:30,12:20,LABORATORY SKILLS (Microbiology 1) İ1,PATHOLOGY AND INTRODUCTION TO CLINICS / TIBBİ MİKROBİYOLOJİ AD.,FAKÜLTEMİZ WEB SİTESİ ÖĞRENCİ AĞI AMFİ PROGRAMINA BAKINIZ,,
Time Table 2,12 Mayıs 2026 Salı,12:30,13:30,lunch break,,,,
Time Table 2,12 Mayıs 2026 Salı,13:30,14:10,7-Inflammation I-Description - pathogenesis of acute inflammation / Doç.Dr.Şule Öztürk Sarı (Dr.Öğr.Gör.Neslihan Berker),PATHOLOGY AND INTRODUCTION TO CLINICS / TIBBİ PATOLOJİ AD.,FAKÜLTEMİZ WEB SİTESİ ÖĞRENCİ AĞI AMFİ PROGRAMINA BAKINIZ,,
Time Table 2,12 Mayıs 2026 Salı,14:20,15:00,8-Inflammation II-Chemical mediators and chronic inflammation / Doç.Dr.Şule Öztürk Sarı  (Dr.Öğr.Gör.Neslihan Berker),PATHOLOGY AND INTRODUCTION TO CLINICS / TIBBİ PATOLOJİ AD.,FAKÜLTEMİZ WEB SİTESİ ÖĞRENCİ AĞI AMFİ PROGRAMINA BAKINIZ,,
Time Table 2,12 Mayıs 2026 Salı,15:10,15:50,FREE TIME,,,,
Time Table 2,12 Mayıs 2026 Salı,16:00,16:40,FREE TIME,,,,
Time Table 2,13 Mayıs 2026 Çarşamba,08:30,09:10,FREE TIME,,,,
Time Table 2,13 Mayıs 2026 Çarşamba,09:20,10:00,FREE TIME,,,,
Time Table 2,13 Mayıs 2026 Çarşamba,10:10,10:50,FREE TIME,,,,
Time Table 2,13 Mayıs 2026 Çarşamba,11:00,11:40,FREE TIME,,,,
Time Table 2,13 Mayıs 2026 Çarşamba,11:50,12:30,4-Enterobacteriaceae: General charecteristics of Proteus - Providencia - Morganella and E. coli / Doç. Dr. Deniz Bahar AKGÜN KARAPINAR (Prof. Dr. Zerrin AKTAŞ),PATHOLOGY AND INTRODUCTION TO CLINICS / TIBBİ MİKROBİYOLOJİ AD.,FAKÜLTEMİZ WEB SİTESİ ÖĞRENCİ AĞI AMFİ PROGRAMINA BAKINIZ,,
Time Table 2,13 Mayıs 2026 Çarşamba,12:30,13:30,lunch break,,,,
Time Table 2,13 Mayıs 2026 Çarşamba,13:30,14:10,Elective Courses - 12,,FAKÜLTEMİZ WEB SİTESİ ÖĞRENCİ AĞI SEÇMELİ DERS AMFİ PROGRAMINA BAKINIZ,,
Time Table 2,13 Mayıs 2026 Çarşamba,14:20,15:00,Elective Courses - 12,,FAKÜLTEMİZ WEB SİTESİ ÖĞRENCİ AĞI SEÇMELİ DERS AMFİ PROGRAMINA BAKINIZ,,
Time Table 2,13 Mayıs 2026 Çarşamba,15:10,15:50,Elective Courses - 12,,FAKÜLTEMİZ WEB SİTESİ ÖĞRENCİ AĞI SEÇMELİ DERS AMFİ PROGRAMINA BAKINIZ,,
Time Table 2,14 Mayıs 2026 Perşembe,08:30,10:20,LABORATORY SKILLS (Microbiology 1) İ2,PATHOLOGY AND INTRODUCTION TO CLINICS,,,
Time Table 2,14 Mayıs 2026 Perşembe,11:00,11:40,9-Inflammation III-Morphology of inflammation - healing process and infectious agents Doç.Dr.Şule Öztürk Sarı  (Dr.Öğr.Gör.Neslihan Berker),PATHOLOGY AND INTRODUCTION TO CLINICS / TIBBİ PATOLOJİ AD.,FAKÜLTEMİZ WEB SİTESİ ÖĞRENCİ AĞI AMFİ PROGRAMINA BAKINIZ,,
Time Table 2,14 Mayıs 2026 Perşembe,11:50,12:30,10-Neoplasia-Description - terminology - characteristics of benign and malignant neoplasms /Dr.Öğr.Gör.Sidar BAĞBUDAR (Doç. Dr. Gökçen ÜNVERENGİL),PATHOLOGY AND INTRODUCTION TO CLINICS / TIBBİ PATOLOJİ AD.,FAKÜLTEMİZ WEB SİTESİ ÖĞRENCİ AĞI AMFİ PROGRAMINA BAKINIZ,,
,,12:30,13:30,lunch break,,,,
Time Table 2,14 Mayıs 2026 Perşembe,13:30,14:30,TERM EVALUATION MEETING (Türkçe tıp ile ortak),,FAKÜLTEMİZ WEB SİTESİ ÖĞRENCİ AĞI AMFİ PROGRAMINA BAKINIZ,,
Time Table 2,14 Mayıs 2026 Perşembe,14:40,15:20,11-Rickettsia and Orientia spp. / Prof.  Dr.  Lütfiye ÖKSÜZ (Prof. Dr. Zerrin AKTAŞ),PATHOLOGY AND INTRODUCTION TO CLINICS / TIBBİ MİKROBİYOLOJİ AD.,FAKÜLTEMİZ WEB SİTESİ ÖĞRENCİ AĞI AMFİ PROGRAMINA BAKINIZ,,
Time Table 2,14 Mayıs 2026 Perşembe,15:30,16:10,5-Klebsiella - Enterobacter - Citrobacter - Serratia - Yersinia spp. / Doç. Dr. Deniz Bahar AKGÜN KARAPINAR (Prof. Dr. Lütfiye ÖKSÜZ),PATHOLOGY AND INTRODUCTION TO CLINICS / TIBBİ MİKROBİYOLOJİ AD.,FAKÜLTEMİZ WEB SİTESİ ÖĞRENCİ AĞI AMFİ PROGRAMINA BAKINIZ,,
Time Table 2,15 Mayıs 2026 Cuma,08:30,09:10,7-Clinical pharmacokinetics / Prof. Dr. Ali Yagız ÜRESİN (Prof. Dr. Ayşe Pınar YAMANTÜRK ÇELİK),PATHOLOGY AND INTRODUCTION TO CLINICS / TIBBİ FARMAKOLOJİ AD.,FAKÜLTEMİZ WEB SİTESİ ÖĞRENCİ AĞI AMFİ PROGRAMINA BAKINIZ,,
Time Table 2,15 Mayıs 2026 Cuma,09:20,10:00,8-Mechanisms of drug action and drug-receptor interactions / Uzm.Dr. Zinnet EREN  (Prof. Dr. Ayşe Pınar YAMANTÜRK ÇELİK),PATHOLOGY AND INTRODUCTION TO CLINICS / TIBBİ FARMAKOLOJİ AD.,FAKÜLTEMİZ WEB SİTESİ ÖĞRENCİ AĞI AMFİ PROGRAMINA BAKINIZ,,
Time Table 2,15 Mayıs 2026 Cuma,10:30,12:20,LABORATORY SKILLS (Microbiology 2) İ2,PATHOLOGY AND INTRODUCTION TO CLINICS,,,
Time Table 2,15 Mayıs 2026 Cuma,12:30,13:30,lunch break,,,,
Time Table 2,15 Mayıs 2026 Cuma,14:00,15:50,LABORATORY SKILLS (Microbiology 2) İ1,PATHOLOGY AND INTRODUCTION TO CLINICS,,,
Time Table 2,18 Mayıs 2026 Pazartesi,08:30,09:10,15-Edema and shock / Dr.Öğr.Üyesi Ali Yılmaz Altay (Dr. Öğr. Gör. Özge Hürdoğan),PATHOLOGY AND INTRODUCTION TO CLINICS / TIBBİ PATOLOJİ AD.,FAKÜLTEMİZ WEB SİTESİ ÖĞRENCİ AĞI AMFİ PROGRAMINA BAKINIZ,,
Time Table 2,18 Mayıs 2026 Pazartesi,09:20,10:00,16-Thrombosis - embolism - infarction / Dr.Öğr.Üyesi Ali Yılmaz Altay (Dr. Öğr. Gör. Özge Hürdoğan),PATHOLOGY AND INTRODUCTION TO CLINICS / TIBBİ PATOLOJİ AD.,FAKÜLTEMİZ WEB SİTESİ ÖĞRENCİ AĞI AMFİ PROGRAMINA BAKINIZ,,
Time Table 2,18 Mayıs 2026 Pazartesi,10:10,10:50,The İmportance of isolation Percautions in the control of hospital infections/ Prof. Yaşar NAKİPOĞLU (Assoc.Prof. Gonca Erköse Genç),PATHOLOGY AND INTRODUCTION TO CLINICS / TIBBİ MİKROBİYOLOJİ AD.,FAKÜLTEMİZ WEB SİTESİ ÖĞRENCİ AĞI AMFİ PROGRAMINA BAKINIZ,,
Time Table 2,18 Mayıs 2026 Pazartesi,11:00,11:40,13-Zygomycetous and dematiaceous fungi / Prof. Dr. Zayre ERTURAN (Prof. Dr.Gonca Erköse Genç),PATHOLOGY AND INTRODUCTION TO CLINICS / TIBBİ MİKROBİYOLOJİ AD.,FAKÜLTEMİZ WEB SİTESİ ÖĞRENCİ AĞI AMFİ PROGRAMINA BAKINIZ,,
Time Table 2,18 Mayıs 2026 Pazartesi,11:50,12:30,14-Malassezia - Hortea - Piedraia - Trichosporon - Microsporum - Trichophyton and Epidermophyton spp / Prof. Dr. Meltem UZUN (Prof. Dr. Gonca Erköse Genç),PATHOLOGY AND INTRODUCTION TO CLINICS / TIBBİ MİKROBİYOLOJİ AD.,FAKÜLTEMİZ WEB SİTESİ ÖĞRENCİ AĞI AMFİ PROGRAMINA BAKINIZ,,
Time Table 2,18 Mayıs 2026 Pazartesi,12:30,13:30,lunch break,,,,
Time Table 2,18 Mayıs 2026 Pazartesi,13:30,15:20,LABORATORY SKILLS (Pathology 2) İ1 + İ2,PATHOLOGY AND INTRODUCTION TO CLINICS,,,
Time Table 2,19 Mayıs 2026 Salı,,,"ATATÜRK'Ü ANMA, GENÇLİK VE SPOR BAYRAMI",,,,
Time Table 2,20 Mayıs 2026 Çarşamba,08:30,10:20,LABORATORY SKILLS (Microbiology 3) İ1,PATHOLOGY AND INTRODUCTION TO CLINICS - MEDICAL SKILLS LABORATORY II,,,
Time Table 2,20 Mayıs 2026 Çarşamba,10:00,12:00,SERBEST ÇALIŞMA (Dönem 1 sınavı ),,,,
Time Table 2,20 Mayıs 2026 Çarşamba,12:30,13:30,lunch break,,,,
Time Table 2,20 Mayıs 2026 Çarşamba,13:30,14:10,11-Cancer epidemiology - clinical and pathological grading - prognosis. / Dr.Öğr.Gör. Özge HÜRDOĞAN (Dr.Öğr.Gör.Neslihan Berker),PATHOLOGY AND INTRODUCTION TO CLINICS / TIBBİ PATOLOJİ AD.,FAKÜLTEMİZ WEB SİTESİ ÖĞRENCİ AĞI AMFİ PROGRAMINA BAKINIZ,,
Time Table 2,20 Mayıs 2026 Çarşamba,14:20,15:00,12-Carcinogenesis I-Oncogens / Dr.Öğr.Gör. Özge HÜRDOĞAN (Doç.Dr.Gökçen Ünverengil),PATHOLOGY AND INTRODUCTION TO CLINICS / TIBBİ PATOLOJİ AD.,FAKÜLTEMİZ WEB SİTESİ ÖĞRENCİ AĞI AMFİ PROGRAMINA BAKINIZ,,
Time Table 2,20 Mayıs 2026 Çarşamba,15:10,15:50,12-Candida spp. and other clinically important yeasts / Prof. Dr. Meltem UZUN (Prof. Dr. Gonca Erköse Genç),PATHOLOGY AND INTRODUCTION TO CLINICS / TIBBİ MİKROBİYOLOJİ AD.,FAKÜLTEMİZ WEB SİTESİ ÖĞRENCİ AĞI AMFİ PROGRAMINA BAKINIZ,,
Time Table 2,20 Mayıs 2026 Çarşamba,16:00,16:40,16-Measles and Varicella zoster viruses /Doç. Dr. Muammer Osman KÖKSAL (Prof. Dr. Sevim MEŞE),PATHOLOGY AND INTRODUCTION TO CLINICS / TIBBİ MİKROBİYOLOJİ AD.,FAKÜLTEMİZ WEB SİTESİ ÖĞRENCİ AĞI AMFİ PROGRAMINA BAKINIZ,,
Time Table 2,21 Mayıs 2026 Perşembe,08:30,09:10,21-Oncogenic viruses and relationhip between microorganisms and cancer / Doç. Dr. Muammer Osman KÖKSAL (Prof. Hayriye KIRKOYUN UYSAL0,PATHOLOGY AND INTRODUCTION TO CLINICS / TIBBİ MİKROBİYOLOJİ AD.,FAKÜLTEMİZ WEB SİTESİ ÖĞRENCİ AĞI AMFİ PROGRAMINA BAKINIZ,,
Time Table 2,21 Mayıs 2026 Perşembe,09:20,10:00,9-Side/adverse effects of drugs-1 / Prof. Dr. A. Pınar Yamantürk-ÇELİK (Prof. Dr. A. Yağız ÜRESİN),PATHOLOGY AND INTRODUCTION TO CLINICS / TIBBİ FARMAKOLOJİ AD.,FAKÜLTEMİZ WEB SİTESİ ÖĞRENCİ AĞI AMFİ PROGRAMINA BAKINIZ,,
Time Table 2,21 Mayıs 2026 Perşembe,10:10,10:50,10-Side/adverse effects of drugs-2 / Prof. Dr. A. Pınar Yamantürk-ÇELİK (Prof. Dr. A. Yağız ÜRESİN),PATHOLOGY AND INTRODUCTION TO CLINICS / TIBBİ FARMAKOLOJİ AD.,FAKÜLTEMİZ WEB SİTESİ ÖĞRENCİ AĞI AMFİ PROGRAMINA BAKINIZ,,
Time Table 2,21 Mayıs 2026 Perşembe,11:00,11:40,17-Herpes virus and Adenoviruses / Assoc.Prof. Hayriye KIRKOYUN UYSAL (Prof. Dr. Sevim MEŞE),PATHOLOGY AND INTRODUCTION TO CLINICS / TIBBİ MİKROBİYOLOJİ AD.,FAKÜLTEMİZ WEB SİTESİ ÖĞRENCİ AĞI AMFİ PROGRAMINA BAKINIZ,,
Time Table 2,21 Mayıs 2026 Perşembe,11:50,12:30,18-Viral hepatitis agents (A and E) / Prof.  Dr. Sevim MEŞE (Assoc.Prof. Hayriye KIRKOYUN UYSAL),PATHOLOGY AND INTRODUCTION TO CLINICS / TIBBİ MİKROBİYOLOJİ AD.,FAKÜLTEMİZ WEB SİTESİ ÖĞRENCİ AĞI AMFİ PROGRAMINA BAKINIZ,,
Time Table 2,21 Mayıs 2026 Perşembe,12:30,13:30,lunch break,,,,
Time Table 2,21 Mayıs 2026 Perşembe,13:30,14:10,Oncogenes and approache to the cancer problem / ÖZGE ŞÜKRÜOĞLU (Türkçe Tıp ile ortak ders),PATHOLOGY AND INTRODUCTION TO CLINICS / ONKOLOJİ ENSTİTÜSÜ,FAKÜLTEMİZ WEB SİTESİ ÖĞRENCİ AĞI AMFİ PROGRAMINA BAKINIZ,,
Time Table 2,21 Mayıs 2026 Perşembe,14:20,15:00,13-Carcinogenesis II-Etiologic agents - Molecular pathology and genetics / Dr.Öğr.Gör. Özge HÜRDOĞAN (Doç.Dr.Gökçen Ünverengil),PATHOLOGY AND INTRODUCTION TO CLINICS / TIBBİ PATOLOJİ AD.,FAKÜLTEMİZ WEB SİTESİ ÖĞRENCİ AĞI AMFİ PROGRAMINA BAKINIZ,,
Time Table 2,21 Mayıs 2026 Perşembe,15:10,15:50,14-Tumor biology –Cell kinetics. Invasion and metastasis / Öğr.Gör.Dr.Sidar Bağbudar (Dr. Öğr. Gör. Özge Hürdoğan),PATHOLOGY AND INTRODUCTION TO CLINICS / TIBBİ PATOLOJİ AD.,FAKÜLTEMİZ WEB SİTESİ ÖĞRENCİ AĞI AMFİ PROGRAMINA BAKINIZ,,
Time Table 2,22 Mayıs 2026 Cuma,08:30,09:10,11-Drug interactions / Prof. Dr. A. Pınar Yamantürk-ÇELİK (Prof. Dr. A. Yağız ÜRESİN),PATHOLOGY AND INTRODUCTION TO CLINICS / TIBBİ FARMAKOLOJİ AD.,FAKÜLTEMİZ WEB SİTESİ ÖĞRENCİ AĞI AMFİ PROGRAMINA BAKINIZ,,
Time Table 2,22 Mayıs 2026 Cuma,09:20,10:00,12-Factors modifying effects of drugs and pharmacogenetics / Uzm.Dr. Zinnet EREN  (Prof. Dr. Ayşe Pınar YAMANTÜRK ÇELİK),PATHOLOGY AND INTRODUCTION TO CLINICS / TIBBİ FARMAKOLOJİ AD.,FAKÜLTEMİZ WEB SİTESİ ÖĞRENCİ AĞI AMFİ PROGRAMINA BAKINIZ,,
Time Table 2,22 Mayıs 2026 Cuma,10:30,12:20,LABORATORY SKILLS (Microbiology 3) İ2,PATHOLOGY AND INTRODUCTION TO CLINICS,,,
Time Table 2,22 Mayıs 2026 Cuma,12:30,13:30,lunch break,,,,
Time Table 2,22 Mayıs 2026 Cuma,14:00,14:40,19-Viral hepatitis agents (B - D and C) / Prof.  Dr. Sevim MEŞE (Assoc.Prof. Hayriye KIRKOYUN UYSAL),PATHOLOGY AND INTRODUCTION TO CLINICS / TIBBİ MİKROBİYOLOJİ AD.,FAKÜLTEMİZ WEB SİTESİ ÖĞRENCİ AĞI AMFİ PROGRAMINA BAKINIZ,,
Time Table 2,22 Mayıs 2026 Cuma,14:50,15:30,15-Rubella virus and Mumps viruses / Prof. Dr. Hayriye KIRKOYUN UYSAL (Prof. Dr. Sevim MEŞE) ,PATHOLOGY AND INTRODUCTION TO CLINICS / TIBBİ MİKROBİYOLOJİ AD.,FAKÜLTEMİZ WEB SİTESİ ÖĞRENCİ AĞI AMFİ PROGRAMINA BAKINIZ,,
Time Table 2,22 Mayıs 2026 Cuma,15:40,16:20,FREE TIME,,,,
Time Table 2,25 Mayıs 2026 Pazartesi,08:30,12:30,İdari İzin,,,,
Time Table 2,25 Mayıs 2026 Pazartesi,12:30,13:30,lunch break,,,,
Time Table 2,25 Mayıs 2026 Pazartesi,13:30,15:20,İdari İzin,,,,
Time Table 2,26 Mayıs 2026 Salı,08:30,12:20,İdari İzin,,,,
Time Table 2,26 Mayıs 2026 Salı,,,KURBAN BAYRAMI ARİFESİ,,,,
Time Table 2,27 Mayıs 2026 Çarşamba,,,KURBAN BAYRAMI,,,,
Time Table 2,28 Mayıs 2026 Perşembe,,,KURBAN BAYRAMI,,,,
Time Table 2,29 Mayıs 2026 Cuma,,,KURBAN BAYRAMI,,,,
Time Table 2,1 Haziran 2026 Pazartesi,08:30,09:10,FREE TIME,,,,
Time Table 2,1 Haziran 2026 Pazartesi,09:20,10:00,FREE TIME,,,,
Time Table 2,1 Haziran 2026 Pazartesi,10:10,10:50,22-Vaccines / Prof. Sevim MEŞE (Assoc.Prof. Hayriye KIRKOYUN UYSAL),PATHOLOGY AND INTRODUCTION TO CLINICS / TIBBİ MİKROBİYOLOJİ AD.,FAKÜLTEMİZ WEB SİTESİ ÖĞRENCİ AĞI AMFİ PROGRAMINA BAKINIZ,,
Time Table 2,1 Haziran 2026 Pazartesi,11:00,11:40,23-Prions and microorganism-prion differences / Prof. Dr. Sevim MEŞE (Assoc.Prof. Hayriye KIRKOYUN UYSAL),PATHOLOGY AND INTRODUCTION TO CLINICS / TIBBİ MİKROBİYOLOJİ AD.,FAKÜLTEMİZ WEB SİTESİ ÖĞRENCİ AĞI AMFİ PROGRAMINA BAKINIZ,,
Time Table 2,1 Haziran 2026 Pazartesi,11:50,12:30,24-Surveillance and control of microorganisms / Prof. Dr. Muammer Osman KÖKSAL (.Prof. Hayriye KIRKOYUN UYSAL),PATHOLOGY AND INTRODUCTION TO CLINICS / TIBBİ MİKROBİYOLOJİ AD.,FAKÜLTEMİZ WEB SİTESİ ÖĞRENCİ AĞI AMFİ PROGRAMINA BAKINIZ,,
Time Table 2,1 Haziran 2026 Pazartesi,12:30,13:30,lunch break,,,,
Time Table 2,1 Haziran 2026 Pazartesi,13:30,14:10,Uzm. Dr. Zinnet EREN  Ek Ders- (Farmakoloji),PATHOLOGY AND INTRODUCTION TO CLINICS / TIBBİ  FARMAKOLOJİ AD.,FAKÜLTEMİZ WEB SİTESİ ÖĞRENCİ AĞI AMFİ PROGRAMINA BAKINIZ,,
Time Table 2,1 Haziran 2026 Pazartesi,14:20,15:00,20-HIV and other retrovirus / Prof. Dr. Ali AĞAÇFİDAN (Assoc. Prof. Sevim MEŞE),PATHOLOGY AND INTRODUCTION TO CLINICS / TIBBİ MİKROBİYOLOJİ AD.,FAKÜLTEMİZ WEB SİTESİ ÖĞRENCİ AĞI AMFİ PROGRAMINA BAKINIZ,,
Time Table 2,1 Haziran 2026 Pazartesi,15:10,15.50,FREE TIME,,,,
Time Table 2,2 Haziran 2026 Salı,08:30,12:20,FREE TIME,,,,
Time Table 2,2 Haziran 2026 Salı,13:30,16:20,FREE TIME,,,,
Time Table 2,3 Haziran 2026 Çarşamba,08:30,12:20,FREE TIME,,,,
Time Table 2,3 Haziran 2026 Çarşamba,13:30,16:20,FREE TIME,,,,
Time Table 2,4 Haziran 2026 Perşembe,13:00,14:30,EXAMINATION,PATHOLOGY AND INTRODUCTION TO CLINICS,FAKÜLTEMİZ WEB SİTESİ ÖĞRENCİ AĞI AMFİ PROGRAMINA BAKINIZ,,
Time Table 2,5 Haziran 2026 Cuma,08:30,12:20,FREE TIME,,,,
Time Table 2,5 Haziran 2026 Cuma,13:30,16:20,FREE TIME,,,,
Time Table 2,8 Haziran 2026 Pazartesi,9:00,16:00,LABORATORY SKILLS EXAMINATION,HISTOLOGY AND EMBRYOLOGY (ENDOCRINE I + UROGENITAL AND REPRODUCTIVE I + NERVE AND SENSE I),FAKÜLTEMİZ WEB SİTESİ ÖĞRENCİ AĞI AMFİ PROGRAMINA BAKINIZ,,
Time Table 2,9 Haziran 2026 Salı,9:00,10:00,LABORATORY SKILLS EXAMINATION,PHYSIOLOGY (NERVE AND SENSE I),FAKÜLTEMİZ WEB SİTESİ ÖĞRENCİ AĞI AMFİ PROGRAMINA BAKINIZ,,
Time Table 2,10 Haziran 2026 Çarşamba,8:00,16:00,LABORATORY SKILLS REPEAT EXAMINATION,ANATOMY (UROGENITAL AND REPRODUCTIVE I + NERVE AND SENSE I),FAKÜLTEMİZ WEB SİTESİ ÖĞRENCİ AĞI AMFİ PROGRAMINA BAKINIZ,,
Time Table 2,10 Haziran 2026 Çarşamba,15:00,16:00,LABORATORY SKILLS EXAMINATION,BIOCHEMISTRY (UROGENITAL AND REPRODUCTIVE I (Alttan alanlar)),FAKÜLTEMİZ WEB SİTESİ ÖĞRENCİ AĞI AMFİ PROGRAMINA BAKINIZ,,
Time Table 2,11 Haziran 2026 Perşembe,9:00,14:00,LABORATORY SKILLS EXAMINATION,PATHOLOGY (PATHOLOGY AND INTRODUCTION TO CLINICS),FAKÜLTEMİZ WEB SİTESİ ÖĞRENCİ AĞI AMFİ PROGRAMINA BAKINIZ,,
Time Table 2,12 Haziran 2026 Cuma,10:00,15:00,LABORATORY SKILLS EXAMINATION,MICROBIOLOGY (PATHOLOGY AND INTRODUCTION TO CLINICS),FAKÜLTEMİZ WEB SİTESİ ÖĞRENCİ AĞI AMFİ PROGRAMINA BAKINIZ,,
Time Table 2,15 Haziran 2026 Pazartesi,13:30,16:00,EXAMINATION 1,UROGENİTAL AND REPRODUCTIVE-I /ENDOCRIN-I / DİKEY KORİDOR,FAKÜLTEMİZ WEB SİTESİ ÖĞRENCİ AĞI AMFİ PROGRAMINA BAKINIZ,,
Time Table 2,17 Haziran 2026 Çarşamba,10:00,13:00,FREE TIME,,,,
Time Table 2,18 Haziran 2026 Perşembe,10:00,13:00,FREE TIME  (Dönem 1 Uzaktan Eğitim Sınavı),,,,
Time Table 2,18 Haziran 2026 Perşembe,13:30:00,16:00,EXAMINATION 2,NERVE AND SENSE I + PATHOLOGY AND INTRODUCTION TO CLINICS,FAKÜLTEMİZ WEB SİTESİ ÖĞRENCİ AĞI AMFİ PROGRAMINA BAKINIZ,,
Time Table 2,19 Haziran 2026 Cuma,10:00,13:00,FREE TIME ( Dönem3 sınav ),,,,
Time Table 2,22 Haziran 2026 Pazartesi,08:00,16:00,LABORATORY SKILLS REPEAT EXAMINATION,HISTOLOGY AND EMBRYOLOGY (BLOOD AND IMMUNE SYSTEM + CIRCULATION I + RESPIRATION I+ DIGESTION I),FAKÜLTEMİZ WEB SİTESİ ÖĞRENCİ AĞI AMFİ PROGRAMINA BAKINIZ,,
Time Table 2,22 Haziran 2026 Pazartesi,10:00,13:00,FREE TIME ( Dönem1 sınav ),,,,
Time Table 2,23 Haziran 2026 Salı,10:00,12:30,LABORATORY SKILLS REPEAT EXAMINATION,PHYSIOLOGY (BLOOD AND IMMUNE SYSTEM + CIRCULATION I + RESPIRATION I),FAKÜLTEMİZ WEB SİTESİ ÖĞRENCİ AĞI AMFİ PROGRAMINA BAKINIZ,,
Time Table 2,23 Haziran 2026 Salı,13:00,14:00,LABORATORY SKILLS,BIOCHEMISTRY METABOLISM  ( Alttan alanlar için ),FAKÜLTEMİZ WEB SİTESİ ÖĞRENCİ AĞI AMFİ PROGRAMINA BAKINIZ,,
Time Table 2,23 Haziran 2026 Salı,09:00,15:00,FREE TIME ( Dönem1 Uygulama Sınav ),,,,
Time Table 2,24 Haziran 2026 Çarşamba,8:00,16:00,LABORATORY SKILLS REPEAT EXAMINATION,ANATOMY (CIRCULATION I + RESPIRATION I+ DIGESTION I),FAKÜLTEMİZ WEB SİTESİ ÖĞRENCİ AĞI AMFİ PROGRAMINA BAKINIZ,,
Time Table 2,26 Haziran 2026 Cuma,10:00,13:00,FREE TIME ( Dönem1 Sınavı ),,,,
Time Table 2,26 Haziran 2026 Cuma,13:30,15:30,REPEAT EXAMINATION 1,BLOOD AND IMMUNE SYSTEM + CIRCULATION I,FAKÜLTEMİZ WEB SİTESİ ÖĞRENCİ AĞI AMFİ PROGRAMINA BAKINIZ,,
Time Table 2,29 Haziran 2026 Pazartesi,10:00,13:00,REPEAT EXAMINATION 2,RESPIRATION I + METABOLISM + DIGESTION I + MEDICAL SKILLS LABORATORY II ,FAKÜLTEMİZ WEB SİTESİ ÖĞRENCİ AĞI AMFİ PROGRAMINA BAKINIZ,,
Time Table 2,29 Haziran 2026 Pazartesi,09:00,15:30,FREE TIME ( Dönem1 Uygulama Sınav ),,,,
Time Table 2,30 Haziran 2026 Salı,14:00,15:00,LABORATORY SKILLS REPEAT EXAMINATION,BIOCHEMISTRY (UROGENITAL AND REPRODUCTIVE I),FAKÜLTEMİZ WEB SİTESİ ÖĞRENCİ AĞI AMFİ PROGRAMINA BAKINIZ,,
Time Table 2,30 Haziran 2026 Salı,09:00,13:00,FREE TIME ( Dönem3 Uygulama Sınav ),,,,
Time Table 2,1 Temmuz 2026 Çarşamba,14:00,15:00,LABORATORY SKILLS EXAMINATION,PHYSIOLOGY (NERVE AND SENSE I),FAKÜLTEMİZ WEB SİTESİ ÖĞRENCİ AĞI AMFİ PROGRAMINA BAKINIZ,,
Time Table 2,1 Temmuz 2026 Çarşamba,10:30,13:00,FREE TIME ( Dönem3 sınav ),,,,
Time Table 2,2 Temmuz 2026 Perşembe,8:00,14:00,LABORATORY SKILLS REPEAT EXAMINATION,ANATOMY (UROGENITAL AND REPRODUCTIVE I + NERVE AND SENSE I),FAKÜLTEMİZ WEB SİTESİ ÖĞRENCİ AĞI AMFİ PROGRAMINA BAKINIZ,,
Time Table 2,2 Temmuz 2026 Perşembe,00:00,13:00,FREE TIME ( Dönem3 sınav ),,,,
Time Table 2,3 Temmuz 2026 Cuma,8:00,14:00,LABORATORY SKILLS REPEAT EXAMINATION,HISTOLOGY AND EMBRYOLOGY (ENDOCRINE I + UROGENITAL AND REPRODUCTIVE I + NERVE AND SENSE I),FAKÜLTEMİZ WEB SİTESİ ÖĞRENCİ AĞI AMFİ PROGRAMINA BAKINIZ,,
Time Table 2,3 Temmuz 2026 Cuma,09:00,10:00,FREE TIME (Dönem1 Yaralı Taşıma Teknikleri Bütünleme Sınavı ),,,,
Time Table 2,6 Temmuz 2026 Pazartesi,10:30,12:30,LABORATORY SKILLS REPEAT EXAMINATION,PATHOLOGY (PATHOLOGY AND INTRODUCTION TO CLINICS,FAKÜLTEMİZ WEB SİTESİ ÖĞRENCİ AĞI AMFİ PROGRAMINA BAKINIZ,,
Time Table 2,7 Temmuz 2026 Salı,09:00,,FREE TIME ( Dönem3 Uygulama Sınav ),,,,
Time Table 2,7 Temmuz 2026 Salı,13:00,15:00,LABORATORY SKILLS REPEAT EXAMINATION,MICROBIOLOGY (PATHOLOGY(PATHOLOGY AND INTRODUCTION TO CLINICS),FAKÜLTEMİZ WEB SİTESİ ÖĞRENCİ AĞI AMFİ PROGRAMINA BAKINIZ,,
Time Table 2,8 Temmuz 2026 Çarşamba,10:00,13:00,FREE TIME ( Dönem3 sınav ),,,,
Time Table 2,8 Temmuz 2026 Çarşamba,13:30,15:30,REPEAT EXAMINATION 3,ENDOCRINE I + UROGENITAL AND REPRODUCTIVE I + MEDICAL SKILLS LABORATORY II,FAKÜLTEMİZ WEB SİTESİ ÖĞRENCİ AĞI AMFİ PROGRAMINA BAKINIZ,,
Time Table 2,9 Temmuz 2026 Perşembe,13:30,15:30,REPEAT EXAMINATION 4,NERVE AND SENSE I + PATHOLOGY AND INTRODUCTION TO CLINICS,FAKÜLTEMİZ WEB SİTESİ ÖĞRENCİ AĞI AMFİ PROGRAMINA BAKINIZ,,