Dönem ,TARİH,Başlama Saati,Bitiş Saati,KONU,DİLİM ADI / ANABİLİM DALI,YER
Dönem 2,1 Eylül 2025 Pazartesi,08:30,16:20,SERBEST ÇALIŞMA,,
Dönem 2,2 Eylül 2025 Salı,09:00,09:30,2. Sınıf Tanıtım / Prof. Dr. Abdurrahman Fatih AYDIN (İngilizce Tıp ile ortak ders),TIBBİ BİYOKİMYA AD.,FAKÜLTEMİZ WEB SİTESİ ÖĞRENCİ AĞI AMFİ PROGRAMINA BAKINIZ
Dönem 2,2 Eylül 2025 Salı,09:40,10:00,"Tıpta Bütünleşik Doktora Programı Tanıtımı / Prof. Dr. Leman YALÇINTEPE
 (İngilizce ile ortak)",,FAKÜLTEMİZ WEB SİTESİ ÖĞRENCİ AĞI AMFİ PROGRAMINA BAKINIZ
Dönem 2,2 Eylül 2025 Salı,10:10,10:50,1-Kanın fiziksel özellikleri-plazma bileşenlerinin genel işlevsel özellikleri / Prof. Dr. Fatma Aytül UYAR (Prof. Dr. Güher SARUHAN DİRESKENELİ),KAN LENFOİD DİLİMİ / FİZYOLOJİ AD.,FAKÜLTEMİZ WEB SİTESİ ÖĞRENCİ AĞI AMFİ PROGRAMINA BAKINIZ
Dönem 2,2 Eylül 2025 Salı,11:00,11:40,1-Dolaşım sistemi anatomisi genel bilgi / Dr. Öğr. Üyesi (Doç. Dr. ) Özcan GAYRETLİ (Dr. Öğr. Üyesi Osman COŞKUN),DOLAŞIM I DİLİMİ / ANATOMİ AD.,FAKÜLTEMİZ WEB SİTESİ ÖĞRENCİ AĞI AMFİ PROGRAMINA BAKINIZ
Dönem 2,2 Eylül 2025 Salı,11:50,12:30,SERBEST ÇALIŞMA,,
Dönem 2,2 Eylül 2025 Salı,13:30,14:20,DİSEKSİYON (1/13),,
Dönem 2,2 Eylül 2025 Salı,14:30,15:20,DİSEKSİYON (1/13),,
Dönem 2,2 Eylül 2025 Salı,15:30,16:20,DİSEKSİYON (1/13),,
Dönem 2,3 Eylül 2025 Çarşamba,08:30,09:10,2-Hematopoez: eritropoez / Prof. Dr. Fatma Aytül UYAR (Prof. Dr. Güher SARUHAN DİRESKENELİ),KAN LENFOİD DİLİMİ / FİZYOLOJİ AD.,FAKÜLTEMİZ WEB SİTESİ ÖĞRENCİ AĞI AMFİ PROGRAMINA BAKINIZ
Dönem 2,3 Eylül 2025 Çarşamba,09:20,10:00,3-Eritrosit işlevleri - eritrosit yaşamının düzenlenmesi ve hemoliz / Prof. Dr. Fatma Aytül UYAR (Prof. Dr. Güher SARUHAN DİRESKENELİ),KAN LENFOİD DİLİMİ / FİZYOLOJİ AD.,FAKÜLTEMİZ WEB SİTESİ ÖĞRENCİ AĞI AMFİ PROGRAMINA BAKINIZ
Dönem 2,3 Eylül 2025 Çarşamba,10:10,10:50,1-Hematopoez / Doç. Dr. Tuğba KOTİL (Dr. Öğr. Üyesi Tuğba EKİZ YILMAZ),KAN LENFOİD DİLİMİ / HİSTOLOJİ VE EMBRİYOLOJİ AD.,FAKÜLTEMİZ WEB SİTESİ ÖĞRENCİ AĞI AMFİ PROGRAMINA BAKINIZ
Dönem 2,3 Eylül 2025 Çarşamba,11:00,11:40,2-Kalbin dış ve iç görünüşü / Dr. Öğr. Üyesi (Doç. Dr. ) Özcan GAYRETLİ (Dr. Öğr. Üyesi Osman COŞKUN),DOLAŞIM I DİLİMİ / ANATOMİ AD.,FAKÜLTEMİZ WEB SİTESİ ÖĞRENCİ AĞI AMFİ PROGRAMINA BAKINIZ
Dönem 2,3 Eylül 2025 Çarşamba,11:50,12:30,3-Ventriküller ve atriumlar / Dr. Öğr. Üyesi (Doç. Dr. ) Özcan GAYRETLİ (Dr. Öğr. Üyesi Osman COŞKUN),DOLAŞIM I DİLİMİ / ANATOMİ AD.,FAKÜLTEMİZ WEB SİTESİ ÖĞRENCİ AĞI AMFİ PROGRAMINA BAKINIZ
Dönem 2,3 Eylül 2025 Çarşamba,13:30,15:00,Beceri Uygulamaları Tanıtım Dersi / Dr. Öğr. Üyesi Hacer NALBANT (Prof. Dr. Zeynep Olcay SOLAKOĞLU) (İngilizce Tıp ile ortak ders),DİKEY KORİDOR II / TIP EĞİTİMİ AD.,FAKÜLTEMİZ WEB SİTESİ ÖĞRENCİ AĞI AMFİ PROGRAMINA BAKINIZ
Dönem 2,3 Eylül 2025 Çarşamba,15:10,15:50,1-Hemoproteinler - işlevleri (Porfirin halkasının özellikleri / Prof. Dr. Semra Doğru ABBASOĞLU (Prof. Dr. Nihal SALMAYENLİ),KAN LENFOİD DİLİMİ / TIBBİ BİYOKİMYA AD.,FAKÜLTEMİZ WEB SİTESİ ÖĞRENCİ AĞI AMFİ PROGRAMINA BAKINIZ
Dönem 2,4 Eylül 2025 Perşembe,08:30,09:10,SERBEST ÇALIŞMA,,
Dönem 2,4 Eylül 2025 Perşembe,09:20,10:00,2-Kemik iliği /Doç. Dr. Tuğba KOTİL (Dr. Öğr. Üyesi Tuğba EKİZ YILMAZ),KAN LENFOİD DİLİMİ / HİSTOLOJİ VE EMBRİYOLOJİ AD.,FAKÜLTEMİZ WEB SİTESİ ÖĞRENCİ AĞI AMFİ PROGRAMINA BAKINIZ
Dönem 2,4 Eylül 2025 Perşembe,10:10,10:50,3-Lenfoid sistem histolojisine giriş / Doç. Dr. Tuğba KOTİL (Dr. Öğr. Üyesi Tuğba EKİZ YILMAZ),KAN LENFOİD DİLİMİ / HİSTOLOJİ VE EMBRİYOLOJİ AD.,FAKÜLTEMİZ WEB SİTESİ ÖĞRENCİ AĞI AMFİ PROGRAMINA BAKINIZ
Dönem 2,4 Eylül 2025 Perşembe,11:00,11:40,2-Porfirinler ve hem sentezi / Prof. Dr. Semra Doğru ABBASOĞLU (Prof. Dr. Nihal SALMAYENLİ),KAN LENFOİD DİLİMİ / TIBBİ BİYOKİMYA AD.,FAKÜLTEMİZ WEB SİTESİ ÖĞRENCİ AĞI AMFİ PROGRAMINA BAKINIZ
Dönem 2,4 Eylül 2025 Perşembe,11:50,12:30,3-Bilirubin metabolizması (Hem halkasının yıkılması) / Prof. Dr. Semra Doğru ABBASOĞLU (Prof. Dr. Nihal SALMAYENLİ),KAN LENFOİD DİLİMİ / TIBBİ BİYOKİMYA AD.,FAKÜLTEMİZ WEB SİTESİ ÖĞRENCİ AĞI AMFİ PROGRAMINA BAKINIZ
Dönem 2,4 Eylül 2025 Perşembe,13:30,14:20,DİSEKSİYON (2/13),DOLAŞIM I DİLİMİ / ANATOMİ AD.,ANATOMİ AD. LABORATUVARI
Dönem 2,4 Eylül 2025 Perşembe,14:30,15:20,DİSEKSİYON (2/13),DOLAŞIM I DİLİMİ / ANATOMİ AD.,ANATOMİ AD. LABORATUVARI
Dönem 2,4 Eylül 2025 Perşembe,15:30,16:20,DİSEKSİYON (2/13),DOLAŞIM I DİLİMİ / ANATOMİ AD.,ANATOMİ AD. LABORATUVARI
Dönem 2,5 Eylül 2025 Cuma,08:30,09:10,SERBEST ÇALIŞMA,,
Dönem 2,5 Eylül 2025 Cuma,09:20,10:00,5-Hemostaz / Prof. Dr. Güher SARUHAN DİRESKENELİ (Prof. Dr. Fatma Aytül UYAR),KAN LENFOİD DİLİMİ / FİZYOLOJİ AD.,FAKÜLTEMİZ WEB SİTESİ ÖĞRENCİ AĞI AMFİ PROGRAMINA BAKINIZ
Dönem 2,5 Eylül 2025 Cuma,10:10,10:50,4-Anemi Fizyopatolojisi ve kan grupları / Prof. Dr. Fatma Aytül UYAR (Prof. Dr. Güher SARUHAN DİRESKENELİ),KAN LENFOİD DİLİMİ / FİZYOLOJİ AD.,FAKÜLTEMİZ WEB SİTESİ ÖĞRENCİ AĞI AMFİ PROGRAMINA BAKINIZ
Dönem 2,5 Eylül 2025 Cuma,11:00,11:40,4-Timus ve Lenf Düğümü / Doç. Dr. Tuğba KOTİL (Dr. Öğr. Üyesi Tuğba EKİZ YILMAZ),KAN LENFOİD DİLİMİ / HİSTOLOJİ VE EMBRİYOLOJİ AD.,FAKÜLTEMİZ WEB SİTESİ ÖĞRENCİ AĞI AMFİ PROGRAMINA BAKINIZ
Dönem 2,5 Eylül 2025 Cuma,11:50,12:30,5-Dalak ve Tonsilla / Doç. Dr. Tuğba KOTİL (Dr. Öğr. Üyesi Tuğba EKİZ YILMAZ),KAN LENFOİD DİLİMİ / HİSTOLOJİ VE EMBRİYOLOJİ AD.,FAKÜLTEMİZ WEB SİTESİ ÖĞRENCİ AĞI AMFİ PROGRAMINA BAKINIZ
Dönem 2,5 Eylül 2025 Cuma,14:00,14:40,4-Hem sentezi ve yıkım bozuklukları / Prof. Dr. Semra Doğru ABBASOĞLU (Prof. Dr. Nihal SALMAYENLİ),KAN LENFOİD DİLİMİ / TIBBİ BİYOKİMYA AD.,FAKÜLTEMİZ WEB SİTESİ ÖĞRENCİ AĞI AMFİ PROGRAMINA BAKINIZ
Dönem 2,5 Eylül 2025 Cuma,14:50,15:30,5-Hemoglobin varyantları ve anormal hemoglobinler / Prof. Dr. Semra Doğru ABBASOĞLU (Prof. Dr. Nihal SALMAYENLİ),KAN LENFOİD DİLİMİ / TIBBİ BİYOKİMYA AD.,FAKÜLTEMİZ WEB SİTESİ ÖĞRENCİ AĞI AMFİ PROGRAMINA BAKINIZ
Dönem 2,5 Eylül 2025 Cuma,15:40,16:20,SERBEST ÇALIŞMA,,
Dönem 2,8 Eylül 2025 Pazartesi,08:30,10:20,UYGULAMA,KAN LENFOİD DİLİMİ,FAKÜLTEMİZ WEB SİTESİ ÖĞRENCİ AĞI DÖNEM 2 UYGULAMA PROGRAMINA BAKINIZ
Dönem 2,8 Eylül 2025 Pazartesi,10:30,11:10,6-Eritrosit biyokimyası / Prof. Dr. Semra ABBASOĞLU (Doç. Dr. Ayşe Gül Sündüs TELCİ),KAN LENFOİD DİLİMİ / TIBBİ BİYOKİMYA AD.,FAKÜLTEMİZ WEB SİTESİ ÖĞRENCİ AĞI AMFİ PROGRAMINA BAKINIZ
Dönem 2,8 Eylül 2025 Pazartesi,11:20,12:00,7-Anemiye Klinik Biyokimya Laboratuvar Yaklaşımı / Prof. Dr. Semra ABBASOĞLU (Prof. Dr. Abdurrahman Fatih AYDIN),KAN LENFOİD DİLİMİ / TIBBİ BİYOKİMYA AD.,FAKÜLTEMİZ WEB SİTESİ ÖĞRENCİ AĞI AMFİ PROGRAMINA BAKINIZ
Dönem 2,8 Eylül 2025 Pazartesi,13:30,14:10,4-Kalbin yapısı ve ileti sistemi / Dr. Öğr. Üyesi (Doç. Dr. ) Özcan GAYRETLİ (Dr. Öğr. Üyesi Osman COŞKUN),DOLAŞIM I DİLİMİ / ANATOMİ AD.,FAKÜLTEMİZ WEB SİTESİ ÖĞRENCİ AĞI AMFİ PROGRAMINA BAKINIZ
Dönem 2,8 Eylül 2025 Pazartesi,14:20,15:00,5-Kalbin damar ve sinirleri / Dr. Öğr. Üyesi (Doç. Dr. ) Özcan GAYRETLİ (Dr. Öğr. Üyesi Osman COŞKUN),DOLAŞIM I DİLİMİ / ANATOMİ AD.,FAKÜLTEMİZ WEB SİTESİ ÖĞRENCİ AĞI AMFİ PROGRAMINA BAKINIZ
Dönem 2,8 Eylül 2025 Pazartesi,15:10,15:50,6-Pıhtılaşma / Prof. Dr. Güher SARUHAN DİRESKENELİ (Prof. Dr. Fatma Aytül UYAR),KAN LENFOİD DİLİMİ / FİZYOLOJİ AD.,FAKÜLTEMİZ WEB SİTESİ ÖĞRENCİ AĞI AMFİ PROGRAMINA BAKINIZ
Dönem 2,8 Eylül 2025 Pazartesi,16:00,16:40,7-Endotel ve pıhtılaşmanın düzenlenmesi / Prof. Dr. Güher SARUHAN DİRESKENELİ (Prof. Dr. Fatma Aytül UYAR),KAN LENFOİD DİLİMİ / FİZYOLOJİ AD.,FAKÜLTEMİZ WEB SİTESİ ÖĞRENCİ AĞI AMFİ PROGRAMINA BAKINIZ
Dönem 2,9 Eylül 2025 Salı,08:30,10:20,UYGULAMA,KAN LENFOİD DİLİMİ,FAKÜLTEMİZ WEB SİTESİ ÖĞRENCİ AĞI DÖNEM 2 UYGULAMA PROGRAMINA BAKINIZ
Dönem 2,9 Eylül 2025 Salı,11:00,11:40,8-İmmün sistem hücrelerinin üretimi (Hematopoez) / Prof. Dr. Güher SARUHAN DİRESKENELİ (Prof. Dr. Fatma Aytül UYAR),KAN LENFOİD DİLİMİ / FİZYOLOJİ AD.,FAKÜLTEMİZ WEB SİTESİ ÖĞRENCİ AĞI AMFİ PROGRAMINA BAKINIZ
Dönem 2,9 Eylül 2025 Salı,11:50,12:30,6,KAN LENFOİD DİLİMİ / FİZYOLOJİ AD.,FAKÜLTEMİZ WEB SİTESİ ÖĞRENCİ AĞI AMFİ PROGRAMINA BAKINIZ
Dönem 2,9 Eylül 2025 Salı,13:30,14:20,DİSEKSİYON (3/13),DOLAŞIM I DİLİMİ / ANATOMİ AD.,ANATOMİ AD. LABORATUVARI
Dönem 2,9 Eylül 2025 Salı,14:30,15:20,DİSEKSİYON (3/13),DOLAŞIM I DİLİMİ / ANATOMİ AD.,ANATOMİ AD. LABORATUVARI
Dönem 2,9 Eylül 2025 Salı,15:30,16:20,DİSEKSİYON (3/13),DOLAŞIM I DİLİMİ / ANATOMİ AD.,ANATOMİ AD. LABORATUVARI
Dönem 2,10 Eylül 2025 Çarşamba,08:30,10:20,UYGULAMA,KAN LENFOİD DİLİMİ,FAKÜLTEMİZ WEB SİTESİ ÖĞRENCİ AĞI DÖNEM 2 UYGULAMA PROGRAMINA BAKINIZ
Dönem 2,10 Eylül 2025 Çarşamba,10:30,12:20,UYGULAMA,KAN LENFOİD DİLİMİ,FAKÜLTEMİZ WEB SİTESİ ÖĞRENCİ AĞI DÖNEM 2 UYGULAMA PROGRAMINA BAKINIZ
Dönem 2,10 Eylül 2025 Çarşamba,13:30,15:20,ENTEGRE OTURUM Anemi (Demir eksikliği Anemisi) / Prof. Dr. Fatma Aytül UYAR (Prof. Dr. Güher SARUHAN DİRESKENELİ) - Doç. Dr. İpek YÖNAL HİNDİLERDEN - Prof. Dr. Özden Boral (İngilizce Tıp ile ortak ders),KAN LENFOİD DİLİMİ / FİZYOLOJİ AD. - İÇ HASTALIKLARI AD. - TIBBİ MİKROBİYOLOJİ AD.,FAKÜLTEMİZ WEB SİTESİ ÖĞRENCİ AĞI AMFİ PROGRAMINA BAKINIZ
Dönem 2,10 Eylül 2025 Çarşamba,15:30,16:10,SERBEST ÇALIŞMA,,
Dönem 2,11 Eylül 2025 Perşembe,08:30,10:20,UYGULAMA,KAN LENFOİD DİLİMİ,FAKÜLTEMİZ WEB SİTESİ ÖĞRENCİ AĞI DÖNEM 2 UYGULAMA PROGRAMINA BAKINIZ
Dönem 2,11 Eylül 2025 Perşembe,11:00,11:40,1-İmmün sisteme ilişkin kavramlar / Prof. Dr. Ali AĞAÇFİDAN (Prof. Dr. Hayriye KIRKOYUN UYSAL),KAN LENFOİD DİLİMİ / TIBBİ MİKROBİYOLOJİ AD.,FAKÜLTEMİZ WEB SİTESİ ÖĞRENCİ AĞI AMFİ PROGRAMINA BAKINIZ
Dönem 2,11 Eylül 2025 Perşembe,11:50,12:30,2-Kendinden olanı tanıma gereği / Doç. Dr.Muammer Osman KÖKSAL (Prof. Dr. Hayriye KIRKOYUN UYSAL),KAN LENFOİD DİLİMİ / TIBBİ MİKROBİYOLOJİ AD.,FAKÜLTEMİZ WEB SİTESİ ÖĞRENCİ AĞI AMFİ PROGRAMINA BAKINIZ
Dönem 2,11 Eylül 2025 Perşembe,13:30,14:20,DİSEKSİYON (4/13),DOLAŞIM I DİLİMİ / ANATOMİ AD.,ANATOMİ AD. LABORATUVARI
Dönem 2,11 Eylül 2025 Perşembe,14:30,15:20,DİSEKSİYON (4/13),DOLAŞIM I DİLİMİ / ANATOMİ AD.,ANATOMİ AD. LABORATUVARI
Dönem 2,11 Eylül 2025 Perşembe,15:30,16:20,DİSEKSİYON (4/13),DOLAŞIM I DİLİMİ / ANATOMİ AD.,ANATOMİ AD. LABORATUVARI
Dönem 2,12 Eylül 2025 Cuma,08:30,09:10,SERBEST ÇALIŞMA,,
Dönem 2,12 Eylül 2025 Cuma,09:20,10:00,SERBEST ÇALIŞMA,,
Dönem 2,12 Eylül 2025 Cuma,10:10,10:50,Aşılamada koruyucu immun yanıt ve bellek yanıtı / Prof. Dr. Gonca KESKİNDEMİRCİ (Prof. Dr. Gülbin GÖKÇAY),KAN LENFOİD DİLİMİ / ÇOCUK SAĞLIĞI VE HASTALIKLARI AD.,FAKÜLTEMİZ WEB SİTESİ ÖĞRENCİ AĞI AMFİ PROGRAMINA BAKINIZ
Dönem 2,12 Eylül 2025 Cuma,11:00,11:40,SERBEST ÇALIŞMA,,
Dönem 2,12 Eylül 2025 Cuma,11:50,12:30,4-Çevre ile ilişkimizi sınırlayan bariyerler / Doç. Dr.Muammer Osman KÖKSAL (Prof. Dr. Sevim MEŞE),KAN LENFOİD DİLİMİ / TIBBİ MİKROBİYOLOJİ AD.,FAKÜLTEMİZ WEB SİTESİ ÖĞRENCİ AĞI AMFİ PROGRAMINA BAKINIZ
Dönem 2,12 Eylül 2025 Cuma,14:00,14:40,10-Doğal ve edinsel bağışıklık / Prof. Dr. Güher SARUHAN DİRESKENELİ (Prof. Dr. Fatma Aytül UYAR),KAN LENFOİD DİLİMİ / FİZYOLOJİ AD.,FAKÜLTEMİZ WEB SİTESİ ÖĞRENCİ AĞI AMFİ PROGRAMINA BAKINIZ
Dönem 2,12 Eylül 2025 Cuma,14:50,15:30,SERBEST ÇALIŞMA,,
Dönem 2,12 Eylül 2025 Cuma,15:40,16:20,SERBEST ÇALIŞMA,,
Dönem 2,15 Eylül 2025 Pazartesi,08:30,10:20,UYGULAMA,KAN LENFOİD DİLİMİ,FAKÜLTEMİZ WEB SİTESİ ÖĞRENCİ AĞI DÖNEM 2 UYGULAMA PROGRAMINA BAKINIZ
Dönem 2,15 Eylül 2025 Pazartesi,11:00,11:40,6-Arterler ve truncus pulmonalis / Dr. Öğr. Üyesi (Doç. Dr. ) Özcan GAYRETLİ (Dr. Öğr. Üyesi ,DOLAŞIM I DİLİMİ / ANATOMİ AD.,FAKÜLTEMİZ WEB SİTESİ ÖĞRENCİ AĞI AMFİ PROGRAMINA BAKINIZ
Dönem 2,15 Eylül 2025 Pazartesi,11:50,12:30,7-Aorta / Dr. Öğr. Üyesi (Doç. Dr. ) Özcan GAYRETLİ (Dr. Öğr. Üyesi Osman COŞKUN),DOLAŞIM I DİLİMİ / ANATOMİ AD.,FAKÜLTEMİZ WEB SİTESİ ÖĞRENCİ AĞI AMFİ PROGRAMINA BAKINIZ
Dönem 2,15 Eylül 2025 Pazartesi,13:30,15:20,UYGULAMA,KAN LENFOİD DİLİMİ,FAKÜLTEMİZ WEB SİTESİ ÖĞRENCİ AĞI DÖNEM 2 UYGULAMA PROGRAMINA BAKINIZ
Dönem 2,15 Eylül 2025 Pazartesi,15:30,16:10,SERBEST ÇALIŞMA,,
Dönem 2,16 Eylül 2025 Salı,08:30,10:20,UYGULAMA,KAN LENFOİD DİLİMİ,FAKÜLTEMİZ WEB SİTESİ ÖĞRENCİ AĞI DÖNEM 2 UYGULAMA PROGRAMINA BAKINIZ
Dönem 2,16 Eylül 2025 Salı,10:30,12:20,ENTEGRE OTURUM Trombosit-Hemostaz / Prof. Dr. Güher SARUHAN DİRESKENELİ - Prof. Dr. Ayşegül ÜNÜVAR (Prof. Dr. Serap KARAMAN) - Prof. Dr. Mustafa YENEREL (İngilizce Tıp ile ortak ders),KAN LENFOİD DİLİMİ / FİZYOLOJİ AD. - ÇOCUK SAĞLIĞI VE HASTALIKLARI AD. - İÇ HASTALIKLARI AD.,FAKÜLTEMİZ WEB SİTESİ ÖĞRENCİ AĞI AMFİ PROGRAMINA BAKINIZ
Dönem 2,16 Eylül 2025 Salı,13:30,14:20,DİSEKSİYON (5/13),DOLAŞIM I DİLİMİ / ANATOMİ AD.,ANATOMİ AD. LABORATUVARI
Dönem 2,16 Eylül 2025 Salı,14:30,15:20,DİSEKSİYON (5/13),DOLAŞIM I DİLİMİ / ANATOMİ AD.,ANATOMİ AD. LABORATUVARI
Dönem 2,16 Eylül 2025 Salı,15:30,16:20,DİSEKSİYON (5/13),DOLAŞIM I DİLİMİ / ANATOMİ AD.,ANATOMİ AD. LABORATUVARI
Dönem 2,17 Eylül 2025 Çarşamba,08:30,10:20,UYGULAMA,KAN LENFOİD DİLİMİ,FAKÜLTEMİZ WEB SİTESİ ÖĞRENCİ AĞI DÖNEM 2 UYGULAMA PROGRAMINA BAKINIZ
Dönem 2,17 Eylül 2025 Çarşamba,11:00,11:40,5-Doğal immün sistemin uyarılması / Prof. Dr. Ali AĞAÇFİDAN (Dr. Öğr. Üyesi Mustafa ÖNEL),KAN LENFOİD DİLİMİ / TIBBİ MİKROBİYOLOJİ AD.,FAKÜLTEMİZ WEB SİTESİ ÖĞRENCİ AĞI AMFİ PROGRAMINA BAKINIZ
Dönem 2,17 Eylül 2025 Çarşamba,11:50,12:30,6-Doğal immün sistemin etki mekanizmaları / Prof. Dr. Hayriye KIRKOYUN UYSAL (Prof. Dr. Sevim MEŞE),KAN LENFOİD DİLİMİ / TIBBİ MİKROBİYOLOJİ AD.,FAKÜLTEMİZ WEB SİTESİ ÖĞRENCİ AĞI AMFİ PROGRAMINA BAKINIZ
Dönem 2,17 Eylül 2025 Çarşamba,13:30,14:10,8-Baş-boyun arterleri / Dr. Öğr. Üyesi (Doç. Dr. ) Özcan GAYRETLİ (Dr. Öğr. Üyesi Osman COŞKUN),DOLAŞIM I DİLİMİ / ANATOMİ AD.,FAKÜLTEMİZ WEB SİTESİ ÖĞRENCİ AĞI AMFİ PROGRAMINA BAKINIZ
Dönem 2,17 Eylül 2025 Çarşamba,14:20,15:00,9-Üst ekstremite arterleri / Dr. Öğr. Üyesi (Doç. Dr. ) Özcan GAYRETLİ (Dr. Öğr. Üyesi Osman COŞKUN),DOLAŞIM I DİLİMİ / ANATOMİ AD.,FAKÜLTEMİZ WEB SİTESİ ÖĞRENCİ AĞI AMFİ PROGRAMINA BAKINIZ
Dönem 2,17 Eylül 2025 Çarşamba,15:10,15:50,3-Antijen ve reseptörler / Dr. Öğr. Üyesi Mustafa ÖNEL (Prof. Dr. Hayriye KIRKOYUN UYSAL),KAN LENFOİD DİLİMİ / TIBBİ MİKROBİYOLOJİ AD.,FAKÜLTEMİZ WEB SİTESİ ÖĞRENCİ AĞI AMFİ PROGRAMINA BAKINIZ
Dönem 2,17 Eylül 2025 Çarşamba,16:00,16:40,SERBEST ÇALIŞMA,,
Dönem 2,18 Eylül 2025 Perşembe,08:30,10:20,UYGULAMA,KAN LENFOİD DİLİMİ,FAKÜLTEMİZ WEB SİTESİ ÖĞRENCİ AĞI DÖNEM 2 UYGULAMA PROGRAMINA BAKINIZ
Dönem 2,18 Eylül 2025 Perşembe,11:00,11:40,11-İmmün çeşitliliğin oluşumu - Reseptörler / Prof. Dr. Güher SARUHAN DİRESKENELİ (Prof. Dr. Fatma Aytül UYAR),KAN LENFOİD DİLİMİ / FİZYOLOJİ AD.,FAKÜLTEMİZ WEB SİTESİ ÖĞRENCİ AĞI AMFİ PROGRAMINA BAKINIZ
Dönem 2,18 Eylül 2025 Perşembe,11:50,12:30,12-Lenfosit gelişimi ve olgunlaşması / Prof. Dr. Güher SARUHAN DİRESKENELİ (Prof. Dr. Fatma Aytül UYAR),KAN LENFOİD DİLİMİ / FİZYOLOJİ AD.,FAKÜLTEMİZ WEB SİTESİ ÖĞRENCİ AĞI AMFİ PROGRAMINA BAKINIZ
Dönem 2,18 Eylül 2025 Perşembe,13:30,14:20,DİSEKSİYON (6/13),DOLAŞIM I DİLİMİ / ANATOMİ AD.,ANATOMİ AD. LABORATUVARI
Dönem 2,18 Eylül 2025 Perşembe,14:30,15:20,DİSEKSİYON (6/13),DOLAŞIM I DİLİMİ / ANATOMİ AD.,ANATOMİ AD. LABORATUVARI
Dönem 2,18 Eylül 2025 Perşembe,15:30,16:20,DİSEKSİYON (6/13),DOLAŞIM I DİLİMİ / ANATOMİ AD.,ANATOMİ AD. LABORATUVARI
Dönem 2,19 Eylül 2025 Cuma,08:30,10:20,UYGULAMA,KAN LENFOİD DİLİMİ,FAKÜLTEMİZ WEB SİTESİ ÖĞRENCİ AĞI DÖNEM 2 UYGULAMA PROGRAMINA BAKINIZ
Dönem 2,19 Eylül 2025 Cuma,11:00,11:40,7-immünoglobulinler ve antijen-antikor reaksiyonları / Prof. Dr. Ali AĞAÇFİDAN (Doç. Dr. Hayriye KIRKOYUN UYSAL),KAN LENFOİD DİLİMİ / TIBBİ MİKROBİYOLOJİ AD.,FAKÜLTEMİZ WEB SİTESİ ÖĞRENCİ AĞI AMFİ PROGRAMINA BAKINIZ
Dönem 2,19 Eylül 2025 Cuma,11:50,12:30,8-Kompleman aktivasyonu / Prof. Dr. Sevim MEŞE (Dr. Öğr. Üyesi Mustafa ÖNEL),KAN LENFOİD DİLİMİ / TIBBİ MİKROBİYOLOJİ AD.,FAKÜLTEMİZ WEB SİTESİ ÖĞRENCİ AĞI AMFİ PROGRAMINA BAKINIZ
Dönem 2,19 Eylül 2025 Cuma,14:00,14:40,SERBEST ÇALIŞMA,,
Dönem 2,19 Eylül 2025 Cuma,14:50,15:30,9-Mukozal yanıt / Doç. Dr.Muammer Osman KÖKSAL (Prof. Dr. Sevim MEŞE),KAN LENFOİD DİLİMİ / TIBBİ MİKROBİYOLOJİ AD.,FAKÜLTEMİZ WEB SİTESİ ÖĞRENCİ AĞI AMFİ PROGRAMINA BAKINIZ
Dönem 2,19 Eylül 2025 Cuma,15:40,16:20,SERBEST ÇALIŞMA,,
Dönem 2,22 Eylül 2025 Pazartesi,08:30,10:20,UYGULAMA,KAN LENFOİD DİLİMİ,FAKÜLTEMİZ WEB SİTESİ ÖĞRENCİ AĞI DÖNEM 2 UYGULAMA PROGRAMINA BAKINIZ
Dönem 2,22 Eylül 2025 Pazartesi,11:00,11:40,10-Gövde arterleri / Dr. Öğr. Üyesi (Doç. Dr. ) Özcan GAYRETLİ (Dr. Öğr. Üyesi Osman COŞKUN),DOLAŞIM I DİLİMİ / ANATOMİ AD.,FAKÜLTEMİZ WEB SİTESİ ÖĞRENCİ AĞI AMFİ PROGRAMINA BAKINIZ
Dönem 2,22 Eylül 2025 Pazartesi,11:50,12:30,11-Alt ekstremite arterleri / Dr. Öğr. Üyesi (Doç. Dr. ) Özcan GAYRETLİ (Dr. Öğr. Üyesi Osman COŞKUN),DOLAŞIM I DİLİMİ / ANATOMİ AD.,FAKÜLTEMİZ WEB SİTESİ ÖĞRENCİ AĞI AMFİ PROGRAMINA BAKINIZ
Dönem 2,22 Eylül 2025 Pazartesi,13:30,15:20,ENTEGRE OTURUM İmmun sistem neyi tanır? / Prof. Dr. Güher SARUHAN DİRESKENELİ - Prof. Dr. Ahmet GÜL (İngilizce Tıp ile ortak ders),KAN LENFOİD DİLİMİ / FİZYOLOJİ AD. - İÇ HASTALIKLARI AD. ,FAKÜLTEMİZ WEB SİTESİ ÖĞRENCİ AĞI AMFİ PROGRAMINA BAKINIZ
Dönem 2,22 Eylül 2025 Pazartesi,15:30,16:10,1-Kök hücre teknolojisi ve yeni açılımlar / Prof. Dr. IşılL ALBENİZ,KAN LENFOİD DİLİMİ / BİYOFİZİK AD.,FAKÜLTEMİZ WEB SİTESİ ÖĞRENCİ AĞI AMFİ PROGRAMINA BAKINIZ
Dönem 2,23 Eylül 2025 Salı,08:30,09:10,13-Lenfosit aktivasyonu/ Prof. Dr. Güher SARUHAN DİRESKENELİ (Prof. Dr. Fatma Aytül UYAR),KAN LENFOİD DİLİMİ / FİZYOLOJİ AD.,FAKÜLTEMİZ WEB SİTESİ ÖĞRENCİ AĞI AMFİ PROGRAMINA BAKINIZ
Dönem 2,23 Eylül 2025 Salı,09:20,10:00,14-CD4+ T hücre gelişimi ve işlevleri / Prof. Dr. Güher SARUHAN DİRESKENELİ (Prof. Dr. Fatma Aytül UYAR),KAN LENFOİD DİLİMİ / FİZYOLOJİ AD.,FAKÜLTEMİZ WEB SİTESİ ÖĞRENCİ AĞI AMFİ PROGRAMINA BAKINIZ
Dönem 2,23 Eylül 2025 Salı,10:30,12:20,UYGULAMA,KAN LENFOİD DİLİMİ,FAKÜLTEMİZ WEB SİTESİ ÖĞRENCİ AĞI DÖNEM 2 UYGULAMA PROGRAMINA BAKINIZ
Dönem 2,23 Eylül 2025 Salı,13:30,14:20,DİSEKSİYON (7/13),DOLAŞIM I DİLİMİ / ANATOMİ AD.,ANATOMİ AD. LABORATUVARI
Dönem 2,23 Eylül 2025 Salı,14:30,15:20,DİSEKSİYON (7/13),DOLAŞIM I DİLİMİ / ANATOMİ AD.,ANATOMİ AD. LABORATUVARI
Dönem 2,23 Eylül 2025 Salı,15:30,16:20,DİSEKSİYON (7/13),DOLAŞIM I DİLİMİ / ANATOMİ AD.,ANATOMİ AD. LABORATUVARI
Dönem 2,24 Eylül 2025 Çarşamba,08:30,09:10,SERBEST ÇALIŞMA,,
Dönem 2,24 Eylül 2025 Çarşamba,09:20,10:00,SERBEST ÇALIŞMA,,
Dönem 2,24 Eylül 2025 Çarşamba,10:10,10.50,SERBEST ÇALIŞMA,,
Dönem 2,24 Eylül 2025 Çarşamba,11:00,11:40,15-CD8+ T hücre gelişimi ve işlevleri / Prof. Dr. Güher SARUHAN DİRESKENELİ (Prof. Dr. Fatma Aytül UYAR),KAN LENFOİD DİLİMİ / FİZYOLOJİ AD.,FAKÜLTEMİZ WEB SİTESİ ÖĞRENCİ AĞI AMFİ PROGRAMINA BAKINIZ
Dönem 2,24 Eylül 2025 Çarşamba,11:50,12:30,16-İmmün yanıtın düzenlenmesi / Prof. Dr. Güher SARUHAN DİRESKENELİ (Prof. Dr. Fatma Aytül UYAR),KAN LENFOİD DİLİMİ / FİZYOLOJİ AD.,FAKÜLTEMİZ WEB SİTESİ ÖĞRENCİ AĞI AMFİ PROGRAMINA BAKINIZ
Dönem 2,24 Eylül 2025 Çarşamba,13:30,15:20,UYGULAMA,KAN LENFOİD DİLİMİ,FAKÜLTEMİZ WEB SİTESİ ÖĞRENCİ AĞI DÖNEM 2 UYGULAMA PROGRAMINA BAKINIZ
Dönem 2,24 Eylül 2025 Çarşamba,15:30,16:10,SERBEST ÇALIŞMA,,
Dönem 2,25 Eylül 2025 Perşembe,08:30,09:10,1-Doğal edinsel immünite arasında geçiş  NK / Prof. Dr.Günnur DENİZ ,KAN LENFOİD DİLİMİ /AZİZ SANCAR DENEYSEL TIP ARAŞTIRMA ENSTİTÜSÜ MÜDÜRLÜĞÜ,FAKÜLTEMİZ WEB SİTESİ ÖĞRENCİ AĞI AMFİ PROGRAMINA BAKINIZ
Dönem 2,25 Eylül 2025 Perşembe,09:20,10:00,1-Endotel biyokimyası / Prof. Dr. Abdurrahman Fatih AYDIN (Prof. Dr. Seldağ BEKPINAR),DOLAŞIM I DİLİMİ / TIBBİ BİYOKİMYA AD.,FAKÜLTEMİZ WEB SİTESİ ÖĞRENCİ AĞI AMFİ PROGRAMINA BAKINIZ
Dönem 2,25 Eylül 2025 Perşembe,10:10,10:50,2-Ateroskleroz gelişimi / Prof. Dr. Evin ADEMOĞLU (Prof. Dr. Seldağ BEKPINAR),DOLAŞIM I DİLİMİ / TIBBİ BİYOKİMYA AD.,FAKÜLTEMİZ WEB SİTESİ ÖĞRENCİ AĞI AMFİ PROGRAMINA BAKINIZ
Dönem 2,25 Eylül 2025 Perşembe,11:00,11:40,1-Arter Histolojisi / Doç. Dr. Elif KERVANCIOĞLU DEMİRCİ (Doç.Dr. Tuğba KOTİL),DOLAŞIM I DİLİMİ / HİSTOLOJİ VE EMBRİYOLOJİ AD.,FAKÜLTEMİZ WEB SİTESİ ÖĞRENCİ AĞI AMFİ PROGRAMINA BAKINIZ
Dönem 2,25 Eylül 2025 Perşembe,11:50,12:30,2-Ven ve lenfatiklerin Histolojisi / Doç. Dr. Elif KERVANCIOĞLU DEMİRCİ (Doç.Dr. Tuğba KOTİL),DOLAŞIM I DİLİMİ / HİSTOLOJİ VE EMBRİYOLOJİ AD.,FAKÜLTEMİZ WEB SİTESİ ÖĞRENCİ AĞI AMFİ PROGRAMINA BAKINIZ
Dönem 2,25 Eylül 2025 Perşembe,13:30,14:20,DİSEKSİYON (8/13),DOLAŞIM I DİLİMİ / ANATOMİ AD.,ANATOMİ AD. LABORATUVARI
Dönem 2,25 Eylül 2025 Perşembe,14:30,15:20,DİSEKSİYON (8/13),DOLAŞIM I DİLİMİ / ANATOMİ AD.,ANATOMİ AD. LABORATUVARI
Dönem 2,25 Eylül 2025 Perşembe,15:30,16:20,DİSEKSİYON (8/13),DOLAŞIM I DİLİMİ / ANATOMİ AD.,ANATOMİ AD. LABORATUVARI
Dönem 2,26 Eylül 2025 Cuma,08:30,10:20,UYGULAMA,KAN LENFOİD DİLİMİ,FAKÜLTEMİZ WEB SİTESİ ÖĞRENCİ AĞI DÖNEM 2 UYGULAMA PROGRAMINA BAKINIZ
Dönem 2,26 Eylül 2025 Cuma,11:00,11:40,1-Kalp Kasının Fizyolojisi / Prof. Dr. Müge DEVRİM ÜÇOK (Prof. Dr. Tamer DEMİRALP),DOLAŞIM I DİLİMİ / FİZYOLOJİ AD.,FAKÜLTEMİZ WEB SİTESİ ÖĞRENCİ AĞI AMFİ PROGRAMINA BAKINIZ
Dönem 2,26 Eylül 2025 Cuma,11:50,12:30,2-Kalbin Ritmik Uyarılması / Prof. Dr. Müge DEVRİM ÜÇOK (Prof. Dr. Tamer DEMİRALP),DOLAŞIM I DİLİMİ / FİZYOLOJİ AD.,FAKÜLTEMİZ WEB SİTESİ ÖĞRENCİ AĞI AMFİ PROGRAMINA BAKINIZ
Dönem 2,26 Eylül 2025 Cuma,14:00,14:40,12-Venler ve üst ekstremite venleri / Dr. Öğr. Üyesi Osman COŞKUN (Prof. Dr. Ayşin KALE),DOLAŞIM I DİLİMİ / ANATOMİ AD.,FAKÜLTEMİZ WEB SİTESİ ÖĞRENCİ AĞI AMFİ PROGRAMINA BAKINIZ
Dönem 2,26 Eylül 2025 Cuma,14:50,15:30,13-Baş-boyun venleri / Dr. Öğr. Üyesi Osman COŞKUN (Prof. Dr. Ayşin KALE),DOLAŞIM I DİLİMİ / ANATOMİ AD.,FAKÜLTEMİZ WEB SİTESİ ÖĞRENCİ AĞI AMFİ PROGRAMINA BAKINIZ
Dönem 2,26 Eylül 2025 Cuma,15:40,16:20,Ek Ders - Dr. Öğr. Üyesi (Doç. Dr. ) Özcan GAYRETLİ,DOLAŞIM I DİLİMİ / ANATOMİ AD.,FAKÜLTEMİZ WEB SİTESİ ÖĞRENCİ AĞI AMFİ PROGRAMINA BAKINIZ
Dönem 2,29 Eylül 2025 Pazartesi,08:30,09:10,SERBEST ÇALIŞMA,,
Dönem 2,29 Eylül 2025 Pazartesi,09:20,10:50,ENTEGRE OTURUM İmmün sistem işlevlerinin değerlendirilmesi / Prof. Dr. Güher SARUHAN DİRESKENELİ - Prof. Dr. Günnur DENİZ - Prof. Dr. Serap ŞİMŞEK YAVUZ (İngilizce Tıp ile ortak ders),KAN LENFOİD DİLİMİ / FİZYOLOJİ AD. - AZİZ SANCAR DENEYSEL TIP ARAŞTIRMA ENSTİTÜSÜ MÜDÜRLÜĞÜ - ENFEKSİYON HASTALIKLARI VE KLİNİK MİKROBİYOLOJİ AD.,FAKÜLTEMİZ WEB SİTESİ ÖĞRENCİ AĞI AMFİ PROGRAMINA BAKINIZ
Dönem 2,29 Eylül 2025 Pazartesi,11:00,11:40,1-Dolaşım sisteminde yapı ve işlev ilişkisi / Prof. Dr. Leman YALÇINTEPE GÜNEŞTUTAR,DOLAŞIM I DİLİMİ / BİYOFİZİK AD.,FAKÜLTEMİZ WEB SİTESİ ÖĞRENCİ AĞI AMFİ PROGRAMINA BAKINIZ
Dönem 2,29 Eylül 2025 Pazartesi,11:50,12:30,2-Kan basıncı ve kan akış direncinin (“Shear Stress”) plak oluşumu ve yırtılmadaki etkisi / Prof. Dr. Muhammet BEKTAŞ,DOLAŞIM I DİLİMİ / BİYOFİZİK AD.,FAKÜLTEMİZ WEB SİTESİ ÖĞRENCİ AĞI AMFİ PROGRAMINA BAKINIZ
Dönem 2,29 Eylül 2025 Pazartesi,13:30,14:10,4-Kalp histoloji / Prof. Dr. Sibel KÖKTÜRK (Doç.Dr. Tuğba KOTİL),DOLAŞIM I DİLİMİ / HİSTOLOJİ VE EMBİRİYOLOJİ AD.,FAKÜLTEMİZ WEB SİTESİ ÖĞRENCİ AĞI AMFİ PROGRAMINA BAKINIZ
Dönem 2,29 Eylül 2025 Pazartesi,14:20,15:00,5-Endotel gelişimi / Dr. Öğr. Üyesi Tuğba EKİZ YILMAZ(Doç.Dr. Tuğba KOTİL),DOLAŞIM I DİLİMİ / HİSTOLOJİ VE EMBRİYOLOJİ AD.,FAKÜLTEMİZ WEB SİTESİ ÖĞRENCİ AĞI AMFİ PROGRAMINA BAKINIZ
Dönem 2,29 Eylül 2025 Pazartesi,15:10,15:50,SERBEST ÇALIŞMA,,
Dönem 2,29 Eylül 2025 Pazartesi,16:00,16:40,SERBEST ÇALIŞMA,,
Dönem 2,30 Eylül 2025 Salı,08:30,09:10,SERBEST ÇALIŞMA,,
Dönem 2,30 Eylül 2025 Salı,09:20,10:50,ENTEGRE OTURUM - Dolaşım sisteminde fizyolojik sınırların zorlanması / Prof. Dr. Bülent BAYRAKTAR (Prof. Dr. Gokhan METIN) (İngilizce Tıp ile ortak ders),DOLAŞIM I DİLİMİ / SPOR HEKİMLİĞİ AD.,FAKÜLTEMİZ WEB SİTESİ ÖĞRENCİ AĞI AMFİ PROGRAMINA BAKINIZ
Dönem 2,30 Eylül 2025 Salı,11:00,11:40,3-Kalbin eksitasyon ileti sistemi / Prof. Dr. Müge DEVRİM ÜÇOK (Prof. Dr. Tamer DEMİRALP),DOLAŞIM I DİLİMİ / FİZYOLOJİ AD.,FAKÜLTEMİZ WEB SİTESİ ÖĞRENCİ AĞI AMFİ PROGRAMINA BAKINIZ
Dönem 2,30 Eylül 2025 Salı,11:50,12:30,4-Normal EKG / Prof. Dr. Müge DEVRİM ÜÇOK (Prof. Dr. Tamer DEMİRALP),DOLAŞIM I DİLİMİ / FİZYOLOJİ AD.,FAKÜLTEMİZ WEB SİTESİ ÖĞRENCİ AĞI AMFİ PROGRAMINA BAKINIZ
Dönem 2,30 Eylül 2025 Salı,13:30,14:20,DİSEKSİYON (9/13),DOLAŞIM I DİLİMİ / ANATOMİ AD.,ANATOMİ AD. LABORATUVARI
Dönem 2,30 Eylül 2025 Salı,14:30,15:20,DİSEKSİYON (9/13),DOLAŞIM I DİLİMİ / ANATOMİ AD.,ANATOMİ AD. LABORATUVARI
Dönem 2,30 Eylül 2025 Salı,15:30,16:20,DİSEKSİYON (9/13),DOLAŞIM I DİLİMİ / ANATOMİ AD.,ANATOMİ AD. LABORATUVARI
Dönem 2,1 Ekim 2025 Çarşamba,08:30,09:10,SERBEST ÇALIŞMA,,
Dönem 2,1 Ekim 2025 Çarşamba,09:20,10:00,14-Gövde ve alt ekstremite venleri / Dr. Öğr. Üyesi Osman COŞKUN (Prof. Dr. Ayşin KALE),DOLAŞIM I DİLİMİ / ANATOMİ AD.,FAKÜLTEMİZ WEB SİTESİ ÖĞRENCİ AĞI AMFİ PROGRAMINA BAKINIZ
Dönem 2,1 Ekim 2025 Çarşamba,10:10,10:50,15-Baş-boyun ve üst ekstremite lenfatikleri / Dr. Öğr. Üyesi Osman COŞKUN (Prof. Dr. Ayşin KALE),DOLAŞIM I DİLİMİ / ANATOMİ AD.,FAKÜLTEMİZ WEB SİTESİ ÖĞRENCİ AĞI AMFİ PROGRAMINA BAKINIZ
Dönem 2,1 Ekim 2025 Çarşamba,11:00,11:40,5-EKG değişiklikleri / Prof. Dr. Müge DEVRİM ÜÇOK (Prof. Dr. Tamer DEMİRALP),DOLAŞIM I DİLİMİ / FİZYOLOJİ AD.,FAKÜLTEMİZ WEB SİTESİ ÖĞRENCİ AĞI AMFİ PROGRAMINA BAKINIZ
Dönem 2,1 Ekim 2025 Çarşamba,11:50,12:30,6-Kalp döngüsü ve kalp sesleri / Prof. Dr. Müge DEVRİM ÜÇOK (Prof. Dr. Tamer DEMİRALP),DOLAŞIM I DİLİMİ / FİZYOLOJİ AD.,FAKÜLTEMİZ WEB SİTESİ ÖĞRENCİ AĞI AMFİ PROGRAMINA BAKINIZ
Dönem 2,1 Ekim 2025 Çarşamba,13:30,14:10,Seçmeli Dersler - 1,,FAKÜLTEMİZ WEB SİTESİ ÖĞRENCİ AĞI SEÇMELİ DERS AMFİ PROGRAMINA BAKINIZ
Dönem 2,1 Ekim 2025 Çarşamba,14:20,15:00,Seçmeli Dersler - 1,,FAKÜLTEMİZ WEB SİTESİ ÖĞRENCİ AĞI SEÇMELİ DERS AMFİ PROGRAMINA BAKINIZ
Dönem 2,1 Ekim 2025 Çarşamba,15:10,15:50,Seçmeli Dersler - 1,,FAKÜLTEMİZ WEB SİTESİ ÖĞRENCİ AĞI SEÇMELİ DERS AMFİ PROGRAMINA BAKINIZ
Dönem 2,2 Ekim 2025 Perşembe,08:30,10:20,UYGULAMA,KAN LENFOİD DİLİMİ,FAKÜLTEMİZ WEB SİTESİ ÖĞRENCİ AĞI DÖNEM 2 UYGULAMA PROGRAMINA BAKINIZ
Dönem 2,2 Ekim 2025 Perşembe,11:00,11:40,SERBEST ÇALIŞMA,,
Dönem 2,2 Ekim 2025 Perşembe,11:50,12:30,EKG Olgu Sunumu (Erişkin Kardiyoloji) / Prof. Dr. Ahmet Bilge SÖZEN (Doç. Dr. Gökhan AKSAN),DOLAŞIM I DİLİMİ / KARDİYOLOJİ AD.,FAKÜLTEMİZ WEB SİTESİ ÖĞRENCİ AĞI AMFİ PROGRAMINA BAKINIZ
Dönem 2,2 Ekim 2025 Perşembe,13:30,14:20,DİSEKSİYON (10/13),DOLAŞIM I DİLİMİ / ANATOMİ AD.,ANATOMİ AD. LABORATUVARI
Dönem 2,2 Ekim 2025 Perşembe,14:30,15:20,DİSEKSİYON (10/13),DOLAŞIM I DİLİMİ / ANATOMİ AD.,ANATOMİ AD. LABORATUVARI
Dönem 2,2 Ekim 2025 Perşembe,15:30,16:20,DİSEKSİYON (10/13),DOLAŞIM I DİLİMİ / ANATOMİ AD.,ANATOMİ AD. LABORATUVARI
Dönem 2,3 Ekim 2025 Cuma,08:30,09:10,SERBEST ÇALIŞMA,,
Dönem 2,3 Ekim 2025 Cuma,09:20,10:00,7-Arterlerin gelişimi / Dr. Öğr. Üyesi Tuğba EKİZ YILMAZ (Doç.Dr. Tuğba KOTİL),DOLAŞIM I DİLİMİ / HİSTOLOJİ VE EMBİRİYOLOJİ AD.,FAKÜLTEMİZ WEB SİTESİ ÖĞRENCİ AĞI AMFİ PROGRAMINA BAKINIZ
Dönem 2,3 Ekim 2025 Cuma,10:10,10:50,7-Kalp döngüsü sırasındaki basınç değişimleri / Prof. Dr. Müge DEVRİM ÜÇOK (Prof. Dr. Tamer DEMİRALP),DOLAŞIM I DİLİMİ / FİZYOLOJİ AD.,FAKÜLTEMİZ WEB SİTESİ ÖĞRENCİ AĞI AMFİ PROGRAMINA BAKINIZ
Dönem 2,3 Ekim 2025 Cuma,11:00,11:40,8-Kalbin pompalama işlevinin ekstrensek düzenlenmesi / Prof. Dr. Müge DEVRİM ÜÇOK (Prof. Dr. Tamer DEMİRALP),DOLAŞIM I DİLİMİ / FİZYOLOJİ AD.,FAKÜLTEMİZ WEB SİTESİ ÖĞRENCİ AĞI AMFİ PROGRAMINA BAKINIZ
Dönem 2,3 Ekim 2025 Cuma,11:50,12:30,Erişkinde Dolaşım Sistemi Bozukluklarının Örneklemi / Prof. Dr. Hasan KUDAT (Dr. Öğr Üyesi Ekrem Bilal KARAAYVAZ),DOLAŞIM I DİLİMİ / KARDİYOLOJİ AD.,FAKÜLTEMİZ WEB SİTESİ ÖĞRENCİ AĞI AMFİ PROGRAMINA BAKINIZ
Dönem 2,3 Ekim 2025 Cuma,14:00,15:50,UYGULAMA,DOLAŞIM I DİLİMİ,FAKÜLTEMİZ WEB SİTESİ ÖĞRENCİ AĞI DÖNEM 2 UYGULAMA PROGRAMINA BAKINIZ
Dönem 2,3 Ekim 2025 Cuma,16:00,16:40,SERBEST ÇALIŞMA,,
Dönem 2,6 Ekim 2025 Pazartesi,08:30,09:10,8-Ven ve lenf damarlarının gelişimi / Dr. Öğr. Üyesi Tuğba EKİZ YILMAZ (Doç.Dr. Tuğba KOTİL),DOLAŞIM I DİLİMİ / HİSTOLOJİ VE EMBİRİYOLOJİ AD.,FAKÜLTEMİZ WEB SİTESİ ÖĞRENCİ AĞI AMFİ PROGRAMINA BAKINIZ
Dönem 2,6 Ekim 2025 Pazartesi,09:20,10:50,9-Fetal dolaşım / Dr. Öğr. Üyesi Tuğba EKİZ YILMAZ (Doç.Dr. Tuğba KOTİL),DOLAŞIM I DİLİMİ / HİSTOLOJİ VE EMBİRİYOLOJİ AD.,FAKÜLTEMİZ WEB SİTESİ ÖĞRENCİ AĞI AMFİ PROGRAMINA BAKINIZ
Dönem 2,6 Ekim 2025 Pazartesi,11:00,12:30,ENTEGRE OTURUM Kan Basıncı / Prof. Dr. Hasan KUDAT - Prof. Dr. Muhammet BEKTAŞ - Doç. Dr. Özcan GAYRETLİ (İngilizce Tıp ile ortak ders),DOLAŞIM I DİLİMİ / KARDİYOLOJİ AD. - BİYOFİZİK AD. - ANATOMİ AD.,FAKÜLTEMİZ WEB SİTESİ ÖĞRENCİ AĞI AMFİ PROGRAMINA BAKINIZ
Dönem 2,6 Ekim 2025 Pazartesi,13:30,14:10,16-Gövde ve alt ekstremite lenfatikleri / Dr. Öğr. Üyesi Osman COŞKUN (Prof. Dr. Ayşin KALE),DOLAŞIM I DİLİMİ / ANATOMİ AD.,FAKÜLTEMİZ WEB SİTESİ ÖĞRENCİ AĞI AMFİ PROGRAMINA BAKINIZ
Dönem 2,6 Ekim 2025 Pazartesi,14:20,15:00,17-Regio axilla / Dr. Öğr. Üyesi Osman COŞKUN (Prof. Dr. Ayşin KALE),DOLAŞIM I DİLİMİ / ANATOMİ AD.,FAKÜLTEMİZ WEB SİTESİ ÖĞRENCİ AĞI AMFİ PROGRAMINA BAKINIZ
Dönem 2,6 Ekim 2025 Pazartesi,15:10,15:50,SERBEST ÇALIŞMA,,
Dönem 2,6 Ekim 2025 Pazartesi,16:00,16:40,SERBEST ÇALIŞMA,,
Dönem 2,7 Ekim 2025 Salı,08:30,09:10,SERBEST ÇALIŞMA,,
Dönem 2,7 Ekim 2025 Salı,09:20,10:00,1-Dolaşım sistemi hastalıklarının epidemiyolojisi / Prof. Dr. Ayşe Emel ÖNAL (Prof. Dr. Gülsüm Nurhan İNCE),DOLAŞIM I DİLİMİ / HALK SAĞLIĞI AD.,FAKÜLTEMİZ WEB SİTESİ ÖĞRENCİ AĞI AMFİ PROGRAMINA BAKINIZ
Dönem 2,7 Ekim 2025 Salı,10:10,10:50,2-Önleme ve Kontrol Programları / Prof. Dr. Ayşe Emel ÖNAL (Prof. Dr. Gülsüm Nurhan İNCE),DOLAŞIM I DİLİMİ / HALK SAĞLIĞI AD.,FAKÜLTEMİZ WEB SİTESİ ÖĞRENCİ AĞI AMFİ PROGRAMINA BAKINIZ
Dönem 2,7 Ekim 2025 Salı,11:00,11:40,9-Kalbin pompalama işlevinin intrensek düzenlenmesi / Prof. Dr. Müge DEVRİM ÜÇOK (Prof. Dr. Tamer DEMİRALP),DOLAŞIM I DİLİMİ / FİZYOLOJİ AD.,FAKÜLTEMİZ WEB SİTESİ ÖĞRENCİ AĞI AMFİ PROGRAMINA BAKINIZ
Dönem 2,7 Ekim 2025 Salı,11:50,12:30,10-Kalp debisi - venöz dönüş ve düzenlenmeleri / Prof. Dr. Müge DEVRİM ÜÇOK (Prof. Dr. Tamer DEMİRALP),DOLAŞIM I DİLİMİ / FİZYOLOJİ AD.,FAKÜLTEMİZ WEB SİTESİ ÖĞRENCİ AĞI AMFİ PROGRAMINA BAKINIZ
Dönem 2,7 Ekim 2025 Salı,13:30,14:20,DİSEKSİYON (11/13),DOLAŞIM I DİLİMİ / ANATOMİ AD.,ANATOMİ AD. LABORATUVARI
Dönem 2,7 Ekim 2025 Salı,14:30,15:20,DİSEKSİYON (11/13),DOLAŞIM I DİLİMİ / ANATOMİ AD.,ANATOMİ AD. LABORATUVARI
Dönem 2,7 Ekim 2025 Salı,15:30,16:20,DİSEKSİYON (11/13),DOLAŞIM I DİLİMİ / ANATOMİ AD.,ANATOMİ AD. LABORATUVARI
Dönem 2,8 Ekim 2025 Çarşamba,08:30,10:20,FİZYOLOJİ 1. UYGULAMASI (TÜM GRUPLAR Amfide yapılacak) (İngilizce Tıp ile ortak ders),DOLAŞIM I DİLİMİ,FAKÜLTEMİZ WEB SİTESİ ÖĞRENCİ AĞI AMFİ PROGRAMINA BAKINIZ
Dönem 2,8 Ekim 2025 Çarşamba,10:30,11:10,11-Arteriyel kan basıncının ölçümü ve düzenlenmesi / Prof. Dr. Müge DEVRİM ÜÇOK (Prof. Dr. Tamer DEMİRALP),DOLAŞIM I DİLİMİ / FİZYOLOJİ AD.,FAKÜLTEMİZ WEB SİTESİ ÖĞRENCİ AĞI AMFİ PROGRAMINA BAKINIZ
Dönem 2,8 Ekim 2025 Çarşamba,11:20,12:00,12-Sağlıkta ve hastalıkta kardiyovasküler uyum / Prof. Dr. Müge DEVRİM ÜÇOK (Prof. Dr. Tamer DEMİRALP),DOLAŞIM I DİLİMİ / FİZYOLOJİ AD.,FAKÜLTEMİZ WEB SİTESİ ÖĞRENCİ AĞI AMFİ PROGRAMINA BAKINIZ
Dönem 2,8 Ekim 2025 Çarşamba,13:30,14:10,Seçmeli Dersler - 2,,FAKÜLTEMİZ WEB SİTESİ ÖĞRENCİ AĞI SEÇMELİ DERS AMFİ PROGRAMINA BAKINIZ
Dönem 2,8 Ekim 2025 Çarşamba,14:20,15:00,Seçmeli Dersler - 2,,FAKÜLTEMİZ WEB SİTESİ ÖĞRENCİ AĞI SEÇMELİ DERS AMFİ PROGRAMINA BAKINIZ
Dönem 2,8 Ekim 2025 Çarşamba,15:10,15:50,Seçmeli Dersler - 2,,FAKÜLTEMİZ WEB SİTESİ ÖĞRENCİ AĞI SEÇMELİ DERS AMFİ PROGRAMINA BAKINIZ
Dönem 2,9 Ekim 2025 Perşembe,08:30,10:20,UYGULAMA,DOLAŞIM I DİLİMİ,FAKÜLTEMİZ WEB SİTESİ ÖĞRENCİ AĞI DÖNEM 2 UYGULAMA PROGRAMINA BAKINIZ
Dönem 2,9 Ekim 2025 Perşembe,10:30,11:40,3-Kapiller histolojisi / Doç. Dr. Elif KERVANCIOĞLU DEMİRCİ (Doç.Dr. Tuğba KOTİL),DOLAŞIM I DİLİMİ / HİSTOLOJİ VE EMBİRİYOLOJİ AD.,FAKÜLTEMİZ WEB SİTESİ ÖĞRENCİ AĞI AMFİ PROGRAMINA BAKINIZ
Dönem 2,9 Ekim 2025 Perşembe,11:50,12:30,6-Kalp gelişimi /Doç. Dr. Elif KERVANCIOĞLU DEMİRCİ (Doç.Dr. Tuğba KOTİL),DOLAŞIM I DİLİMİ / HİSTOLOJİ VE EMBİRİYOLOJİ AD.,FAKÜLTEMİZ WEB SİTESİ ÖĞRENCİ AĞI AMFİ PROGRAMINA BAKINIZ
Dönem 2,9 Ekim 2025 Perşembe,13:30,14:20,DİSEKSİYON (12/13),DOLAŞIM I DİLİMİ / ANATOMİ AD.,ANATOMİ AD. LABORATUVARI
Dönem 2,9 Ekim 2025 Perşembe,14:30,15:20,DİSEKSİYON (12/13),DOLAŞIM I DİLİMİ / ANATOMİ AD.,ANATOMİ AD. LABORATUVARI
Dönem 2,9 Ekim 2025 Perşembe,15:30,16:20,DİSEKSİYON (12/13),DOLAŞIM I DİLİMİ / ANATOMİ AD.,ANATOMİ AD. LABORATUVARI
Dönem 2,10 Ekim 2025 Cuma,08:30,10:20,UYGULAMA,DOLAŞIM I DİLİMİ,FAKÜLTEMİZ WEB SİTESİ ÖĞRENCİ AĞI DÖNEM 2 UYGULAMA PROGRAMINA BAKINIZ
Dönem 2,10 Ekim 2025 Cuma,11:00,11:40,Dolaşım sisteminde fizyolojik sınırların zorlanması (Yaşamın Kıyısında) / Prof. Dr. Akın Savaş TOKLU (Doç. Dr. Bengüsu Mirasoğlu),DOLAŞIM I DİLİMİ / SUALTI HEKİMLİĞİ VE HİPERBARİK TIP AD.,FAKÜLTEMİZ WEB SİTESİ ÖĞRENCİ AĞI AMFİ PROGRAMINA BAKINIZ
Dönem 2,10 Ekim 2025 Cuma,11:50,12:30,13-Kapiller dolaşım ve lenfatik sistem / Prof. Dr. Müge DEVRİM ÜÇOK (Prof. Dr. Tamer DEMİRALP),DOLAŞIM I DİLİMİ / FİZYOLOJİ AD.,FAKÜLTEMİZ WEB SİTESİ ÖĞRENCİ AĞI AMFİ PROGRAMINA BAKINIZ
Dönem 2,10 Ekim 2025 Cuma,14:00,14:40,14-Özel bölgelerden dolaşım / Prof. Dr. Müge DEVRİM ÜÇOK (Prof. Dr. Tamer DEMİRALP),DOLAŞIM I DİLİMİ / FİZYOLOJİ AD.,FAKÜLTEMİZ WEB SİTESİ ÖĞRENCİ AĞI AMFİ PROGRAMINA BAKINIZ
Dönem 2,10 Ekim 2025 Cuma,14:50,15:30,SERBEST ÇALIŞMA,,
Dönem 2,10 Ekim 2025 Cuma,15:40,16:20,SERBEST ÇALIŞMA,,
Dönem 2,13 Ekim 2025 Pazartesi,08:30,10:20,UYGULAMA,DOLAŞIM I DİLİMİ,FAKÜLTEMİZ WEB SİTESİ ÖĞRENCİ AĞI DÖNEM 2 UYGULAMA PROGRAMINA BAKINIZ
Dönem 2,13 Ekim 2025 Pazartesi,10:30,12:20,UYGULAMA,DOLAŞIM I DİLİMİ,FAKÜLTEMİZ WEB SİTESİ ÖĞRENCİ AĞI DÖNEM 2 UYGULAMA PROGRAMINA BAKINIZ
Dönem 2,13 Ekim 2025 Pazartesi,13:30,14:30,ÖLÇME DEĞERLENDİRME BİLGİLENDİRME TOPLANTISI (İngilizce Tıp ile ortak ders),,
Dönem 2,13 Ekim 2025 Pazartesi,14:40,15:20,15-Kan akımının dokular tarafından lokal ve humoral kontrolü / Prof. Dr. Müge DEVRİM ÜÇOK (Prof. Dr. Tamer DEMİRALP),DOLAŞIM I DİLİMİ / FİZYOLOJİ AD.,FAKÜLTEMİZ WEB SİTESİ ÖĞRENCİ AĞI AMFİ PROGRAMINA BAKINIZ
Dönem 2,13 Ekim 2025 Pazartesi,15:30,16:10,SERBEST ÇALIŞMA,,
Dönem 2,14 Ekim 2025 Salı,09:00,11:00,CANLI ANATOMİ Kardiyovasküler cerrahi / Prof. Dr. Nilgün BOZBUĞA (Prof. Dr. Mehmet Sertaç ÇİÇEK) - Doç. Dr. Özcan GAYRETLİ (Dr. Öğr. Üyesi Osman COŞKUN) (İngilizce Tıp ile ortak ders),DOLAŞIM I DİLİMİ / KALP VE DAMAR CERRAHİSİ AD. - ANATOMİ AD. ,FAKÜLTEMİZ WEB SİTESİ ÖĞRENCİ AĞI DÖNEM 2 UYGULAMA PROGRAMINA BAKINIZ
Dönem 2,14 Ekim 2025 Salı,13:30,14:20,DİSEKSİYON (13/13),DOLAŞIM I DİLİMİ / ANATOMİ AD.,ANATOMİ AD. LABORATUVARI
Dönem 2,14 Ekim 2025 Salı,14:30,15:20,DİSEKSİYON (13/13),DOLAŞIM I DİLİMİ / ANATOMİ AD.,ANATOMİ AD. LABORATUVARI
Dönem 2,14 Ekim 2025 Salı,15:30,16:20,DİSEKSİYON (13/13),DOLAŞIM I DİLİMİ / ANATOMİ AD.,ANATOMİ AD. LABORATUVARI
Dönem 2,15 Ekim 2025 Çarşamba,08:30,10:20,UYGULAMA,DOLAŞIM I DİLİMİ,FAKÜLTEMİZ WEB SİTESİ ÖĞRENCİ AĞI DÖNEM 2 UYGULAMA PROGRAMINA BAKINIZ
Dönem 2,15 Ekim 2025 Çarşamba,10:30,12:20,UYGULAMA,DOLAŞIM I DİLİMİ,FAKÜLTEMİZ WEB SİTESİ ÖĞRENCİ AĞI DÖNEM 2 UYGULAMA PROGRAMINA BAKINIZ
Dönem 2,15 Ekim 2025 Çarşamba,13:30,14:10,Seçmeli Dersler - 3,,FAKÜLTEMİZ WEB SİTESİ ÖĞRENCİ AĞI SEÇMELİ DERS AMFİ PROGRAMINA BAKINIZ
Dönem 2,15 Ekim 2025 Çarşamba,14:20,15:00,Seçmeli Dersler - 3,,FAKÜLTEMİZ WEB SİTESİ ÖĞRENCİ AĞI SEÇMELİ DERS AMFİ PROGRAMINA BAKINIZ
Dönem 2,15 Ekim 2025 Çarşamba,15:10,15:50,Seçmeli Dersler - 3,,FAKÜLTEMİZ WEB SİTESİ ÖĞRENCİ AĞI SEÇMELİ DERS AMFİ PROGRAMINA BAKINIZ
Dönem 2,16 Ekim 2025 Perşembe,08:30,10:20,UYGULAMA,DOLAŞIM I DİLİMİ,FAKÜLTEMİZ WEB SİTESİ ÖĞRENCİ AĞI DÖNEM 2 UYGULAMA PROGRAMINA BAKINIZ
Dönem 2,16 Ekim 2025 Perşembe,10:30,12:20,UYGULAMA,DOLAŞIM I DİLİMİ,FAKÜLTEMİZ WEB SİTESİ ÖĞRENCİ AĞI DÖNEM 2 UYGULAMA PROGRAMINA BAKINIZ
Dönem 2,16 Ekim 2025 Perşembe,13:30,15:20,UYGULAMA -telafi,KAN LENFOİD DİLİMİ,FAKÜLTEMİZ WEB SİTESİ ÖĞRENCİ AĞI DÖNEM 2 UYGULAMA PROGRAMINA BAKINIZ
Dönem 2,16 Ekim 2025 Perşembe,14:30,15:20,SERBEST ÇALIŞMA,,
Dönem 2,16 Ekim 2025 Perşembe,15:30,16:20,SERBEST ÇALIŞMA,,
Dönem 2,17 Ekim 2025 Cuma,08:30,16:20,SERBEST ÇALIŞMA,,
Dönem 2,20 Ekim 2025 Pazartesi,10:00,12:00,DİLİM SINAVI,KAN LENFOİD DİLİMİ - DOLAŞIM I DİLİMİ,FAKÜLTEMİZ WEB SİTESİ ÖĞRENCİ AĞI AMFİ PROGRAMINA BAKINIZ
Dönem 2,20 Ekim 2025 Pazartesi,13:00,14:00,SERBEST ÇALIŞMA (dönem1 sınav ),,
Dönem 2,21 Ekim 2025 Salı,08:30,09:10,SERBEST ÇALIŞMA,,
Dönem 2,21 Ekim 2025 Salı,09:20,10:00,1-Solunum dinamiği - solunumla ilgili gaz yasaları / Prof. Dr. Handan AKÇAKAYA,SOLUNUM I DİLİMİ / BİYOFİZİK AD.,FAKÜLTEMİZ WEB SİTESİ ÖĞRENCİ AĞI AMFİ PROGRAMINA BAKINIZ
Dönem 2,21 Ekim 2025 Salı,10:10,10:50,2-Solunum sırasında Hacim-Basınç Değişimleri Prof. Dr. Handan AKÇAKAYA,SOLUNUM I DİLİMİ / BİYOFİZİK AD.,FAKÜLTEMİZ WEB SİTESİ ÖĞRENCİ AĞI AMFİ PROGRAMINA BAKINIZ
Dönem 2,21 Ekim 2025 Salı,11:00,11:40,1-Thorax anatomisi / Dr. Öğr. Üyesi (Doç. Dr. ) Özcan GAYRETLİ (Dr. Öğr. Üyesi Osman COŞKUN),SOLUNUM I DİLİMİ / ANATOMİ AD.,FAKÜLTEMİZ WEB SİTESİ ÖĞRENCİ AĞI AMFİ PROGRAMINA BAKINIZ
Dönem 2,21 Ekim 2025 Salı,11:50,12:30,2-Solunum sistemi anatomisine giriş / Doç. Dr. Özcan GAYRETLİ (Dr. Öğr. Üyesi Osman COŞKUN),SOLUNUM I DİLİMİ / ANATOMİ AD.,FAKÜLTEMİZ WEB SİTESİ ÖĞRENCİ AĞI AMFİ PROGRAMINA BAKINIZ
Dönem 2,21 Ekim 2025 Salı,13:30,14:10,1-Solunum Sisteminin Organizasyonu - mukosiliyar mekanizma / Prof.Dr. Sarper Diler (Prof.Dr. Müge Devrim ÜÇOK),SOLUNUM I DİLİMİ / FİZYOLOJİ AD.,FAKÜLTEMİZ WEB SİTESİ ÖĞRENCİ AĞI AMFİ PROGRAMINA BAKINIZ
Dönem 2,21 Ekim 2025 Salı,14:20,15:00,2-Alveolar ventilasyon ve pulmoner dolaşım / Prof.Dr. Sarper DİLER (Prof.Dr. Müge Devrim ÜÇOK),SOLUNUM I DİLİMİ / FİZYOLOJİ AD.,FAKÜLTEMİZ WEB SİTESİ ÖĞRENCİ AĞI AMFİ PROGRAMINA BAKINIZ
Dönem 2,21 Ekim 2025 Salı,15:10,15:50,1-Hücrede oksijenin kullanımı ve oksijen gerektiren reaksiyonlar / Doç. Dr. İlknur BİNGÜL (Prof. Dr. Semra ABBASOĞLU),SOLUNUM I DİLİMİ / TIBBİ BİYOKİMYA AD.,FAKÜLTEMİZ WEB SİTESİ ÖĞRENCİ AĞI AMFİ PROGRAMINA BAKINIZ
Dönem 2,21 Ekim 2025 Salı,16:00,16:40,2-Mitokondrial solunum mitokondride ATP sentezi ve kontrolü / Doç. Dr. İlknur BİNGÜL (Prof. Dr. Semra ABBASOĞLU),SOLUNUM I DİLİMİ / TIBBİ BİYOKİMYA AD.,FAKÜLTEMİZ WEB SİTESİ ÖĞRENCİ AĞI AMFİ PROGRAMINA BAKINIZ
Dönem 2,22 Ekim 2025 Çarşamba,08:30,10:20,UYGULAMA,SOLUNUM I DİLİMİ,FAKÜLTEMİZ WEB SİTESİ ÖĞRENCİ AĞI DÖNEM 2 UYGULAMA PROGRAMINA BAKINIZ
Dönem 2,22 Ekim 2025 Çarşamba,11:00,11:40,3-Plevra ve Solunum Döngüsünde Basınç Değişiklikleri / Prof.Dr. Sarper DİLER (Prof.Dr. Müge Devrim ÜÇOK),SOLUNUM I DİLİMİ / FİZYOLOJİ AD.,FAKÜLTEMİZ WEB SİTESİ ÖĞRENCİ AĞI AMFİ PROGRAMINA BAKINIZ
Dönem 2,22 Ekim 2025 Çarşamba,11:50,12:30,3-Hücre solunumunun biyoenerjitiği / Prof. Dr. Handan AKÇAKAYA,SOLUNUM I DİLİMİ / BİYOFİZİK AD.,FAKÜLTEMİZ WEB SİTESİ ÖĞRENCİ AĞI AMFİ PROGRAMINA BAKINIZ
Dönem 2,22 Ekim 2025 Çarşamba,13:30,14:10,Seçmeli Dersler - 4,,FAKÜLTEMİZ WEB SİTESİ ÖĞRENCİ AĞI SEÇMELİ DERS AMFİ PROGRAMINA BAKINIZ
Dönem 2,22 Ekim 2025 Çarşamba,14:20,15:00,Seçmeli Dersler - 4,,FAKÜLTEMİZ WEB SİTESİ ÖĞRENCİ AĞI SEÇMELİ DERS AMFİ PROGRAMINA BAKINIZ
Dönem 2,22 Ekim 2025 Çarşamba,15:10,15:50,Seçmeli Dersler - 4,,FAKÜLTEMİZ WEB SİTESİ ÖĞRENCİ AĞI SEÇMELİ DERS AMFİ PROGRAMINA BAKINIZ
Dönem 2,23 Ekim 2025 Perşembe,08:30,10:20,FİZYOLOJİ 2. UYGULAMASI (TÜM GRUPLAR Amfide yapılacak) (İngilizce Tıp ile ortak ders),SOLUNUM I DİLİMİ,AZİZ SANCAR AMFİSİ
Dönem 2,23 Ekim 2025 Perşembe,11:00,11:40,4-Solunum mekaniği diyafragma ve solunum Kasları /Prof.Dr. Sarper DİLER (Prof.Dr. Müge Devrim ÜÇOK),SOLUNUM I DİLİMİ / FİZYOLOJİ AD.,FAKÜLTEMİZ WEB SİTESİ ÖĞRENCİ AĞI AMFİ PROGRAMINA BAKINIZ
Dönem 2,23 Ekim 2025 Perşembe,11:50,12:30,5-Bronşiyal tonusun düzenlenmesi - ventilasyon-perfüzyon eşleşmesi / Prof.Dr. Sarper DİLER (Prof.Dr. Müge Devrim ÜÇOK),SOLUNUM I DİLİMİ / FİZYOLOJİ AD.,FAKÜLTEMİZ WEB SİTESİ ÖĞRENCİ AĞI AMFİ PROGRAMINA BAKINIZ
Dönem 2,23 Ekim 2025 Perşembe,13:30,14:20,DİSEKSİYON (1/6),SOLUNUM I DİLİMİ / ANATOMİ AD.,ANATOMİ AD. LABORATUVARI
Dönem 2,23 Ekim 2025 Perşembe,14:30,15:20,DİSEKSİYON (1/6),SOLUNUM I DİLİMİ / ANATOMİ AD.,ANATOMİ AD. LABORATUVARI
Dönem 2,23 Ekim 2025 Perşembe,15:30,16:20,DİSEKSİYON (1/6),SOLUNUM I DİLİMİ / ANATOMİ AD.,ANATOMİ AD. LABORATUVARI
Dönem 2,24 Ekim 2025 Cuma,08:30,10:20,UYGULAMA,SOLUNUM I DİLİMİ,FAKÜLTEMİZ WEB SİTESİ ÖĞRENCİ AĞI DÖNEM 2 UYGULAMA PROGRAMINA BAKINIZ
Dönem 2,24 Ekim 2025 Cuma,11:00,11:40,6-Solunum Membranlarında Oksijen ve Karbondioksitin Difüzyonu / Prof.Dr. Sarper DİLER (Prof.Dr. Müge Devrim ÜÇOK),SOLUNUM I DİLİMİ / FİZYOLOJİ AD.,FAKÜLTEMİZ WEB SİTESİ ÖĞRENCİ AĞI AMFİ PROGRAMINA BAKINIZ
Dönem 2,24 Ekim 2025 Cuma,11:50,12:30,7-Kanda ve Vücut Sıvılarında Oksijen ve Karbondioksit taşınması / Prof.Dr. Sarper DİLER (Prof.Dr. Müge Devrim ÜÇOK),SOLUNUM I DİLİMİ / FİZYOLOJİ AD.,FAKÜLTEMİZ WEB SİTESİ ÖĞRENCİ AĞI AMFİ PROGRAMINA BAKINIZ
Dönem 2,24 Ekim 2025 Cuma,14:00,15:30,ENTEGRE OTURUM Nefes Darlığı / Prof. Dr. Ali Sarper DİLER - Prof. Dr. Züleyha BİNGÖL - Prof. Dr. Mukadder O. SUNGUR (Doç. Dr. Achmet ALİ) (İngilizce Tıp ile ortak ders),SOLUNUM I DİLİMİ / FİZYOLOJİ AD. - GÖĞÜS HASTALIKLARI AD. - ANESTEZİYOLOJİ VE REANİMASYON AD.,FAKÜLTEMİZ WEB SİTESİ ÖĞRENCİ AĞI AMFİ PROGRAMINA BAKINIZ
Dönem 2,24 Ekim 2025 Cuma,15:40,16:20,SERBEST ÇALIŞMA,,
Dönem 2,27 Ekim 2025 Pazartesi,08:30,10:20,UYGULAMA,SOLUNUM I DİLİMİ,FAKÜLTEMİZ WEB SİTESİ ÖĞRENCİ AĞI DÖNEM 2 UYGULAMA PROGRAMINA BAKINIZ
Dönem 2,27 Ekim 2025 Pazartesi,11:00,,SERBEST ÇALIŞMA,,
Dönem 2,27 Ekim 2025 Pazartesi,11:50,11:40,SERBEST ÇALIŞMA,,
Dönem 2,27 Ekim 2025 Pazartesi,13:30,15:20,UYGULAMA,SOLUNUM I DİLİMİ,FAKÜLTEMİZ WEB SİTESİ ÖĞRENCİ AĞI DÖNEM 2 UYGULAMA PROGRAMINA BAKINIZ
Dönem 2,28 Ekim 2025 Salı,08:30,10:20,UYGULAMA,SOLUNUM I DİLİMİ,FAKÜLTEMİZ WEB SİTESİ ÖĞRENCİ AĞI DÖNEM 2 UYGULAMA PROGRAMINA BAKINIZ
Dönem 2,28 Ekim 2025 Salı,10:30,11:10,3-Larynx / Dr. Öğr. Üyesi (Doç. Dr. ) Özcan GAYRETLİ (Dr. Öğr. Üyesi Osman COŞKUN),SOLUNUM I DİLİMİ / ANATOMİ AD.,FAKÜLTEMİZ WEB SİTESİ ÖĞRENCİ AĞI AMFİ PROGRAMINA BAKINIZ
Dönem 2,28 Ekim 2025 Salı,11:20,12:00,4-Trakea Bronşlar / Doç. Dr. Özcan GAYRETLİ (Dr. Öğr. Üyesi Osman COŞKUN),SOLUNUM I DİLİMİ / ANATOMİ AD.,FAKÜLTEMİZ WEB SİTESİ ÖĞRENCİ AĞI AMFİ PROGRAMINA BAKINIZ
Dönem 2,28 Ekim 2025 Salı,13:30,16:20,CUMHURİYET BAYRAMI AREFESİ,,
Dönem 2,29 Ekim 2025 Çarşamba,8:00,16:20,CUMHURİYET BAYRAMI,,
Dönem 2,30 Ekim 2025 Perşembe,08:30,10:20,UYGULAMA,SOLUNUM I DİLİMİ,FAKÜLTEMİZ WEB SİTESİ ÖĞRENCİ AĞI DÖNEM 2 UYGULAMA PROGRAMINA BAKINIZ
Dönem 2,30 Ekim 2025 Perşembe,11:00,11:40,1-Branko-faringeal Kompleks Gelişimi (Yutak Kavislerinden Gelişen Yapılar) I / Doç. Dr. Elif KERVANCIOĞLU DEMİRCİ (Prof.Dr. Sibel KÖKTÜRK),SOLUNUM I DİLİMİ / HİSTOLOJİ VE EMBRİYOLOJİ AD.,FAKÜLTEMİZ WEB SİTESİ ÖĞRENCİ AĞI SEÇMELİ DERS AMFİ PROGRAMINA BAKINIZ
Dönem 2,30 Ekim 2025 Perşembe,11:50,12:30,2-Branko-faringeal Kompleks Gelişimi (Yutak Kavislerinden Gelişen Yapılar) II / Doç. Dr. Elif KERVANCIOĞLU DEMİRCİ (Prof.Dr. Sibel KÖKTÜRK),SOLUNUM I DİLİMİ / HİSTOLOJİ VE EMBRİYOLOJİ AD.,FAKÜLTEMİZ WEB SİTESİ ÖĞRENCİ AĞI AMFİ PROGRAMINA BAKINIZ
Dönem 2,30 Ekim 2025 Perşembe,13:30,14:20,DİSEKSİYON (2/6),SOLUNUM I DİLİMİ / ANATOMİ AD.,ANATOMİ AD. LABORATUVARI
Dönem 2,30 Ekim 2025 Perşembe,14:30,15:20,DİSEKSİYON (2/6),SOLUNUM I DİLİMİ / ANATOMİ AD.,ANATOMİ AD. LABORATUVARI
Dönem 2,30 Ekim 2025 Perşembe,15:30,16:20,DİSEKSİYON (2/6),SOLUNUM I DİLİMİ / ANATOMİ AD.,ANATOMİ AD. LABORATUVARI
Dönem 2,31 Ekim 2025 Cuma,08:30,10:20,UYGULAMA,SOLUNUM I DİLİMİ,FAKÜLTEMİZ WEB SİTESİ ÖĞRENCİ AĞI DÖNEM 2 UYGULAMA PROGRAMINA BAKINIZ
Dönem 2,31 Ekim 2025 Cuma,11:00,11:40,3-Yüz ve Üst Solunum Yolları gelişimi / Doç. Dr. Elif KERVANCIOĞLU DEMİRCİ (Prof.Dr. Sibel KÖKTÜRK),SOLUNUM I DİLİMİ / HİSTOLOJİ VE EMBRİYOLOJİ AD.,FAKÜLTEMİZ WEB SİTESİ ÖĞRENCİ AĞI AMFİ PROGRAMINA BAKINIZ
Dönem 2,31 Ekim 2025 Cuma,11:50,12:30,1-Solunum Sistemi Hastalıklarının Epidemiyolojisi-Çevresel Faktörler / Doç. Dr. M. Merve ÖREN ÇELİK (Prof. Dr. Sevgi CANBAZ),SOLUNUM I DİLİMİ / HALK SAĞLIĞI AD.,FAKÜLTEMİZ WEB SİTESİ ÖĞRENCİ AĞI AMFİ PROGRAMINA BAKINIZ
Dönem 2,31 Ekim 2025 Cuma,14:00,14:40,8-Solunumun Düzenlemesi I / Prof.Dr. Sarper DİLER (Prof.Dr. Müge Devrim ÜÇOK),SOLUNUM I DİLİMİ / FİZYOLOJİ AD.,FAKÜLTEMİZ WEB SİTESİ ÖĞRENCİ AĞI AMFİ PROGRAMINA BAKINIZ
Dönem 2,31 Ekim 2025 Cuma,14:50,15:30,9-Solunumun Düzenlemesi II / Prof.Dr. Sarper DİLER (Prof.Dr. Müge Devrim ÜÇOK),SOLUNUM I DİLİMİ / FİZYOLOJİ AD.,FAKÜLTEMİZ WEB SİTESİ ÖĞRENCİ AĞI AMFİ PROGRAMINA BAKINIZ
Dönem 2,31 Ekim 2025 Cuma,15:40,16:20,SERBEST ÇALIŞMA ,,
Dönem 2,3 Kasım 2025 Pazartesi,08:30,09:10,SERBEST ÇALIŞMA ,,
Dönem 2,3 Kasım 2025 Pazartesi,09:20,10:00,10-Solunum Fonksiyon Testleri /Prof.Dr. Sarper DİLER (Prof.Dr. Müge Devrim ÜÇOK),SOLUNUM I DİLİMİ / FİZYOLOJİ AD.,FAKÜLTEMİZ WEB SİTESİ ÖĞRENCİ AĞI AMFİ PROGRAMINA BAKINIZ
Dönem 2,3 Kasım 2025 Pazartesi,10:10,10:50,11-Asit-baz dengesinde solunumsal düzenlenme / Prof.Dr. Sarper DİLER (Prof.Dr. Müge Devrim ÜÇOK),SOLUNUM I DİLİMİ / FİZYOLOJİ AD.,FAKÜLTEMİZ WEB SİTESİ ÖĞRENCİ AĞI AMFİ PROGRAMINA BAKINIZ
Dönem 2,3 Kasım 2025 Pazartesi,11:00,11:40,SERBEST ÇALIŞMA ,,
Dönem 2,3 Kasım 2025 Pazartesi,11:50,12:30,SERBEST ÇALIŞMA ,,
Dönem 2,3 Kasım 2025 Pazartesi,13:30,14:10,NİTELİKLİ HEKİMLİK VE ANAMNEZ ALMA - Dersin tanıtımı / Doç. Dr. Ayşe Nilüfer ALÇALAR (Dr.Öğr. Üyesi Ezgi İnce-Guliyev),DİKEY KORİDOR II DİLİMİ / TIP EĞİTİMİ AD.,FAKÜLTEMİZ WEB SİTESİ ÖĞRENCİ AĞI AMFİ PROGRAMINA BAKINIZ
Dönem 2,3 Kasım 2025 Pazartesi,14:50,15:30,NİTELİKLİ HEKİMLİK VE ANAMNEZ ALMA - Anamneze (tıbbi öykü almaya) giriş ve erişkin hastadan anamnez alma / Prof. Dr. Bülent SAKA,DİKEY KORİDOR II DİLİMİ / İÇ HASTALIKLARI AD.,FAKÜLTEMİZ WEB SİTESİ ÖĞRENCİ AĞI AMFİ PROGRAMINA BAKINIZ
Dönem 2,3 Kasım 2025 Pazartesi,15:40,16:20,AYDINLATILMIŞ ONAM - SINAV /Prof. Dr. Ayşe PALANDUZ,Dikey Koridor,Prof. Dr. Aziz SANCAR Amfisi
Dönem 2,4 Kasım 2025 Salı,08:30,10:20,UYGULAMA,SOLUNUM I DİLİMİ,FAKÜLTEMİZ WEB SİTESİ ÖĞRENCİ AĞI DÖNEM 2 UYGULAMA PROGRAMINA BAKINIZ
Dönem 2,4 Kasım 2025 Salı,10:30,12:20,CANLI ANATOMİ Bronkoskopi / Prof. Dr. Turhan ECE - Doç. Dr. Özcan GAYRETLİ (İngilizce Tıp ile ortak ders),SOLUNUM I DİLİMİ / GÖĞÜS HASTALIKLARI AD. - ANATOMİ AD.,FAKÜLTEMİZ WEB SİTESİ ÖĞRENCİ AĞI AMFİ PROGRAMINA BAKINIZ
Dönem 2,4 Kasım 2025 Salı,13:30,14:20,DİSEKSİYON (3/6),SOLUNUM I DİLİMİ / ANATOMİ AD.,ANATOMİ AD. LABORATUVARI
Dönem 2,4 Kasım 2025 Salı,14:30,15:20,DİSEKSİYON (3/6),SOLUNUM I DİLİMİ / ANATOMİ AD.,ANATOMİ AD. LABORATUVARI
Dönem 2,4 Kasım 2025 Salı,15:30,16:20,DİSEKSİYON (3/6),SOLUNUM I DİLİMİ / ANATOMİ AD.,ANATOMİ AD. LABORATUVARI
Dönem 2,5 Kasım 2025 Çarşamba,08:30,09:10,6-Akciğer Dışı Ve İçi Solunum Yolları / Prof. Dr. Sibel KÖKTÜRK (Doç. Dr. Elif KERVANCIOĞLU DEMİRCİ),SOLUNUM I DİLİMİ / HİSTOLOJİ VE EMBİRİYOLOJİ AD.,FAKÜLTEMİZ WEB SİTESİ ÖĞRENCİ AĞI AMFİ PROGRAMINA BAKINIZ
Dönem 2,5 Kasım 2025 Çarşamba,09:20,10:00,7-Alveol Yapısı Ve Akciğer Dolaşımı Plevra / Prof. Dr. Sibel KÖKTÜRK (Doç. Dr. Elif KERVANCIOĞLU DEMİRCİ),SOLUNUM I DİLİMİ / HİSTOLOJİ VE EMBİRİYOLOJİ AD.,FAKÜLTEMİZ WEB SİTESİ ÖĞRENCİ AĞI AMFİ PROGRAMINA BAKINIZ
Dönem 2,5 Kasım 2025 Çarşamba,10:10,10:50,SERBEST ÇALIŞMA,,
Dönem 2,5 Kasım 2025 Çarşamba,11:00,11:40,5-Akciğerler / Dr. Öğr. Üyesi Osman COŞKUN (Prof. Dr. Ayşin KALE),SOLUNUM I DİLİMİ / ANATOMİ AD.,
Dönem 2,5 Kasım 2025 Çarşamba,11:50,12:30,6-Plevra / Dr. Öğr. Üyesi Osman COŞKUN (Prof. Dr. Ayşin KALE),SOLUNUM I DİLİMİ / ANATOMİ AD.,
Dönem 2,5 Kasım 2025 Çarşamba,13:30,14:10,Seçmeli Dersler - 5,,FAKÜLTEMİZ WEB SİTESİ ÖĞRENCİ AĞI SEÇMELİ DERS AMFİ PROGRAMINA BAKINIZ
Dönem 2,5 Kasım 2025 Çarşamba,14:20,15:00,Seçmeli Dersler - 5,,FAKÜLTEMİZ WEB SİTESİ ÖĞRENCİ AĞI SEÇMELİ DERS AMFİ PROGRAMINA BAKINIZ
Dönem 2,5 Kasım 2025 Çarşamba,15:10,15:50,Seçmeli Dersler - 5,,FAKÜLTEMİZ WEB SİTESİ ÖĞRENCİ AĞI SEÇMELİ DERS AMFİ PROGRAMINA BAKINIZ
Dönem 2,6 Kasım 2025 Perşembe,08:30,09:10,4-Solunum Sistemi Gelişimi / Prof. Dr. Sibel KÖKTÜRK (Doç. Dr. Elif KERVANCIOĞLU DEMİRCİ),SOLUNUM I DİLİMİ / HİSTOLOJİ VE EMBİRİYOLOJİ AD.,FAKÜLTEMİZ WEB SİTESİ ÖĞRENCİ AĞI AMFİ PROGRAMINA BAKINIZ
Dönem 2,6 Kasım 2025 Perşembe,09:20,10:00,5-Solunum Sisteminin Histolojisine Giriş / Prof. Dr. Sibel KÖKTÜRK (Doç. Dr. Elif KERVANCIOĞLU DEMİRCİ),SOLUNUM I DİLİMİ / HİSTOLOJİ VE EMBİRİYOLOJİ AD.,FAKÜLTEMİZ WEB SİTESİ ÖĞRENCİ AĞI AMFİ PROGRAMINA BAKINIZ
Dönem 2,6 Kasım 2025 Perşembe,10:30,11:10,7-Mediastinum / Dr. Öğr. Üyesi Osman COŞKUN (Prof. Dr. Ayşin KALE),SOLUNUM I DİLİMİ / ANATOMİ AD.,FAKÜLTEMİZ WEB SİTESİ ÖĞRENCİ AĞI AMFİ PROGRAMINA BAKINIZ
Dönem 2,6 Kasım 2025 Perşembe,11:20,12:00,8-Solunum sistemi topografik anatomisi / Dr. Öğr. Üyesi Osman COŞKUN (Prof. Dr. Ayşin KALE),SOLUNUM I DİLİMİ / ANATOMİ AD.,FAKÜLTEMİZ WEB SİTESİ ÖĞRENCİ AĞI AMFİ PROGRAMINA BAKINIZ
Dönem 2,6 Kasım 2025 Perşembe,13:30,14:20,DİSEKSİYON (4/6),SOLUNUM I DİLİMİ / ANATOMİ AD.,ANATOMİ AD. LABORATUVARI
Dönem 2,6 Kasım 2025 Perşembe,14:30,15:20,DİSEKSİYON (4/6),SOLUNUM I DİLİMİ / ANATOMİ AD.,ANATOMİ AD. LABORATUVARI
Dönem 2,6 Kasım 2025 Perşembe,15:30,16:20,DİSEKSİYON (4/6),SOLUNUM I DİLİMİ / ANATOMİ AD.,ANATOMİ AD. LABORATUVARI
Dönem 2,7 Kasım 2025 Cuma,08:30,10:20,ENTEGRE OTURUM Pulmoner Ödem / Prof. Dr. Mukadder O. SUNGUR (Doç. Dr. Demet ALTUN BİNGÖL) - Doç. Dr. Elif KERVANCIOĞLU DEMİRCİ  - Prof.Dr. Züleyha BİNGÖL (İngilizce Tıp ile ortak ders),SOLUNUM I DİLİMİ / GÖĞÜS AD. - ANESTEZİYOLOJİ VE REANİMASYON AD. - HİSTOLOJİ VE EMBRİYOLOJİ AD.,FAKÜLTEMİZ WEB SİTESİ ÖĞRENCİ AĞI AMFİ PROGRAMINA BAKINIZ
Dönem 2,7 Kasım 2025 Cuma,10:30,11:10,A ve D vitaminlerinin yapısı ve fonksiyonu  / Prof. Dr. Şule SEÇKİN (Prof. Dr. Canan KÜÇÜKGERGİN),SİNDİRİM I DİLİMİ / TIBBİ BİYOKİMYA AD.,FAKÜLTEMİZ WEB SİTESİ ÖĞRENCİ AĞI AMFİ PROGRAMINA BAKINIZ
Dönem 2,7 Kasım 2025 Cuma,11:20,12:00,E ve K vitaminlerinin yapısı ve fonksiyonu / Prof. Dr. Şule SEÇKİN (Prof. Dr. Canan KÜÇÜKGERGİN),SİNDİRİM I DİLİMİ / TIBBİ BİYOKİMYA AD.,FAKÜLTEMİZ WEB SİTESİ ÖĞRENCİ AĞI AMFİ PROGRAMINA BAKINIZ
Dönem 2,7 Kasım 2025 Cuma,14:00,14:40,1-Sindirim Sisteminin Gelişimi / Dr.Öğr.Üyesi Tuğba EKİZ YILMAZ (Prof. Dr. Sibel KÖKTÜRK),SİNDİRİM I DİLİMİ / HİSTOLOJİ VE EMBİRİYOLOJİ AD.,FAKÜLTEMİZ WEB SİTESİ ÖĞRENCİ AĞI AMFİ PROGRAMINA BAKINIZ
Dönem 2,7 Kasım 2025 Cuma,14:50,15:30,2-Karaciğer ve safra kesesi gelişimi / Dr.Öğr.Üyesi Tuğba EKİZ YILMAZ (Prof. Dr. Sibel KÖKTÜRK),SİNDİRİM I DİLİMİ / HİSTOLOJİ VE EMBİRİYOLOJİ AD.,FAKÜLTEMİZ WEB SİTESİ ÖĞRENCİ AĞI AMFİ PROGRAMINA BAKINIZ
Dönem 2,7 Kasım 2025 Cuma,15:40,16:20,SERBEST ÇALIŞMA,,
Dönem 2,10 Kasım 2025 Pazartesi,08:30,10:20,UYGULAMA,SİNDİRİM I DİLİMİ ,FAKÜLTEMİZ WEB SİTESİ ÖĞRENCİ AĞI DÖNEM 2 UYGULAMA PROGRAMINA BAKINIZ
Dönem 2,10 Kasım 2025 Pazartesi,10:30,12:20,UYGULAMA,SİNDİRİM I DİLİMİ ,FAKÜLTEMİZ WEB SİTESİ ÖĞRENCİ AĞI DÖNEM 2 UYGULAMA PROGRAMINA BAKINIZ
Dönem 2,10 Kasım 2025 Pazartesi,13:30,14:10,Yağda çözünen vitaminlerin yapısı   / Prof. Dr. Şule SEÇKİN (Prof. Dr. Canan KÜÇÜKGERGİN),SİNDİRİM I DİLİMİ / TIBBİ BİYOKİMYA AD.,FAKÜLTEMİZ WEB SİTESİ ÖĞRENCİ AĞI AMFİ PROGRAMINA BAKINIZ
Dönem 2,10 Kasım 2025 Pazartesi,14:20,15:00,Yağda çözünen vitaminlerin fonksiyonları  / Prof. Dr. Şule SEÇKİN (Prof. Dr. Canan KÜÇÜKGERGİN),SİNDİRİM I DİLİMİ / TIBBİ BİYOKİMYA AD.,FAKÜLTEMİZ WEB SİTESİ ÖĞRENCİ AĞI AMFİ PROGRAMINA BAKINIZ
Dönem 2,10 Kasım 2025 Pazartesi,15:10,15:50,3-Sindirim sistemi (Dudak - yanak (Damak Histolojisi / Dr.Öğr.Üyesi Tuğba EKİZ YILMAZ (Prof. Dr. Sibel KÖKTÜRK),SİNDİRİM I DİLİMİ / HİSTOLOJİ VE EMBİRİYOLOJİ AD.,FAKÜLTEMİZ WEB SİTESİ ÖĞRENCİ AĞI AMFİ PROGRAMINA BAKINIZ
Dönem 2,10 Kasım 2025 Pazartesi,16:00,16:40,4-Dil - Tükürük bezleri Histolojisi / Dr.Öğr.Üyesi Tuğba EKİZ YILMAZ (Prof. Dr. Sibel KÖKTÜRK),SİNDİRİM I DİLİMİ / HİSTOLOJİ VE EMBİRİYOLOJİ AD.,FAKÜLTEMİZ WEB SİTESİ ÖĞRENCİ AĞI AMFİ PROGRAMINA BAKINIZ
Dönem 2,11 Kasım 2025 Salı,08:30,10:20,UYGULAMA,SİNDİRİM I DİLİMİ ,FAKÜLTEMİZ WEB SİTESİ ÖĞRENCİ AĞI DÖNEM 2 UYGULAMA PROGRAMINA BAKINIZ
Dönem 2,11 Kasım 2025 Salı,11:00,11:40,1-Gastrointestinal (GI) sistemin organizasyonu - Kanalın kas yapısı özellikleri / Prof.Dr. Sarper Diler (Prof.Dr. F. Aytül Uyar),SİNDİRİM I DİLİMİ / FİZYOLOJİ AD.,FAKÜLTEMİZ WEB SİTESİ ÖĞRENCİ AĞI AMFİ PROGRAMINA BAKINIZ
Dönem 2,11 Kasım 2025 Salı,11:50,12:30,2-GI fonksiyonun sinirsel ve hormonal kontrolü / Prof.Dr. Sarper Diler (Prof.Dr. F. Aytül Uyar),SİNDİRİM I DİLİMİ / FİZYOLOJİ AD.,FAKÜLTEMİZ WEB SİTESİ ÖĞRENCİ AĞI AMFİ PROGRAMINA BAKINIZ
Dönem 2,11 Kasım 2025 Salı,13:30,14:20,DİSEKSİYON (5/6),SOLUNUM I DİLİMİ / ANATOMİ AD.,ANATOMİ AD. LABORATUVARI
Dönem 2,11 Kasım 2025 Salı,14:30,15:20,DİSEKSİYON (5/6),SOLUNUM I DİLİMİ / ANATOMİ AD.,ANATOMİ AD. LABORATUVARI
Dönem 2,11 Kasım 2025 Salı,15:30,16:20,DİSEKSİYON (5/6),SOLUNUM I DİLİMİ / ANATOMİ AD.,ANATOMİ AD. LABORATUVARI
Dönem 2,12 Kasım 2025 Çarşamba,08:30,10:20,UYGULAMA,SİNDİRİM I DİLİMİ ,FAKÜLTEMİZ WEB SİTESİ ÖĞRENCİ AĞI DÖNEM 2 UYGULAMA PROGRAMINA BAKINIZ
Dönem 2,12 Kasım 2025 Çarşamba,11:00,11:40,1-Biyoelementlerin besinsel önemi ve Sınıflandırılması / Prof. Dr. Abdurrahman Fatih AYDIN (Prof. Dr. Canan KÜÇÜKGERGİN),SİNDİRİM I DİLİMİ / TIBBİ BİYOKİMYA AD.,FAKÜLTEMİZ WEB SİTESİ ÖĞRENCİ AĞI AMFİ PROGRAMINA BAKINIZ
Dönem 2,12 Kasım 2025 Çarşamba,11:50,12:30,2-Makro Elementler / Prof. Dr. Abdurrahman Fatih AYDIN (Prof. Dr. Canan KÜÇÜKGERGİN),SİNDİRİM I DİLİMİ / TIBBİ BİYOKİMYA AD.,FAKÜLTEMİZ WEB SİTESİ ÖĞRENCİ AĞI AMFİ PROGRAMINA BAKINIZ
Dönem 2,12 Kasım 2025 Çarşamba,13:30,14:10,Seçmeli Dersler - 6,,FAKÜLTEMİZ WEB SİTESİ ÖĞRENCİ AĞI SEÇMELİ DERS AMFİ PROGRAMINA BAKINIZ
Dönem 2,12 Kasım 2025 Çarşamba,14:20,15:00,Seçmeli Dersler - 6,,FAKÜLTEMİZ WEB SİTESİ ÖĞRENCİ AĞI SEÇMELİ DERS AMFİ PROGRAMINA BAKINIZ
Dönem 2,12 Kasım 2025 Çarşamba,15:10,15:50,Seçmeli Dersler - 6,,FAKÜLTEMİZ WEB SİTESİ ÖĞRENCİ AĞI SEÇMELİ DERS AMFİ PROGRAMINA BAKINIZ
Dönem 2,13 Kasım 2025 Perşembe,08:30,10:20,UYGULAMA,SİNDİRİM I DİLİMİ ,FAKÜLTEMİZ WEB SİTESİ ÖĞRENCİ AĞI DÖNEM 2 UYGULAMA PROGRAMINA BAKINIZ
Dönem 2,13 Kasım 2025 Perşembe,11:00,11:40,5-Dişler - yutak - Yemek borusu Histolojisi / Dr.Öğr.Üyesi Tuğba EKİZ YILMAZ (Doç. Dr. Elif KERVANCIOĞLU DEMİRCİ),SİNDİRİM I DİLİMİ / HİSTOLOJİ VE EMBİRİYOLOJİ AD.,FAKÜLTEMİZ WEB SİTESİ ÖĞRENCİ AĞI AMFİ PROGRAMINA BAKINIZ
Dönem 2,13 Kasım 2025 Perşembe,11:50,12:30,6-Mide histolojisi / Dr.Öğr.Üyesi Tuğba EKİZ YILMAZ(Doç. Dr. Elif KERVANCIOĞLU DEMİRCİ),SİNDİRİM I DİLİMİ / HİSTOLOJİ VE EMBİRİYOLOJİ AD.,FAKÜLTEMİZ WEB SİTESİ ÖĞRENCİ AĞI AMFİ PROGRAMINA BAKINIZ
Dönem 2,13 Kasım 2025 Perşembe,13:30,14:20,DİSEKSİYON (6/6),SOLUNUM I DİLİMİ / ANATOMİ AD.,ANATOMİ AD. LABORATUVARI
Dönem 2,13 Kasım 2025 Perşembe,14:30,15:20,DİSEKSİYON (6/6),SOLUNUM I DİLİMİ / ANATOMİ AD.,ANATOMİ AD. LABORATUVARI
Dönem 2,13 Kasım 2025 Perşembe,15:30,16:20,DİSEKSİYON (6/6),SOLUNUM I DİLİMİ / ANATOMİ AD.,ANATOMİ AD. LABORATUVARI
Dönem 2,14 Kasım 2025 Cuma,08:30,10:20,UYGULAMA,SİNDİRİM I DİLİMİ ,FAKÜLTEMİZ WEB SİTESİ ÖĞRENCİ AĞI DÖNEM 2 UYGULAMA PROGRAMINA BAKINIZ
Dönem 2,14 Kasım 2025 Cuma,11:00,11:40,1-Abdomen Anatomisi / Prof. Dr. Ayşin KALE (Dr. Öğr. Üyesi Osman COŞKUN),SİNDİRİM I DİLİMİ / ANATOMİ AD.,FAKÜLTEMİZ WEB SİTESİ ÖĞRENCİ AĞI AMFİ PROGRAMINA BAKINIZ
Dönem 2,14 Kasım 2025 Cuma,11:50,12:30,2-Sindirim sistemi anatomisine giriş / Prof. Dr. Ayşin KALE (Doç. Dr. Özcan GAYRETLİ),SİNDİRİM I DİLİMİ / ANATOMİ AD.,FAKÜLTEMİZ WEB SİTESİ ÖĞRENCİ AĞI AMFİ PROGRAMINA BAKINIZ
Dönem 2,14 Kasım 2025 Cuma,14:00,14:40,1-Gıda Güvenliği-Toplum Beslenmesinde Temel İlkeler / Prof. Dr. Sevgi CANBAZ (Prof. Dr. Gülsüm Nurhan İNCE),SİNDİRİM I DİLİMİ / HALK SAĞLIĞI AD.,FAKÜLTEMİZ WEB SİTESİ ÖĞRENCİ AĞI AMFİ PROGRAMINA BAKINIZ
Dönem 2,14 Kasım 2025 Cuma,14:50,15:30,3-Eser elementler I / Prof. Dr. Abdurrahman Fatih AYDIN (Prof. Dr. Canan KÜÇÜKGERGİN),SİNDİRİM I DİLİMİ / TIBBİ BİYOKİMYA AD.,FAKÜLTEMİZ WEB SİTESİ ÖĞRENCİ AĞI AMFİ PROGRAMINA BAKINIZ
Dönem 2,14 Kasım 2025 Cuma,15:40,16:20,NİTELİKLİ HEKİMLİK VE ANAMNEZ ALMA - Özel Yaklaşım Gerektiren Durumlar /Prof. Dr. Nuray ÖZGÜLNAR (Dr. Öğr. Üyesi Hacer NALBANT ),DİKEY KORİDOR II DİLİMİ / HALK SAĞLIĞI AD.,FAKÜLTEMİZ WEB SİTESİ ÖĞRENCİ AĞI AMFİ PROGRAMINA BAKINIZ
Dönem 2,17 Kasım 2025 Pazartesi,08:30,10:20,UYGULAMA,SİNDİRİM I DİLİMİ ,FAKÜLTEMİZ WEB SİTESİ ÖĞRENCİ AĞI DÖNEM 2 UYGULAMA PROGRAMINA BAKINIZ
Dönem 2,17 Kasım 2025 Pazartesi,10:30,12:20,UYGULAMA,SİNDİRİM I DİLİMİ ,FAKÜLTEMİZ WEB SİTESİ ÖĞRENCİ AĞI DÖNEM 2 UYGULAMA PROGRAMINA BAKINIZ
Dönem 2,17 Kasım 2025 Pazartesi,10:00,13:00,SERBEST ÇALIŞMA (Dönem 3 Sınav),,
Dönem 2,17 Kasım 2025 Pazartesi,13:30,14:10,4-Mide motilitesi ve mide boşalma mekanizması İnce ve kalın bağırsak motilitesi ve defekasyon / Prof.Dr. Sarper Diler (Prof.Dr. F. Aytül Uyar),SİNDİRİM I DİLİMİ / FİZYOLOJİ AD.,FAKÜLTEMİZ WEB SİTESİ ÖĞRENCİ AĞI AMFİ PROGRAMINA BAKINIZ
Dönem 2,17 Kasım 2025 Pazartesi,14:20,15:00,3-Cavum oris / Prof. Dr. Ayşin KALE (Dr. Öğr. Üyesi (Doç. Dr. ) Özcan GAYRETLİ),SİNDİRİM I DİLİMİ / ANATOMİ AD.,FAKÜLTEMİZ WEB SİTESİ ÖĞRENCİ AĞI AMFİ PROGRAMINA BAKINIZ
Dönem 2,17 Kasım 2025 Pazartesi,15:10,15:50,4-Pharynx / Prof. Dr. Ayşin KALE (Doç. Dr. Özcan GAYRETLİ),SİNDİRİM I DİLİMİ / ANATOMİ AD.,FAKÜLTEMİZ WEB SİTESİ ÖĞRENCİ AĞI AMFİ PROGRAMINA BAKINIZ
Dönem 2,17 Kasım 2025 Pazartesi,16:00,16:40,3-GI sistemde motilite - çiğneme yutma ve özofagus motilitesi / Prof.Dr. Sarper Diler (Prof.Dr. F. Aytül Uyar),SİNDİRİM I DİLİMİ / FİZYOLOJİ AD.,FAKÜLTEMİZ WEB SİTESİ ÖĞRENCİ AĞI AMFİ PROGRAMINA BAKINIZ
Dönem 2,18 Kasım 2025 Salı,08:30,10:20,UYGULAMA,SİNDİRİM I DİLİMİ ,FAKÜLTEMİZ WEB SİTESİ ÖĞRENCİ AĞI DÖNEM 2 UYGULAMA PROGRAMINA BAKINIZ
Dönem 2,18 Kasım 2025 Salı,10:30,12:20,ENTEGRE OTURUM Asit Peptik Hastalıklar / Prof. Dr. Özlem DURMAZ - Prof. Dr. Sarper DİLER- Prof. Dr. Sabahattin KAYMAKOĞLU (Doç. Dr. Zerrin ÖNAL) (İngilizce Tıp ile ortak ders),SİNDİRİM I DİLİMİ / İÇ HASTALIKLARI AD. - FİZYOLOJİ AD. - ÇOCUK SAĞLIĞI VE HASTALIKLARI AD.,FAKÜLTEMİZ WEB SİTESİ ÖĞRENCİ AĞI AMFİ PROGRAMINA BAKINIZ
Dönem 2,18 Kasım 2025 Salı,13:30,14:20,DİSEKSİYON (1/11),SİNDİRİM I DİLİMİ / ANATOMİ AD.,ANATOMİ AD. LABORATUVARI
Dönem 2,18 Kasım 2025 Salı,14:30,15:20,DİSEKSİYON (1/11),SİNDİRİM I DİLİMİ / ANATOMİ AD.,ANATOMİ AD. LABORATUVARI
Dönem 2,18 Kasım 2025 Salı,15:30,16:20,DİSEKSİYON (1/11),SİNDİRİM I DİLİMİ / ANATOMİ AD.,ANATOMİ AD. LABORATUVARI
Dönem 2,19 Kasım 2025 Çarşamba,08:30,10:20,UYGULAMA,SİNDİRİM I DİLİMİ ,FAKÜLTEMİZ WEB SİTESİ ÖĞRENCİ AĞI DÖNEM 2 UYGULAMA PROGRAMINA BAKINIZ
Dönem 2,19 Kasım 2025 Çarşamba,11:00,11:40,5-GI sistemin salgı fonksiyonu - mide salgısı ve HCL salgı mekanizması / Prof.Dr. Sarper Diler (Prof.Dr. F. Aytül Uyar),SİNDİRİM I DİLİMİ / FİZYOLOJİ AD.,FAKÜLTEMİZ WEB SİTESİ ÖĞRENCİ AĞI AMFİ PROGRAMINA BAKINIZ
Dönem 2,19 Kasım 2025 Çarşamba,11:50,12:30,6-Mide mukoza bariyeri (Pankreasın ekzokrin salgısı ve fonksiyonu / Prof.Dr. Sarper Diler (Prof.Dr. F. Aytül Uyar),SİNDİRİM I DİLİMİ / FİZYOLOJİ AD.,FAKÜLTEMİZ WEB SİTESİ ÖĞRENCİ AĞI AMFİ PROGRAMINA BAKINIZ
Dönem 2,19 Kasım 2025 Çarşamba,13:30,14:10,Seçmeli Dersler - 7,,FAKÜLTEMİZ WEB SİTESİ ÖĞRENCİ AĞI SEÇMELİ DERS AMFİ PROGRAMINA BAKINIZ
Dönem 2,19 Kasım 2025 Çarşamba,14:20,15:00,Seçmeli Dersler - 7,,FAKÜLTEMİZ WEB SİTESİ ÖĞRENCİ AĞI SEÇMELİ DERS AMFİ PROGRAMINA BAKINIZ
Dönem 2,19 Kasım 2025 Çarşamba,15:10,15:50,Seçmeli Dersler - 7,,FAKÜLTEMİZ WEB SİTESİ ÖĞRENCİ AĞI SEÇMELİ DERS AMFİ PROGRAMINA BAKINIZ
Dönem 2,20 Kasım 2025 Perşembe,08:30,10:20,UYGULAMA,SİNDİRİM I DİLİMİ ,FAKÜLTEMİZ WEB SİTESİ ÖĞRENCİ AĞI DÖNEM 2 UYGULAMA PROGRAMINA BAKINIZ
Dönem 2,20 Kasım 2025 Perşembe,11:00,11:40,7-İnce bağırsaklar / Dr.Öğr.Üyesi Tuğba EKİZ YILMAZ(Doç. Dr. Elif KERVANCIOĞLU DEMİRCİ),SİNDİRİM I DİLİMİ / HİSTOLOJİ VE EMBİRİYOLOJİ AD.,FAKÜLTEMİZ WEB SİTESİ ÖĞRENCİ AĞI AMFİ PROGRAMINA BAKINIZ
Dönem 2,20 Kasım 2025 Perşembe,11:50,12:30,8-Kalın bağırsaklar / Dr.Öğr.Üyesi Tuğba EKİZ YILMAZ(Doç. Dr. Elif KERVANCIOĞLU DEMİRCİ),SİNDİRİM I DİLİMİ / HİSTOLOJİ VE EMBİRİYOLOJİ AD.,FAKÜLTEMİZ WEB SİTESİ ÖĞRENCİ AĞI AMFİ PROGRAMINA BAKINIZ
Dönem 2,20 Kasım 2025 Perşembe,13:30,14:20,DİSEKSİYON (2/11),SİNDİRİM I DİLİMİ / ANATOMİ AD.,ANATOMİ AD. LABORATUVARI
Dönem 2,20 Kasım 2025 Perşembe,14:30,15:20,DİSEKSİYON (2/11),SİNDİRİM I DİLİMİ / ANATOMİ AD.,ANATOMİ AD. LABORATUVARI
Dönem 2,20 Kasım 2025 Perşembe,15:30,16:20,DİSEKSİYON (2/11),SİNDİRİM I DİLİMİ / ANATOMİ AD.,ANATOMİ AD. LABORATUVARI
Dönem 2,21 Kasım 2025 Cuma,08:30,09:10,9-Karaciğer ve safra kesesi / Dr.Öğr.Üyesi Tuğba EKİZ YILMAZ(Doç. Dr. Elif KERVANCIOĞLU DEMİRCİ),SİNDİRİM I DİLİMİ / HİSTOLOJİ VE EMBİRİYOLOJİ AD.,FAKÜLTEMİZ WEB SİTESİ ÖĞRENCİ AĞI AMFİ PROGRAMINA BAKINIZ
Dönem 2,21 Kasım 2025 Cuma,09:20,10:00,10-Pankreas / Dr.Öğr.Üyesi Tuğba EKİZ YILMAZ(Doç. Dr. Elif KERVANCIOĞLU DEMİRCİ),SİNDİRİM I DİLİMİ / HİSTOLOJİ VE EMBİRİYOLOJİ AD.,FAKÜLTEMİZ WEB SİTESİ ÖĞRENCİ AĞI AMFİ PROGRAMINA BAKINIZ
Dönem 2,21 Kasım 2025 Cuma,10:30,11:10,7-Karaciğerden safra salgısı ve safranın fonksiyonu ve safra kesesi İnce ve kalın bağırsak salgıları / Prof.Dr. Sarper Diler (Prof.Dr. F. Aytül Uyar),SİNDİRİM I DİLİMİ / FİZYOLOJİ AD.,FAKÜLTEMİZ WEB SİTESİ ÖĞRENCİ AĞI AMFİ PROGRAMINA BAKINIZ
Dönem 2,21 Kasım 2025 Cuma,11:20,12:00,8-GI kanalda sindirim ve emilim mekanizmaları / Prof.Dr. Sarper Diler (Prof.Dr. F. Aytül Uyar),SİNDİRİM I DİLİMİ / FİZYOLOJİ AD.,FAKÜLTEMİZ WEB SİTESİ ÖĞRENCİ AĞI AMFİ PROGRAMINA BAKINIZ
Dönem 2,21 Kasım 2025 Cuma,14:00,14:40,5-Özofagus mide / Prof. Dr. Ayşin KALE (Doç. Dr. Özcan GAYRETLİ),SİNDİRİM I DİLİMİ / ANATOMİ AD.,FAKÜLTEMİZ WEB SİTESİ ÖĞRENCİ AĞI AMFİ PROGRAMINA BAKINIZ
Dönem 2,21 Kasım 2025 Cuma,14:50,15:30,1-Dispeptik Hasta / Prof. Dr. Kadir DEMİR (Prof. Dr. Filiz AKYÜZ),SİNDİRİM I DİLİMİ / İÇ HASTALIKLARI AD.,FAKÜLTEMİZ WEB SİTESİ ÖĞRENCİ AĞI AMFİ PROGRAMINA BAKINIZ
Dönem 2,21 Kasım 2025 Cuma,15:40,16:20,2-Gastrointestinal sistem vaka örnekleri / Prof. Dr. Filiz AKYÜZ (Prof. Dr. Kadir DEMİR),SİNDİRİM I DİLİMİ / İÇ HASTALIKLARI AD.,FAKÜLTEMİZ WEB SİTESİ ÖĞRENCİ AĞI AMFİ PROGRAMINA BAKINIZ
Dönem 2,24 Kasım 2025 Pazartesi,08:30,10:20,UYGULAMA,SİNDİRİM I DİLİMİ ,FAKÜLTEMİZ WEB SİTESİ ÖĞRENCİ AĞI DÖNEM 2 UYGULAMA PROGRAMINA BAKINIZ
Dönem 2,24 Kasım 2025 Pazartesi,11:00,11:40,4-Eser elementler II / Prof. Dr. Abdurrahman Fatih AYDIN (Prof. Dr. Canan KÜÇÜKGERGİN),SİNDİRİM I DİLİMİ / TIBBİ BİYOKİMYA AD.,FAKÜLTEMİZ WEB SİTESİ ÖĞRENCİ AĞI AMFİ PROGRAMINA BAKINIZ
Dönem 2,24 Kasım 2025 Pazartesi,11:50,12:30,5-Ultra eser elementler / Prof. Dr. Abdurrahman Fatih AYDIN (Prof. Dr. Canan KÜÇÜKGERGİN),SİNDİRİM I DİLİMİ / TIBBİ BİYOKİMYA AD.,FAKÜLTEMİZ WEB SİTESİ ÖĞRENCİ AĞI AMFİ PROGRAMINA BAKINIZ
Dönem 2,24 Kasım 2025 Pazartesi,13:30,15:20,Etik (Film gösterimi)-1 / Prof. Dr. İlhan İLKILIÇ (Prof. Dr. Fatma Arın NAMAL ) (İngilizce Tıp ile ortak ders),DİKEY KORİDOR II DİLİMİ / TIP TARİHİ VE ETİK AD. ,FAKÜLTEMİZ WEB SİTESİ ÖĞRENCİ AĞI AMFİ PROGRAMINA BAKINIZ
Dönem 2,24 Kasım 2025 Pazartesi,15:30,16:10,SERBEST ÇALIŞMA,,
Dönem 2,25 Kasım 2025 Salı,08:30,10:20,UYGULAMA,SİNDİRİM I DİLİMİ ,FAKÜLTEMİZ WEB SİTESİ ÖĞRENCİ AĞI DÖNEM 2 UYGULAMA PROGRAMINA BAKINIZ
Dönem 2,25 Kasım 2025 Salı,11:00,11:40,1-Metabolizmanın temel işlevleri / Prof. Dr. Seldağ BEKPINAR (Prof. Dr. Evin ADEMOĞLU),METABOLİZMA DİLİMİ / TIBBİ BİYOKİMYA AD.,FAKÜLTEMİZ WEB SİTESİ ÖĞRENCİ AĞI AMFİ PROGRAMINA BAKINIZ
Dönem 2,25 Kasım 2025 Salı,11:50,12:30,2-Glikoz homeostazisi / Prof. Dr. Seldağ BEKPINAR (Prof. Dr. Evin ADEMOĞLU),METABOLİZMA DİLİMİ / TIBBİ BİYOKİMYA AD.,FAKÜLTEMİZ WEB SİTESİ ÖĞRENCİ AĞI AMFİ PROGRAMINA BAKINIZ
Dönem 2,25 Kasım 2025 Salı,13:30,14:20,DİSEKSİYON (3/11),SİNDİRİM I DİLİMİ / ANATOMİ AD.,ANATOMİ AD. LABORATUVARI
Dönem 2,25 Kasım 2025 Salı,14:30,15:20,DİSEKSİYON (3/11),SİNDİRİM I DİLİMİ / ANATOMİ AD.,ANATOMİ AD. LABORATUVARI
Dönem 2,25 Kasım 2025 Salı,15:30,16:20,DİSEKSİYON (3/11),SİNDİRİM I DİLİMİ / ANATOMİ AD.,ANATOMİ AD. LABORATUVARI
Dönem 2,26 Kasım 2025 Çarşamba,08:30,10:20,UYGULAMA,SİNDİRİM I DİLİMİ ,FAKÜLTEMİZ WEB SİTESİ ÖĞRENCİ AĞI DÖNEM 2 UYGULAMA PROGRAMINA BAKINIZ
Dönem 2,26 Kasım 2025 Çarşamba,11:00,11:40,NİTELİKLİ HEKİMLİK VE ANAMNEZ ALMA - Prof. Dr. Ayşe PALANDUZ (Dr. Öğr. Üyesi Hacer NALBANT) ,DİKEY KORİDOR II DİLİMİ / TIP EĞİTİMİ AD.,FAKÜLTEMİZ WEB SİTESİ ÖĞRENCİ AĞI AMFİ PROGRAMINA BAKINIZ
Dönem 2,26 Kasım 2025 Çarşamba,11:50,12:30,NİTELİKLİ HEKİMLİK VE ANAMNEZ ALMA Dr. Öğr. Üyesi Hacer NALBANT /( Prof. Dr. Ayşe PALANDUZ  ),DİKEY KORİDOR II DİLİMİ / AİLE HEKİMLİĞİ AD.,FAKÜLTEMİZ WEB SİTESİ ÖĞRENCİ AĞI AMFİ PROGRAMINA BAKINIZ
Dönem 2,26 Kasım 2025 Çarşamba,13:30,14:10,Seçmeli Dersler - 8,,FAKÜLTEMİZ WEB SİTESİ ÖĞRENCİ AĞI SEÇMELİ DERS AMFİ PROGRAMINA BAKINIZ
Dönem 2,26 Kasım 2025 Çarşamba,14:20,15:00,Seçmeli Dersler - 8,,FAKÜLTEMİZ WEB SİTESİ ÖĞRENCİ AĞI SEÇMELİ DERS AMFİ PROGRAMINA BAKINIZ
Dönem 2,26 Kasım 2025 Çarşamba,15:10,15:50,Seçmeli Dersler - 8,,FAKÜLTEMİZ WEB SİTESİ ÖĞRENCİ AĞI SEÇMELİ DERS AMFİ PROGRAMINA BAKINIZ
Dönem 2,26 Kasım 2025 Çarşamba,16:00,16:40,Ek Ders ( ANATOMİ) Prof. Dr. Ayşin KALE,ANATOMİ AD.,FAKÜLTEMİZ WEB SİTESİ ÖĞRENCİ AĞI AMFİ PROGRAMINA BAKINIZ
Dönem 2,27 Kasım 2025 Perşembe,08:30,10:20,UYGULAMA,SİNDİRİM I DİLİMİ ,FAKÜLTEMİZ WEB SİTESİ ÖĞRENCİ AĞI DÖNEM 2 UYGULAMA PROGRAMINA BAKINIZ
Dönem 2,27 Kasım 2025 Perşembe,11:00,11:40,6-Intestinum tenue / Prof. Dr. Ayşin KALE (Doç. Dr. Özcan GAYRETLİ),SİNDİRİM I DİLİMİ / ANATOMİ AD.,FAKÜLTEMİZ WEB SİTESİ ÖĞRENCİ AĞI AMFİ PROGRAMINA BAKINIZ
Dönem 2,27 Kasım 2025 Perşembe,11:50,12:30,7-Intestinum crassum / Prof. Dr. Ayşin KALE (Doç. Dr. Özcan GAYRETLİ),SİNDİRİM I DİLİMİ / ANATOMİ AD.,FAKÜLTEMİZ WEB SİTESİ ÖĞRENCİ AĞI AMFİ PROGRAMINA BAKINIZ
Dönem 2,27 Kasım 2025 Perşembe,13:30,14:20,DİSEKSİYON (4/11),SİNDİRİM I DİLİMİ / ANATOMİ AD.,ANATOMİ AD. LABORATUVARI
Dönem 2,27 Kasım 2025 Perşembe,14:30,15:20,DİSEKSİYON (4/11),SİNDİRİM I DİLİMİ / ANATOMİ AD.,ANATOMİ AD. LABORATUVARI
Dönem 2,27 Kasım 2025 Perşembe,15:30,16:20,DİSEKSİYON (4/11),SİNDİRİM I DİLİMİ / ANATOMİ AD.,ANATOMİ AD. LABORATUVARI
Dönem 2,28 Kasım 2025 Cuma,08:30,09:10,3-Glikozun indirekt oksidasyonu / Prof. Dr. Seldağ BEKPINAR (Prof. Dr. Evin ADEMOĞLU),METABOLİZMA DİLİMİ / TIBBİ BİYOKİMYA AD.,FAKÜLTEMİZ WEB SİTESİ ÖĞRENCİ AĞI SEÇMELİ DERS AMFİ PROGRAMINA BAKINIZ
Dönem 2,28 Kasım 2025 Cuma,09:20,10:00,4-Glikozun direkt oksidasyonu / Prof. Dr. Seldağ BEKPINAR (Prof. Dr. Evin ADEMOĞLU),METABOLİZMA DİLİMİ / TIBBİ BİYOKİMYA AD.,FAKÜLTEMİZ WEB SİTESİ ÖĞRENCİ AĞI SEÇMELİ DERS AMFİ PROGRAMINA BAKINIZ
Dönem 2,28 Kasım 2025 Cuma,10:10,10:50,5-Glikoliz / Prof. Dr. Seldağ BEKPINAR (Prof. Dr. Evin ADEMOĞLU),METABOLİZMA DİLİMİ / TIBBİ BİYOKİMYA AD.,FAKÜLTEMİZ WEB SİTESİ ÖĞRENCİ AĞI AMFİ PROGRAMINA BAKINIZ
Dönem 2,28 Kasım 2025 Cuma,11:00,12:00,Etik (Film gösterimi tartışması)-1 / Prof. Dr. İlhan İLKILIÇ (Prof. Dr. Fatma Arın NAMAL)( İngilizce Tıp ile ortak ders),DİKEY KORİDOR II DİLİMİ / TIP TARİHİ VE ETİK AD. ,
Dönem 2,28 Kasım 2025 Cuma,14:00,15:30,UYGULAMA,SİNDİRİM I DİLİMİ ,FAKÜLTEMİZ WEB SİTESİ ÖĞRENCİ AĞI DÖNEM 2 UYGULAMA PROGRAMINA BAKINIZ
Dönem 2,1 Aralık 2025 Pazartesi,08:30,10:20,UYGULAMA,SİNDİRİM I DİLİMİ ,FAKÜLTEMİZ WEB SİTESİ ÖĞRENCİ AĞI DÖNEM 2 UYGULAMA PROGRAMINA BAKINIZ
Dönem 2,1 Aralık 2025 Pazartesi,11:00,11:40,6-Glikoneojenez / Prof. Dr. Seldağ BEKPINAR (Prof. Dr. Evin ADEMOĞLU),METABOLİZMA DİLİMİ / TIBBİ BİYOKİMYA AD.,FAKÜLTEMİZ WEB SİTESİ ÖĞRENCİ AĞI AMFİ PROGRAMINA BAKINIZ
Dönem 2,1 Aralık 2025 Pazartesi,11:50,12:30,7-Glikojen metabolizması / Prof. Dr. Seldağ BEKPINAR (Prof. Dr. Evin ADEMOĞLU),METABOLİZMA DİLİMİ / TIBBİ BİYOKİMYA AD.,FAKÜLTEMİZ WEB SİTESİ ÖĞRENCİ AĞI AMFİ PROGRAMINA BAKINIZ
Dönem 2,1 Aralık 2025 Pazartesi,13:30,14:10,Ek Ders ( ANATOMİ) Prof. Dr. Ayşin KALE,ANATOMİ AD.,FAKÜLTEMİZ WEB SİTESİ ÖĞRENCİ AĞI AMFİ PROGRAMINA BAKINIZ
Dönem 2,1 Aralık 2025 Pazartesi,14:20,16:10,Etik (Film gösterimi)-2 / Prof. Dr. Fatma Arın NAMAL (Prof. Dr. İlhan İLKILIÇ)(İngilizce Tıp ile ortak ders),DİKEY KORİDOR II DİLİMİ / TIP TARİHİ VE ETİK AD. ,FAKÜLTEMİZ WEB SİTESİ ÖĞRENCİ AĞI AMFİ PROGRAMINA BAKINIZ
Dönem 2,2 Aralık 2025 Salı,08:30,10:20,UYGULAMA,METABOLİZMA DİLİMİ,FAKÜLTEMİZ WEB SİTESİ ÖĞRENCİ AĞI DÖNEM 2 UYGULAMA PROGRAMINA BAKINIZ
Dönem 2,2 Aralık 2025 Salı,11:00,11:40,8-Karbonhidrat metabolizmasında hormonal kontrol / Prof. Dr. Seldağ BEKPINAR (Prof. Dr. Evin ADEMOĞLU),METABOLİZMA DİLİMİ / TIBBİ BİYOKİMYA AD.,FAKÜLTEMİZ WEB SİTESİ ÖĞRENCİ AĞI AMFİ PROGRAMINA BAKINIZ
Dönem 2,2 Aralık 2025 Salı,11:50,12.30,9-Karbonhidrat metabolizmasının laboratuarda izlenmesi / Prof. Dr. Seldağ BEKPINAR (Prof. Dr. Evin ADEMOĞLU),METABOLİZMA DİLİMİ / TIBBİ BİYOKİMYA AD.,FAKÜLTEMİZ WEB SİTESİ ÖĞRENCİ AĞI AMFİ PROGRAMINA BAKINIZ
Dönem 2,2 Aralık 2025 Salı,13:30,14:20,DİSEKSİYON (5/11),SİNDİRİM I DİLİMİ / ANATOMİ AD.,ANATOMİ AD. LABORATUVARI
Dönem 2,2 Aralık 2025 Salı,14:30,15:20,DİSEKSİYON (5/11),SİNDİRİM I DİLİMİ / ANATOMİ AD.,ANATOMİ AD. LABORATUVARI
Dönem 2,2 Aralık 2025 Salı,15:30,16:20,DİSEKSİYON (5/11),SİNDİRİM I DİLİMİ / ANATOMİ AD.,ANATOMİ AD. LABORATUVARI
Dönem 2,3 Aralık 2025 Çarşamba,08:30,10:20,CANLI ANATOMİ Endoskopi ve Kolonoskopi / Doç. Dr. Bilger ÇAVUŞ -  Prof. Dr. Ayşin KALE (İngilizce Tıp ile ortak ders),SİNDİRİM I DİLİMİ  / İÇ HASTALIKLARI AD. - ANATOMİ AD.,FAKÜLTEMİZ WEB SİTESİ ÖĞRENCİ AĞI AMFİ PROGRAMINA BAKINIZ
Dönem 2,3 Aralık 2025 Çarşamba,10:30,12:20,UYGULAMA,METABOLİZMA DİLİMİ,FAKÜLTEMİZ WEB SİTESİ ÖĞRENCİ AĞI DÖNEM 2 UYGULAMA PROGRAMINA BAKINIZ
Dönem 2,3 Aralık 2025 Çarşamba,13:30,14:10,Seçmeli Dersler - 9,,FAKÜLTEMİZ WEB SİTESİ ÖĞRENCİ AĞI SEÇMELİ DERS AMFİ PROGRAMINA BAKINIZ
Dönem 2,3 Aralık 2025 Çarşamba,14:20,15:00,Seçmeli Dersler - 9,,FAKÜLTEMİZ WEB SİTESİ ÖĞRENCİ AĞI SEÇMELİ DERS AMFİ PROGRAMINA BAKINIZ
Dönem 2,3 Aralık 2025 Çarşamba,15:10,15:50,Seçmeli Dersler - 9,,FAKÜLTEMİZ WEB SİTESİ ÖĞRENCİ AĞI SEÇMELİ DERS AMFİ PROGRAMINA BAKINIZ
Dönem 2,3 Aralık 2025 Çarşamba,16:00,16:40,Ek Ders ( ANATOMİ) Prof. Dr. Ayşin KALE,ANATOMİ AD.,FAKÜLTEMİZ WEB SİTESİ ÖĞRENCİ AĞI AMFİ PROGRAMINA BAKINIZ
Dönem 2,4 Aralık 2025 Perşembe,08:30,10:20,UYGULAMA,METABOLİZMA DİLİMİ,FAKÜLTEMİZ WEB SİTESİ ÖĞRENCİ AĞI DÖNEM 2 UYGULAMA PROGRAMINA BAKINIZ
Dönem 2,4 Aralık 2025 Perşembe,11:00,11:40,10-Lipid metabolizmasına genel bakış / Prof. Dr. Seldağ BEKPINAR (Prof. Dr. Pervin VURAL),METABOLİZMA DİLİMİ / TIBBİ BİYOKİMYA AD.,FAKÜLTEMİZ WEB SİTESİ ÖĞRENCİ AĞI AMFİ PROGRAMINA BAKINIZ
Dönem 2,4 Aralık 2025 Perşembe,11:50,12:30,11-Lipoproteinler yapısı ve sınıflandırılması / Prof. Dr. Seldağ BEKPINAR (Prof. Dr. Pervin VURAL),METABOLİZMA DİLİMİ / TIBBİ BİYOKİMYA AD.,FAKÜLTEMİZ WEB SİTESİ ÖĞRENCİ AĞI AMFİ PROGRAMINA BAKINIZ
Dönem 2,4 Aralık 2025 Perşembe,13:30,14:20,DİSEKSİYON (6/11),SİNDİRİM I DİLİMİ / ANATOMİ AD.,ANATOMİ AD. LABORATUVARI
Dönem 2,4 Aralık 2025 Perşembe,14:30,15:20,DİSEKSİYON (6/11),SİNDİRİM I DİLİMİ / ANATOMİ AD.,ANATOMİ AD. LABORATUVARI
Dönem 2,4 Aralık 2025 Perşembe,15:30,16:20,DİSEKSİYON (6/11),SİNDİRİM I DİLİMİ / ANATOMİ AD.,ANATOMİ AD. LABORATUVARI
Dönem 2,5 Aralık 2025 Cuma,08:30,10:20,UYGULAMA,METABOLİZMA DİLİMİ,FAKÜLTEMİZ WEB SİTESİ ÖĞRENCİ AĞI DÖNEM 2 UYGULAMA PROGRAMINA BAKINIZ
Dönem 2,5 Aralık 2025 Cuma,11:00,11:40,8-Rectum canalis analis / Prof. Dr. Ayşin KALE (Doç. Dr. Özcan GAYRETLİ),SİNDİRİM I DİLİMİ / ANATOMİ AD.,FAKÜLTEMİZ WEB SİTESİ ÖĞRENCİ AĞI AMFİ PROGRAMINA BAKINIZ
Dönem 2,5 Aralık 2025 Cuma,11:50,12:30,9-Karaciğer safra yolları ve kesesi / Prof. Dr. Ayşin KALE (Doç. Dr. Özcan GAYRETLİ),SİNDİRİM I DİLİMİ / ANATOMİ AD.,FAKÜLTEMİZ WEB SİTESİ ÖĞRENCİ AĞI AMFİ PROGRAMINA BAKINIZ
Dönem 2,5 Aralık 2025 Cuma,14:00,15:00,Etik (Film gösterimi tartışması)-2 / Prof. Dr. Fatma Arın NAMAL (Prof. Dr. İlhan İLKILIÇ)(İngilizce ile ortak),DİKEY KORİDOR II DİLİMİ / TIP TARİHİ VE ETİK AD. ,FAKÜLTEMİZ WEB SİTESİ ÖĞRENCİ AĞI AMFİ PROGRAMINA BAKINIZ
Dönem 2,5 Aralık 2025 Cuma,15:10,16:20,Ek Ders ( ANATOMİ) Prof. Dr. Ayşin KALE,ANATOMİ AD.,FAKÜLTEMİZ WEB SİTESİ ÖĞRENCİ AĞI AMFİ PROGRAMINA BAKINIZ
Dönem 2,5 Aralık 2025 Cuma,15:40,16:20,Ek Ders ( ANATOMİ) Prof. Dr. Ayşin KALE,ANATOMİ AD.,FAKÜLTEMİZ WEB SİTESİ ÖĞRENCİ AĞI AMFİ PROGRAMINA BAKINIZ
Dönem 2,8 Aralık 2025 Pazartesi,08:30,10:20,UYGULAMA,METABOLİZMA DİLİMİ,FAKÜLTEMİZ WEB SİTESİ ÖĞRENCİ AĞI DÖNEM 2 UYGULAMA PROGRAMINA BAKINIZ
Dönem 2,8 Aralık 2025 Pazartesi,10:30,12:20,UYGULAMA,METABOLİZMA DİLİMİ,FAKÜLTEMİZ WEB SİTESİ ÖĞRENCİ AĞI DÖNEM 2 UYGULAMA PROGRAMINA BAKINIZ
Dönem 2,8 Aralık 2025 Pazartesi,13:30,14:10,12-Şilomikron VLDL ve HDL / Prof. Dr. Seldağ BEKPINAR (Prof. Dr. Pervin VURAL),METABOLİZMA DİLİMİ / TIBBİ BİYOKİMYA AD.,FAKÜLTEMİZ WEB SİTESİ ÖĞRENCİ AĞI AMFİ PROGRAMINA BAKINIZ
Dönem 2,8 Aralık 2025 Pazartesi,14:20,15:00,13-Lipoliz ve yağ asidi oksidasyonu / Prof. Dr. Seldağ BEKPINAR (Prof. Dr. Pervin VURAL),METABOLİZMA DİLİMİ / TIBBİ BİYOKİMYA AD.,FAKÜLTEMİZ WEB SİTESİ ÖĞRENCİ AĞI AMFİ PROGRAMINA BAKINIZ
Dönem 2,8 Aralık 2025 Pazartesi,15:10,15:50,1-Diyabet epidemiyolojisi / Öğr. Gör. Dr. Bedia Fulya ÇALIKOĞLU BARBAROS (Doç. Dr. Özlem SOYLUK SELÇUKBİRİCİK),METABOLİZMA DİLİMİ / İÇ HASTALIKLARI AD.,FAKÜLTEMİZ WEB SİTESİ ÖĞRENCİ AĞI AMFİ PROGRAMINA BAKINIZ
Dönem 2,8 Aralık 2025 Pazartesi,16:00,16:40,7-Kalıtsal metabolik hastalıklarda vaka örnekleri / Dr.Öğr. Üyesi Mehmet Cihan BALCI (Dr.Öğr. Üyesi Meryem KARACA),METABOLİZMA DİLİMİ / ÇOCUK SAĞLIĞI VE HASTALIKLARI AD.,FAKÜLTEMİZ WEB SİTESİ ÖĞRENCİ AĞI AMFİ PROGRAMINA BAKINIZ
Dönem 2,9 Aralık 2025 Salı,08:30,10:20,UYGULAMA,METABOLİZMA DİLİMİ,FAKÜLTEMİZ WEB SİTESİ ÖĞRENCİ AĞI DÖNEM 2 UYGULAMA PROGRAMINA BAKINIZ
Dönem 2,9 Aralık 2025 Salı,11:00,11:40,14-Keton cisimleri sentezi ve kullanımı / Prof. Dr. Seldağ BEKPINAR (Prof. Dr. Pervin VURAL),METABOLİZMA DİLİMİ / TIBBİ BİYOKİMYA AD.,FAKÜLTEMİZ WEB SİTESİ ÖĞRENCİ AĞI AMFİ PROGRAMINA BAKINIZ
Dönem 2,9 Aralık 2025 Salı,11:50,12:30,15-Yağ asidi sentezi ve lipojenez / Prof. Dr. Seldağ BEKPINAR (Prof. Dr. Pervin VURAL),METABOLİZMA DİLİMİ / TIBBİ BİYOKİMYA AD.,FAKÜLTEMİZ WEB SİTESİ ÖĞRENCİ AĞI AMFİ PROGRAMINA BAKINIZ
Dönem 2,9 Aralık 2025 Salı,13:30,14:20,DİSEKSİYON (7/11),SİNDİRİM I DİLİMİ / ANATOMİ AD.,ANATOMİ AD. LABORATUVARI
Dönem 2,9 Aralık 2025 Salı,14:30,15:20,DİSEKSİYON (7/11),SİNDİRİM I DİLİMİ / ANATOMİ AD.,ANATOMİ AD. LABORATUVARI
Dönem 2,9 Aralık 2025 Salı,15:30,16:20,DİSEKSİYON (7/11),SİNDİRİM I DİLİMİ / ANATOMİ AD.,ANATOMİ AD. LABORATUVARI
Dönem 2,10 Aralık 2025 Çarşamba,08:30,10:20,UYGULAMA,METABOLİZMA DİLİMİ,FAKÜLTEMİZ WEB SİTESİ ÖĞRENCİ AĞI DÖNEM 2 UYGULAMA PROGRAMINA BAKINIZ
Dönem 2,10 Aralık 2025 Çarşamba,11:00,11:40,16-Kolesterol metabolizması / Prof. Dr. Seldağ BEKPINAR (Prof. Dr. Pervin VURAL),METABOLİZMA DİLİMİ / TIBBİ BİYOKİMYA AD.,FAKÜLTEMİZ WEB SİTESİ ÖĞRENCİ AĞI AMFİ PROGRAMINA BAKINIZ
Dönem 2,10 Aralık 2025 Çarşamba,11:50,12:30,17-Obezite biyokimyası / Prof. Dr. Seldağ BEKPINAR (Prof. Dr. Pervin VURAL),METABOLİZMA DİLİMİ / TIBBİ BİYOKİMYA AD.,FAKÜLTEMİZ WEB SİTESİ ÖĞRENCİ AĞI AMFİ PROGRAMINA BAKINIZ
Dönem 2,10 Aralık 2025 Çarşamba,13:30,14:10,Seçmeli Dersler - 10,,FAKÜLTEMİZ WEB SİTESİ ÖĞRENCİ AĞI SEÇMELİ DERS AMFİ PROGRAMINA BAKINIZ
Dönem 2,10 Aralık 2025 Çarşamba,14:20,15:00,Seçmeli Dersler - 10,,FAKÜLTEMİZ WEB SİTESİ ÖĞRENCİ AĞI SEÇMELİ DERS AMFİ PROGRAMINA BAKINIZ
Dönem 2,10 Aralık 2025 Çarşamba,15:10,15:50,Seçmeli Dersler - 10,,FAKÜLTEMİZ WEB SİTESİ ÖĞRENCİ AĞI SEÇMELİ DERS AMFİ PROGRAMINA BAKINIZ
Dönem 2,10 Aralık 2025 Çarşamba,16:00,16:40,Ek Ders ( ANATOMİ) Prof. Dr. Ayşin KALE,ANATOMİ AD.,FAKÜLTEMİZ WEB SİTESİ ÖĞRENCİ AĞI AMFİ PROGRAMINA BAKINIZ
Dönem 2,11 Aralık 2025 Perşembe,08:30,10:20,UYGULAMA,METABOLİZMA DİLİMİ,FAKÜLTEMİZ WEB SİTESİ ÖĞRENCİ AĞI DÖNEM 2 UYGULAMA PROGRAMINA BAKINIZ
Dönem 2,11 Aralık 2025 Perşembe,11:00,11:40,10-Pankreas - tükrük bezleri / Prof. Dr. Ayşin KALE (Doç. Dr. Özcan GAYRETLİ),SİNDİRİM I DİLİMİ / ANATOMİ AD.,FAKÜLTEMİZ WEB SİTESİ ÖĞRENCİ AĞI AMFİ PROGRAMINA BAKINIZ
Dönem 2,11 Aralık 2025 Perşembe,11:50,12:30,18-Protein metabolizmasına giriş / Prof. Dr. Şule SEÇKİN (Prof. Dr. Evin ADEMOĞLU),METABOLİZMA DİLİMİ / TIBBİ BİYOKİMYA AD.,FAKÜLTEMİZ WEB SİTESİ ÖĞRENCİ AĞI AMFİ PROGRAMINA BAKINIZ
Dönem 2,11 Aralık 2025 Perşembe,13:30,14:20,DİSEKSİYON (8/11),SİNDİRİM I DİLİMİ / ANATOMİ AD.,ANATOMİ AD. LABORATUVARI
Dönem 2,11 Aralık 2025 Perşembe,14:30,15:20,DİSEKSİYON (8/11),SİNDİRİM I DİLİMİ / ANATOMİ AD.,ANATOMİ AD. LABORATUVARI
Dönem 2,11 Aralık 2025 Perşembe,15:30,16:20,DİSEKSİYON (8/11),SİNDİRİM I DİLİMİ / ANATOMİ AD.,ANATOMİ AD. LABORATUVARI
Dönem 2,12 Aralık 2025 Cuma,08:30,09:10,3-Olgu sunumu:Diabetes mellitus / Prof. Dr. Kubilay KARŞIDAĞ (Prof. Dr. Nurdan GÜL),METABOLİZMA DİLİMİ / İÇ HASTALIKLARI AD. ,FAKÜLTEMİZ WEB SİTESİ ÖĞRENCİ AĞI AMFİ PROGRAMINA BAKINIZ
Dönem 2,12 Aralık 2025 Cuma,09:20,10:00,5-Çocuk ve gencin beslenmesi / Dr.Öğr. Üyesi DİLEK GÜNEŞ (Dr.Öğr. Üyesi Meryem KARACA),METABOLİZMA DİLİMİ / ÇOCUK SAĞLIĞI VE HASTALIKLARI AD.,FAKÜLTEMİZ WEB SİTESİ ÖĞRENCİ AĞI AMFİ PROGRAMINA BAKINIZ
Dönem 2,12 Aralık 2025 Cuma,10:10,10:50,6-Kalıtsal metabolik hastalıklarda öykü ve bulgulara genel bakış / Dr.Öğr. Üyesi DİLEK GÜNEŞ (Dr.Öğr. Üyesi Mehmet Cihan BALCI),METABOLİZMA DİLİMİ / ÇOCUK SAĞLIĞI VE HASTALIKLARI AD.,FAKÜLTEMİZ WEB SİTESİ ÖĞRENCİ AĞI AMFİ PROGRAMINA BAKINIZ
Dönem 2,12 Aralık 2025 Cuma,11:00,11:40,19-Aminoasitlerin vücutta dağılımı ve kullanım yolları / Prof. Dr. Şule SEÇKİN (Prof. Dr. Evin ADEMOĞLU),METABOLİZMA DİLİMİ / TIBBİ BİYOKİMYA AD.,FAKÜLTEMİZ WEB SİTESİ ÖĞRENCİ AĞI AMFİ PROGRAMINA BAKINIZ
Dönem 2,12 Aralık 2025 Cuma,11:50,12:30,20-Amonyak metabolizması / Prof. Dr. Şule SEÇKİN (Prof. Dr. Evin ADEMOĞLU),METABOLİZMA DİLİMİ / TIBBİ BİYOKİMYA AD.,FAKÜLTEMİZ WEB SİTESİ ÖĞRENCİ AĞI AMFİ PROGRAMINA BAKINIZ
Dönem 2,12 Aralık 2025 Cuma,14:00,15:30,PDÖ,,
Dönem 2,12 Aralık 2025 Cuma,15:40,16:20,SERBEST ÇALIŞMA ,,
Dönem 2,15 Aralık 2025 Pazartesi,08:30,10:20,PDÖ,,
Dönem 2,15 Aralık 2025 Pazartesi,11:00,12:30,CANLI ANATOMİ Safra Kesesi / Prof. Dr. Nihat AKSAKAL - Prof. Dr. Ayşin KALE (İngilizce Tıp ile ortak ders),SİNDİRİM I DİLİMİ  / GENEL CERRAHİ AD. - ANATOMİ AD.,AZİZ SANCAR AMFİSİ
Dönem 2,15 Aralık 2025 Pazartesi,13:30,14:10,2-Diabetes mellitus preklinik ve klinik dönem tanı kriterleri ve sınıflama /Prof. Dr. Nurdan GÜL (Prof. Dr.  Gülşah YENİDÜNYA YALIN),METABOLİZMA DİLİMİ / İÇ HASTALIKLARI AD.,FAKÜLTEMİZ WEB SİTESİ ÖĞRENCİ AĞI AMFİ PROGRAMINA BAKINIZ
Dönem 2,15 Aralık 2025 Pazartesi,14:20,15:00,Ek Ders ( ANATOMİ) Prof. Dr. Ayşin KALE,ANATOMİ AD.,FAKÜLTEMİZ WEB SİTESİ ÖĞRENCİ AĞI AMFİ PROGRAMINA BAKINIZ
Dönem 2,15 Aralık 2025 Pazartesi,15:10,15:50,Ek Ders ( ANATOMİ) Prof. Dr. Ayşin KALE,ANATOMİ AD.,FAKÜLTEMİZ WEB SİTESİ ÖĞRENCİ AĞI AMFİ PROGRAMINA BAKINIZ
Dönem 2,15 Aralık 2025 Pazartesi,16:00,16:40,SERBEST ÇALIŞMA ,,
Dönem 2,16 Aralık 2025 Salı,08:30,09:10,21-Üre sentezi ve düzenlenmesi / Prof. Dr. Şule SEÇKİN (Prof. Dr. Evin ADEMOĞLU),METABOLİZMA DİLİMİ / TIBBİ BİYOKİMYA AD.,FAKÜLTEMİZ WEB SİTESİ ÖĞRENCİ AĞI AMFİ PROGRAMINA BAKINIZ
Dönem 2,16 Aralık 2025 Salı,09:20,10:00,22-Biyolojik aminler (Poliaminler) / Prof. Dr. Şule SEÇKİN (Prof. Dr. Evin ADEMOĞLU),METABOLİZMA DİLİMİ / TIBBİ BİYOKİMYA AD.,FAKÜLTEMİZ WEB SİTESİ ÖĞRENCİ AĞI AMFİ PROGRAMINA BAKINIZ
Dönem 2,16 Aralık 2025 Salı,10:10,10:50,SERBEST ÇALIŞMA ,,
Dönem 2,16 Aralık 2025 Salı,11:00,11:40,11-Periton 1 / Prof. Dr. Ayşin KALE (Dr. Öğr. Üyesi Osman COŞKUN),SİNDİRİM I DİLİMİ / ANATOMİ AD.,FAKÜLTEMİZ WEB SİTESİ ÖĞRENCİ AĞI AMFİ PROGRAMINA BAKINIZ
Dönem 2,16 Aralık 2025 Salı,11:50,12:30,12-Periton 2 / Prof. Dr. Ayşin KALE (Dr. Öğr. Üyesi Osman COŞKUN),SİNDİRİM I DİLİMİ / ANATOMİ AD.,FAKÜLTEMİZ WEB SİTESİ ÖĞRENCİ AĞI AMFİ PROGRAMINA BAKINIZ
Dönem 2,16 Aralık 2025 Salı,12:30,13:20,Ek Ders(Sağlık Bilimlerinde Kanıta Dayalı Bilimsel Çalışmalar) seçmeli ders,,FAKÜLTEMİZ WEB SİTESİ ÖĞRENCİ AĞI AMFİ PROGRAMINA BAKINIZ
Dönem 2,16 Aralık 2025 Salı,13:30,14:20,DİSEKSİYON (9/11),SİNDİRİM I DİLİMİ / ANATOMİ AD.,ANATOMİ AD. LABORATUVARI
Dönem 2,16 Aralık 2025 Salı,14:30,15:20,DİSEKSİYON (9/11),SİNDİRİM I DİLİMİ / ANATOMİ AD.,ANATOMİ AD. LABORATUVARI
Dönem 2,16 Aralık 2025 Salı,15:30,16:20,DİSEKSİYON (9/11),SİNDİRİM I DİLİMİ / ANATOMİ AD.,ANATOMİ AD. LABORATUVARI
Dönem 2,17 Aralık 2025 Çarşamba,08:30,10:20,UYGULAMA,METABOLİZMA DİLİMİ,FAKÜLTEMİZ WEB SİTESİ ÖĞRENCİ AĞI DÖNEM 2 UYGULAMA PROGRAMINA BAKINIZ
Dönem 2,17 Aralık 2025 Çarşamba,11:00,11:40,23-Aromatik aminoasitlerin organizmadaki önemi /  Prof. Dr. Şule SEÇKİN (Prof. Dr. Evin ADEMOĞLU),METABOLİZMA DİLİMİ / TIBBİ BİYOKİMYA AD.,FAKÜLTEMİZ WEB SİTESİ ÖĞRENCİ AĞI AMFİ PROGRAMINA BAKINIZ
Dönem 2,17 Aralık 2025 Çarşamba,11:50,12:30,24-Aromatik aminoasitlerin organizmadaki metabolizması ve defektleri /  Prof. Dr. Şule SEÇKİN (Prof. Dr. Evin ADEMOĞLU),METABOLİZMA DİLİMİ / TIBBİ BİYOKİMYA AD.,FAKÜLTEMİZ WEB SİTESİ ÖĞRENCİ AĞI AMFİ PROGRAMINA BAKINIZ
Dönem 2,17 Aralık 2025 Çarşamba,13:30,14:10,Seçmeli Dersler - 11,,FAKÜLTEMİZ WEB SİTESİ ÖĞRENCİ AĞI SEÇMELİ DERS AMFİ PROGRAMINA BAKINIZ
Dönem 2,17 Aralık 2025 Çarşamba,14:20,15:00,Seçmeli Dersler - 11,,FAKÜLTEMİZ WEB SİTESİ ÖĞRENCİ AĞI SEÇMELİ DERS AMFİ PROGRAMINA BAKINIZ
Dönem 2,17 Aralık 2025 Çarşamba,15:10,15:50,Seçmeli Dersler - 11,,FAKÜLTEMİZ WEB SİTESİ ÖĞRENCİ AĞI SEÇMELİ DERS AMFİ PROGRAMINA BAKINIZ
Dönem 2,18 Aralık 2025 Perşembe,08:30,10:20,UYGULAMA,METABOLİZMA DİLİMİ,FAKÜLTEMİZ WEB SİTESİ ÖĞRENCİ AĞI DÖNEM 2 UYGULAMA PROGRAMINA BAKINIZ
Dönem 2,18 Aralık 2025 Perşembe,11:00,11:40,4-Sağlıklı beslenme ilkeleri / Dr.Öğr. Üyesi Meryem KARACA  (Dr.Öğr. Üyesi DİLEK GÜNEŞ),METABOLİZMA DİLİMİ / ÇOCUK SAĞLIĞI VE HASTALIKLARI AD.,FAKÜLTEMİZ WEB SİTESİ ÖĞRENCİ AĞI AMFİ PROGRAMINA BAKINIZ
Dönem 2,18 Aralık 2025 Perşembe,11:50,12:30,8-Kalıtsal Glikojen Fruktoz ve galaktoz metabolizması hastalıkları vaka örnekleri / Dr.Öğr. Üyesi Meryem KARACA (Dr.Öğr. Üyesi Mehmet Cihan BALCI),METABOLİZMA DİLİMİ / ÇOCUK SAĞLIĞI VE HASTALIKLARI AD.,FAKÜLTEMİZ WEB SİTESİ ÖĞRENCİ AĞI AMFİ PROGRAMINA BAKINIZ
Dönem 2,18 Aralık 2025 Perşembe,13:30,14:20,DİSEKSİYON (10/11),SİNDİRİM I DİLİMİ / ANATOMİ AD.,ANATOMİ AD. LABORATUVARI
Dönem 2,18 Aralık 2025 Perşembe,14:30,15:20,DİSEKSİYON (10/11),SİNDİRİM I DİLİMİ / ANATOMİ AD.,ANATOMİ AD. LABORATUVARI
Dönem 2,18 Aralık 2025 Perşembe,15:30,16:20,DİSEKSİYON (10/11),SİNDİRİM I DİLİMİ / ANATOMİ AD.,ANATOMİ AD. LABORATUVARI
Dönem 2,19 Aralık 2025 Cuma,08:30,10:20,UYGULAMA,METABOLİZMA DİLİMİ,FAKÜLTEMİZ WEB SİTESİ ÖĞRENCİ AĞI DÖNEM 2 UYGULAMA PROGRAMINA BAKINIZ
Dönem 2,19 Aralık 2025 Cuma,11:00,11:40,25-Metil transferi - Hiperhomosisteinemi mekanizması / Prof. Dr. Şule SEÇKİN (Prof. Dr. Evin ADEMOĞLU),METABOLİZMA DİLİMİ / TIBBİ BİYOKİMYA AD.,FAKÜLTEMİZ WEB SİTESİ ÖĞRENCİ AĞI AMFİ PROGRAMINA BAKINIZ
Dönem 2,19 Aralık 2025 Cuma,11:50,12:30,SERBEST ÇALIŞMA ,,
Dönem 2,19 Aralık 2025 Cuma,14:00,15:30,UYGULAMA,METABOLİZMA DİLİMİ,FAKÜLTEMİZ WEB SİTESİ ÖĞRENCİ AĞI DÖNEM 2 UYGULAMA PROGRAMINA BAKINIZ
Dönem 2,22 Aralık 2025 Pazartesi,08:30,10:20,UYGULAMA,METABOLİZMA DİLİMİ,FAKÜLTEMİZ WEB SİTESİ ÖĞRENCİ AĞI DÖNEM 2 UYGULAMA PROGRAMINA BAKINIZ
Dönem 2,22 Aralık 2025 Pazartesi,11:00,11:40,26-Zehirsizleştirme reaksiyonları I / Prof. Dr. Pervin VURAL (Prof. Dr. A. Fatih AYDIN),METABOLİZMA DİLİMİ / TIBBİ BİYOKİMYA AD.,FAKÜLTEMİZ WEB SİTESİ ÖĞRENCİ AĞI AMFİ PROGRAMINA BAKINIZ
Dönem 2,22 Aralık 2025 Pazartesi,11:50,12:30,27-Zehirsizleştirme reaksiyonları II / Prof. Dr. Pervin VURAL (Prof. Dr. A. Fatih AYDIN),METABOLİZMA DİLİMİ / TIBBİ BİYOKİMYA AD.,FAKÜLTEMİZ WEB SİTESİ ÖĞRENCİ AĞI AMFİ PROGRAMINA BAKINIZ
Dönem 2,22 Aralık 2025 Pazartesi,13:30,15:20,Biyokimya Telafi Uygulaması,METABOLİZMA DİLİMİ,FAKÜLTEMİZ WEB SİTESİ ÖĞRENCİ AĞI DÖNEM 2 UYGULAMA PROGRAMINA BAKINIZ
Dönem 2,22 Aralık 2025 Pazartesi,15:30,16:10,SERBEST ÇALIŞMA ,,
Dönem 2,23 Aralık 2025 Salı,08:30,10:20,UYGULAMA,METABOLİZMA DİLİMİ,FAKÜLTEMİZ WEB SİTESİ ÖĞRENCİ AĞI DÖNEM 2 UYGULAMA PROGRAMINA BAKINIZ
Dönem 2,23 Aralık 2025 Salı,10:30,12:20,Biyokimya Telafi Uygulama Sınavı,METABOLİZMA DİLİMİ,FAKÜLTEMİZ WEB SİTESİ ÖĞRENCİ AĞI DÖNEM 2 UYGULAMA PROGRAMINA BAKINIZ
Dönem 2,23 Aralık 2025 Salı,13:30,14:20,DİSEKSİYON (11/11),SİNDİRİM I DİLİMİ / ANATOMİ AD.,ANATOMİ AD. LABORATUVARI
Dönem 2,23 Aralık 2025 Salı,14:30,15:20,DİSEKSİYON (11/11),SİNDİRİM I DİLİMİ / ANATOMİ AD.,ANATOMİ AD. LABORATUVARI
Dönem 2,23 Aralık 2025 Salı,15:30,16:20,DİSEKSİYON (11/11),SİNDİRİM I DİLİMİ / ANATOMİ AD.,ANATOMİ AD. LABORATUVARI
Dönem 2,24 Aralık 2025 Çarşamba,08:30,10:20,PDÖ,,
Dönem 2,24 Aralık 2025 Çarşamba,10:30,12:20,UYGULAMA,METABOLİZMA DİLİMİ,FAKÜLTEMİZ WEB SİTESİ ÖĞRENCİ AĞI DÖNEM 2 UYGULAMA PROGRAMINA BAKINIZ
Dönem 2,24 Aralık 2025 Çarşamba,13:30,14:10,Seçmeli Dersler - 12,,FAKÜLTEMİZ WEB SİTESİ ÖĞRENCİ AĞI SEÇMELİ DERS AMFİ PROGRAMINA BAKINIZ
Dönem 2,24 Aralık 2025 Çarşamba,14:20,15:00,Seçmeli Dersler - 12,,FAKÜLTEMİZ WEB SİTESİ ÖĞRENCİ AĞI SEÇMELİ DERS AMFİ PROGRAMINA BAKINIZ
Dönem 2,24 Aralık 2025 Çarşamba,15:10,15:50,Seçmeli Dersler - 12,,FAKÜLTEMİZ WEB SİTESİ ÖĞRENCİ AĞI SEÇMELİ DERS AMFİ PROGRAMINA BAKINIZ
Dönem 2,25 Aralık 2025 Perşembe,08:00,12:00,SERBEST ÇALIŞMA,,
Dönem 2,25 Aralık 2025 Perşembe,12:00,14:30,SERBEST ÇALIŞMA (dönem1 uzaktan eğitim sınavları),,
Dönem 2,26 Aralık 2025 Cuma,10:00,13:00,DİLİM SINAVI,SOLUNUM I DİLİMİ + SİNDİRİM I DİLİMİ + METABOLİZMA DİLİMİ + DİKEY KORİDOR II DİLİMİ,FAKÜLTEMİZ WEB SİTESİ ÖĞRENCİ AĞI AMFİ PROGRAMINA BAKINIZ
Dönem 2,29 Aralık 2025 Pazartesi,08:30,16:20,SERBEST ÇALIŞMA,,
Dönem 2,30 Aralık 2025 Salı,08:30,16:20,SERBEST ÇALIŞMA,,
Dönem 2,31 Aralık 2025 Çarşamba,08:30,16:20,SERBEST ÇALIŞMA,,
Dönem 2,1 Ocak 2026 Perşembe,,,YILBAŞI TATİLİ,,
Dönem 2,2 Ocak 2026 Cuma,14:00,15:30,DÖNEM SINAVI ,KAN LENFOİD DİLİMİ + DOLAŞIM I DİLİMİ,FAKÜLTEMİZ WEB SİTESİ ÖĞRENCİ AĞI AMFİ PROGRAMINA BAKINIZ
Dönem 2,5 Ocak 2026 Pazartesi,08:30,16:20,SERBEST ÇALIŞMA,,
Dönem 2,6 Ocak 2026 Salı,10:00,13:00,DÖNEM SINAVI 2,SOLUNUM I DİLİMİ + SİNDİRİM I DİLİMİ + METABOLİZMA DİLİMİ + DİKEY KORİDOR II DİLİMİ,FAKÜLTEMİZ WEB SİTESİ ÖĞRENCİ AĞI AMFİ PROGRAMINA BAKINIZ
Dönem 2,7 Ocak 2026 Çarşamba,08:00,16:00,HİSTOLOJİ UYGULAMA SINAVI,KAN LENFOİD DİLİMİ + DOLAŞIM I DİLİMİ + SOLUNUM I DİLİMİ + SİNDİRİM I DİLİMİ ,HİSTOLOJİ AD.
Dönem 2,8 Ocak 2026 Perşembe,08:00,16:00,ANATOMİ UYGULAMA SINAVI,DOLAŞIM I DİLİMİ + SOLUNUM I DİLİMİ + SİNDİRİM I DİLİMİ ,ANATOMİ AD.
Dönem 2,9 Ocak 2026 Cuma,14:00,15:00,FİZYOLOJİ UYGULAMA SINAVI,KAN LENFOİD DİLİMİ + DOLAŞIM I DİLİMİ + SOLUNUM I DİLİMİ,FAKÜLTEMİZ WEB SİTESİ ÖĞRENCİ AĞI AMFİ PROGRAMINA BAKINIZ
Dönem 2,9 Ocak 2026 Cuma,10:00,12:00,SERBEST ÇALIŞMA (Dönem 3 Sınav),,
Dönem 2,9 Ocak 2026 Cuma,15:00,16:00,BİYOKİMYA UYGULAMA SINAVI,METABOLİZMA DİLİMİ (Dilimi alttan alan öğrenciler için),FAKÜLTEMİZ WEB SİTESİ ÖĞRENCİ AĞI AMFİ PROGRAMINA BAKINIZ
Dönem 2,12 Ocak 2026 Pazartesi,,,YARIYIL TATİLİ,,
Dönem 2,13 Ocak 2026 Salı,,,YARIYIL TATİLİ,,
Dönem 2,14 Ocak 2026 Çarşamba,,,YARIYIL TATİLİ,,
Dönem 2,15 Ocak 2026 Perşembe,,,YARIYIL TATİLİ,,
Dönem 2,16 Ocak 2026 Cuma,,,YARIYIL TATİLİ,,
Dönem 2,19 Ocak 2026 Pazartesi,,,YARIYIL TATİLİ,,
Dönem 2,20 Ocak 2026 Salı,,,YARIYIL TATİLİ,,
Dönem 2,21 Ocak 2026 Çarşamba,,,YARIYIL TATİLİ,,
Dönem 2,22 Ocak 2026 Perşembe,,,YARIYIL TATİLİ,,
Dönem 2,23 Ocak 2026 Cuma,,,YARIYIL TATİLİ,,
Dönem 2,26 Ocak 2026 Pazartesi,8:30,9:10,SERBEST ÇALIŞMA,,
Dönem 2,26 Ocak 2026 Pazartesi,9:20,10:00,1-Üriner sistem gelişimi / Doç. Dr. Elif KERVANCIOĞLU DEMİRCİ  (Dr.Öğr.Üyesi Tuğba EKİZ YILMAZ),ÜROGENİTAL VE ÜREME DİLİMİ / HİSTOLOJİ VE EMBRİYOLOJİ AD.,FAKÜLTEMİZ WEB SİTESİ ÖĞRENCİ AĞI AMFİ PROGRAMINA BAKINIZ
Dönem 2,26 Ocak 2026 Pazartesi,10:10,10:50,2-Üriner sistem histolojisine giriş / Doç. Dr. Elif KERVANCIOĞLU DEMİRCİ  (Dr.Öğr.Üyesi Tuğba EKİZ YILMAZ),ÜROGENİTAL VE ÜREME DİLİMİ / HİSTOLOJİ VE EMBRİYOLOJİ AD.,FAKÜLTEMİZ WEB SİTESİ ÖĞRENCİ AĞI AMFİ PROGRAMINA BAKINIZ
Dönem 2,26 Ocak 2026 Pazartesi,11:00,11:40,1-Böbrek fizyolojisine giriş / Prof.Dr. F. Aytül Uyar (Dr. Öğr. Üyesi Emre Harı),ÜROGENİTAL VE ÜREME DİLİMİ / FİZYOLOJİ AD.,FAKÜLTEMİZ WEB SİTESİ ÖĞRENCİ AĞI AMFİ PROGRAMINA BAKINIZ
Dönem 2,26 Ocak 2026 Pazartesi,11:50,12:30,2-Glomerul filtrasyon mekanizması / Prof.Dr. F. Aytül Uyar (Dr. Öğr. Üyesi Emre Harı),ÜROGENİTAL VE ÜREME DİLİMİ / FİZYOLOJİ AD.,FAKÜLTEMİZ WEB SİTESİ ÖĞRENCİ AĞI AMFİ PROGRAMINA BAKINIZ
Dönem 2,26 Ocak 2026 Pazartesi,12:30,13:30,ÖĞLE ARASI,,
Dönem 2,26 Ocak 2026 Pazartesi,13:30,14:10,1-Su metabolizması / Prof. Dr. Pervin VURAL (Prof. Dr. Abdurrahman Fatih AYDIN),ÜROGENİTAL VE ÜREME DİLİMİ / TIBBİ BİYOKİMYA AD.,FAKÜLTEMİZ WEB SİTESİ ÖĞRENCİ AĞI AMFİ PROGRAMINA BAKINIZ
Dönem 2,26 Ocak 2026 Pazartesi,14:20,15:00,2-Elektrolit metabolizması / Prof. Dr. Pervin VURAL (Prof. Dr. Abdurrahman Fatih AYDIN),ÜROGENİTAL VE ÜREME DİLİMİ / TIBBİ BİYOKİMYA AD.,FAKÜLTEMİZ WEB SİTESİ ÖĞRENCİ AĞI AMFİ PROGRAMINA BAKINIZ
Dönem 2,26 Ocak 2026 Pazartesi,15:10,16:20,DÖNEM DEĞERLENDİRME TOPLANMASI (İngilizce tıp ile ortak),,FAKÜLTEMİZ WEB SİTESİ ÖĞRENCİ AĞI AMFİ PROGRAMINA BAKINIZ
Dönem 2,27 Ocak 2026 Salı,08:30,09:10,SERBEST ÇALIŞMA,,
Dönem 2,27 Ocak 2026 Salı,09:20,10:00,3-İdrarın fiziksel ve kimyasal özellikleri / Prof. Dr. Pervin VURAL (Prof. Dr. Abdurrahman Fatih AYDIN),ÜROGENİTAL VE ÜREME DİLİMİ / TIBBİ BİYOKİMYA AD.,FAKÜLTEMİZ WEB SİTESİ ÖĞRENCİ AĞI AMFİ PROGRAMINA BAKINIZ
Dönem 2,27 Ocak 2026 Salı,10:10,10:50,4-İdrar analizinde görülen patolojilerin değerlendirilmesi / Prof. Dr. Pervin VURAL( Prof. Dr. Abdurrahman Fatih AYDIN),ÜROGENİTAL VE ÜREME DİLİMİ / TIBBİ BİYOKİMYA AD.,FAKÜLTEMİZ WEB SİTESİ ÖĞRENCİ AĞI AMFİ PROGRAMINA BAKINIZ
Dönem 2,27 Ocak 2026 Salı,11:00,11:40,1-Ürogenital sisteme giriş - Böbreklerin dış görünüşü / Prof. Dr. Ayşin KALE (Dr. Öğr. Üyesi Osman COŞKUN),ÜROGENİTAL VE ÜREME DİLİMİ / ANATOMİ AD.,FAKÜLTEMİZ WEB SİTESİ ÖĞRENCİ AĞI AMFİ PROGRAMINA BAKINIZ
Dönem 2,27 Ocak 2026 Salı,11:50,12:30,2-Böbreklerin arka yüz-ön yüz komşuluğu / Prof. Dr. Ayşin KALE (Dr. Öğr. Üyesi Osman COŞKUN),ÜROGENİTAL VE ÜREME DİLİMİ / ANATOMİ AD.,FAKÜLTEMİZ WEB SİTESİ ÖĞRENCİ AĞI AMFİ PROGRAMINA BAKINIZ
Dönem 2,27 Ocak 2026 Salı,12:30,13:30,ÖĞLE ARASI,,
Dönem 2,27 Ocak 2026 Salı,13:30,14:20,DİSEKSİYON (1/6),ÜROGENİTAL VE ÜREME DİLİMİ / ANATOMİ AD.,ANATOMİ AD. LABORATUVARI
Dönem 2,27 Ocak 2026 Salı,14:30,15:20,DİSEKSİYON (1/6),ÜROGENİTAL VE ÜREME DİLİMİ / ANATOMİ AD.,ANATOMİ AD. LABORATUVARI
Dönem 2,27 Ocak 2026 Salı,15:30,16:20,DİSEKSİYON (1/6),ÜROGENİTAL VE ÜREME DİLİMİ / ANATOMİ AD.,ANATOMİ AD. LABORATUVARI
Dönem 2,28 Ocak 2026 Çarşamba,08:30,09:10,1-Böbrek neden hastalanır? / Doç. Dr. Özgür Akın OTO,ÜROGENİTAL VE ÜREME DİLİMİ / İÇ HASTALIKLARI AD.,FAKÜLTEMİZ WEB SİTESİ ÖĞRENCİ AĞI AMFİ PROGRAMINA BAKINIZ
Dönem 2,28 Ocak 2026 Çarşamba,09:20,10:00,3-Böbrek kan akımı ve otoregülasyon / Prof.Dr. F. Aytül Uyar (Dr. Öğr. Üyesi Emre Harı),ÜROGENİTAL VE ÜREME DİLİMİ / FİZYOLOJİ AD.,FAKÜLTEMİZ WEB SİTESİ ÖĞRENCİ AĞI AMFİ PROGRAMINA BAKINIZ
Dönem 2,28 Ocak 2026 Çarşamba,10:10,10:50,4-Böbrek tübüllerinin fonksiyonu /Prof.Dr. F. Aytül Uyar (Dr. Öğr. Üyesi Emre Harı),ÜROGENİTAL VE ÜREME DİLİMİ / FİZYOLOJİ AD.,FAKÜLTEMİZ WEB SİTESİ ÖĞRENCİ AĞI AMFİ PROGRAMINA BAKINIZ
Dönem 2,28 Ocak 2026 Çarşamba,11:00,11:40,5-Asit baz dengesinde tampon sistemlerin rolü / Prof. Dr. Abdurrahman Fatih AYDIN (Prof. Dr. Pervin VURAL),ÜROGENİTAL VE ÜREME DİLİMİ / TIBBİ BİYOKİMYA AD.,FAKÜLTEMİZ WEB SİTESİ ÖĞRENCİ AĞI AMFİ PROGRAMINA BAKINIZ
Dönem 2,28 Ocak 2026 Çarşamba,11:50,12:30,6-Asit baz dengesini sağlayan moleküler mekanizmalar / Prof. Dr. Abdurrahman Fatih AYDIN (Prof. Dr. Pervin VURAL),ÜROGENİTAL VE ÜREME DİLİMİ / TIBBİ BİYOKİMYA AD.,FAKÜLTEMİZ WEB SİTESİ ÖĞRENCİ AĞI AMFİ PROGRAMINA BAKINIZ
Dönem 2,28 Ocak 2026 Çarşamba,12:30,13:30,ÖĞLE ARASI,,
Dönem 2,28 Ocak 2026 Çarşamba,13:30,14:10,3-Böbrek histolojisi - nefron yapısı /  Doç. Dr. Elif KERVANCIOĞLU DEMİRCİ (Dr.Öğr.Üyesi Tuğba EKİZ YILMAZ),ÜROGENİTAL VE ÜREME DİLİMİ / HİSTOLOJİ VE EMBRİYOLOJİ AD.,FAKÜLTEMİZ WEB SİTESİ ÖĞRENCİ AĞI AMFİ PROGRAMINA BAKINIZ
Dönem 2,28 Ocak 2026 Çarşamba,14:20,15:00,4-Tubuli renalis / Doç. Dr. Elif KERVANCIOĞLU DEMİRCİ (Dr.Öğr.Üyesi Tuğba EKİZ YILMAZ),ÜROGENİTAL VE ÜREME DİLİMİ / HİSTOLOJİ VE EMBRİYOLOJİ AD.,FAKÜLTEMİZ WEB SİTESİ ÖĞRENCİ AĞI AMFİ PROGRAMINA BAKINIZ
Dönem 2,28 Ocak 2026 Çarşamba,15:10,15:50,SERBEST ÇALIŞMA,,
Dönem 2,28 Ocak 2026 Çarşamba,16:00,16:40,SERBEST ÇALIŞMA,,
Dönem 2,29 Ocak 2026 Perşembe,08:30,09:10,7-Böbrek fonksiyon testleri / Prof. Dr. Pervin VURAL (Prof. Dr. Abdurrahman Fatih AYDIN),ÜROGENİTAL VE ÜREME DİLİMİ / TIBBİ BİYOKİMYA AD.,FAKÜLTEMİZ WEB SİTESİ ÖĞRENCİ AĞI AMFİ PROGRAMINA BAKINIZ
Dönem 2,29 Ocak 2026 Perşembe,09:20,10:00,5-Klirens kavramı / Prof.Dr. F. Aytül Uyar (Dr. Öğr. Üyesi Emre Harı),ÜROGENİTAL VE ÜREME DİLİMİ / FİZYOLOJİ AD.,FAKÜLTEMİZ WEB SİTESİ ÖĞRENCİ AĞI AMFİ PROGRAMINA BAKINIZ
Dönem 2,29 Ocak 2026 Perşembe,10:10,10:50,6-İdrar konsantrasyon mekanizması-diüretikler / Prof.Dr. F. Aytül Uyar (Dr. Öğr. Üyesi Emre Harı),ÜROGENİTAL VE ÜREME DİLİMİ / FİZYOLOJİ AD.,FAKÜLTEMİZ WEB SİTESİ ÖĞRENCİ AĞI AMFİ PROGRAMINA BAKINIZ
Dönem 2,29 Ocak 2026 Perşembe,11:00,11:40,3-Böbrek damar sistemi - sinirleri - lenfleri ve anomalileri / Prof. Dr. Ayşin KALE (Dr. Öğr. Üyesi Osman COŞKUN),ÜROGENİTAL VE ÜREME DİLİMİ / ANATOMİ AD.,FAKÜLTEMİZ WEB SİTESİ ÖĞRENCİ AĞI AMFİ PROGRAMINA BAKINIZ
Dönem 2,29 Ocak 2026 Perşembe,11:50,12:30,4-Böbreğin toplayıcı sisteminin anatomisi (calices ve pelvis renalis) üreter / Prof. Dr. Ayşin KALE (Dr. Öğr. Üyesi Osman COŞKUN),ÜROGENİTAL VE ÜREME DİLİMİ / ANATOMİ AD.,FAKÜLTEMİZ WEB SİTESİ ÖĞRENCİ AĞI AMFİ PROGRAMINA BAKINIZ
Dönem 2,29 Ocak 2026 Perşembe,12:30,13:30,ÖĞLE ARASI,,
Dönem 2,29 Ocak 2026 Perşembe,13:30,14:20,DİSEKSİYON (2/6),ÜROGENİTAL VE ÜREME DİLİMİ / ANATOMİ AD.,ANATOMİ AD. LABORATUVARI
Dönem 2,29 Ocak 2026 Perşembe,14:30,15:20,DİSEKSİYON (2/6),ÜROGENİTAL VE ÜREME DİLİMİ / ANATOMİ AD.,ANATOMİ AD. LABORATUVARI
Dönem 2,29 Ocak 2026 Perşembe,15:30,16:20,DİSEKSİYON (2/6),ÜROGENİTAL VE ÜREME DİLİMİ / ANATOMİ AD.,ANATOMİ AD. LABORATUVARI
Dönem 2,30 Ocak 2026 Cuma,08:30,10:20,UYGULAMA,ÜROGENİTAL VE ÜREME DİLİMİ,FAKÜLTEMİZ WEB SİTESİ ÖĞRENCİ AĞI DÖNEM 2 UYGULAMA PROGRAMINA BAKINIZ
Dönem 2,30 Ocak 2026 Cuma,11:00,11:40,3-Üriner sistem muayenesinde kullanılan laboratuar incelemelerinin değerlendirilmesi / Doç. Dr. Ayşe Serra ARTAN,ÜROGENİTAL VE ÜREME DİLİMİ / İÇ HASTALIKLARI AD.,FAKÜLTEMİZ WEB SİTESİ ÖĞRENCİ AĞI AMFİ PROGRAMINA BAKINIZ
Dönem 2,30 Ocak 2026 Cuma,11:50,12:30,4-Asit-baz dengesi bozuklukları - Olgu Sunumları  / Doç. Dr. Özgür Akın OTO,ÜROGENİTAL VE ÜREME DİLİMİ / İÇ HASTALIKLARI AD.,
Dönem 2,30 Ocak 2026 Cuma,12:30,14:00,ÖĞLE ARASI,,
Dönem 2,30 Ocak 2026 Cuma,14:00,14:40,8-Kanın protein olmayan azotlu bileşikleri / Prof. Dr. Pervin VURAL (Prof. Dr. Abdurrahman Fatih AYDIN),ÜROGENİTAL VE ÜREME DİLİMİ / TIBBİ BİYOKİMYA AD.,FAKÜLTEMİZ WEB SİTESİ ÖĞRENCİ AĞI AMFİ PROGRAMINA BAKINIZ
Dönem 2,30 Ocak 2026 Cuma,14:50,15:30,9-Erkek cinsiyet hormonlarının biyokimyası / Prof. Dr. Pervin VURAL (Prof. Dr. Semra ABBASOĞLU),ÜROGENİTAL VE ÜREME DİLİMİ / TIBBİ BİYOKİMYA AD.,FAKÜLTEMİZ WEB SİTESİ ÖĞRENCİ AĞI AMFİ PROGRAMINA BAKINIZ
Dönem 2,30 Ocak 2026 Cuma,15:40,16:20,6-Üretra / Prof. Dr. Ayşin KALE (Dr. Öğr. Üyesi Osman COŞKUN),ÜROGENİTAL VE ÜREME DİLİMİ / ANATOMİ AD.,FAKÜLTEMİZ WEB SİTESİ ÖĞRENCİ AĞI AMFİ PROGRAMINA BAKINIZ
Dönem 2,2 Şubat 2026 Pazartesi,08:30,10:20,UYGULAMA,ÜROGENİTAL VE ÜREME DİLİMİ,FAKÜLTEMİZ WEB SİTESİ ÖĞRENCİ AĞI DÖNEM 2 UYGULAMA PROGRAMINA BAKINIZ
Dönem 2,2 Şubat 2026 Pazartesi,11:00,11:40,7-Üreme sağlığı / Prof.Dr. F. Aytül Uyar (Dr. Öğr. Üyesi Emre Harı),ÜROGENİTAL VE ÜREME DİLİMİ / FİZYOLOJİ AD.,FAKÜLTEMİZ WEB SİTESİ ÖĞRENCİ AĞI AMFİ PROGRAMINA BAKINIZ
Dönem 2,2 Şubat 2026 Pazartesi,11:50,12:30,8-Puberte öncesi üreme fizyolojisi ve pubertenin kontrolü / Prof.Dr. F. Aytül Uyar (Dr. Öğr. Üyesi Emre Harı),ÜROGENİTAL VE ÜREME DİLİMİ / FİZYOLOJİ AD.,FAKÜLTEMİZ WEB SİTESİ ÖĞRENCİ AĞI AMFİ PROGRAMINA BAKINIZ
Dönem 2,2 Şubat 2026 Pazartesi,12:30,13:30,ÖĞLE ARASI,,
Dönem 2,2 Şubat 2026 Pazartesi,13:30,14:10,5-İdrar boşaltım yolları /  Doç. Dr. Elif KERVANCIOĞLU DEMİRCİ (Dr.Öğr.Üyesi Tuğba EKİZ YILMAZ),ÜROGENİTAL VE ÜREME DİLİMİ / HİSTOLOJİ VE EMBRİYOLOJİ AD.,FAKÜLTEMİZ WEB SİTESİ ÖĞRENCİ AĞI AMFİ PROGRAMINA BAKINIZ
Dönem 2,2 Şubat 2026 Pazartesi,14:20,15:00,6-Erkek genital sistem embriyolojisi /  Doç. Dr. Elif KERVANCIOĞLU DEMİRCİ (Dr. Öğr. Üyesi Tuğba EKİZ YILMAZ),ÜROGENİTAL VE ÜREME DİLİMİ / HİSTOLOJİ VE EMBRİYOLOJİ AD.,FAKÜLTEMİZ WEB SİTESİ ÖĞRENCİ AĞI AMFİ PROGRAMINA BAKINIZ
Dönem 2,2 Şubat 2026 Pazartesi,15:10,15:50,10-Kadın cinsiyet hormonlarının biyokimyası / Prof. Dr. Pervin VURAL (Prof. Dr. Semra ABBASOĞLU),ÜROGENİTAL VE ÜREME DİLİMİ / TIBBİ BİYOKİMYA AD.,FAKÜLTEMİZ WEB SİTESİ ÖĞRENCİ AĞI AMFİ PROGRAMINA BAKINIZ
Dönem 2,2 Şubat 2026 Pazartesi,16:00,16:40,,,
Dönem 2,3 Şubat 2026 Salı,08:30,10:20,UYGULAMA,ÜROGENİTAL VE ÜREME DİLİMİ,FAKÜLTEMİZ WEB SİTESİ ÖĞRENCİ AĞI DÖNEM 2 UYGULAMA PROGRAMINA BAKINIZ
Dönem 2,3 Şubat 2026 Salı,11:00,11:40,5-Vesica urinaria - komşuluklar (Damar ve sinirleri / Prof. Dr. Ayşin KALE (Dr. Öğr. Üyesi Osman COŞKUN),ÜROGENİTAL VE ÜREME DİLİMİ / ANATOMİ AD.,FAKÜLTEMİZ WEB SİTESİ ÖĞRENCİ AĞI AMFİ PROGRAMINA BAKINIZ
Dönem 2,3 Şubat 2026 Salı,11:50,12:30,2-Sıvı-elektrolit bozuklukları olgu sunumları / Prof. Dr. Aydın TÜRKMEN,ÜROGENİTAL VE ÜREME DİLİMİ / İÇ HASTALIKLARI AD.,FAKÜLTEMİZ WEB SİTESİ ÖĞRENCİ AĞI AMFİ PROGRAMINA BAKINIZ
Dönem 2,3 Şubat 2026 Salı,12:30,13:30,ÖĞLE ARASI,,
Dönem 2,3 Şubat 2026 Salı,13:30,14:20,DİSEKSİYON (3/6),ÜROGENİTAL VE ÜREME DİLİMİ / ANATOMİ AD.,ANATOMİ AD. LABORATUVARI
Dönem 2,3 Şubat 2026 Salı,14:30,15:20,DİSEKSİYON (3/6),ÜROGENİTAL VE ÜREME DİLİMİ / ANATOMİ AD.,ANATOMİ AD. LABORATUVARI
Dönem 2,3 Şubat 2026 Salı,15:30,16:20,DİSEKSİYON (3/6),ÜROGENİTAL VE ÜREME DİLİMİ / ANATOMİ AD.,ANATOMİ AD. LABORATUVARI
Dönem 2,4 Şubat 2026 Çarşamba,08:30,10:20,UYGULAMA,ÜROGENİTAL VE ÜREME DİLİMİ,FAKÜLTEMİZ WEB SİTESİ ÖĞRENCİ AĞI DÖNEM 2 UYGULAMA PROGRAMINA BAKINIZ
Dönem 2,4 Şubat 2026 Çarşamba,11:00,11:40,7-Erkek genital kanallar histolojisi / Doç. Dr. Elif KERVANCIOĞLU DEMİRCİ (Dr. Öğr. Üyesi Tuğba EKİZ YILMAZ),ÜROGENİTAL VE ÜREME DİLİMİ / HİSTOLOJİ VE EMBRİYOLOJİ AD.,FAKÜLTEMİZ WEB SİTESİ ÖĞRENCİ AĞI AMFİ PROGRAMINA BAKINIZ
Dönem 2,4 Şubat 2026 Çarşamba,11:50,12:30,8-Testis histolojisi / Doç. Dr. Elif KERVANCIOĞLU DEMİRCİ (Dr.Öğr.Üyesi Tuğba EKİZ YILMAZ),ÜROGENİTAL VE ÜREME DİLİMİ / HİSTOLOJİ VE EMBRİYOLOJİ AD.,FAKÜLTEMİZ WEB SİTESİ ÖĞRENCİ AĞI AMFİ PROGRAMINA BAKINIZ
Dönem 2,4 Şubat 2026 Çarşamba,12:30,13:30,ÖĞLE ARASI,,
Dönem 2,4 Şubat 2026 Çarşamba,13:30,14:10,9-Erkek üreme fizyolojisi ve cinsel aktivite / Prof.Dr. F. Aytül Uyar (Dr. Öğr. Üyesi Emre Harı),ÜROGENİTAL VE ÜREME DİLİMİ / FİZYOLOJİ AD.,FAKÜLTEMİZ WEB SİTESİ ÖĞRENCİ AĞI AMFİ PROGRAMINA BAKINIZ
Dönem 2,4 Şubat 2026 Çarşamba,14:20,15:00,10-Gebelik öncesi kadın fizyolojisi ve menopoz / Prof.Dr. F. Aytül Uyar (Dr. Öğr. Üyesi Emre Harı),ÜROGENİTAL VE ÜREME DİLİMİ / FİZYOLOJİ AD.,FAKÜLTEMİZ WEB SİTESİ ÖĞRENCİ AĞI AMFİ PROGRAMINA BAKINIZ
Dönem 2,4 Şubat 2026 Çarşamba,15:10,15:50,12-Plasenta - amniyon sıvısı - kordon kanı biyokimyası / Prof. Dr. Nihal SALMAYENLİ (Doç. Dr. Ayşe Gül Sündüs TELCİ),ÜROGENİTAL VE ÜREME DİLİMİ / TIBBİ BİYOKİMYA AD.,FAKÜLTEMİZ WEB SİTESİ ÖĞRENCİ AĞI AMFİ PROGRAMINA BAKINIZ
Dönem 2,4 Şubat 2026 Çarşamba,16:00,16:40,Simüle Hasta Uygulaması Tanıtım Dersi / Dr. Öğr. Üyesi Hacer NALBANT (Prof. Dr. Zeynep Olcay SOLAKOĞLU),DİKEY KORİDOR II DİLİMİ / TIP EĞİTİMİ AD.,FAKÜLTEMİZ WEB SİTESİ ÖĞRENCİ AĞI AMFİ PROGRAMINA BAKINIZ
Dönem 2,5 Şubat 2026 Perşembe,08:30,10:20,UYGULAMA,ÜROGENİTAL VE ÜREME DİLİMİ,FAKÜLTEMİZ WEB SİTESİ ÖĞRENCİ AĞI DÖNEM 2 UYGULAMA PROGRAMINA BAKINIZ
Dönem 2,5 Şubat 2026 Perşembe,11:00,11:40,7-Abdomen duvarları anatomisi / Prof. Dr. Ayşin KALE (Dr. Öğr. Üyesi Osman COŞKUN),ÜROGENİTAL VE ÜREME DİLİMİ / ANATOMİ AD.,FAKÜLTEMİZ WEB SİTESİ ÖĞRENCİ AĞI AMFİ PROGRAMINA BAKINIZ
Dönem 2,5 Şubat 2026 Perşembe,11:50,12:30,8-Erkek genital organları - testisler - epididimis / Prof. Dr. Ayşin KALE (Dr. Öğr. Üyesi Osman COŞKUN),ÜROGENİTAL VE ÜREME DİLİMİ / ANATOMİ AD.,FAKÜLTEMİZ WEB SİTESİ ÖĞRENCİ AĞI AMFİ PROGRAMINA BAKINIZ
Dönem 2,5 Şubat 2026 Perşembe,12:30,13:30,ÖĞLE ARASI,,
Dönem 2,5 Şubat 2026 Perşembe,13:30,14:20,DİSEKSİYON (4/6),ÜROGENİTAL VE ÜREME DİLİMİ / ANATOMİ AD.,ANATOMİ AD. LABORATUVARI
Dönem 2,5 Şubat 2026 Perşembe,14:30,15:20,DİSEKSİYON (4/6),ÜROGENİTAL VE ÜREME DİLİMİ / ANATOMİ AD.,ANATOMİ AD. LABORATUVARI
Dönem 2,5 Şubat 2026 Perşembe,15:30,16:20,DİSEKSİYON (4/6),ÜROGENİTAL VE ÜREME DİLİMİ / ANATOMİ AD.,ANATOMİ AD. LABORATUVARI
Dönem 2,6 Şubat 2026 Cuma,08:30,10:20,UYGULAMA,ÜROGENİTAL VE ÜREME DİLİMİ,FAKÜLTEMİZ WEB SİTESİ ÖĞRENCİ AĞI DÖNEM 2 UYGULAMA PROGRAMINA BAKINIZ
Dönem 2,6 Şubat 2026 Cuma,11:00,11:40,10-Scrotum (Prostat - glandula bulbouretralis anatomisi / Prof. Dr. Ayşin KALE (Dr. Öğr. Üyesi Osman COŞKUN),ÜROGENİTAL VE ÜREME DİLİMİ / ANATOMİ AD.,FAKÜLTEMİZ WEB SİTESİ ÖĞRENCİ AĞI AMFİ PROGRAMINA BAKINIZ
Dönem 2,6 Şubat 2026 Cuma,11:50,12:30,11-Kadın genital organları - overler - tuba uterina / Prof. Dr. Ayşin KALE (Dr. Öğr. Üyesi Osman COŞKUN),ÜROGENİTAL VE ÜREME DİLİMİ / ANATOMİ AD.,FAKÜLTEMİZ WEB SİTESİ ÖĞRENCİ AĞI AMFİ PROGRAMINA BAKINIZ
Dönem 2,6 Şubat 2026 Cuma,12:30,13:30,ÖĞLE ARASI,,
Dönem 2,6 Şubat 2026 Cuma,14:00,14:40,9-Yardımcı genital bezler ve penis histolojisi /  Doç. Dr. Elif KERVANCIOĞLU DEMİRCİ (Dr. Öğr. Üyesi Tuğba EKİZ YILMAZ),ÜROGENİTAL VE ÜREME DİLİMİ / HİSTOLOJİ VE EMBRİYOLOJİ AD.,FAKÜLTEMİZ WEB SİTESİ ÖĞRENCİ AĞI AMFİ PROGRAMINA BAKINIZ
Dönem 2,6 Şubat 2026 Cuma,14:50,15:30,10-Dişi genital sistem embriyolojisi /  Doç. Dr. Elif KERVANCIOĞLU DEMİRCİ (Doç. Dr. Tuğba KOTİL),ÜROGENİTAL VE ÜREME DİLİMİ / HİSTOLOJİ VE EMBRİYOLOJİ AD.,FAKÜLTEMİZ WEB SİTESİ ÖĞRENCİ AĞI AMFİ PROGRAMINA BAKINIZ
Dönem 2,6 Şubat 2026 Cuma,15:40,16:20,1-Merkezi sinir sistemi anatomisine giriş / Dr. Öğr. Üyesi Osman COŞKUN (Prof. Dr. Ayşin KALE),SİNİR DUYU I DİLİMİ / ANATOMİ AD.,FAKÜLTEMİZ WEB SİTESİ ÖĞRENCİ AĞI AMFİ PROGRAMINA BAKINIZ
Dönem 2,9 Şubat 2026 Pazartesi,08:30,10:20,UYGULAMA,ÜROGENİTAL VE ÜREME DİLİMİ,FAKÜLTEMİZ WEB SİTESİ ÖĞRENCİ AĞI DÖNEM 2 UYGULAMA PROGRAMINA BAKINIZ
Dönem 2,9 Şubat 2026 Pazartesi,10:30,12:20,UYGULAMA ( BECERİ ),,
Dönem 2,9 Şubat 2026 Pazartesi,12:30,13:30,ÖĞLE ARASI,,
Dönem 2,9 Şubat 2026 Pazartesi,13:30,14:10,9-Sperma yolları ve penis anatomisi / Prof. Dr. Ayşin KALE (Dr. Öğr. Üyesi Osman COŞKUN),ÜROGENİTAL VE ÜREME DİLİMİ / ANATOMİ AD.,FAKÜLTEMİZ WEB SİTESİ ÖĞRENCİ AĞI AMFİ PROGRAMINA BAKINIZ
Dönem 2,9 Şubat 2026 Pazartesi,14:20,15:00,11-Kadında menstrüel siklusun düzenlenmesi / Prof.Dr. F. Aytül Uyar (Dr. Öğr. Üyesi Emre Harı),ÜROGENİTAL VE ÜREME DİLİMİ / FİZYOLOJİ AD.,FAKÜLTEMİZ WEB SİTESİ ÖĞRENCİ AĞI AMFİ PROGRAMINA BAKINIZ
Dönem 2,9 Şubat 2026 Pazartesi,15:10,15:50,12-Gebelik - Doğum ve laktasyon fizyolojisi / Prof.Dr. F. Aytül Uyar (Dr. Öğr. Üyesi Emre Harı),ÜROGENİTAL VE ÜREME DİLİMİ / FİZYOLOJİ AD.,FAKÜLTEMİZ WEB SİTESİ ÖĞRENCİ AĞI AMFİ PROGRAMINA BAKINIZ
Dönem 2,9 Şubat 2026 Pazartesi,16:00,16:40,2-Omurilik I  / Dr. Öğr. Üyesi Osman COŞKUN (Prof. Dr. Ayşin KALE),SİNİR DUYU I DİLİMİ / ANATOMİ AD.,FAKÜLTEMİZ WEB SİTESİ ÖĞRENCİ AĞI AMFİ PROGRAMINA BAKINIZ
Dönem 2,10 Şubat 2026 Salı,08:30,10:20,UYGULAMA,ÜROGENİTAL VE ÜREME DİLİMİ,FAKÜLTEMİZ WEB SİTESİ ÖĞRENCİ AĞI DÖNEM 2 UYGULAMA PROGRAMINA BAKINIZ
Dönem 2,10 Şubat 2026 Salı,11:00,11:40,11-Ovaryum histolojisi /  Doç. Dr. Elif KERVANCIOĞLU DEMİRCİ (Doç. Dr. Tuğba KOTİL),ÜROGENİTAL VE ÜREME DİLİMİ / HİSTOLOJİ VE EMBRİYOLOJİ AD.,FAKÜLTEMİZ WEB SİTESİ ÖĞRENCİ AĞI AMFİ PROGRAMINA BAKINIZ
Dönem 2,10 Şubat 2026 Salı,11:50,12:30,12-Tuba uterina uterus serviks ve vajina histolojisi / Doç. Dr. Elif KERVANCIOĞLU DEMİRCİ (Doç. Dr. Tuğba KOTİL),ÜROGENİTAL VE ÜREME DİLİMİ / HİSTOLOJİ VE EMBRİYOLOJİ AD.,FAKÜLTEMİZ WEB SİTESİ ÖĞRENCİ AĞI AMFİ PROGRAMINA BAKINIZ
Dönem 2,10 Şubat 2026 Salı,12:30,13:30,ÖĞLE ARASI,,
Dönem 2,10 Şubat 2026 Salı,13:30,14:20,DİSEKSİYON (5/6),ÜROGENİTAL VE ÜREME DİLİMİ / ANATOMİ AD.,ANATOMİ AD. LABORATUVARI
Dönem 2,10 Şubat 2026 Salı,14:30,15:20,DİSEKSİYON (5/6),ÜROGENİTAL VE ÜREME DİLİMİ / ANATOMİ AD.,ANATOMİ AD. LABORATUVARI
Dönem 2,10 Şubat 2026 Salı,15:30,16:20,DİSEKSİYON (5/6),ÜROGENİTAL VE ÜREME DİLİMİ / ANATOMİ AD.,ANATOMİ AD. LABORATUVARI
Dönem 2,11 Şubat 2026 Çarşamba,08:30,10:20,ENTEGRE OTURUM Sıvı Elektrolit bozuklukları / Prof. Dr. Pervin VURAL - Prof. Dr. Alev YILMAZ (Doç. Dr. Zeynep Nagehan YÜRÜK YILDIRIM) (İngilizce Tıp ile ortak ders),ÜROGENİTAL VE ÜREME DİLİMİ / TIBBİ BİYOKİMYA AD. - ÇOCUK SAĞLIĞI VE HASTALIKLARI AD.,FAKÜLTEMİZ WEB SİTESİ ÖĞRENCİ AĞI AMFİ PROGRAMINA BAKINIZ
Dönem 2,11 Şubat 2026 Çarşamba,11:00,11:40,12-Uterus ve vagina / Prof. Dr. Ayşin KALE (Dr. Öğr. Üyesi Osman COŞKUN),ÜROGENİTAL VE ÜREME DİLİMİ / ANATOMİ AD.,FAKÜLTEMİZ WEB SİTESİ ÖĞRENCİ AĞI AMFİ PROGRAMINA BAKINIZ
Dönem 2,11 Şubat 2026 Çarşamba,11:50,12:30,13-Kadın dış genital organları ve spesifik bezleri / Prof. Dr. Ayşin KALE (Dr. Öğr. Üyesi Osman COŞKUN),ÜROGENİTAL VE ÜREME DİLİMİ / ANATOMİ AD.,FAKÜLTEMİZ WEB SİTESİ ÖĞRENCİ AĞI AMFİ PROGRAMINA BAKINIZ
Dönem 2,11 Şubat 2026 Çarşamba,12:30,13:30,ÖĞLE ARASI,,
Dönem 2,11 Şubat 2026 Çarşamba,13:30,14:10,"13-Dış genital histolojisi, meme ve plasenta /  Doç. Dr. Elif KERVANCIOĞLU DEMİRCİ (Doç. Dr. Tuğba KOTİL)",ÜROGENİTAL VE ÜREME DİLİMİ / HİSTOLOJİ VE EMBRİYOLOJİ AD.,FAKÜLTEMİZ WEB SİTESİ ÖĞRENCİ AĞI AMFİ PROGRAMINA BAKINIZ
Dönem 2,11 Şubat 2026 Çarşamba,14:20,16:20,UYGULAMA (Simüle Hasta Uygulaması),Dikey Koridor /TIP EĞİTİMİ AD,HULUSİ BEHÇET KÜTÜPHANESİ SİMÜLE HASTA BİRİMİ
Dönem 2,12 Şubat 2026 Perşembe,08:30,10:20,CANLI ANATOMİ Böbrek Ameliyatı / Prof. Dr. Faruk ÖZCAN - Prof. Dr. Ayşin KALE (İngilizce Tıp ile ortak ders),ÜROGENİTAL VE ÜREME DİLİMİ / ÜROLOJİ AD. - ANATOMİ AD.,
Dönem 2,12 Şubat 2026 Perşembe,11:00,11:40,14-Regio inguinalis / Prof. Dr. Ayşin KALE (Dr. Öğr. Üyesi Osman COŞKUN),ÜROGENİTAL VE ÜREME DİLİMİ / ANATOMİ AD.,FAKÜLTEMİZ WEB SİTESİ ÖĞRENCİ AĞI AMFİ PROGRAMINA BAKINIZ
Dönem 2,12 Şubat 2026 Perşembe,11:50,12:30,15-Perineum / Prof. Dr. Ayşin KALE (Dr. Öğr. Üyesi Osman COŞKUN),ÜROGENİTAL VE ÜREME DİLİMİ / ANATOMİ AD.,FAKÜLTEMİZ WEB SİTESİ ÖĞRENCİ AĞI AMFİ PROGRAMINA BAKINIZ
Dönem 2,12 Şubat 2026 Perşembe,12:30,13:30,ÖĞLE ARASI,,
Dönem 2,12 Şubat 2026 Perşembe,13:30,14:20,DİSEKSİYON (6/6),ÜROGENİTAL VE ÜREME DİLİMİ / ANATOMİ AD.,ANATOMİ AD. LABORATUVARI
Dönem 2,12 Şubat 2026 Perşembe,14:30,15:20,DİSEKSİYON (6/6),ÜROGENİTAL VE ÜREME DİLİMİ / ANATOMİ AD.,ANATOMİ AD. LABORATUVARI
Dönem 2,12 Şubat 2026 Perşembe,15:30,16:20,DİSEKSİYON (6/6),ÜROGENİTAL VE ÜREME DİLİMİ / ANATOMİ AD.,ANATOMİ AD. LABORATUVARI
Dönem 2,13 Şubat 2026 Cuma,08:30,09:10,1-Üriner sistem muayene metodları / Prof. Dr. Tzevat TEFİK,ÜROGENİTAL VE ÜREME DİLİMİ / ÜROLOJİ AD.,FAKÜLTEMİZ WEB SİTESİ ÖĞRENCİ AĞI AMFİ PROGRAMINA BAKINIZ
Dönem 2,13 Şubat 2026 Cuma,09:20,10:00,1-Hormonların biyokimyasal özellikleri ve sınıflandırılması / Prof. Dr. Pervin VURAL (Prof. Dr. Semra ABBASOĞLU),ENDOKRİN I DİLİMİ / TIBBİ BİYOKİMYA AD.,FAKÜLTEMİZ WEB SİTESİ ÖĞRENCİ AĞI AMFİ PROGRAMINA BAKINIZ
Dönem 2,13 Şubat 2026 Cuma,10:10,10:50,2-Protein yapılı hormonların etki mekanizmaları / Prof. Dr. Pervin VURAL (Prof. Dr. Semra ABBASOĞLU),ENDOKRİN I DİLİMİ / TIBBİ BİYOKİMYA AD.,FAKÜLTEMİZ WEB SİTESİ ÖĞRENCİ AĞI AMFİ PROGRAMINA BAKINIZ
Dönem 2,13 Şubat 2026 Cuma,11:00,11:40,1-Endokrin sisteme giriş ve hipotalamik kontrol / Prof.Dr. Güher Saruhan Direskeneli (Prof.Dr. F. Aytül Uyar),ENDOKRİN I DİLİMİ / FİZYOLOJİ AD.,FAKÜLTEMİZ WEB SİTESİ ÖĞRENCİ AĞI AMFİ PROGRAMINA BAKINIZ
Dönem 2,13 Şubat 2026 Cuma,11:50,12:30,2-Posterior hipofiz hormonları ve işlevleri (ADH ve Oksitosin) / Prof.Dr. Güher Saruhan Direskeneli (Prof.Dr. F. Aytül Uyar),ENDOKRİN I DİLİMİ / FİZYOLOJİ AD.,FAKÜLTEMİZ WEB SİTESİ ÖĞRENCİ AĞI AMFİ PROGRAMINA BAKINIZ
Dönem 2,13 Şubat 2026 Cuma,12:30,13:30,ÖĞLE ARASI,,
Dönem 2,13 Şubat 2026 Cuma,14:00,15:50,Biyokimya Telafi Uygulaması ( alttan alanlar da dahil ),ÜROGENİTAL VE ÜREME DİLİMİ ,
Dönem 2,16 Şubat 2026 Pazartesi,08:30,10:20,Biyokimya Telafi Uygulama Sınavı,ÜROGENİTAL VE ÜREME DİLİMİ ,
Dönem 2,16 Şubat 2026 Pazartesi,11:20,12:00,Türkçe -ingilizce Histoloji ortak ders,ÜROGENİTAL VE ÜREME DİLİMİ/ HİSTOLOJİ VE EMBRİYOLOJİ AD.,FAKÜLTEMİZ WEB SİTESİ ÖĞRENCİ AĞI AMFİ PROGRAMINA BAKINIZ
Dönem 2,16 Şubat 2026 Pazartesi,12:00,13:30,ÖĞLE ARASI,,
Dönem 2,16 Şubat 2026 Pazartesi,13:30,14:10,Türkçe -ingilizce Histoloji ortak ders,ÜROGENİTAL VE ÜREME DİLİMİ/ HİSTOLOJİ VE EMBRİYOLOJİ AD.,FAKÜLTEMİZ WEB SİTESİ ÖĞRENCİ AĞI AMFİ PROGRAMINA BAKINIZ
Dönem 2,16 Şubat 2026 Pazartesi,14:20,15:00,Türkçe -ingilizce Histoloji ortak ders,ÜROGENİTAL VE ÜREME DİLİMİ/ HİSTOLOJİ VE EMBRİYOLOJİ AD.,FAKÜLTEMİZ WEB SİTESİ ÖĞRENCİ AĞI AMFİ PROGRAMINA BAKINIZ
Dönem 2,16 Şubat 2026 Pazartesi,15:10,15:50,SERBEST ÇALIŞMA,,
Dönem 2,16 Şubat 2026 Pazartesi,16:00,16:40,SERBEST ÇALIŞMA,,
Dönem 2,17 Şubat 2026 Salı,08:30,09:10,11-Vücut sıvıları/Prof. Dr. Nihal SALMAYENLİ (Doç. Dr. Ayşe Gül Sündüs TELCİ),ÜROGENİTAL VE ÜREME DİLİMİ / TIBBİ BİYOKİMYA AD.,FAKÜLTEMİZ WEB SİTESİ ÖĞRENCİ AĞI AMFİ PROGRAMINA BAKINIZ
Dönem 2,17 Şubat 2026 Salı,09:20,10:00,1-Hipofiz bezi embriyolojisi ve genel histolojisi / Dr. Öğr. Üyesi Tuğba EKİZ YILMAZ (Doç.Dr. Tuğba KOTİL),ENDOKRİN I DİLİMİ / HİSTOLOJİ VE EMBRİYOLOJİ AD.,FAKÜLTEMİZ WEB SİTESİ ÖĞRENCİ AĞI AMFİ PROGRAMINA BAKINIZ
Dönem 2,17 Şubat 2026 Salı,10:10,10:50,2-Hipofiz bezi hücre tipleri / Dr. Öğr. Üyesi Tuğba EKİZ YILMAZ (Doç.Dr. Tuğba KOTİL),ENDOKRİN I DİLİMİ / HİSTOLOJİ VE EMBRİYOLOJİ AD.,FAKÜLTEMİZ WEB SİTESİ ÖĞRENCİ AĞI AMFİ PROGRAMINA BAKINIZ
Dönem 2,17 Şubat 2026 Salı,11:00,11:40,3-Lokal Hormonların tanımı - sentezi ve metabolizması / Prof. Dr. Pervin VURAL (Prof. Dr. Semra ABBASOĞLU),ENDOKRİN I DİLİMİ / TIBBİ BİYOKİMYA AD.,FAKÜLTEMİZ WEB SİTESİ ÖĞRENCİ AĞI AMFİ PROGRAMINA BAKINIZ
Dönem 2,17 Şubat 2026 Salı,11:50,12:30, 4-Steroid yapılı hormonların etki mekanizmaları / Prof. Dr. Pervin VURAL (Prof. Dr. Semra ABBASOĞLU),ENDOKRİN I DİLİMİ / TIBBİ BİYOKİMYA AD.,FAKÜLTEMİZ WEB SİTESİ ÖĞRENCİ AĞI AMFİ PROGRAMINA BAKINIZ
Dönem 2,17 Şubat 2026 Salı,12:30,13:30,ÖĞLE ARASI,,
Dönem 2,17 Şubat 2026 Salı,13:30,14:20,DİSEKSİYON (1/17),SİNİR DUYU I DİLİMİ / ANATOMİ AD.,ANATOMİ AD. LABORATUVARI
Dönem 2,17 Şubat 2026 Salı,14:30,15:20,DİSEKSİYON (1/17),SİNİR DUYU I DİLİMİ / ANATOMİ AD.,ANATOMİ AD. LABORATUVARI
Dönem 2,17 Şubat 2026 Salı,15:30,16:20,DİSEKSİYON (1/17),SİNİR DUYU I DİLİMİ / ANATOMİ AD.,ANATOMİ AD. LABORATUVARI
Dönem 2,18 Şubat 2026 Çarşamba,08:30,09:10,SERBEST ÇALIŞMA,,
Dönem 2,18 Şubat 2026 Çarşamba,09:20,10:00,SERBEST ÇALIŞMA,,
Dönem 2,18 Şubat 2026 Çarşamba,10:10,10:50,SERBEST ÇALIŞMA,,
Dönem 2,18 Şubat 2026 Çarşamba,11:00,11:40,SERBEST ÇALIŞMA,,
Dönem 2,18 Şubat 2026 Çarşamba,11:50,12:30,SERBEST ÇALIŞMA,,
Dönem 2,18 Şubat 2026 Çarşamba,12:30,13:30,ÖĞLE ARASI,,
Dönem 2,18 Şubat 2026 Çarşamba,13:30,14:10,SERBEST ÇALIŞMA,,
Dönem 2,18 Şubat 2026 Çarşamba,14:20,15:00,SERBEST ÇALIŞMA,,
Dönem 2,18 Şubat 2026 Çarşamba,16:00,16:40,SERBEST ÇALIŞMA,,
Dönem 2,19 Şubat 2026 Perşembe,08:30,09:10,5-Hipotalamik ve hipofizer hormonlar I / Prof. Dr. Pervin VURAL (Prof. Dr. Semra ABBASOĞLU),ENDOKRİN I DİLİMİ / TIBBİ BİYOKİMYA AD.,FAKÜLTEMİZ WEB SİTESİ ÖĞRENCİ AĞI AMFİ PROGRAMINA BAKINIZ
Dönem 2,19 Şubat 2026 Perşembe,09:20,10:00,6-Hipotalamik ve hipofizer hormonlar II / Prof. Dr. Pervin VURAL (Prof. Dr. Semra ABBASOĞLU),ENDOKRİN I DİLİMİ / TIBBİ BİYOKİMYA AD.,FAKÜLTEMİZ WEB SİTESİ ÖĞRENCİ AĞI AMFİ PROGRAMINA BAKINIZ
Dönem 2,19 Şubat 2026 Perşembe,10:10,10:50,SERBEST ÇALIŞMA,,
Dönem 2,19 Şubat 2026 Perşembe,11:00,11:40,3-Ön ve arka hipofiz bezi ile pineal bezin histolojik yapısı / Dr. Öğr. Üyesi Tuğba EKİZ YILMAZ (Doç.Dr. Tuğba KOTİL),ENDOKRİN I DİLİMİ / HİSTOLOJİ VE EMBRİYOLOJİ AD.,FAKÜLTEMİZ WEB SİTESİ ÖĞRENCİ AĞI AMFİ PROGRAMINA BAKINIZ
Dönem 2,19 Şubat 2026 Perşembe,11:50,12:30,4-Tiroid ve paratiroid bezi embriyolojisi ve histolojisi / Dr. Öğr. Üyesi Tuğba EKİZ YILMAZ (Doç.Dr. Tuğba KOTİL),ENDOKRİN I DİLİMİ / HİSTOLOJİ VE EMBRİYOLOJİ AD.,FAKÜLTEMİZ WEB SİTESİ ÖĞRENCİ AĞI AMFİ PROGRAMINA BAKINIZ
Dönem 2,19 Şubat 2026 Perşembe,12:30,13:30,ÖĞLE ARASI,,
Dönem 2,19 Şubat 2026 Perşembe,13:30,14:20,DİSEKSİYON (2/17),SİNİR DUYU I DİLİMİ / ANATOMİ AD.,ANATOMİ AD. LABORATUVARI
Dönem 2,19 Şubat 2026 Perşembe,14:30,15:20,DİSEKSİYON (2/17),SİNİR DUYU I DİLİMİ / ANATOMİ AD.,ANATOMİ AD. LABORATUVARI
Dönem 2,19 Şubat 2026 Perşembe,15:30,16:20,DİSEKSİYON (2/17),SİNİR DUYU I DİLİMİ / ANATOMİ AD.,ANATOMİ AD. LABORATUVARI
Dönem 2,20 Şubat 2026 Cuma,08:30,09:10,5-Böbrek üstü bezi medülla hormonlarının işlevleri / Prof.Dr. Güher Saruhan Direskeneli (Prof.Dr. F. Aytül Uyar),ENDOKRİN I DİLİMİ / FİZYOLOJİ AD.,FAKÜLTEMİZ WEB SİTESİ ÖĞRENCİ AĞI AMFİ PROGRAMINA BAKINIZ
Dönem 2,20 Şubat 2026 Cuma,09:20,10:00,6-Böbrek üstü bezi korteks hormonlarının işlevleri - I / Prof.Dr. Güher Saruhan Direskeneli (Prof.Dr. F. Aytül Uyar),ENDOKRİN I DİLİMİ / FİZYOLOJİ AD.,FAKÜLTEMİZ WEB SİTESİ ÖĞRENCİ AĞI AMFİ PROGRAMINA BAKINIZ
Dönem 2,20 Şubat 2026 Cuma,10:10,10:50,5-Böbrek üstü bezi ve endokrin pankreas histolojisi ve embriyolojisi / Dr. Öğr. Üyesi Tuğba EKİZ YILMAZ (Doç.Dr. Tuğba KOTİL),ENDOKRİN I DİLİMİ / HİSTOLOJİ VE EMBRİYOLOJİ AD.,FAKÜLTEMİZ WEB SİTESİ ÖĞRENCİ AĞI AMFİ PROGRAMINA BAKINIZ
Dönem 2,20 Şubat 2026 Cuma,11:00,11:40,SERBEST ÇALIŞMA,,
Dönem 2,20 Şubat 2026 Cuma,11:50,12:30,SERBEST ÇALIŞMA,,
Dönem 2,20 Şubat 2026 Cuma,12:30,13:30,ÖĞLE ARASI,,
Dönem 2,20 Şubat 2026 Cuma,14:00,14:40,PDÖ,,
Dönem 2,20 Şubat 2026 Cuma,14:50,15:30,PDÖ,,
Dönem 2,23 Şubat 2026 Pazartesi,08:30,10:20,UYGULAMA,ENDOKRİN I DİLİMİ,FAKÜLTEMİZ WEB SİTESİ ÖĞRENCİ AĞI DÖNEM 2 UYGULAMA PROGRAMINA BAKINIZ
Dönem 2,23 Şubat 2026 Pazartesi,11:00,11:40,7-KortikosteroidlerI / Prof.Dr. Güher Saruhan Direskeneli (Prof.Dr. F. Aytül Uyar),ENDOKRİN I DİLİMİ / FİZYOLOJİ AD.,FAKÜLTEMİZ WEB SİTESİ ÖĞRENCİ AĞI AMFİ PROGRAMINA BAKINIZ
Dönem 2,23 Şubat 2026 Pazartesi,11:50,12:30,8-Pankreas bezi hormonlarının işlevleri  / Prof.Dr. Güher Saruhan Direskeneli (Prof.Dr. F. Aytül Uyar),ENDOKRİN I DİLİMİ / FİZYOLOJİ AD.,FAKÜLTEMİZ WEB SİTESİ ÖĞRENCİ AĞI AMFİ PROGRAMINA BAKINIZ
Dönem 2,23 Şubat 2026 Pazartesi,12:30,13:30,ÖĞLE ARASI,,
Dönem 2,23 Şubat 2026 Pazartesi,13:30,14:10,1-Endokrin sistem baş-boyun radyolojisi I / Uzm.Dr. Celal Caner ERCAN (Dr. Öğr. Ü. Dr. Mehmet BARBUROĞLU),ENDOKRİN I DİLİMİ / RADYODİAGNOSTİK AD.,FAKÜLTEMİZ WEB SİTESİ ÖĞRENCİ AĞI AMFİ PROGRAMINA BAKINIZ
Dönem 2,23 Şubat 2026 Pazartesi,14:20,15:00,2-Endokrin sistem baş-boyun radyolojisi II / Uzm.Dr. Celal Caner ERCAN (Dr. Öğr. Üyesi Mehmet BARBUROĞLU),ENDOKRİN I DİLİMİ / RADYODİAGNOSTİK AD.,FAKÜLTEMİZ WEB SİTESİ ÖĞRENCİ AĞI AMFİ PROGRAMINA BAKINIZ
Dönem 2,23 Şubat 2026 Pazartesi,15:10,15:50,7-Kalsiyum-fosfor metabolizmasını düzenleyen hormonlar / Prof. Dr. Pervin VURAL (Prof. Dr. Semra ABBASOĞLU),ENDOKRİN I DİLİMİ / TIBBİ BİYOKİMYA AD.,FAKÜLTEMİZ WEB SİTESİ ÖĞRENCİ AĞI AMFİ PROGRAMINA BAKINIZ
Dönem 2,23 Şubat 2026 Pazartesi,16:00,16:40,3-Bulbus / Dr. Öğr. Üyesi Osman COŞKUN (Prof. Dr. Ayşin KALE),SİNİR DUYU I DİLİMİ / ANATOMİ AD.,FAKÜLTEMİZ WEB SİTESİ ÖĞRENCİ AĞI AMFİ PROGRAMINA BAKINIZ
Dönem 2,24 Şubat 2026 Salı,08:30,10:20,UYGULAMA,ENDOKRİN I DİLİMİ,FAKÜLTEMİZ WEB SİTESİ ÖĞRENCİ AĞI DÖNEM 2 UYGULAMA PROGRAMINA BAKINIZ
Dönem 2,24 Şubat 2026 Salı,10:30,11:00,8-Cerebrum / Dr. Öğr. Üyesi (Doç. Dr. ) Özcan GAYRETLİ (Dr. Öğr. Üyesi Osman COŞKUN),SİNİR DUYU I DİLİMİ / ANATOMİ AD.,FAKÜLTEMİZ WEB SİTESİ ÖĞRENCİ AĞI AMFİ PROGRAMINA BAKINIZ
Dönem 2,24 Şubat 2026 Salı,11:00,11:40,9-Cerebral hemisferler - bazal ganglionlar / Dr. Öğr. Üyesi (Doç. Dr. ) Özcan GAYRETLİ (Dr. Öğr. Üyesi Osman COŞKUN),SİNİR DUYU I DİLİMİ / ANATOMİ AD.,FAKÜLTEMİZ WEB SİTESİ ÖĞRENCİ AĞI AMFİ PROGRAMINA BAKINIZ
Dönem 2,24 Şubat 2026 Salı,11:50,12:30,4-Pons / Dr. Öğr. Üyesi Osman COŞKUN (Prof. Dr. Ayşin KALE),SİNİR DUYU I DİLİMİ / ANATOMİ AD.,FAKÜLTEMİZ WEB SİTESİ ÖĞRENCİ AĞI AMFİ PROGRAMINA BAKINIZ
Dönem 2,24 Şubat 2026 Salı,12:30,13:30,ÖĞLE ARASI,,
Dönem 2,24 Şubat 2026 Salı,13:30,14:20,DİSEKSİYON (3/17),SİNİR DUYU I DİLİMİ / ANATOMİ AD.,ANATOMİ AD. LABORATUVARI
Dönem 2,24 Şubat 2026 Salı,14:30,15:20,DİSEKSİYON (3/17),SİNİR DUYU I DİLİMİ / ANATOMİ AD.,ANATOMİ AD. LABORATUVARI
Dönem 2,24 Şubat 2026 Salı,15:30,16:20,DİSEKSİYON (3/17),SİNİR DUYU I DİLİMİ / ANATOMİ AD.,ANATOMİ AD. LABORATUVARI
Dönem 2,25 Şubat 2026 Çarşamba,08:30,10:20,UYGULAMA,ENDOKRİN I DİLİMİ,FAKÜLTEMİZ WEB SİTESİ ÖĞRENCİ AĞI DÖNEM 2 UYGULAMA PROGRAMINA BAKINIZ
Dönem 2,25 Şubat 2026 Çarşamba,11:00,11:40,8-Tiroid hormonları / Prof. Dr. Semra ABBASOĞLU (Prof. Dr. Pervin VURAL),ENDOKRİN I DİLİMİ / TIBBİ BİYOKİMYA AD.,FAKÜLTEMİZ WEB SİTESİ ÖĞRENCİ AĞI AMFİ PROGRAMINA BAKINIZ
Dönem 2,25 Şubat 2026 Çarşamba,11:50,12:30,9-Pankreas hormonları / Prof. Dr. Semra ABBASOĞLU (Prof. Dr. Pervin VURAL),ENDOKRİN I DİLİMİ / TIBBİ BİYOKİMYA AD.,FAKÜLTEMİZ WEB SİTESİ ÖĞRENCİ AĞI AMFİ PROGRAMINA BAKINIZ
Dönem 2,25 Şubat 2026 Çarşamba,12:30,13:30,ÖĞLE ARASI,,
Dönem 2,25 Şubat 2026 Çarşamba,13:30,14:10,Seçmeli Dersler - 1,,FAKÜLTEMİZ WEB SİTESİ ÖĞRENCİ AĞI SEÇMELİ DERS AMFİ PROGRAMINA BAKINIZ
Dönem 2,25 Şubat 2026 Çarşamba,14:20,15:00,Seçmeli Dersler - 1,,FAKÜLTEMİZ WEB SİTESİ ÖĞRENCİ AĞI SEÇMELİ DERS AMFİ PROGRAMINA BAKINIZ
Dönem 2,25 Şubat 2026 Çarşamba,15:10,15:50,Seçmeli Dersler - 1,,FAKÜLTEMİZ WEB SİTESİ ÖĞRENCİ AĞI SEÇMELİ DERS AMFİ PROGRAMINA BAKINIZ
Dönem 2,25 Şubat 2026 Çarşamba,16:00,16:40,4-Erişkin Endokrinolojisine vakalarla genel bakış / Prof. Dr. Nurdan GÜL (Prof. Dr. Ayşe KUBAT ÜZÜM),ENDOKRİN I DİLİMİ / İÇ HASTALIKLARI AD. ,FAKÜLTEMİZ WEB SİTESİ ÖĞRENCİ AĞI AMFİ PROGRAMINA BAKINIZ
Dönem 2,26 Şubat 2026 Perşembe,08:30,10:20,UYGULAMA,ENDOKRİN I DİLİMİ,FAKÜLTEMİZ WEB SİTESİ ÖĞRENCİ AĞI DÖNEM 2 UYGULAMA PROGRAMINA BAKINIZ
Dönem 2,26 Şubat 2026 Perşembe,10:30,11:00,4-Tiroid bezi hormonlarının işlevleri / Prof.Dr. Güher Saruhan Direskeneli (Prof.Dr. F. Aytül Uyar),ENDOKRİN I DİLİMİ / FİZYOLOJİ AD.,FAKÜLTEMİZ WEB SİTESİ ÖĞRENCİ AĞI AMFİ PROGRAMINA BAKINIZ
Dönem 2,26 Şubat 2026 Perşembe,11:00,11:40,10-Serebral korteks fonksiyonel lokalizasyonları -1/ Dr. Öğr. Üyesi (Doç. Dr. ) Özcan GAYRETLİ (Dr. Öğr. Üyesi Osman COŞKUN),SİNİR DUYU I DİLİMİ / ANATOMİ AD.,FAKÜLTEMİZ WEB SİTESİ ÖĞRENCİ AĞI AMFİ PROGRAMINA BAKINIZ
Dönem 2,26 Şubat 2026 Perşembe,11:50,12:30,11-Serebral korteks fonksiyonel lokalizasyonları -2/ Dr. Öğr. Üyesi (Doç. Dr. ) Özcan GAYRETLİ (Dr. Öğr. Üyesi Osman COŞKUN),SİNİR DUYU I DİLİMİ / ANATOMİ AD.,FAKÜLTEMİZ WEB SİTESİ ÖĞRENCİ AĞI AMFİ PROGRAMINA BAKINIZ
Dönem 2,26 Şubat 2026 Perşembe,12:30,13:30,ÖĞLE ARASI,,
Dönem 2,26 Şubat 2026 Perşembe,13:30,14:20,DİSEKSİYON (4/17),SİNİR DUYU I DİLİMİ / ANATOMİ AD.,ANATOMİ AD. LABORATUVARI
Dönem 2,26 Şubat 2026 Perşembe,14:30,15:20,DİSEKSİYON (4/17),SİNİR DUYU I DİLİMİ / ANATOMİ AD.,ANATOMİ AD. LABORATUVARI
Dönem 2,26 Şubat 2026 Perşembe,15:30,16:20,DİSEKSİYON (4/17),SİNİR DUYU I DİLİMİ / ANATOMİ AD.,ANATOMİ AD. LABORATUVARI
Dönem 2,27 Şubat 2026 Cuma,08:30,10:20,UYGULAMA,ENDOKRİN I DİLİMİ,FAKÜLTEMİZ WEB SİTESİ ÖĞRENCİ AĞI DÖNEM 2 UYGULAMA PROGRAMINA BAKINIZ
Dönem 2,27 Şubat 2026 Cuma,11:00,11:40,3-Endokrin sistem: batın ve diğer sistem radyolojisi / Prof. Dr. Artür SALMASLIOĞLU (Doç. Dr. Mesut BULAKÇI),ENDOKRİN I DİLİMİ / RADYODİAGNOSTİK AD.,FAKÜLTEMİZ WEB SİTESİ ÖĞRENCİ AĞI AMFİ PROGRAMINA BAKINIZ
Dönem 2,27 Şubat 2026 Cuma,11:50,12:30,1-Gelişimsel genetik (sinyal yolakları - transkripsiyon faktörleri) / Doç. Dr. Ayça Dilruba ASLANGER (Dr. Öğr. Üyesi Tuğba Kalaycı),ENDOKRİN I DİLİMİ / TIBBİ GENETİK AD.,FAKÜLTEMİZ WEB SİTESİ ÖĞRENCİ AĞI AMFİ PROGRAMINA BAKINIZ
Dönem 2,27 Şubat 2026 Cuma,12:30,13:30,ÖĞLE ARASI,,
Dönem 2,27 Şubat 2026 Cuma,14:00,14:40,10-Gastrointestinal sistem ve böbrek hormonları / Prof. Dr. Semra ABBASOĞLU (Prof. Dr. Pervin VURAL),ENDOKRİN I DİLİMİ / TIBBİ BİYOKİMYA AD.,FAKÜLTEMİZ WEB SİTESİ ÖĞRENCİ AĞI AMFİ PROGRAMINA BAKINIZ
Dönem 2,27 Şubat 2026 Cuma,14:50,15:30,11-Adrenal medulla hormonları / Prof. Dr. Semra ABBASOĞLU (Prof. Dr. Pervin VURAL),ENDOKRİN I DİLİMİ / TIBBİ BİYOKİMYA AD.,FAKÜLTEMİZ WEB SİTESİ ÖĞRENCİ AĞI AMFİ PROGRAMINA BAKINIZ
Dönem 2,27 Şubat 2026 Cuma,15:40,16:20,5-Mesencephalon / Dr. Öğr. Üyesi Osman COŞKUN (Prof. Dr. Ayşin KALE),SİNİR DUYU I DİLİMİ / ANATOMİ AD.,FAKÜLTEMİZ WEB SİTESİ ÖĞRENCİ AĞI AMFİ PROGRAMINA BAKINIZ
Dönem 2,2 Mart 2026 Pazartesi,08:30,10:20,UYGULAMA,ENDOKRİN I DİLİMİ,FAKÜLTEMİZ WEB SİTESİ ÖĞRENCİ AĞI DÖNEM 2 UYGULAMA PROGRAMINA BAKINIZ
Dönem 2,2 Mart 2026 Pazartesi,11:00,11:40,12-Adrenal korteks hormonları / Prof. Dr. Semra ABBASOĞLU (Prof. Dr. Pervin VURAL),ENDOKRİN I DİLİMİ / TIBBİ BİYOKİMYA AD.,FAKÜLTEMİZ WEB SİTESİ ÖĞRENCİ AĞI AMFİ PROGRAMINA BAKINIZ
Dönem 2,2 Mart 2026 Pazartesi,11:50,12:30,9-Pankreas bezi hormonlarının işlevleri / Prof.Dr. Güher Saruhan Direskeneli (Prof.Dr. F. Aytül Uyar),ENDOKRİN I DİLİMİ / FİZYOLOJİ AD.,FAKÜLTEMİZ WEB SİTESİ ÖĞRENCİ AĞI AMFİ PROGRAMINA BAKINIZ
Dönem 2,2 Mart 2026 Pazartesi,12:30,13:30,ÖĞLE ARASI,,
Dönem 2,2 Mart 2026 Pazartesi,13:30,14:10,1-Spor ve egzersizde endokrin hormon uyumları / Prof. Dr. Gökhan METİN (Prof. Dr. Bülent BAYRAKTAR),ENDOKRİN I DİLİMİ / SPOR HEKİMLİĞİ AD.,FAKÜLTEMİZ WEB SİTESİ ÖĞRENCİ AĞI AMFİ PROGRAMINA BAKINIZ
Dönem 2,2 Mart 2026 Pazartesi,14:20,15:00,1-Çevresel Endokrin Bozucular ve Tarama Programları / Prof. Dr. Ayşe Emel ÖNAL (Dr. Öğr. Üye. Emine Şeyma KARAKETİR),ENDOKRİN I DİLİMİ / HALK SAĞLIĞI AD.,FAKÜLTEMİZ WEB SİTESİ ÖĞRENCİ AĞI AMFİ PROGRAMINA BAKINIZ
Dönem 2,2 Mart 2026 Pazartesi,15:10,15:50,6-Cerebellum / Dr. Öğr. Üyesi Osman COŞKUN (Prof. Dr. Ayşin KALE),SİNİR DUYU I DİLİMİ / ANATOMİ AD.,FAKÜLTEMİZ WEB SİTESİ ÖĞRENCİ AĞI AMFİ PROGRAMINA BAKINIZ
Dönem 2,2 Mart 2026 Pazartesi,16:00,16:40,7-Hipothalamus - hipofiz - glandula pinealis / Dr. Öğr. Üyesi Osman COŞKUN (Prof. Dr. Ayşin KALE),SİNİR DUYU I DİLİMİ / ANATOMİ AD.,FAKÜLTEMİZ WEB SİTESİ ÖĞRENCİ AĞI AMFİ PROGRAMINA BAKINIZ
Dönem 2,3 Mart 2026 Salı,08:30,10:20,UYGULAMA,ENDOKRİN I DİLİMİ,FAKÜLTEMİZ WEB SİTESİ ÖĞRENCİ AĞI DÖNEM 2 UYGULAMA PROGRAMINA BAKINIZ
Dönem 2,3 Mart 2026 Salı,10:30,12:20,"ENTEGRE OTURUM Stres /Prof.Dr. Güher Saruhan Direskeneli ,Dr. Öğr. Üyesi Erdi ŞAHİN (Doç. Dr. Bedia Samancı Başar BİLGİÇ) (İngilizce Tıp ile ortak ders)",ENDOKRİN I DİLİMİ / FİZYOLOJİ AD. - NÖROLOJİ AD.,FAKÜLTEMİZ WEB SİTESİ ÖĞRENCİ AĞI AMFİ PROGRAMINA BAKINIZ
Dönem 2,3 Mart 2026 Salı,12:30,13:30,ÖĞLE ARASI,,
Dönem 2,3 Mart 2026 Salı,13:30,14:20,DİSEKSİYON (5/17),SİNİR DUYU I DİLİMİ / ANATOMİ AD.,ANATOMİ AD. LABORATUVARI
Dönem 2,3 Mart 2026 Salı,14:30,15:20,DİSEKSİYON (5/17),SİNİR DUYU I DİLİMİ / ANATOMİ AD.,ANATOMİ AD. LABORATUVARI
Dönem 2,3 Mart 2026 Salı,15:30,16:20,DİSEKSİYON (5/17),SİNİR DUYU I DİLİMİ / ANATOMİ AD.,ANATOMİ AD. LABORATUVARI
Dönem 2,4 Mart 2026 Çarşamba,08:30,10:20,UYGULAMA,ENDOKRİN I DİLİMİ,FAKÜLTEMİZ WEB SİTESİ ÖĞRENCİ AĞI DÖNEM 2 UYGULAMA PROGRAMINA BAKINIZ
Dönem 2,4 Mart 2026 Çarşamba,10:30,11:00,3-Anterior hipofiz hormonları ve işlevleri (Büyüme Hormonu) /Prof.Dr. Güher Saruhan Direskeneli (Prof.Dr. F. Aytül Uyar),ENDOKRİN I DİLİMİ / FİZYOLOJİ AD.,FAKÜLTEMİZ WEB SİTESİ ÖĞRENCİ AĞI AMFİ PROGRAMINA BAKINIZ
Dönem 2,4 Mart 2026 Çarşamba,11:00,11:40,SERBEST ÇALIŞMA,,
Dönem 2,4 Mart 2026 Çarşamba,11:50,12:30,SERBEST ÇALIŞMA,,
Dönem 2,4 Mart 2026 Çarşamba,12:30,13:30,ÖĞLE ARASI,,
Dönem 2,4 Mart 2026 Çarşamba,13:30,14:10,Seçmeli Dersler - 2,,FAKÜLTEMİZ WEB SİTESİ ÖĞRENCİ AĞI SEÇMELİ DERS AMFİ PROGRAMINA BAKINIZ
Dönem 2,4 Mart 2026 Çarşamba,14:20,15:00,Seçmeli Dersler - 2,,FAKÜLTEMİZ WEB SİTESİ ÖĞRENCİ AĞI SEÇMELİ DERS AMFİ PROGRAMINA BAKINIZ
Dönem 2,4 Mart 2026 Çarşamba,15:10,15:50,Seçmeli Dersler - 2,,FAKÜLTEMİZ WEB SİTESİ ÖĞRENCİ AĞI SEÇMELİ DERS AMFİ PROGRAMINA BAKINIZ
Dönem 2,4 Mart 2026 Çarşamba,16:00,16.40,SERBEST ÇALIŞMA,,
Dönem 2,5 Mart 2026 Perşembe,08:30,16:20,SERBEST ÇALIŞMA,,
Dönem 2,6 Mart 2026 Cuma,08:30,16:20,SERBEST ÇALIŞMA,,
Dönem 2,9 Mart 2026 Pazartesi,10:00,11:30,DİLİM SINAVI,ÜROGENİTAL VE ÜREME DİLİMİ + ENDOKRİN I DİLİMİ ,FAKÜLTEMİZ WEB SİTESİ ÖĞRENCİ AĞI AMFİ PROGRAMINA BAKINIZ
Dönem 2,10 Mart 2026 Salı,08:30,09:10,SERBEST ÇALIŞMA,,
Dönem 2,10 Mart 2026 Salı,09:20,10:00,12-Formatio reticularis ve limbik sistem / Dr. Öğr. Üyesi (Doç. Dr. ) Özcan GAYRETLİ (Dr. Öğr. Üyesi Osman COŞKUN),SİNİR DUYU I DİLİMİ / ANATOMİ AD.,FAKÜLTEMİZ WEB SİTESİ ÖĞRENCİ AĞI AMFİ PROGRAMINA BAKINIZ
Dönem 2,10 Mart 2026 Salı,10:10,10:50,1-Göz gelişimi / Doç. Dr. Tuğba KOTİL (Prof. Dr. Sibel KÖKTÜRK),SİNİR DUYU I DİLİMİ / HİSTOLOJİ VE EMBRİYOLOJİ AD.,FAKÜLTEMİZ WEB SİTESİ ÖĞRENCİ AĞI AMFİ PROGRAMINA BAKINIZ
Dönem 2,10 Mart 2026 Salı,11:00,11:40,14-Beyin kan dolaşımı / Dr. Öğr. Üyesi (Doç. Dr. ) Özcan GAYRETLİ (Dr. Öğr. Üyesi Osman COŞKUN),SİNİR DUYU I DİLİMİ / ANATOMİ AD.,FAKÜLTEMİZ WEB SİTESİ ÖĞRENCİ AĞI AMFİ PROGRAMINA BAKINIZ
Dönem 2,10 Mart 2026 Salı,11:50,12:30,15-Meninges / Dr. Öğr. Üyesi (Doç. Dr. ) Özcan GAYRETLİ (Prof. Dr. Ayşin KALE),SİNİR DUYU I DİLİMİ / ANATOMİ AD.,FAKÜLTEMİZ WEB SİTESİ ÖĞRENCİ AĞI AMFİ PROGRAMINA BAKINIZ
Dönem 2,10 Mart 2026 Salı,12:30,13:30,ÖĞLE ARASI,,
Dönem 2,10 Mart 2026 Salı,13:30,14:20,DİSEKSİYON (6/17),SİNİR DUYU I DİLİMİ / ANATOMİ AD.,ANATOMİ AD. LABORATUVARI
Dönem 2,10 Mart 2026 Salı,14:30,15:20,DİSEKSİYON (6/17),SİNİR DUYU I DİLİMİ / ANATOMİ AD.,ANATOMİ AD. LABORATUVARI
Dönem 2,10 Mart 2026 Salı,15:30,16:20,DİSEKSİYON (6/17),SİNİR DUYU I DİLİMİ / ANATOMİ AD.,ANATOMİ AD. LABORATUVARI
Dönem 2,11 Mart 2026 Çarşamba,08:30,09:10,BİLİMSEL ARAŞTIRMAYA GİRİŞ Bilimsel Bilginin özellikleri ve eldesi - Araştırma yöntembiliminde temel kavramlar / Dr. Öğr. Üyesi Sevda ÖZEL YILDIZ(Dr.Başak GÜRTEKİN )( (İngilizce Tıp ile ortak ders),DİKEY KORİDOR II DİLİMİ / BİYOİSTATİSTİK AD.,FAKÜLTEMİZ WEB SİTESİ ÖĞRENCİ AĞI AMFİ PROGRAMINA BAKINIZ
Dönem 2,11 Mart 2026 Çarşamba,09:20,10:00,1-İşitme ve görme sistemleri örneğinde çevirim (transdüksiyon) özellikleri / Prof. Dr. IşılL ALBENİZ,SİNİR DUYU I DİLİMİ / BİYOFİZİK AD.,FAKÜLTEMİZ WEB SİTESİ ÖĞRENCİ AĞI AMFİ PROGRAMINA BAKINIZ
Dönem 2,11 Mart 2026 Çarşamba,10:10,10:50,2-Fotoreseptörler ve çevirim (transdüksiyon) / Prof. Dr. IşılL ALBENİZ,SİNİR DUYU I DİLİMİ / BİYOFİZİK AD.,FAKÜLTEMİZ WEB SİTESİ ÖĞRENCİ AĞI AMFİ PROGRAMINA BAKINIZ
Dönem 2,11 Mart 2026 Çarşamba,11:00,11:40,1-Sinir Sisteminin Organizasyonu - Sinapsların Temel İşlevleri / Prof. Dr. Tamer DEMİRALP (Prof. Dr. Müge DEVRİM ÜÇOK),SİNİR DUYU I DİLİMİ / FİZYOLOJİ AD.,FAKÜLTEMİZ WEB SİTESİ ÖĞRENCİ AĞI AMFİ PROGRAMINA BAKINIZ
Dönem 2,11 Mart 2026 Çarşamba,11:50,12:30,2-Duyu Reseptörleri / Prof. Dr. Tamer DEMİRALP (Prof. Dr. Müge DEVRİM ÜÇOK),SİNİR DUYU I DİLİMİ / FİZYOLOJİ AD.,FAKÜLTEMİZ WEB SİTESİ ÖĞRENCİ AĞI AMFİ PROGRAMINA BAKINIZ
Dönem 2,11 Mart 2026 Çarşamba,12:30,13:30,ÖĞLE ARASI,,
Dönem 2,11 Mart 2026 Çarşamba,13:30,14:10,Seçmeli Dersler - 3,,FAKÜLTEMİZ WEB SİTESİ ÖĞRENCİ AĞI SEÇMELİ DERS AMFİ PROGRAMINA BAKINIZ
Dönem 2,11 Mart 2026 Çarşamba,14:20,15:00,Seçmeli Dersler - 3,,FAKÜLTEMİZ WEB SİTESİ ÖĞRENCİ AĞI SEÇMELİ DERS AMFİ PROGRAMINA BAKINIZ
Dönem 2,11 Mart 2026 Çarşamba,15:10,15:50,Seçmeli Dersler - 3,,FAKÜLTEMİZ WEB SİTESİ ÖĞRENCİ AĞI SEÇMELİ DERS AMFİ PROGRAMINA BAKINIZ
Dönem 2,12 Mart 2026 Perşembe,08:30,09:10,BİLİMSEL ARAŞTIRMAYA GİRİŞ Ölçüm ölçüm hataları - bilgi kaybı kuramsal hata kaynakları ve yanlı davranma (Bias'lar) /Dr. Öğr. Üyesi Sevda ÖZEL YILDIZ (Dr.Başak GÜRTEKİN )( (İngilizce Tıp ile ortak ders),DİKEY KORİDOR II DİLİMİ / BİYOİSTATİSTİK AD.,FAKÜLTEMİZ WEB SİTESİ ÖĞRENCİ AĞI AMFİ PROGRAMINA BAKINIZ
Dönem 2,12 Mart 2026 Perşembe,09:20,10:00,16-Beyin ventrikülleri ve dural venöz sinüsler/Dr. Öğr. Üyesi (Doç. Dr. ) Özcan GAYRETLİ (Dr. Öğr. Üyesi Osman COŞKUN),SİNİR DUYU I DİLİMİ / ANATOMİ AD.,FAKÜLTEMİZ WEB SİTESİ ÖĞRENCİ AĞI AMFİ PROGRAMINA BAKINIZ
Dönem 2,12 Mart 2026 Perşembe,10:10,10:50,17-Kulak anatomisi I / Dr. Öğr. Üyesi Osman COŞKUN (Prof. Dr. Ayşin KALE),SİNİR DUYU I DİLİMİ / ANATOMİ AD.,FAKÜLTEMİZ WEB SİTESİ ÖĞRENCİ AĞI AMFİ PROGRAMINA BAKINIZ
Dönem 2,12 Mart 2026 Perşembe,11:00,11:40,3-Bilginin İşlenmesinde Nöron Devreleri / Prof. Dr. Müge DEVRİM ÜÇOK (Prof. Dr. Tamer DEMİRALP),SİNİR DUYU I DİLİMİ / FİZYOLOJİ AD.,FAKÜLTEMİZ WEB SİTESİ ÖĞRENCİ AĞI AMFİ PROGRAMINA BAKINIZ
Dönem 2,12 Mart 2026 Perşembe,11:50,12:30,4-Somatik Duyular / Prof. Dr. Müge DEVRİM ÜÇOK (Prof. Dr. Tamer DEMİRALP),SİNİR DUYU I DİLİMİ / FİZYOLOJİ AD.,FAKÜLTEMİZ WEB SİTESİ ÖĞRENCİ AĞI AMFİ PROGRAMINA BAKINIZ
Dönem 2,12 Mart 2026 Perşembe,12:30,13:30,ÖĞLE ARASI,,
Dönem 2,12 Mart 2026 Perşembe,13:30,14:20,DİSEKSİYON (7/17),SİNİR DUYU I DİLİMİ / ANATOMİ AD.,ANATOMİ AD. LABORATUVARI
Dönem 2,12 Mart 2026 Perşembe,14:30,15:20,DİSEKSİYON (7/17),SİNİR DUYU I DİLİMİ / ANATOMİ AD.,ANATOMİ AD. LABORATUVARI
Dönem 2,12 Mart 2026 Perşembe,15:30,16:20,DİSEKSİYON (7/17),SİNİR DUYU I DİLİMİ / ANATOMİ AD.,ANATOMİ AD. LABORATUVARI
Dönem 2,12 Mart 2026 Perşembe,16:30,17:30,PDÖ - Telafi,,
Dönem 2,13 Mart 2026 Cuma,08:30,10:20,UYGULAMA,SİNİR DUYU I DİLİMİ,FAKÜLTEMİZ WEB SİTESİ ÖĞRENCİ AĞI DÖNEM 2 UYGULAMA PROGRAMINA BAKINIZ
Dönem 2,13 Mart 2026 Cuma,11:00,11:40,5-Görme optiği ve görüntünün oluşması / Prof. Dr. Müge DEVRİM ÜÇOK (Prof. Dr. Güher SARUHAN DİRESKENELİ),SİNİR DUYU I DİLİMİ / FİZYOLOJİ AD.,FAKÜLTEMİZ WEB SİTESİ ÖĞRENCİ AĞI AMFİ PROGRAMINA BAKINIZ
Dönem 2,13 Mart 2026 Cuma,11:50,12:30,6-Gözün yapısı ve retina fizyolojisi / Prof. Dr. Müge DEVRİM ÜÇOK (Prof. Dr. Güher SARUHAN DİRESKENELİ),SİNİR DUYU I DİLİMİ / FİZYOLOJİ AD.,FAKÜLTEMİZ WEB SİTESİ ÖĞRENCİ AĞI AMFİ PROGRAMINA BAKINIZ
Dönem 2,13 Mart 2026 Cuma,12:30,13:30,ÖĞLE ARASI,,
Dönem 2,13 Mart 2026 Cuma,14:00,14:40,3-Ses dalgalarının kulakta işlenmesi / Prof. Dr. Handan AKÇAKAYA,SİNİR DUYU I DİLİMİ / BİYOFİZİK AD.,FAKÜLTEMİZ WEB SİTESİ ÖĞRENCİ AĞI AMFİ PROGRAMINA BAKINIZ
Dönem 2,13 Mart 2026 Cuma,14:50,15:30,4-İşitme Biyofiziği / Prof. Dr. Handan AKÇAKAYA,SİNİR DUYU I DİLİMİ / BİYOFİZİK AD.,FAKÜLTEMİZ WEB SİTESİ ÖĞRENCİ AĞI AMFİ PROGRAMINA BAKINIZ
Dönem 2,13 Mart 2026 Cuma,15:40,16:20,13-İnen ve Çıkan yollar / Dr. Öğr. Üyesi Osman COŞKUN (Dr. Öğr. Üyesi (Doç. Dr. ) Özcan GAYRETLİ),SİNİR DUYU I DİLİMİ / ANATOMİ AD.,FAKÜLTEMİZ WEB SİTESİ ÖĞRENCİ AĞI AMFİ PROGRAMINA BAKINIZ
Dönem 2,13 Mart 2026 Cuma,16:30,17:30,PDÖ - Telafi,,
Dönem 2,16 Mart 2026 Pazartesi,08:30,10:20,UYGULAMA,SİNİR DUYU I DİLİMİ,FAKÜLTEMİZ WEB SİTESİ ÖĞRENCİ AĞI DÖNEM 2 UYGULAMA PROGRAMINA BAKINIZ
Dönem 2,16 Mart 2026 Pazartesi,11:00,11:40,2-Kornea sklera iris silyer cisim ve koroid histolojisi / Prof. Dr. Tuğba KOTİL (Prof. Dr. Sibel KÖKTÜRK),SİNİR DUYU I DİLİMİ / HİSTOLOJİ VE EMBRİYOLOJİ AD.,FAKÜLTEMİZ WEB SİTESİ ÖĞRENCİ AĞI AMFİ PROGRAMINA BAKINIZ
Dönem 2,16 Mart 2026 Pazartesi,11:50,12:30,3-Retina histolojisi / Doç. Dr. Tuğba KOTİL (Prof. Dr. Sibel KÖKTÜRK),SİNİR DUYU I DİLİMİ / HİSTOLOJİ VE EMBRİYOLOJİ AD.,FAKÜLTEMİZ WEB SİTESİ ÖĞRENCİ AĞI AMFİ PROGRAMINA BAKINIZ
Dönem 2,16 Mart 2026 Pazartesi,12:30,13:30,ÖĞLE ARASI,,
Dönem 2,16 Mart 2026 Pazartesi,13:30,14:10,7-Görmenin fotokimyası ve nörofizyolojisi / Prof. Dr. Müge DEVRİM ÜÇOK (Prof. Dr. Güher SARUHAN DİRESKENELİ),SİNİR DUYU I DİLİMİ / FİZYOLOJİ AD.,FAKÜLTEMİZ WEB SİTESİ ÖĞRENCİ AĞI AMFİ PROGRAMINA BAKINIZ
Dönem 2,16 Mart 2026 Pazartesi,14:20,15:00,8-Renkli görme ve hacimli görme / Prof. Dr. Müge DEVRİM ÜÇOK (Prof. Dr. Güher SARUHAN DİRESKENELİ),SİNİR DUYU I DİLİMİ / FİZYOLOJİ AD.,FAKÜLTEMİZ WEB SİTESİ ÖĞRENCİ AĞI AMFİ PROGRAMINA BAKINIZ
Dönem 2,16 Mart 2026 Pazartesi,15:30,16:10,BİLİMSEL ARAŞTIRMAYA GİRİŞ Nedenselliklerin açıklanmasında veri kalitesi ve biyoistatistik değerlendirme yaklaşımları. /Dr. Öğr. Üyesi Sevda ÖZEL YILDIZ (Dr.Başak GÜRTEKİN )( (İngilizce Tıp ile ortak ders),DİKEY KORİDOR II DİLİMİ / BİYOİSTATİSTİK AD.,FAKÜLTEMİZ WEB SİTESİ ÖĞRENCİ AĞI AMFİ PROGRAMINA BAKINIZ
Dönem 2,17 Mart 2026 Salı,08:30,10:20,UYGULAMA,SİNİR DUYU I DİLİMİ,FAKÜLTEMİZ WEB SİTESİ ÖĞRENCİ AĞI DÖNEM 2 UYGULAMA PROGRAMINA BAKINIZ
Dönem 2,17 Mart 2026 Salı,11:00,11:40,18-Kulak anatomisi II / Dr. Öğr. Üyesi Osman COŞKUN (Prof. Dr. Ayşin KALE),SİNİR DUYU I DİLİMİ / ANATOMİ AD.,FAKÜLTEMİZ WEB SİTESİ ÖĞRENCİ AĞI AMFİ PROGRAMINA BAKINIZ
Dönem 2,17 Mart 2026 Salı,11:50,12:30,19-Kulak anatomisi III / Dr. Öğr. Üyesi Osman COŞKUN (Prof. Dr. Ayşin KALE),SİNİR DUYU I DİLİMİ / ANATOMİ AD.,FAKÜLTEMİZ WEB SİTESİ ÖĞRENCİ AĞI AMFİ PROGRAMINA BAKINIZ
Dönem 2,17 Mart 2026 Salı,12:30,13:30,ÖĞLE ARASI,,
Dönem 2,17 Mart 2026 Salı,13:30,14:20,DİSEKSİYON (8/17),SİNİR DUYU I DİLİMİ / ANATOMİ AD.,ANATOMİ AD. LABORATUVARI
Dönem 2,17 Mart 2026 Salı,14:30,15:20,DİSEKSİYON (8/17),SİNİR DUYU I DİLİMİ / ANATOMİ AD.,ANATOMİ AD. LABORATUVARI
Dönem 2,17 Mart 2026 Salı,15:30,16:20,DİSEKSİYON (8/17),SİNİR DUYU I DİLİMİ / ANATOMİ AD.,ANATOMİ AD. LABORATUVARI
Dönem 2,18 Mart 2026 Çarşamba,08:30,10:20,UYGULAMA,SİNİR DUYU I DİLİMİ,FAKÜLTEMİZ WEB SİTESİ ÖĞRENCİ AĞI DÖNEM 2 UYGULAMA PROGRAMINA BAKINIZ
Dönem 2,18 Mart 2026 Çarşamba,10:30,12:20,SERBEST ÇALIŞMA,,
Dönem 2,18 Mart 2026 Çarşamba,12:30,13:30,ÖĞLE ARASI,,
Dönem 2,18 Mart 2026 Çarşamba,13:30,14:10,Seçmeli Dersler - 4,,FAKÜLTEMİZ WEB SİTESİ ÖĞRENCİ AĞI SEÇMELİ DERS AMFİ PROGRAMINA BAKINIZ
Dönem 2,18 Mart 2026 Çarşamba,14:20,15:00,Seçmeli Dersler - 4,,FAKÜLTEMİZ WEB SİTESİ ÖĞRENCİ AĞI SEÇMELİ DERS AMFİ PROGRAMINA BAKINIZ
Dönem 2,18 Mart 2026 Çarşamba,15:10,15:50,Seçmeli Dersler - 4,,FAKÜLTEMİZ WEB SİTESİ ÖĞRENCİ AĞI SEÇMELİ DERS AMFİ PROGRAMINA BAKINIZ
Dönem 2,19 Mart 2026 Perşembe,08:30,12:20,SERBEST ÇALIŞMA,,
Dönem 2,19 Mart 2026 Perşembe,,,RAMAZAN BAYRAMI AREFESİ,,
Dönem 2,20 Mart 2026 Cuma,,,RAMAZAN BAYRAMI ,,
Dönem 2,23 Mart 2026 Pazartesi,08:30,12:20,SERBEST ÇALIŞMA,,
Dönem 2,23 Mart 2026 Pazartesi,13:30,16:20,SERBEST ÇALIŞMA,,
Dönem 2,24 Mart 2026 Salı,08:30,10:20,UYGULAMA,SİNİR DUYU I DİLİMİ,FAKÜLTEMİZ WEB SİTESİ ÖĞRENCİ AĞI DÖNEM 2 UYGULAMA PROGRAMINA BAKINIZ
Dönem 2,24 Mart 2026 Salı,11:00,11:40,20-Göz anatomisi I / Dr. Öğr. Üyesi (Doç. Dr. ) Özcan GAYRETLİ (Dr. Öğr. Üyesi Osman COŞKUN),SİNİR DUYU I DİLİMİ / ANATOMİ AD.,FAKÜLTEMİZ WEB SİTESİ ÖĞRENCİ AĞI AMFİ PROGRAMINA BAKINIZ
Dönem 2,24 Mart 2026 Salı,11:50,12:30,21-Göz anatomisi II / Dr. Öğr. Üyesi (Doç. Dr. ) Özcan GAYRETLİ (Dr. Öğr. Üyesi Osman COŞKUN),SİNİR DUYU I DİLİMİ / ANATOMİ AD.,FAKÜLTEMİZ WEB SİTESİ ÖĞRENCİ AĞI AMFİ PROGRAMINA BAKINIZ
Dönem 2,24 Mart 2026 Salı,12:30,13:30,ÖĞLE ARASI,,
Dönem 2,24 Mart 2026 Salı,13:30,14:20,DİSEKSİYON (9/17),SİNİR DUYU I DİLİMİ / ANATOMİ AD.,ANATOMİ AD. LABORATUVARI
Dönem 2,24 Mart 2026 Salı,14:30,15:20,DİSEKSİYON (9/17),SİNİR DUYU I DİLİMİ / ANATOMİ AD.,ANATOMİ AD. LABORATUVARI
Dönem 2,24 Mart 2026 Salı,15:30,16:20,DİSEKSİYON (9/17),SİNİR DUYU I DİLİMİ / ANATOMİ AD.,ANATOMİ AD. LABORATUVARI
Dönem 2,25 Mart 2026 Çarşamba,08:30,09:10,"BİLİMSEL ARAŞTIRMAYA GİRİŞ Yapay Zeka , Tıp ve Gelecek-1 /Prof. Dr. Zeynep SOLAKOĞLU( (İngilizce Tıp ile ortak ders)",DİKEY KORİDOR II DİLİMİ / TIP EĞİTİMİ AD.,FAKÜLTEMİZ WEB SİTESİ ÖĞRENCİ AĞI AMFİ PROGRAMINA BAKINIZ
Dönem 2,25 Mart 2026 Çarşamba,09:20,10:00,SERBEST ÇALIŞMA,,
Dönem 2,25 Mart 2026 Çarşamba,10:10,10:50,SERBEST ÇALIŞMA,,
Dönem 2,25 Mart 2026 Çarşamba,11:00,11:40,9-Kulağın fonksiyonel yapısı / Prof. Dr. Müge DEVRİM ÜÇOK (Prof. Dr. Güher SARUHAN DİRESKENELİ),SİNİR DUYU I DİLİMİ / FİZYOLOJİ AD.,FAKÜLTEMİZ WEB SİTESİ ÖĞRENCİ AĞI AMFİ PROGRAMINA BAKINIZ
Dönem 2,25 Mart 2026 Çarşamba,11:50,12:30,10-Sesin kulakta iletilmesi ve işitme testleri / Prof. Dr. Müge DEVRİM ÜÇOK (Prof. Dr. Güher SARUHAN DİRESKENELİ),SİNİR DUYU I DİLİMİ / FİZYOLOJİ AD.,FAKÜLTEMİZ WEB SİTESİ ÖĞRENCİ AĞI AMFİ PROGRAMINA BAKINIZ
Dönem 2,25 Mart 2026 Çarşamba,12:30,13:30,ÖĞLE ARASI,,
Dönem 2,25 Mart 2026 Çarşamba,13:30,14:10,Seçmeli Dersler - 5,,FAKÜLTEMİZ WEB SİTESİ ÖĞRENCİ AĞI SEÇMELİ DERS AMFİ PROGRAMINA BAKINIZ
Dönem 2,25 Mart 2026 Çarşamba,14:20,15:00,Seçmeli Dersler - 5,,FAKÜLTEMİZ WEB SİTESİ ÖĞRENCİ AĞI SEÇMELİ DERS AMFİ PROGRAMINA BAKINIZ
Dönem 2,25 Mart 2026 Çarşamba,15:10,15:50,Seçmeli Dersler - 5,,FAKÜLTEMİZ WEB SİTESİ ÖĞRENCİ AĞI SEÇMELİ DERS AMFİ PROGRAMINA BAKINIZ
Dönem 2,26 Mart 2026 Perşembe,08:30,09:10,SERBEST ÇALIŞMA,,
Dönem 2,26 Mart 2026 Perşembe,09:20,10:00,11-Tat ve koku duyuları / Prof. Dr. Müge DEVRİM ÜÇOK (Prof. Dr. Güher SARUHAN DİRESKENELİ),SİNİR DUYU I DİLİMİ / FİZYOLOJİ AD.,FAKÜLTEMİZ WEB SİTESİ ÖĞRENCİ AĞI AMFİ PROGRAMINA BAKINIZ
Dönem 2,26 Mart 2026 Perşembe,10:10,10:50,12-Omuriliğin motor işlevleri / Prof. Dr. Tamer DEMİRALP (Prof. Dr. Ali Sarper DİLER),SİNİR DUYU I DİLİMİ / FİZYOLOJİ AD.,FAKÜLTEMİZ WEB SİTESİ ÖĞRENCİ AĞI AMFİ PROGRAMINA BAKINIZ
Dönem 2,26 Mart 2026 Perşembe,11:00,11:40,22-Periferik sinir sistemi anatomisine giriş / Prof. Dr. Ayşin KALE (Dr. Öğr. Üyesi Osman COŞKUN),SİNİR DUYU I DİLİMİ / ANATOMİ AD.,FAKÜLTEMİZ WEB SİTESİ ÖĞRENCİ AĞI AMFİ PROGRAMINA BAKINIZ
Dönem 2,26 Mart 2026 Perşembe,11:50,12:30,23-Plexus cervicalis / Prof. Dr. Ayşin KALE (Dr. Öğr. Üyesi Osman COŞKUN),SİNİR DUYU I DİLİMİ / ANATOMİ AD.,FAKÜLTEMİZ WEB SİTESİ ÖĞRENCİ AĞI AMFİ PROGRAMINA BAKINIZ
Dönem 2,26 Mart 2026 Perşembe,12:30,13:30,ÖĞLE ARASI,,
Dönem 2,26 Mart 2026 Perşembe,13:30,14:20,DİSEKSİYON (10/17),SİNİR DUYU I DİLİMİ / ANATOMİ AD.,ANATOMİ AD. LABORATUVARI
Dönem 2,26 Mart 2026 Perşembe,14:30,15:20,DİSEKSİYON (10/17),SİNİR DUYU I DİLİMİ / ANATOMİ AD.,ANATOMİ AD. LABORATUVARI
Dönem 2,26 Mart 2026 Perşembe,15:30,16:20,DİSEKSİYON (10/17),SİNİR DUYU I DİLİMİ / ANATOMİ AD.,ANATOMİ AD. LABORATUVARI
Dönem 2,27 Mart 2026 Cuma,08:30,09:10,"BİLİMSEL ARAŞTIRMAYA GİRİŞ Yapay Zeka , Tıp ve Gelecek-2 /Prof. Dr. Zeynep SOLAKOĞLU( (İngilizce Tıp ile ortak ders)",DİKEY KORİDOR II DİLİMİ / TIP EĞİTİMİ AD.,FAKÜLTEMİZ WEB SİTESİ ÖĞRENCİ AĞI AMFİ PROGRAMINA BAKINIZ
Dönem 2,27 Mart 2026 Cuma,09:20,10:00,"BİLİMSEL ARAŞTIRMAYA GİRİŞ Yapay Zeka , Tıp ve Gelecek-3 /Prof. Dr. Zeynep SOLAKOĞLU( (İngilizce Tıp ile ortak ders)",DİKEY KORİDOR II DİLİMİ / TIP EĞİTİMİ AD.,FAKÜLTEMİZ WEB SİTESİ ÖĞRENCİ AĞI AMFİ PROGRAMINA BAKINIZ
Dönem 2,27 Mart 2026 Cuma,10:10,10:50,SERBEST ÇALIŞMA,,
Dönem 2,27 Mart 2026 Cuma,11:00,11:40,24-Plexus brachialis 1 / Prof. Dr. Ayşin KALE (Dr. Öğr. Üyesi Osman COŞKUN),SİNİR DUYU I DİLİMİ / ANATOMİ AD.,FAKÜLTEMİZ WEB SİTESİ ÖĞRENCİ AĞI AMFİ PROGRAMINA BAKINIZ
Dönem 2,27 Mart 2026 Cuma,11:50,12:30,25-Plexus brachialis 2 / Prof. Dr. Ayşin KALE (Dr. Öğr. Üyesi Osman COŞKUN),SİNİR DUYU I DİLİMİ / ANATOMİ AD.,FAKÜLTEMİZ WEB SİTESİ ÖĞRENCİ AĞI AMFİ PROGRAMINA BAKINIZ
Dönem 2,27 Mart 2026 Cuma,12:30,13:30,ÖĞLE ARASI,,
Dönem 2,27 Mart 2026 Cuma,14:00,14:40,4-Kulak gelişimi / Prof. Dr. Sibel KÖKTÜRK (Doç. Dr. Tuğba KOTİL),SİNİR DUYU I DİLİMİ / HİSTOLOJİ VE EMBRİYOLOJİ AD.,FAKÜLTEMİZ WEB SİTESİ ÖĞRENCİ AĞI AMFİ PROGRAMINA BAKINIZ
Dönem 2,27 Mart 2026 Cuma,14:50,15:30,5-İç kulak histolojisi / Prof. Dr. Sibel KÖKTÜRK (Doç. Dr. Tuğba KOTİL),SİNİR DUYU I DİLİMİ / HİSTOLOJİ VE EMBRİYOLOJİ AD.,FAKÜLTEMİZ WEB SİTESİ ÖĞRENCİ AĞI AMFİ PROGRAMINA BAKINIZ
Dönem 2,30 Mart 2026 Pazartesi,08:30,10:20,UYGULAMA,SİNİR DUYU I DİLİMİ,FAKÜLTEMİZ WEB SİTESİ ÖĞRENCİ AĞI DÖNEM 2 UYGULAMA PROGRAMINA BAKINIZ
Dönem 2,30 Mart 2026 Pazartesi,10:30,12:20,UYGULAMA,SİNİR DUYU I DİLİMİ,FAKÜLTEMİZ WEB SİTESİ ÖĞRENCİ AĞI DÖNEM 2 UYGULAMA PROGRAMINA BAKINIZ
Dönem 2,30 Mart 2026 Pazartesi,12:30,13:30,ÖĞLE ARASI,,
Dönem 2,30 Mart 2026 Pazartesi,13:30,14:10,6-Orta ve dış kulak histolojisi / Prof.Dr. Sibel KÖKTÜRK (Doç. Dr. Tuğba KOTİL),SİNİR DUYU I DİLİMİ / HİSTOLOJİ VE EMBRİYOLOJİ AD.,FAKÜLTEMİZ WEB SİTESİ ÖĞRENCİ AĞI AMFİ PROGRAMINA BAKINIZ
Dönem 2,30 Mart 2026 Pazartesi,14:20,15:00,7-Sinir sistemi gelişimi - nörülasyon / Doç.Dr. Tuğba KOTİL (Dr.Öğr.Üyesi Tuğba EKİZ YILMAZ),SİNİR DUYU I DİLİMİ / HİSTOLOJİ VE EMBRİYOLOJİ AD.,FAKÜLTEMİZ WEB SİTESİ ÖĞRENCİ AĞI AMFİ PROGRAMINA BAKINIZ
Dönem 2,30 Mart 2026 Pazartesi,15:10,15:50,"BİLİMSEL ARAŞTIRMAYA GİRİŞ Yapay Zeka , Tıp ve Gelecek-4 /Prof. Dr. Zeynep SOLAKOĞLU( (İngilizce Tıp ile ortak ders)",DİKEY KORİDOR II DİLİMİ / TIP EĞİTİMİ AD.,FAKÜLTEMİZ WEB SİTESİ ÖĞRENCİ AĞI AMFİ PROGRAMINA BAKINIZ
Dönem 2,30 Mart 2026 Pazartesi,16:00,16:40,Anatomi Ek Ders (Doç. Dr. Özcan GAYRETLİ ) İngilizce tıp ile ortak,,FAKÜLTEMİZ WEB SİTESİ ÖĞRENCİ AĞI AMFİ PROGRAMINA BAKINIZ
Dönem 2,31 Mart 2026 Salı,08:30,10:20,UYGULAMA,SİNİR DUYU I DİLİMİ,FAKÜLTEMİZ WEB SİTESİ ÖĞRENCİ AĞI DÖNEM 2 UYGULAMA PROGRAMINA BAKINIZ
Dönem 2,31 Mart 2026 Salı,11:00,11:40,26-Torasik spinal sinirler / Prof. Dr. Ayşin KALE (Dr. Öğr. Üyesi Osman COŞKUN),SİNİR DUYU I DİLİMİ / ANATOMİ AD.,FAKÜLTEMİZ WEB SİTESİ ÖĞRENCİ AĞI AMFİ PROGRAMINA BAKINIZ
Dönem 2,31 Mart 2026 Salı,11:50,12:30,27-Plexus lumbalis / Prof. Dr. Ayşin KALE (Dr. Öğr. Üyesi Osman COŞKUN),SİNİR DUYU I DİLİMİ / ANATOMİ AD.,FAKÜLTEMİZ WEB SİTESİ ÖĞRENCİ AĞI AMFİ PROGRAMINA BAKINIZ
Dönem 2,31 Mart 2026 Salı,12:30,13:30,ÖĞLE ARASI,,
Dönem 2,31 Mart 2026 Salı,13:30,14:20,DİSEKSİYON (11/17),SİNİR DUYU I DİLİMİ / ANATOMİ AD.,ANATOMİ AD. LABORATUVARI
Dönem 2,31 Mart 2026 Salı,14:30,15:20,DİSEKSİYON (11/17),SİNİR DUYU I DİLİMİ / ANATOMİ AD.,ANATOMİ AD. LABORATUVARI
Dönem 2,31 Mart 2026 Salı,15:30,16:20,DİSEKSİYON (11/17),SİNİR DUYU I DİLİMİ / ANATOMİ AD.,ANATOMİ AD. LABORATUVARI
Dönem 2,1 Nisan 2026 Çarşamba,08:30,10:20,UYGULAMA,SİNİR DUYU I DİLİMİ,FAKÜLTEMİZ WEB SİTESİ ÖĞRENCİ AĞI DÖNEM 2 UYGULAMA PROGRAMINA BAKINIZ
Dönem 2,1 Nisan 2026 Çarşamba,11:00,11:40,13-Omurilik refleksleri / Prof. Dr. Tamer DEMİRALP (Prof. Dr. Ali Sarper DİLER),SİNİR DUYU I DİLİMİ / FİZYOLOJİ AD.,FAKÜLTEMİZ WEB SİTESİ ÖĞRENCİ AĞI AMFİ PROGRAMINA BAKINIZ
Dönem 2,1 Nisan 2026 Çarşamba,11:50,12:30,14-Spinal Şok ve Medulla Spinalis Hasarları / Prof. Dr. Tamer DEMİRALP (Prof. Dr. Ali Sarper DİLER),SİNİR DUYU I DİLİMİ / FİZYOLOJİ AD.,FAKÜLTEMİZ WEB SİTESİ ÖĞRENCİ AĞI AMFİ PROGRAMINA BAKINIZ
Dönem 2,1 Nisan 2026 Çarşamba,12:30,13:30,ÖĞLE ARASI,,
Dönem 2,1 Nisan 2026 Çarşamba,13:30,14:10,Seçmeli Dersler - 6,,FAKÜLTEMİZ WEB SİTESİ ÖĞRENCİ AĞI SEÇMELİ DERS AMFİ PROGRAMINA BAKINIZ
Dönem 2,1 Nisan 2026 Çarşamba,14:20,15:00,Seçmeli Dersler - 6,,FAKÜLTEMİZ WEB SİTESİ ÖĞRENCİ AĞI SEÇMELİ DERS AMFİ PROGRAMINA BAKINIZ
Dönem 2,1 Nisan 2026 Çarşamba,15:10,15:50,Seçmeli Dersler - 6,,FAKÜLTEMİZ WEB SİTESİ ÖĞRENCİ AĞI SEÇMELİ DERS AMFİ PROGRAMINA BAKINIZ
Dönem 2,2 Nisan 2026 Perşembe,08:30,10:20,UYGULAMA,SİNİR DUYU I DİLİMİ,FAKÜLTEMİZ WEB SİTESİ ÖĞRENCİ AĞI DÖNEM 2 UYGULAMA PROGRAMINA BAKINIZ
Dönem 2,2 Nisan 2026 Perşembe,11:00,11:40,"28-Plexus sacralis,Pudendalis - coccygeus / Prof. Dr. Ayşin KALE (Dr. Öğr. Üyesi Osman COŞKUN)",SİNİR DUYU I DİLİMİ / ANATOMİ AD.,FAKÜLTEMİZ WEB SİTESİ ÖĞRENCİ AĞI AMFİ PROGRAMINA BAKINIZ
Dönem 2,2 Nisan 2026 Perşembe,11:50,12:30,29-Kafa çiftleri 1 - 2 - 3 / Prof. Dr. Ayşin KALE (Dr. Öğr. Üyesi Osman COŞKUN),SİNİR DUYU I DİLİMİ / ANATOMİ AD.,FAKÜLTEMİZ WEB SİTESİ ÖĞRENCİ AĞI AMFİ PROGRAMINA BAKINIZ
Dönem 2,2 Nisan 2026 Perşembe,12:30,13:30,ÖĞLE ARASI,,
Dönem 2,2 Nisan 2026 Perşembe,13:30,14:20,DİSEKSİYON (12/17),SİNİR DUYU I DİLİMİ / ANATOMİ AD.,ANATOMİ AD. LABORATUVARI
Dönem 2,2 Nisan 2026 Perşembe,14:30,15:20,DİSEKSİYON (12/17),SİNİR DUYU I DİLİMİ / ANATOMİ AD.,ANATOMİ AD. LABORATUVARI
Dönem 2,2 Nisan 2026 Perşembe,15:30,16:20,DİSEKSİYON (12/17),SİNİR DUYU I DİLİMİ / ANATOMİ AD.,ANATOMİ AD. LABORATUVARI
Dönem 2,3 Nisan 2026 Cuma,08:30,10:20,UYGULAMA,SİNİR DUYU I DİLİMİ,FAKÜLTEMİZ WEB SİTESİ ÖĞRENCİ AĞI DÖNEM 2 UYGULAMA PROGRAMINA BAKINIZ
Dönem 2,3 Nisan 2026 Cuma,11:00,11:40,8-Medulla spinalis gelişimi / Doç. Dr. Tuğba KOTİL (Dr.Öğr.Üyesi Tuğba EKİZ YILMAZ),SİNİR DUYU I DİLİMİ / HİSTOLOJİ VE EMBRİYOLOJİ AD.,FAKÜLTEMİZ WEB SİTESİ ÖĞRENCİ AĞI AMFİ PROGRAMINA BAKINIZ
Dönem 2,3 Nisan 2026 Cuma,11:50,12:30,9-Ön orta ve arka beyin gelişimi  /Doç.Dr. Tuğba KOTİL  (Dr.Öğr.Üyesi Tuğba EKİZ YILMAZ),SİNİR DUYU I DİLİMİ / HİSTOLOJİ VE EMBRİYOLOJİ AD.,FAKÜLTEMİZ WEB SİTESİ ÖĞRENCİ AĞI AMFİ PROGRAMINA BAKINIZ
Dönem 2,3 Nisan 2026 Cuma,12:30,13:30,ÖĞLE ARASI,,
Dönem 2,3 Nisan 2026 Cuma,14:00,14:40,30-Kafa çiftleri 4 - 5 - 6 / Prof. Dr. Ayşin KALE (Dr. Öğr. Üyesi Osman COŞKUN),SİNİR DUYU I DİLİMİ / ANATOMİ AD.,FAKÜLTEMİZ WEB SİTESİ ÖĞRENCİ AĞI AMFİ PROGRAMINA BAKINIZ
Dönem 2,3 Nisan 2026 Cuma,14:50,15:30,Anatomi ek ders (Prof. Dr. Ayşin KALE),SİNİR DUYU I DİLİMİ / ANATOMİ AD.,FAKÜLTEMİZ WEB SİTESİ ÖĞRENCİ AĞI AMFİ PROGRAMINA BAKINIZ
Dönem 2,3 Nisan 2026 Cuma,15:40,16:20,16-Motor işlevin beyin sapı tarafından denetimi / Prof. Dr. Tamer DEMİRALP (Prof. Dr. Ali Sarper DİLER),SİNİR DUYU I DİLİMİ / FİZYOLOJİ AD.,FAKÜLTEMİZ WEB SİTESİ ÖĞRENCİ AĞI AMFİ PROGRAMINA BAKINIZ
Dönem 2,6 Nisan 2026 Pazartesi,08:30,10:20,UYGULAMA,SİNİR DUYU I DİLİMİ,FAKÜLTEMİZ WEB SİTESİ ÖĞRENCİ AĞI DÖNEM 2 UYGULAMA PROGRAMINA BAKINIZ
Dönem 2,6 Nisan 2026 Pazartesi,11:00,11:40,10-Beyincik gelişimi / Doç. Dr. Tuğba KOTİL (Dr.Öğr.Üyesi Tuğba EKİZ YILMAZ),SİNİR DUYU I DİLİMİ / HİSTOLOJİ VE EMBRİYOLOJİ AD.,FAKÜLTEMİZ WEB SİTESİ ÖĞRENCİ AĞI AMFİ PROGRAMINA BAKINIZ
Dönem 2,6 Nisan 2026 Pazartesi,11:50,12:30,11-Periferik ve otonom sinir sistemi gelişimi / Doç. Dr. Tuğba KOTİL (Dr.Öğr.Üyesi Tuğba EKİZ YILMAZ),SİNİR DUYU I DİLİMİ / HİSTOLOJİ VE EMBRİYOLOJİ AD.,FAKÜLTEMİZ WEB SİTESİ ÖĞRENCİ AĞI AMFİ PROGRAMINA BAKINIZ
Dönem 2,6 Nisan 2026 Pazartesi,12:30,13:30,ÖĞLE ARASI,,
Dönem 2,6 Nisan 2026 Pazartesi,13:30,14:10,17-Serebellumun motor denetime katkısı / Prof. Dr. Tamer DEMİRALP (Prof. Dr. Ali Sarper DİLER),SİNİR DUYU I DİLİMİ / FİZYOLOJİ AD.,FAKÜLTEMİZ WEB SİTESİ ÖĞRENCİ AĞI AMFİ PROGRAMINA BAKINIZ
Dönem 2,6 Nisan 2026 Pazartesi,14:20,15:00,18-Bazal çekirdeklerin motor denetime katkısı / Prof. Dr. Tamer DEMİRALP (Prof. Dr. Ali Sarper DİLER),SİNİR DUYU I DİLİMİ / FİZYOLOJİ AD.,FAKÜLTEMİZ WEB SİTESİ ÖĞRENCİ AĞI AMFİ PROGRAMINA BAKINIZ
Dönem 2,6 Nisan 2026 Pazartesi,15:10,15:50,1-Merkezi Sinir Sistemi Gelişiminde Etkili Genler (Nörogenetik) / Dr. Öğr. Üyesi Tuğba Kalaycı (Doç. Dr. Ayça Dilruba ASLANGER),SİNİR DUYU I DİLİMİ / TIBBİ GENETİK AD.,FAKÜLTEMİZ WEB SİTESİ ÖĞRENCİ AĞI AMFİ PROGRAMINA BAKINIZ
Dönem 2,6 Nisan 2026 Pazartesi,16:00,16:40,15-Motor işlevin kortikal denetimi / Prof. Dr. Tamer DEMİRALP (Prof. Dr. Ali Sarper DİLER),SİNİR DUYU I DİLİMİ / FİZYOLOJİ AD.,FAKÜLTEMİZ WEB SİTESİ ÖĞRENCİ AĞI AMFİ PROGRAMINA BAKINIZ
Dönem 2,7 Nisan 2026 Salı,08:30,10:20,UYGULAMA,SİNİR DUYU I DİLİMİ,FAKÜLTEMİZ WEB SİTESİ ÖĞRENCİ AĞI DÖNEM 2 UYGULAMA PROGRAMINA BAKINIZ
Dönem 2,7 Nisan 2026 Salı,11:00,11:40,31-Kafa çiftleri 7 - 8 - 9 / Prof. Dr. Ayşin KALE (Dr. Öğr. Üyesi Osman COŞKUN),SİNİR DUYU I DİLİMİ / ANATOMİ AD.,FAKÜLTEMİZ WEB SİTESİ ÖĞRENCİ AĞI AMFİ PROGRAMINA BAKINIZ
Dönem 2,7 Nisan 2026 Salı,11:50,12:30,32-Kafa çiftleri 10 - 11 - 12 / Prof. Dr. Ayşin KALE (Dr. Öğr. Üyesi Osman COŞKUN),SİNİR DUYU I DİLİMİ / ANATOMİ AD.,FAKÜLTEMİZ WEB SİTESİ ÖĞRENCİ AĞI AMFİ PROGRAMINA BAKINIZ
Dönem 2,7 Nisan 2026 Salı,12:30,13:30,ÖĞLE ARASI,,
Dönem 2,7 Nisan 2026 Salı,13:30,14:10,DİSEKSİYON (13/17),SİNİR DUYU I DİLİMİ / ANATOMİ AD.,ANATOMİ AD. LABORATUVARI
Dönem 2,7 Nisan 2026 Salı,14:20,15:00,DİSEKSİYON (13/17),SİNİR DUYU I DİLİMİ / ANATOMİ AD.,ANATOMİ AD. LABORATUVARI
Dönem 2,7 Nisan 2026 Salı,15:10,15:50,DİSEKSİYON (13/17),SİNİR DUYU I DİLİMİ / ANATOMİ AD.,ANATOMİ AD. LABORATUVARI
Dönem 2,8 Nisan 2026 Çarşamba,08:30,10:20,UYGULAMA,SİNİR DUYU I DİLİMİ,FAKÜLTEMİZ WEB SİTESİ ÖĞRENCİ AĞI DÖNEM 2 UYGULAMA PROGRAMINA BAKINIZ
Dönem 2,8 Nisan 2026 Çarşamba,11:00,11:40,SERBEST ÇALIŞMA,,
Dönem 2,8 Nisan 2026 Çarşamba,11:50,12:30,SERBEST ÇALIŞMA,,
Dönem 2,8 Nisan 2026 Çarşamba,12:30,13:30,ÖĞLE ARASI,,
Dönem 2,8 Nisan 2026 Çarşamba,13:30,14:10,Seçmeli Dersler - 7,,FAKÜLTEMİZ WEB SİTESİ ÖĞRENCİ AĞI SEÇMELİ DERS AMFİ PROGRAMINA BAKINIZ
Dönem 2,8 Nisan 2026 Çarşamba,14:20,15:00,Seçmeli Dersler - 7,,FAKÜLTEMİZ WEB SİTESİ ÖĞRENCİ AĞI SEÇMELİ DERS AMFİ PROGRAMINA BAKINIZ
Dönem 2,8 Nisan 2026 Çarşamba,15:10,15:50,Seçmeli Dersler - 7,,FAKÜLTEMİZ WEB SİTESİ ÖĞRENCİ AĞI SEÇMELİ DERS AMFİ PROGRAMINA BAKINIZ
Dönem 2,9 Nisan 2026 Perşembe,08:30,10:20,UYGULAMA,SİNİR DUYU I DİLİMİ,FAKÜLTEMİZ WEB SİTESİ ÖĞRENCİ AĞI DÖNEM 2 UYGULAMA PROGRAMINA BAKINIZ
Dönem 2,9 Nisan 2026 Perşembe,10:30,12:20,Oksijen Uygulaması - Telafi,DİKEY KORİDOR,
Dönem 2,9 Nisan 2026 Perşembe,12:30,13:30,ÖĞLE ARASI,,
Dönem 2,9 Nisan 2026 Perşembe,13:30,14:20,DİSEKSİYON (14/17),SİNİR DUYU I DİLİMİ / ANATOMİ AD.,ANATOMİ AD. LABORATUVARI
Dönem 2,9 Nisan 2026 Perşembe,14:30,15:20,DİSEKSİYON (14/17),SİNİR DUYU I DİLİMİ / ANATOMİ AD.,ANATOMİ AD. LABORATUVARI
Dönem 2,9 Nisan 2026 Perşembe,15:30,16:20,DİSEKSİYON (14/17),SİNİR DUYU I DİLİMİ / ANATOMİ AD.,ANATOMİ AD. LABORATUVARI
Dönem 2,10 Nisan 2026 Cuma,08:30,10:20,UYGULAMA,SİNİR DUYU I DİLİMİ,FAKÜLTEMİZ WEB SİTESİ ÖĞRENCİ AĞI DÖNEM 2 UYGULAMA PROGRAMINA BAKINIZ
Dönem 2,10 Nisan 2026 Cuma,11:00,11:40,33-Sinir Sistemi ve Akupunktur noktaları / Prof. Dr. Ayşin KALE (Dr. Öğr. Üyesi (Doç. Dr. ) Özcan GAYRETLİ),SİNİR DUYU I DİLİMİ / ANATOMİ AD.,FAKÜLTEMİZ WEB SİTESİ ÖĞRENCİ AĞI AMFİ PROGRAMINA BAKINIZ
Dönem 2,10 Nisan 2026 Cuma,11:50,12:30,34-Otonom sinir sistemi I / Prof. Dr. Ayşin KALE (Dr. Öğr. Üyesi Osman COŞKUN),SİNİR DUYU I DİLİMİ / ANATOMİ AD.,FAKÜLTEMİZ WEB SİTESİ ÖĞRENCİ AĞI AMFİ PROGRAMINA BAKINIZ
Dönem 2,10 Nisan 2026 Cuma,12:30,13:30,ÖĞLE ARASI,,
Dönem 2,10 Nisan 2026 Cuma,14:00,14:40,19-Limbik sistem / Prof. Dr. Tamer DEMİRALP (Prof. Dr. Ali Sarper DİLER),SİNİR DUYU I DİLİMİ / FİZYOLOJİ AD.,FAKÜLTEMİZ WEB SİTESİ ÖĞRENCİ AĞI AMFİ PROGRAMINA BAKINIZ
Dönem 2,10 Nisan 2026 Cuma,14:50,15:30,20-Hipotalamus/ Prof. Dr. Tamer DEMİRALP (Prof. Dr. Ali Sarper DİLER),SİNİR DUYU I DİLİMİ / FİZYOLOJİ AD.,FAKÜLTEMİZ WEB SİTESİ ÖĞRENCİ AĞI AMFİ PROGRAMINA BAKINIZ
Dönem 2,10 Nisan 2026 Cuma,15:40,16:20,SERBEST ÇALIŞMA,,
Dönem 2,13 Nisan 2026 Pazartesi,08:30,10:20,UYGULAMA,SİNİR DUYU I DİLİMİ,FAKÜLTEMİZ WEB SİTESİ ÖĞRENCİ AĞI DÖNEM 2 UYGULAMA PROGRAMINA BAKINIZ
Dönem 2,13 Nisan 2026 Pazartesi,11:00,11:40,12-Beyin Histolojisi /Doç. Dr. Tuğba KOTİL  ( Dr.Öğr.Üyesi Tuğba EKİZ YILMAZ ),SİNİR DUYU I DİLİMİ / HİSTOLOJİ VE EMBRİYOLOJİ AD.,FAKÜLTEMİZ WEB SİTESİ ÖĞRENCİ AĞI AMFİ PROGRAMINA BAKINIZ
Dönem 2,13 Nisan 2026 Pazartesi,11:50,12:30,13-Beyincik histolojisi / Doç.Dr. Tuğba KOTİL (Dr.Öğr.Üyesi Tuğba EKİZ YILMAZ),SİNİR DUYU I DİLİMİ / HİSTOLOJİ VE EMBRİYOLOJİ AD.,FAKÜLTEMİZ WEB SİTESİ ÖĞRENCİ AĞI AMFİ PROGRAMINA BAKINIZ
Dönem 2,13 Nisan 2026 Pazartesi,12:30,13:30,ÖĞLE ARASI,,
Dönem 2,13 Nisan 2026 Pazartesi,13:30,15:00,Entegre Oturum Beynin Etkinlik Durumları Bilinç Bozuklukları ve Koma /Prof. Dr. Tamer DEMİRALP-  Prof. Dr. Nilüfer YEŞİLOT (İngilizce Tıp ile ortak ders),SİNİR DUYU I DİLİMİ / FİZYOLOJİ AD. - NÖROLOJİ AD.,FAKÜLTEMİZ WEB SİTESİ ÖĞRENCİ AĞI AMFİ PROGRAMINA BAKINIZ
Dönem 2,13 Nisan 2026 Pazartesi,15:10,15:50,21-Metabolizma ve vücut sıcaklığının düzenlenmesi / Prof. Dr. Tamer DEMİRALP (Dr. Öğr. Üyesi Emre HARI),SİNİR DUYU I DİLİMİ / FİZYOLOJİ AD.,FAKÜLTEMİZ WEB SİTESİ ÖĞRENCİ AĞI AMFİ PROGRAMINA BAKINIZ
Dönem 2,13 Nisan 2026 Pazartesi,16:00,16:40,22-Beyin korteksi / Prof. Dr. Tamer DEMİRALP(Dr. Öğr. Üyesi Emre HARI),SİNİR DUYU I DİLİMİ / FİZYOLOJİ AD.,FAKÜLTEMİZ WEB SİTESİ ÖĞRENCİ AĞI AMFİ PROGRAMINA BAKINIZ
Dönem 2,14 Nisan 2026 Salı,08:30,10:20,UYGULAMA,SİNİR DUYU I DİLİMİ,FAKÜLTEMİZ WEB SİTESİ ÖĞRENCİ AĞI DÖNEM 2 UYGULAMA PROGRAMINA BAKINIZ
Dönem 2,14 Nisan 2026 Salı,11:00,11:40,35-Otonom sinir sistemi II / Prof. Dr. Ayşin KALE (Dr. Öğr. Üyesi Osman COŞKUN),SİNİR DUYU I DİLİMİ / ANATOMİ AD.,FAKÜLTEMİZ WEB SİTESİ ÖĞRENCİ AĞI AMFİ PROGRAMINA BAKINIZ
Dönem 2,14 Nisan 2026 Salı,11:50,12:30,36-Otonom sinir sistemi III / Prof. Dr. Ayşin KALE (Dr. Öğr. Üyesi Osman COŞKUN),SİNİR DUYU I DİLİMİ / ANATOMİ AD.,FAKÜLTEMİZ WEB SİTESİ ÖĞRENCİ AĞI AMFİ PROGRAMINA BAKINIZ
Dönem 2,14 Nisan 2026 Salı,12:30,13:30,ÖĞLE ARASI,,
Dönem 2,14 Nisan 2026 Salı,13:30,14:20,DİSEKSİYON (15/17),SİNİR DUYU I DİLİMİ / ANATOMİ AD.,ANATOMİ AD. LABORATUVARI
Dönem 2,14 Nisan 2026 Salı,14:30,15:20,DİSEKSİYON (15/17),SİNİR DUYU I DİLİMİ / ANATOMİ AD.,ANATOMİ AD. LABORATUVARI
Dönem 2,14 Nisan 2026 Salı,15:30,16:20,DİSEKSİYON (15/17),SİNİR DUYU I DİLİMİ / ANATOMİ AD.,ANATOMİ AD. LABORATUVARI
Dönem 2,15 Nisan 2026 Çarşamba,08:30,10:20,UYGULAMA,SİNİR DUYU I DİLİMİ,FAKÜLTEMİZ WEB SİTESİ ÖĞRENCİ AĞI DÖNEM 2 UYGULAMA PROGRAMINA BAKINIZ
Dönem 2,15 Nisan 2026 Çarşamba,11:00,11:40,"23-Beynin entellektüel işlevleri, öğrenme ve bellek / Prof. Dr. Tamer DEMİRALP (Dr. Öğr. Üyesi Emre HARI)",SİNİR DUYU I DİLİMİ / FİZYOLOJİ AD.,FAKÜLTEMİZ WEB SİTESİ ÖĞRENCİ AĞI AMFİ PROGRAMINA BAKINIZ
Dönem 2,15 Nisan 2026 Çarşamba,11:50,12:30,24-Beynin etkinlik durumları - beyin sapı retiküler formasyonu / Prof. Dr. Tamer DEMİRALP (Dr. Öğr. Üyesi Emre HARI),SİNİR DUYU I DİLİMİ / FİZYOLOJİ AD.,FAKÜLTEMİZ WEB SİTESİ ÖĞRENCİ AĞI AMFİ PROGRAMINA BAKINIZ
Dönem 2,15 Nisan 2026 Çarşamba,12:30,13:30,ÖĞLE ARASI,,
Dönem 2,15 Nisan 2026 Çarşamba,13:30,14:10,Seçmeli Dersler - 8,,FAKÜLTEMİZ WEB SİTESİ ÖĞRENCİ AĞI SEÇMELİ DERS AMFİ PROGRAMINA BAKINIZ
Dönem 2,15 Nisan 2026 Çarşamba,14:20,15:00,Seçmeli Dersler - 8,,FAKÜLTEMİZ WEB SİTESİ ÖĞRENCİ AĞI SEÇMELİ DERS AMFİ PROGRAMINA BAKINIZ
Dönem 2,15 Nisan 2026 Çarşamba,15:10,15:50,Seçmeli Dersler - 8,,FAKÜLTEMİZ WEB SİTESİ ÖĞRENCİ AĞI SEÇMELİ DERS AMFİ PROGRAMINA BAKINIZ
Dönem 2,16 Nisan 2026 Perşembe,08:30,10:20,UYGULAMA,SİNİR DUYU I DİLİMİ,FAKÜLTEMİZ WEB SİTESİ ÖĞRENCİ AĞI DÖNEM 2 UYGULAMA PROGRAMINA BAKINIZ
Dönem 2,16 Nisan 2026 Perşembe,11:00,11:40,37-Otonom sinir sistemi IV / Prof. Dr. Ayşin KALE (Dr. Öğr. Üyesi Osman COŞKUN),SİNİR DUYU I DİLİMİ / ANATOMİ AD.,FAKÜLTEMİZ WEB SİTESİ ÖĞRENCİ AĞI AMFİ PROGRAMINA BAKINIZ
Dönem 2,16 Nisan 2026 Perşembe,11:50,12:30,38-Göz anatomisi III / Dr. Öğr. Üyesi (Doç. Dr. ) Özcan GAYRETLİ (Dr. Öğr. Üyesi Osman COŞKUN),SİNİR DUYU I DİLİMİ / ANATOMİ AD.,FAKÜLTEMİZ WEB SİTESİ ÖĞRENCİ AĞI AMFİ PROGRAMINA BAKINIZ
Dönem 2,16 Nisan 2026 Perşembe,12:30,13:30,ÖĞLE ARASI,,
Dönem 2,16 Nisan 2026 Perşembe,13:30,14:10,25-Otonom Sinir Sistemi I - öğrenme ve bellek / Prof. Dr. Tamer DEMİRALP (Dr. Öğr. Üyesi Emre HARI),SİNİR DUYU I DİLİMİ / FİZYOLOJİ AD.,FAKÜLTEMİZ WEB SİTESİ ÖĞRENCİ AĞI AMFİ PROGRAMINA BAKINIZ
Dönem 2,16 Nisan 2026 Perşembe,14:20,15:00,26-Otonom Sinir Sistemi II / Prof. Dr. Tamer DEMİRALP  (Dr. Öğr. Üyesi Emre HARI),SİNİR DUYU I DİLİMİ / FİZYOLOJİ AD.,FAKÜLTEMİZ WEB SİTESİ ÖĞRENCİ AĞI AMFİ PROGRAMINA BAKINIZ
Dönem 2,16 Nisan 2026 Perşembe,15:10,15:50,14-Periferik ve otonom sinir sistemi histolojisi  / Doç.Dr. Tuğba KOTİL (Dr.Öğr.Üyesi Tuğba EKİZ YILMAZ),SİNİR DUYU I DİLİMİ / HİSTOLOJİ VE EMBRİYOLOJİ AD.,FAKÜLTEMİZ WEB SİTESİ ÖĞRENCİ AĞI AMFİ PROGRAMINA BAKINIZ
Dönem 2,16 Nisan 2026 Perşembe,16:00,16:40,SERBEST ÇALIŞMA,,
Dönem 2,17 Nisan 2026 Cuma,08:30,10:20,UYGULAMA,SİNİR DUYU I DİLİMİ,
Dönem 2,17 Nisan 2026 Cuma,10:30,12:20,UYGULAMA (FİZYOLOJİ 4) (İngilizce Tıp ile ortak ders),SİNİR DUYU I DİLİMİ,FAKÜLTEMİZ WEB SİTESİ ÖĞRENCİ AĞI AMFİ PROGRAMINA BAKINIZ
Dönem 2,17 Nisan 2026 Cuma,12:30,13:30,ÖĞLE ARASI,,
Dönem 2,17 Nisan 2026 Cuma,14:00,15:30,ENTEGRE OTURUM Epilepsi / Doç. Dr. Pınar TOPALOĞLU( Dr. Öğr. Üyesi Mine SEZGİN) - Prof. Dr. Tamer Demiralp (Prof. Dr. Müge DEVRİM ÜÇOK) (İngilizce Tıp ile ortak ders),SİNİR DUYU I DİLİMİ / FİZYOLOJİ AD. - NÖROLOJİ AD.,FAKÜLTEMİZ WEB SİTESİ ÖĞRENCİ AĞI AMFİ PROGRAMINA BAKINIZ
Dönem 2,17 Nisan 2026 Cuma,15:40,16:20,SERBEST ÇALIŞMA,,
Dönem 2,20 Nisan 2026 Pazartesi,08:30,09:10,Anatomi - Ek Ders (Prof. Dr. Ayşin KALE),SİNİR DUYU I DİLİMİ,FAKÜLTEMİZ WEB SİTESİ ÖĞRENCİ AĞI AMFİ PROGRAMINA BAKINIZ
Dönem 2,20 Nisan 2026 Pazartesi,09:20,10:00,27- Sinir sisteminde hasar ve yenilenme/ Prof. Dr. Tamer DEMİRALP  (Dr. Öğr. Üyesi Emre HARI),SİNİR DUYU I DİLİMİ / FİZYOLOJİ AD.,FAKÜLTEMİZ WEB SİTESİ ÖĞRENCİ AĞI AMFİ PROGRAMINA BAKINIZ
Dönem 2,20 Nisan 2026 Pazartesi,10:10,10:50,28-Beyin işlevlerini ölçme yöntemleri / Prof. Dr. Tamer DEMİRALP  (Dr. Öğr. Üyesi Emre HARI),SİNİR DUYU I DİLİMİ / FİZYOLOJİ AD.,FAKÜLTEMİZ WEB SİTESİ ÖĞRENCİ AĞI AMFİ PROGRAMINA BAKINIZ
Dönem 2,20 Nisan 2026 Pazartesi,11:00,12:30,ENTEGRE OTURUM Olgularla MSS ve PSS hastalıkları / Prof. Dr. Elif KOCASOY ORHAN - Doç. Dr. Bedia SAMANCI -Dr. Öğrt. Üyesi Ahmed Serkan EMEKLİ  - Doç. Dr. Esme EKİZOĞLU TURGUT (İngilizce Tıp ile ortak ders),SİNİR DUYU I DİLİMİ / NÖROLOJİ AD.,FAKÜLTEMİZ WEB SİTESİ ÖĞRENCİ AĞI AMFİ PROGRAMINA BAKINIZ
Dönem 2,20 Nisan 2026 Pazartesi,12:30,13:30,ÖĞLE ARASI,,
Dönem 2,20 Nisan 2026 Pazartesi,13:30,14:10,39-Deri anatomisi genel bilgi / Prof. Dr. Ayşin KALE (Dr. Öğr. Üyesi Osman COŞKUN),SİNİR DUYU I DİLİMİ / ANATOMİ AD.,FAKÜLTEMİZ WEB SİTESİ ÖĞRENCİ AĞI AMFİ PROGRAMINA BAKINIZ
Dönem 2,20 Nisan 2026 Pazartesi,14:20,15:00,40-Deri ekleri ve memeler / Prof. Dr. Ayşin KALE (Dr. Öğr. Üyesi Osman COŞKUN),SİNİR DUYU I DİLİMİ / ANATOMİ AD.,FAKÜLTEMİZ WEB SİTESİ ÖĞRENCİ AĞI AMFİ PROGRAMINA BAKINIZ
Dönem 2,20 Nisan 2026 Pazartesi,15:10,15:50,"29-Beyin kan akımı, kan-beyin bariyeri / Prof. Dr. Tamer DEMİRALP (Dr. Öğr. Üyesi Emre HARI)",SİNİR DUYU I DİLİMİ / FİZYOLOJİ AD.,FAKÜLTEMİZ WEB SİTESİ ÖĞRENCİ AĞI AMFİ PROGRAMINA BAKINIZ
Dönem 2,20 Nisan 2026 Pazartesi,16:00,16:40,30-Serebrospinal sıvı ve beyin metabolizması / Prof. Dr. Tamer DEMİRALP (Dr. Öğr. Üyesi Emre HARI),SİNİR DUYU I DİLİMİ / FİZYOLOJİ AD.,FAKÜLTEMİZ WEB SİTESİ ÖĞRENCİ AĞI AMFİ PROGRAMINA BAKINIZ
Dönem 2,21 Nisan 2026 Salı,8:30,10:20,UYGULAMA,SİNİR DUYU I DİLİMİ,FAKÜLTEMİZ WEB SİTESİ ÖĞRENCİ AĞI DÖNEM 2 UYGULAMA PROGRAMINA BAKINIZ
Dönem 2,21 Nisan 2026 Salı,11:00,11:40,SERBEST ÇALIŞMA (dönem1 sınav),,
Dönem 2,21 Nisan 2026 Salı,12:30,13:30,ÖĞLE ARASI,,
Dönem 2,21 Nisan 2026 Salı,13:30,14:20,DİSEKSİYON (16/17),SİNİR DUYU I DİLİMİ / ANATOMİ AD.,ANATOMİ AD. LABORATUVARI
Dönem 2,21 Nisan 2026 Salı,14:30,15:20,DİSEKSİYON (16/17),SİNİR DUYU I DİLİMİ / ANATOMİ AD.,ANATOMİ AD. LABORATUVARI
Dönem 2,21 Nisan 2026 Salı,15:30,16:20,DİSEKSİYON (16/17),SİNİR DUYU I DİLİMİ / ANATOMİ AD.,ANATOMİ AD. LABORATUVARI
Dönem 2,22 Nisan 2026 Çarşamba,08:30,10:20,UYGULAMA,SİNİR DUYU I DİLİMİ,FAKÜLTEMİZ WEB SİTESİ ÖĞRENCİ AĞI DÖNEM 2 UYGULAMA PROGRAMINA BAKINIZ
Dönem 2,22 Nisan 2026 Çarşamba,10:30,11:10,41-Regiones capitis- 1 / Dr. Öğr. Üyesi (Doç. Dr. ) Özcan GAYRETLİ (Dr. Öğr. Üyesi Osman COŞKUN),SİNİR DUYU I DİLİMİ / ANATOMİ AD.,FAKÜLTEMİZ WEB SİTESİ ÖĞRENCİ AĞI AMFİ PROGRAMINA BAKINIZ
Dönem 2,22 Nisan 2026 Çarşamba,11:20,12:00,42-Regiones capitis- 2 / Dr. Öğr. Üyesi (Doç. Dr. ) Özcan GAYRETLİ (Dr. Öğr. Üyesi Osman COŞKUN),SİNİR DUYU I DİLİMİ / ANATOMİ AD.,FAKÜLTEMİZ WEB SİTESİ ÖĞRENCİ AĞI AMFİ PROGRAMINA BAKINIZ
Dönem 2,22 Nisan 2026 Çarşamba,12:30,13:30,ÖĞLE ARASI,,
Dönem 2,22 Nisan 2026 Çarşamba,13:30,14:10,Seçmeli Dersler - 9,,FAKÜLTEMİZ WEB SİTESİ ÖĞRENCİ AĞI SEÇMELİ DERS AMFİ PROGRAMINA BAKINIZ
Dönem 2,22 Nisan 2026 Çarşamba,14:20,15:00,Seçmeli Dersler - 9,,FAKÜLTEMİZ WEB SİTESİ ÖĞRENCİ AĞI SEÇMELİ DERS AMFİ PROGRAMINA BAKINIZ
Dönem 2,22 Nisan 2026 Çarşamba,15:10,15:50,Seçmeli Dersler - 9,,FAKÜLTEMİZ WEB SİTESİ ÖĞRENCİ AĞI SEÇMELİ DERS AMFİ PROGRAMINA BAKINIZ
Dönem 2,23 Nisan 2026 Perşembe,,,ULUSAL EGEMENLİK VE ÇOCUK BAYRAMI,,
Dönem 2,24 Nisan 2026 Cuma,08:30,12:30,SERBEST ÇALIŞMA,,
Dönem 2,24 Nisan 2026 Cuma,12:30,13:30,ÖĞLE ARASI,,
Dönem 2,24 Nisan 2026 Cuma,14:00,15:30,SERBEST ÇALIŞMA,,
Dönem 2,27 Nisan 2026 Pazartesi,08:30,10:20,UYGULAMA,SİNİR DUYU I DİLİMİ,FAKÜLTEMİZ WEB SİTESİ ÖĞRENCİ AĞI DÖNEM 2 UYGULAMA PROGRAMINA BAKINIZ
Dönem 2,27 Nisan 2026 Pazartesi,11:00,11:40,43-Servikal üçgenler / Dr. Öğr. Üyesi (Doç. Dr. ) Özcan GAYRETLİ (Dr. Öğr. Üyesi Osman COŞKUN),SİNİR DUYU I DİLİMİ / ANATOMİ AD.,FAKÜLTEMİZ WEB SİTESİ ÖĞRENCİ AĞI AMFİ PROGRAMINA BAKINIZ
Dönem 2,27 Nisan 2026 Pazartesi,11:50,12:30,44-Servikal kompartmanlar / Dr. Öğr. Üyesi (Doç. Dr. ) Özcan GAYRETLİ (Dr. Öğr. Üyesi Osman COŞKUN),SİNİR DUYU I DİLİMİ / ANATOMİ AD.,FAKÜLTEMİZ WEB SİTESİ ÖĞRENCİ AĞI AMFİ PROGRAMINA BAKINIZ
Dönem 2,27 Nisan 2026 Pazartesi,12:30,13:30,ÖĞLE ARASI,,
Dönem 2,27 Nisan 2026 Pazartesi,13:30,15:30,SERBEST ÇALIŞMA,,
Dönem 2,27 Nisan 2026 Pazartesi,15:40,16:20,SERBEST ÇALIŞMA,,
Dönem 2,28 Nisan 2026 Salı,08:30,10:20,UYGULAMA,SİNİR DUYU I DİLİMİ,FAKÜLTEMİZ WEB SİTESİ ÖĞRENCİ AĞI DÖNEM 2 UYGULAMA PROGRAMINA BAKINIZ
Dönem 2,28 Nisan 2026 Salı,11:00,11:40,SERBEST ÇALIŞMA,,
Dönem 2,28 Nisan 2026 Salı,11:50,12:30,SERBEST ÇALIŞMA,,
Dönem 2,28 Nisan 2026 Salı,12:30,13:30,İstanbul Tıp Fakültesi Tıp-Bilim Doktorası Bütünleşik Programı Tanıtımı,,FAKÜLTEMİZ WEB SİTESİ ÖĞRENCİ AĞI AMFİ PROGRAMINA BAKINIZ
Dönem 2,28 Nisan 2026 Salı,13:30,14:20,DİSEKSİYON (17/17),SİNİR DUYU I DİLİMİ / ANATOMİ AD.,ANATOMİ AD. LABORATUVARI
Dönem 2,28 Nisan 2026 Salı,14:30,15:20,DİSEKSİYON (17/17),SİNİR DUYU I DİLİMİ / ANATOMİ AD.,ANATOMİ AD. LABORATUVARI
Dönem 2,28 Nisan 2026 Salı,15:30,16:20,DİSEKSİYON (17/17),SİNİR DUYU I DİLİMİ / ANATOMİ AD.,ANATOMİ AD. LABORATUVARI
Dönem 2,29 Nisan 2026 Çarşamba,08:30,09:10,SERBEST ÇALIŞMA,,
Dönem 2,29 Nisan 2026 Çarşamba,09:20,10:00,SERBEST ÇALIŞMA,,
Dönem 2,29 Nisan 2026 Çarşamba,10:10,10:50,SERBEST ÇALIŞMA,,
Dönem 2,29 Nisan 2026 Çarşamba,11:00,11:40,SERBEST ÇALIŞMA,,
Dönem 2,29 Nisan 2026 Çarşamba,11:50,12:30,SERBEST ÇALIŞMA,,
Dönem 2,29 Nisan 2026 Çarşamba,12:30,13:30,ÖĞLE ARASI,,
Dönem 2,29 Nisan 2026 Çarşamba,13:30,14:10,Seçmeli Dersler - 10,,FAKÜLTEMİZ WEB SİTESİ ÖĞRENCİ AĞI SEÇMELİ DERS AMFİ PROGRAMINA BAKINIZ
Dönem 2,29 Nisan 2026 Çarşamba,14:20,15:00,Seçmeli Dersler - 10,,FAKÜLTEMİZ WEB SİTESİ ÖĞRENCİ AĞI SEÇMELİ DERS AMFİ PROGRAMINA BAKINIZ
Dönem 2,29 Nisan 2026 Çarşamba,15:10,15:50,Seçmeli Dersler - 10,,FAKÜLTEMİZ WEB SİTESİ ÖĞRENCİ AĞI SEÇMELİ DERS AMFİ PROGRAMINA BAKINIZ
Dönem 2,30 Nisan 2026 Perşembe,08:30,12:30,SERBEST ÇALIŞMA,,
Dönem 2,30 Nisan 2026 Perşembe,13:30,16:20,SERBEST ÇALIŞMA,,
Dönem 2,1 Mayıs 2026 Cuma,,,İŞÇİ BAYRAMI,,
Dönem 2,1 Mayıs 2026 Cuma,12:30,13:30,ÖĞLE ARASI,,
Dönem 2,4 Mayıs 2026 Pazartesi,13:00,15:00,DİLİM SINAVI,SİNİR VE DUYU I DİLİMİ - DİKEY KORİDOR II (BİLİMSEL ARAŞTIRMAYA GİRİŞ),FAKÜLTEMİZ WEB SİTESİ ÖĞRENCİ AĞI AMFİ PROGRAMINA BAKINIZ
Dönem 2,5 Mayıs 2026 Salı,08:30,09:10,SERBEST ÇALIŞMA,,
Dönem 2,5 Mayıs 2026 Salı,09:20,10:00,1-Hastanelerde Dezenfeksiyon Sterilizasyon ve Antisepsi Uygulamaları / Prof. Dr. Yaşar NAKİPOĞLU (Doç. Dr. Gonca ERKÖSE GENÇ),PATOLOJİLERE VE KLİNİĞE GİRİŞ DİLİMİ / TIBBİ MİKROBİYOLOJİ AD.,FAKÜLTEMİZ WEB SİTESİ ÖĞRENCİ AĞI AMFİ PROGRAMINA BAKINIZ
Dönem 2,5 Mayıs 2026 Salı,10:10,10:50,2-Hastane Enfeksiyonlarının Kontrolünde İzalasyon Önlemlerinin Önemi/ Prof. Dr. Yaşar NAKİPOĞLU (Doç. Dr. Gonca ERKÖSE GENÇ),PATOLOJİLERE VE KLİNİĞE GİRİŞ DİLİMİ / TIBBİ MİKROBİYOLOJİ AD.,FAKÜLTEMİZ WEB SİTESİ ÖĞRENCİ AĞI AMFİ PROGRAMINA BAKINIZ
Dönem 2,5 Mayıs 2026 Salı,11:00,11:40,1-Patolojiye Giriş \ Prof.Dr.Yasemin Özlük (Doç. Dr. Gökçen ÜVERENGİL),PATOLOJİLERE VE KLİNİĞE GİRİŞ DİLİMİ / TIBBİ PATOLOJİ AD.,FAKÜLTEMİZ WEB SİTESİ ÖĞRENCİ AĞI AMFİ PROGRAMINA BAKINIZ
Dönem 2,5 Mayıs 2026 Salı,11:50,12:30,2-Hücre gelişimi matürasyon diferansiyasyon / Öğr.Gör.Dr.Sidar Bağbudar (Dr.Öğr.Üyesi Ali Yılmaz Altay),PATOLOJİLERE VE KLİNİĞE GİRİŞ DİLİMİ / TIBBİ PATOLOJİ AD.,FAKÜLTEMİZ WEB SİTESİ ÖĞRENCİ AĞI AMFİ PROGRAMINA BAKINIZ
Dönem 2,5 Mayıs 2026 Salı,12:30,13:30,ÖĞLE ARASI,,
Dönem 2,5 Mayıs 2026 Salı,13:30,14:10,1-Farmakolojiye giriş genel tanımlar / Prof. Dr. A. Pınar Yamantürk ÇELİK (Prof. Dr. Yağız ÜRESİN),PATOLOJİLERE VE KLİNİĞE GİRİŞ DİLİMİ / TIBBİ FARMAKOLOJİ AD.,FAKÜLTEMİZ WEB SİTESİ ÖĞRENCİ AĞI AMFİ PROGRAMINA BAKINIZ
Dönem 2,5 Mayıs 2026 Salı,14:20,15:00,2-İlaçların emilimi / Uzm.Dr. Zinnet EREN (Prof. Dr. A. Pınar YAMANTÜRK ÇELİK),PATOLOJİLERE VE KLİNİĞE GİRİŞ DİLİMİ / TIBBİ FARMAKOLOJİ AD.,FAKÜLTEMİZ WEB SİTESİ ÖĞRENCİ AĞI AMFİ PROGRAMINA BAKINIZ
Dönem 2,5 Mayıs 2026 Salı,15:10,15:50,SERBEST ÇALIŞMA,,
Dönem 2,5 Mayıs 2026 Salı,16:00,16:40,SERBEST ÇALIŞMA,,
Dönem 2,6 Mayıs 2026 Çarşamba,08:30,09:10,SERBEST ÇALIŞMA,,
Dönem 2,6 Mayıs 2026 Çarşamba,09:20,10:00,3-Hücre zedelenmesi ve hücre ölümü nedenleri /  Öğr.Gör.Dr.Sidar Bağbudar (Dr.Öğr.Üyesi Ali Yılmaz Altay),PATOLOJİLERE VE KLİNİĞE GİRİŞ DİLİMİ / TIBBİ PATOLOJİ AD.,FAKÜLTEMİZ WEB SİTESİ ÖĞRENCİ AĞI AMFİ PROGRAMINA BAKINIZ
Dönem 2,6 Mayıs 2026 Çarşamba,10:10,10:50,4-Nekroz somatik ölüm apoptozis /  Öğr.Gör.Dr.Sidar Bağbudar (Dr.Öğr.Üyesi Ali Yılmaz Altay),PATOLOJİLERE VE KLİNİĞE GİRİŞ DİLİMİ / TIBBİ PATOLOJİ AD.,FAKÜLTEMİZ WEB SİTESİ ÖĞRENCİ AĞI AMFİ PROGRAMINA BAKINIZ
Dönem 2,6 Mayıs 2026 Çarşamba,11:00,11:40,3-Staphylococcus - Streptococcus ve Enterococcus cinsleri / Prof. Dr. Lütfiye ÖKSÜZ (Prof. Dr. Zerrin AKTAŞ),PATOLOJİLERE VE KLİNİĞE GİRİŞ DİLİMİ / TIBBİ MİKROBİYOLOJİ AD.,FAKÜLTEMİZ WEB SİTESİ ÖĞRENCİ AĞI AMFİ PROGRAMINA BAKINIZ
Dönem 2,6 Mayıs 2026 Çarşamba,11:50,12:30,"4-Bacillus,Corynebacterium ve Listeria Cinsleri cinsleri /Prof. Dr. Zerrin AKTAŞ (Prof. Dr. Lütfiye ÖKSÜZ)",PATOLOJİLERE VE KLİNİĞE GİRİŞ DİLİMİ / TIBBİ MİKROBİYOLOJİ AD.,FAKÜLTEMİZ WEB SİTESİ ÖĞRENCİ AĞI AMFİ PROGRAMINA BAKINIZ
Dönem 2,6 Mayıs 2026 Çarşamba,12:30,13:30,ÖĞLE ARASI,,
Dönem 2,6 Mayıs 2026 Çarşamba,13:30,14:10,Seçmeli Dersler - 11,,FAKÜLTEMİZ WEB SİTESİ ÖĞRENCİ AĞI SEÇMELİ DERS AMFİ PROGRAMINA BAKINIZ
Dönem 2,6 Mayıs 2026 Çarşamba,14:20,15:00,Seçmeli Dersler - 11,,FAKÜLTEMİZ WEB SİTESİ ÖĞRENCİ AĞI SEÇMELİ DERS AMFİ PROGRAMINA BAKINIZ
Dönem 2,6 Mayıs 2026 Çarşamba,15:10,15:50,Seçmeli Dersler - 11,,FAKÜLTEMİZ WEB SİTESİ ÖĞRENCİ AĞI SEÇMELİ DERS AMFİ PROGRAMINA BAKINIZ
Dönem 2,7 Mayıs 2026 Perşembe,08:30,09:10,SERBEST ÇALIŞMA,,
Dönem 2,7 Mayıs 2026 Perşembe,09:20,10:00,SERBEST ÇALIŞMA,,
Dönem 2,7 Mayıs 2026 Perşembe,10:10,10:50,SERBEST ÇALIŞMA,,
Dönem 2,7 Mayıs 2026 Perşembe,11:00,11:40,5-Enterobacteriaceae - Genel özellikler - Proteus - Providencia - Morganella ve bağırsak dışı E. coli / Prof. Dr. Betigül ÖNGEN (Prof. Dr. Zerrin AKTAŞ),PATOLOJİLERE VE KLİNİĞE GİRİŞ DİLİMİ / TIBBİ MİKROBİYOLOJİ AD.,FAKÜLTEMİZ WEB SİTESİ ÖĞRENCİ AĞI AMFİ PROGRAMINA BAKINIZ
Dönem 2,7 Mayıs 2026 Perşembe,11:50,12:30,6-Klebsiella - Enterobacter - Citrobacter - Serratia - Yersinia cinsleri / Prof. Dr. Betigül ÖNGEN (Prof. Dr. Lütfiye ÖKSÜZ),PATOLOJİLERE VE KLİNİĞE GİRİŞ DİLİMİ / TIBBİ MİKROBİYOLOJİ AD.,FAKÜLTEMİZ WEB SİTESİ ÖĞRENCİ AĞI AMFİ PROGRAMINA BAKINIZ
Dönem 2,7 Mayıs 2026 Perşembe,12:30,13:30,ÖĞLE ARASI,,
Dönem 2,7 Mayıs 2026 Perşembe,13:30,14:10,5-Hücresel adaptasyon ve hücre içi birikimler /  Öğr.Gör.Dr.Sidar Bağbudar (Dr.Öğr.Üyesi Ali Yılmaz Altay),PATOLOJİLERE VE KLİNİĞE GİRİŞ DİLİMİ / TIBBİ PATOLOJİ AD.,FAKÜLTEMİZ WEB SİTESİ ÖĞRENCİ AĞI AMFİ PROGRAMINA BAKINIZ
Dönem 2,7 Mayıs 2026 Perşembe,14:20,15:00,1-Terminoloji Mikrobiyoloji terimleri / Prof. Dr. Serap Şimşek YAVUZ (Prof. Dr. A. Atahan ÇAĞATAY)  (İngilizce ile ortak),PATOLOJİLERE VE KLİNİĞE GİRİŞ DİLİMİ / ENFEKSİYON HASTALIKLARI VE KLİNİK MİKROBİYOLOJİ AD.,FAKÜLTEMİZ WEB SİTESİ ÖĞRENCİ AĞI AMFİ PROGRAMINA BAKINIZ
Dönem 2,7 Mayıs 2026 Perşembe,15:10,15:50,SERBEST ÇALIŞMA,,
Dönem 2,7 Mayıs 2026 Perşembe,16:00,16:40,SERBEST ÇALIŞMA,,
Dönem 2,8 Mayıs 2026 Cuma,08:30,09:10,SERBEST ÇALIŞMA,,
Dönem 2,8 Mayıs 2026 Cuma,09:20,10:00,SERBEST ÇALIŞMA,,
Dönem 2,8 Mayıs 2026 Cuma,10:30,12:20,UYGULAMA,PATOLOJİLERE VE KLİNİĞE GİRİŞ DİLİMİ,FAKÜLTEMİZ WEB SİTESİ ÖĞRENCİ AĞI DÖNEM 2 UYGULAMA PROGRAMINA BAKINIZ
Dönem 2,8 Mayıs 2026 Cuma,12:30,13:30,ÖĞLE ARASI,,
Dönem 2,8 Mayıs 2026 Cuma,14:00,14:40,SERBEST ÇALIŞMA,,
Dönem 2,8 Mayıs 2026 Cuma,14:50,15:30,8-Haemophilus - Bordetella ve Pasteurella cinsleri / Prof.Dr Zerrin AKTAŞ (Prof. Dr. Betigül ÖNGEN),PATOLOJİLERE VE KLİNİĞE GİRİŞ DİLİMİ / TIBBİ MİKROBİYOLOJİ AD.,FAKÜLTEMİZ WEB SİTESİ ÖĞRENCİ AĞI AMFİ PROGRAMINA BAKINIZ
Dönem 2,8 Mayıs 2026 Cuma,15:40,16:20,SERBEST ÇALIŞMA,,
Dönem 2,11 Mayıs 2026 Pazartesi,8:30,10:20,UYGULAMA,PATOLOJİLERE VE KLİNİĞE GİRİŞ DİLİMİ,FAKÜLTEMİZ WEB SİTESİ ÖĞRENCİ AĞI DÖNEM 2 UYGULAMA PROGRAMINA BAKINIZ
Dönem 2,11 Mayıs 2026 Pazartesi,10:30,12:20,ENTEGRE OTURUM İnsan sağlığı açısından önemli hayvan ısırmaları ve zehirlenmeleri / Prof. Dr. Özden BORAL - Artropotlar - örümcekler - kene ve akarlar (Dipterler ve miyaz / Prof. Dr. Özden BORAL - Artropot - yılan ve balık zehirlenmeleri / Prof. Dr. Vakur AKKAYA - Artropodlar ve Sineklerin Kontrolü / (İngilizce Tıp ile ortak ders),PATOLOJİLERE VE KLİNİĞE GİRİŞ DİLİMİ / TIBBİ MİKROBİYOLOJİ AD. - İÇ HASTALIKLARI AD. - ,FAKÜLTEMİZ WEB SİTESİ ÖĞRENCİ AĞI AMFİ PROGRAMINA BAKINIZ
Dönem 2,11 Mayıs 2026 Pazartesi,12:30,13:30,ÖĞLE ARASI,,
Dönem 2,11 Mayıs 2026 Pazartesi,13:30,14:10,3-İlaçların uygulama yolları / Uzm.Dr. Zinnet EREN (Prof. Dr. A. Pınar YAMANTÜRK ÇELİK),PATOLOJİLERE VE KLİNİĞE GİRİŞ DİLİMİ / TIBBİ FARMAKOLOJİ AD.,FAKÜLTEMİZ WEB SİTESİ ÖĞRENCİ AĞI AMFİ PROGRAMINA BAKINIZ
Dönem 2,11 Mayıs 2026 Pazartesi,14:20,15:00,4-İlaçların dağılımı /Uzm. Dr. Burak AYDIN  (Prof. Dr. A. Pınar YAMANTÜRK ÇELİK),PATOLOJİLERE VE KLİNİĞE GİRİŞ DİLİMİ / TIBBİ FARMAKOLOJİ AD.,FAKÜLTEMİZ WEB SİTESİ ÖĞRENCİ AĞI AMFİ PROGRAMINA BAKINIZ
Dönem 2,11 Mayıs 2026 Pazartesi,15:10,15:50,9-Anaerop bakteriler -1 / Prof. Dr Lütfiye ÖKSÜZ (Prof. Dr. Betigül ÖNGEN),PATOLOJİLERE VE KLİNİĞE GİRİŞ DİLİMİ / TIBBİ MİKROBİYOLOJİ AD.,FAKÜLTEMİZ WEB SİTESİ ÖĞRENCİ AĞI AMFİ PROGRAMINA BAKINIZ
Dönem 2,11 Mayıs 2026 Pazartesi,16:00,16:40,10-Anaerop bakteriler -2 / Prof. Dr Lütfiye ÖKSÜZ (Prof. Dr. Betigül ÖNGEN),PATOLOJİLERE VE KLİNİĞE GİRİŞ DİLİMİ / TIBBİ MİKROBİYOLOJİ AD.,FAKÜLTEMİZ WEB SİTESİ ÖĞRENCİ AĞI AMFİ PROGRAMINA BAKINIZ
Dönem 2,12 Mayıs 2026 Salı,08:30,09:10,SERBEST ÇALIŞMA,,
Dönem 2,12 Mayıs 2026 Salı,09:20,10:00,SERBEST ÇALIŞMA,,
Dönem 2,12 Mayıs 2026 Salı,10:10,10:50,SERBEST ÇALIŞMA,,
Dönem 2,12 Mayıs 2026 Salı,11:00,11:40,SERBEST ÇALIŞMA,,
Dönem 2,12 Mayıs 2026 Salı,11:50,12:30,SERBEST ÇALIŞMA,,
Dönem 2,12 Mayıs 2026 Salı,12:30,13:30,ÖĞLE ARASI,,
Dönem 2,12 Mayıs 2026 Salı,13:30,16:20,SERBEST ÇALIŞMA,,
Dönem 2,13 Mayıs 2026 Çarşamba,08:30,10:20,SERBEST ÇALIŞMA,,
Dönem 2,13 Mayıs 2026 Çarşamba,10:30,12:20,UYGULAMA,PATOLOJİLERE VE KLİNİĞE GİRİŞ DİLİMİ,FAKÜLTEMİZ WEB SİTESİ ÖĞRENCİ AĞI DÖNEM 2 UYGULAMA PROGRAMINA BAKINIZ
Dönem 2,13 Mayıs 2026 Çarşamba,12:30,13:30,ÖĞLE ARASI,,
Dönem 2,13 Mayıs 2026 Çarşamba,13:30,14:10,Seçmeli Dersler - 12,,FAKÜLTEMİZ WEB SİTESİ ÖĞRENCİ AĞI SEÇMELİ DERS AMFİ PROGRAMINA BAKINIZ
Dönem 2,13 Mayıs 2026 Çarşamba,14:20,15:00,Seçmeli Dersler - 12,,FAKÜLTEMİZ WEB SİTESİ ÖĞRENCİ AĞI SEÇMELİ DERS AMFİ PROGRAMINA BAKINIZ
Dönem 2,13 Mayıs 2026 Çarşamba,15:10,15:50,Seçmeli Dersler - 12,,FAKÜLTEMİZ WEB SİTESİ ÖĞRENCİ AĞI SEÇMELİ DERS AMFİ PROGRAMINA BAKINIZ
Dönem 2,14 Mayıs 2026 Perşembe,08:30,09:10,12-Rickettsia ve Orientia cinsleri / Prof. Dr Lütfiye ÖKSÜZ (Prof. Dr. Zerrin AKTAŞ),PATOLOJİLERE VE KLİNİĞE GİRİŞ DİLİMİ / TIBBİ MİKROBİYOLOJİ AD.,FAKÜLTEMİZ WEB SİTESİ ÖĞRENCİ AĞI AMFİ PROGRAMINA BAKINIZ
Dönem 2,14 Mayıs 2026 Perşembe,09:20,10:00,6-Amiloidoz / Dr.Öğr.Gör.Doğu Vurallı Bakkaloğlu (Dr. Öğr. Gör. Ali Yılmaz Altay),PATOLOJİLERE VE KLİNİĞE GİRİŞ DİLİMİ / TIBBİ PATOLOJİ AD.,FAKÜLTEMİZ WEB SİTESİ ÖĞRENCİ AĞI AMFİ PROGRAMINA BAKINIZ
Dönem 2,14 Mayıs 2026 Perşembe,10:10,10:50,14-Zygomycetes ve dematiyöz mantarlar / Prof. Dr. Zayre ERTURAN (Prof. Dr. Dilek ŞATANA),PATOLOJİLERE VE KLİNİĞE GİRİŞ DİLİMİ / TIBBİ MİKROBİYOLOJİ AD.,FAKÜLTEMİZ WEB SİTESİ ÖĞRENCİ AĞI AMFİ PROGRAMINA BAKINIZ
Dönem 2,14 Mayıs 2026 Perşembe,11:00,11:40,5-İlaçların biyotransformasyonu / /Uzm. Dr. Burak AYDIN (Prof. Dr. A. Pınar YAMANTÜRK ÇELİK),PATOLOJİLERE VE KLİNİĞE GİRİŞ DİLİMİ / TIBBİ FARMAKOLOJİ AD.,FAKÜLTEMİZ WEB SİTESİ ÖĞRENCİ AĞI AMFİ PROGRAMINA BAKINIZ
Dönem 2,14 Mayıs 2026 Perşembe,11:50,12:30,6-İlaçların atılımı / Uzm. Dr. Burak AYDIN  (Prof. Dr. A. Pınar YAMANTÜRK ÇELİK),PATOLOJİLERE VE KLİNİĞE GİRİŞ DİLİMİ / TIBBİ FARMAKOLOJİ AD.,FAKÜLTEMİZ WEB SİTESİ ÖĞRENCİ AĞI AMFİ PROGRAMINA BAKINIZ
Dönem 2,14 Mayıs 2026 Perşembe,12:30,13:30,ÖĞLE ARASI,,
Dönem 2,14 Mayıs 2026 Perşembe,13:30,14:30,DÖNEM DEĞERLENDİRME TOPLANMASI (İngilizce tıp ile ortak),,FAKÜLTEMİZ WEB SİTESİ ÖĞRENCİ AĞI AMFİ PROGRAMINA BAKINIZ
Dönem 2,14 Mayıs 2026 Perşembe,14:40,15:20,7-Klinik farmakokinetik / Prof. Dr. A. Yağız ÜRESİN (Prof. Dr. A. Pınar YAMANTÜRK ÇELİK),PATOLOJİLERE VE KLİNİĞE GİRİŞ DİLİMİ / TIBBİ FARMAKOLOJİ AD.,FAKÜLTEMİZ WEB SİTESİ ÖĞRENCİ AĞI AMFİ PROGRAMINA BAKINIZ
Dönem 2,14 Mayıs 2026 Perşembe,15:30,16:10,8-İlaçların etki mekanizmaları ve reseptör kavramı / Uzm. Dr. Zinnet EREN (Prof. Dr. A. Pınar YAMANTÜRK ÇELİK),PATOLOJİLERE VE KLİNİĞE GİRİŞ DİLİMİ / TIBBİ FARMAKOLOJİ AD.,FAKÜLTEMİZ WEB SİTESİ ÖĞRENCİ AĞI AMFİ PROGRAMINA BAKINIZ
Dönem 2,15 Mayıs 2026 Cuma,08:30,10:20,UYGULAMA,PATOLOJİLERE VE KLİNİĞE GİRİŞ DİLİMİ,FAKÜLTEMİZ WEB SİTESİ ÖĞRENCİ AĞI DÖNEM 2 UYGULAMA PROGRAMINA BAKINIZ
Dönem 2,15 Mayıs 2026 Cuma,10:30,11:10,SERBEST ÇALIŞMA,,
Dönem 2,15 Mayıs 2026 Cuma,11:20,12:00,11-Borrelia - Leptospira ve Spirillum cinsleri / Prof. Dr. Betigül ÖNGEN (Prof. Dr.Lütfiye ÖKSÜZ),PATOLOJİLERE VE KLİNİĞE GİRİŞ DİLİMİ / TIBBİ MİKROBİYOLOJİ AD.,FAKÜLTEMİZ WEB SİTESİ ÖĞRENCİ AĞI AMFİ PROGRAMINA BAKINIZ
Dönem 2,15 Mayıs 2026 Cuma,12:30,13:30,ÖĞLE ARASI,,
Dönem 2,15 Mayıs 2026 Cuma,14:00,14:40,7-İltihap I-Tanımlama - adlandırma - akut iltihabın patogenezi / Doç. Dr. Şule Öztürk Sarı (Dr.Öğr.Gör.Neslihan Berker),PATOLOJİLERE VE KLİNİĞE GİRİŞ DİLİMİ / TIBBİ PATOLOJİ AD.,FAKÜLTEMİZ WEB SİTESİ ÖĞRENCİ AĞI AMFİ PROGRAMINA BAKINIZ
Dönem 2,15 Mayıs 2026 Cuma,14:50,15:30,8-İltihap II-Kimyasal medyatörler ve kronik iltihap / Doç. Dr. Şule Öztürk Sarı (Dr.Öğr.Gör.Neslihan Berker),PATOLOJİLERE VE KLİNİĞE GİRİŞ DİLİMİ / TIBBİ PATOLOJİ AD.,FAKÜLTEMİZ WEB SİTESİ ÖĞRENCİ AĞI AMFİ PROGRAMINA BAKINIZ
Dönem 2,15 Mayıs 2026 Cuma,15:40,16:20,13-Candida cinsi ve klinik önemi olan diğer mayalar / Prof. Dr. Meltem UZUN (Prof. Dr. Dilek ŞATANA),PATOLOJİLERE VE KLİNİĞE GİRİŞ DİLİMİ / TIBBİ MİKROBİYOLOJİ AD.,FAKÜLTEMİZ WEB SİTESİ ÖĞRENCİ AĞI AMFİ PROGRAMINA BAKINIZ
Dönem 2,18 Mayıs 2026 Pazartesi,08:30,10:20,UYGULAMA,PATOLOJİLERE VE KLİNİĞE GİRİŞ DİLİMİ,FAKÜLTEMİZ WEB SİTESİ ÖĞRENCİ AĞI DÖNEM 2 UYGULAMA PROGRAMINA BAKINIZ
Dönem 2,18 Mayıs 2026 Pazartesi,11:00,11:40,9-İltihap III-İltihabın morfolojisi iyileşme ve canlı hastalık etkenleri / Doç. Dr. Şule Öztürk Sarı (Dr.Öğr.Gör.Neslihan Berker),PATOLOJİLERE VE KLİNİĞE GİRİŞ DİLİMİ / TIBBİ PATOLOJİ AD.,FAKÜLTEMİZ WEB SİTESİ ÖĞRENCİ AĞI AMFİ PROGRAMINA BAKINIZ
Dönem 2,18 Mayıs 2026 Pazartesi,11:50,12:30,10-Neoplazi-Tanımlama - terminoloji - sınıflandırma - selim ve habis tümörlerin genel morfolojik özellikleri / Öğr.Gör.Dr.Sidar Bağbudar (Doç.Dr.Gökçen Ünverengil),PATOLOJİLERE VE KLİNİĞE GİRİŞ DİLİMİ / TIBBİ PATOLOJİ AD.,FAKÜLTEMİZ WEB SİTESİ ÖĞRENCİ AĞI AMFİ PROGRAMINA BAKINIZ
Dönem 2,18 Mayıs 2026 Pazartesi,12:30,13:30,ÖĞLE ARASI,,
Dönem 2,18 Mayıs 2026 Pazartesi,13:30,14:10,9-İlaçların istenmeyen etkileri 1 / Prof. Dr. A. Pınar YAMANTÜRK ÇELİK (Doç. Dr. Ayça Dilruba ASLANGER),PATOLOJİLERE VE KLİNİĞE GİRİŞ DİLİMİ / TIBBİ FARMAKOLOJİ AD.,FAKÜLTEMİZ WEB SİTESİ ÖĞRENCİ AĞI AMFİ PROGRAMINA BAKINIZ
Dönem 2,18 Mayıs 2026 Pazartesi,14:20,15:00,10-İlaçların istenmeyen etkileri 2 / Prof. Dr. A. Pınar YAMANTÜRK ÇELİK (Prof. Dr. A. Yağız ÜRESİN),PATOLOJİLERE VE KLİNİĞE GİRİŞ DİLİMİ / TIBBİ FARMAKOLOJİ AD.,FAKÜLTEMİZ WEB SİTESİ ÖĞRENCİ AĞI AMFİ PROGRAMINA BAKINIZ
Dönem 2,18 Mayıs 2026 Pazartesi,15:10,15:50,15-Malassezia - Hortea - Piedraia - Trichosporon - Microsporum - Trichophyton - Epidermophyton cinsleri / Prof. Dr. Meltem UZUN (Prof. Dr. Dilek ŞATANA),PATOLOJİLERE VE KLİNİĞE GİRİŞ DİLİMİ / TIBBİ MİKROBİYOLOJİ AD.,FAKÜLTEMİZ WEB SİTESİ ÖĞRENCİ AĞI AMFİ PROGRAMINA BAKINIZ
Dönem 2,18 Mayıs 2026 Pazartesi,16:00,16:40,16-Kızamıkçık ve kabakulak virusları / Dr. Öğr. Üyesi Mustafa ÖNEL (Prof. Dr. Sevim MEŞE),PATOLOJİLERE VE KLİNİĞE GİRİŞ DİLİMİ / TIBBİ MİKROBİYOLOJİ AD.,FAKÜLTEMİZ WEB SİTESİ ÖĞRENCİ AĞI AMFİ PROGRAMINA BAKINIZ
Dönem 2,19 Mayıs 2026 Salı,,,"ATATÜRK'Ü ANMA, GENÇLİK VE SPOR BAYRAMI",,
Dönem 2,20 Mayıs 2026 Çarşamba,10:00,12:00,SERBEST ÇALIŞMA (Dönem 1 sınavı ),,
Dönem 2,20 Mayıs 2026 Çarşamba,10:30,12:20,UYGULAMA,PATOLOJİLERE VE KLİNİĞE GİRİŞ DİLİMİ,FAKÜLTEMİZ WEB SİTESİ ÖĞRENCİ AĞI DÖNEM 2 UYGULAMA PROGRAMINA BAKINIZ
Dönem 2,20 Mayıs 2026 Çarşamba,12:30,13:30,ÖĞLE ARASI,,
Dönem 2,20 Mayıs 2026 Çarşamba,13:30,14:10,11-İlaç etkileşimleri / Prof. Dr. A. Pınar YAMANTÜRK ÇELİK (Prof. Dr. A. Yağız ÜRESİN),PATOLOJİLERE VE KLİNİĞE GİRİŞ DİLİMİ / TIBBİ FARMAKOLOJİ AD.,FAKÜLTEMİZ WEB SİTESİ ÖĞRENCİ AĞI AMFİ PROGRAMINA BAKINIZ
Dönem 2,20 Mayıs 2026 Çarşamba,14:20,15:00,12-İlaçların etkilerini değiştiren faktörler ve farmakogenetik /  Uzm. Dr. Zinnet EREN  (Prof. Dr. A. Pınar YAMANTÜRK ÇELİK),PATOLOJİLERE VE KLİNİĞE GİRİŞ DİLİMİ / TIBBİ FARMAKOLOJİ AD.,FAKÜLTEMİZ WEB SİTESİ ÖĞRENCİ AĞI AMFİ PROGRAMINA BAKINIZ
Dönem 2,20 Mayıs 2026 Çarşamba,15:10,15:50,17-Kızamık ve suçiçeği virusları / Dr. Öğr. Üyesi Mustafa ÖNEL (Prof. Dr. Hayriye KIRKOYUN UYSAL ),PATOLOJİLERE VE KLİNİĞE GİRİŞ DİLİMİ / TIBBİ MİKROBİYOLOJİ AD.,FAKÜLTEMİZ WEB SİTESİ ÖĞRENCİ AĞI AMFİ PROGRAMINA BAKINIZ
Dönem 2,20 Mayıs 2026 Çarşamba,16:00,16:40,18-Herpesviruslar (HSV-1 2 - HHV-6 7 8) ve adenoviruslar / Prof. Dr. Hayriye KIRKOYUN UYSAL (Prof. Dr. Sevim MEŞE),PATOLOJİLERE VE KLİNİĞE GİRİŞ DİLİMİ / TIBBİ MİKROBİYOLOJİ AD.,FAKÜLTEMİZ WEB SİTESİ ÖĞRENCİ AĞI AMFİ PROGRAMINA BAKINIZ
Dönem 2,21 Mayıs 2026 Perşembe,08:30,09:10,11-Kanser epidemiyolojisi - klinik ve patolojik evreleme prognoz /Dr. Öğr. Gör. Özge Hürdoğan (Dr.Öğr.Gör.Neslihan Berker),PATOLOJİLERE VE KLİNİĞE GİRİŞ DİLİMİ / TIBBİ PATOLOJİ AD.,FAKÜLTEMİZ WEB SİTESİ ÖĞRENCİ AĞI AMFİ PROGRAMINA BAKINIZ
Dönem 2,21 Mayıs 2026 Perşembe,09:20,10:00,12-Karsinogenez I-Onkogenler / Dr. Öğr. Gör. Özge Hürdoğan (Doç. Dr. Gökçen ÜNVERENGİL),PATOLOJİLERE VE KLİNİĞE GİRİŞ DİLİMİ / TIBBİ PATOLOJİ AD.,FAKÜLTEMİZ WEB SİTESİ ÖĞRENCİ AĞI AMFİ PROGRAMINA BAKINIZ
Dönem 2,21 Mayıs 2026 Perşembe,10:30,12:20,UYGULAMA,PATOLOJİLERE VE KLİNİĞE GİRİŞ DİLİMİ,FAKÜLTEMİZ WEB SİTESİ ÖĞRENCİ AĞI DÖNEM 2 UYGULAMA PROGRAMINA BAKINIZ
Dönem 2,21 Mayıs 2026 Perşembe,12:30,13:30,ÖĞLE ARASI,,
Dönem 2,21 Mayıs 2026 Perşembe,13:30,14:10,Onkogenler ve kanser problemine yaklaşım / ÖZGE ŞÜKRÜOĞLU (İngilizce Tıp ile ortak ders),PATOLOJİLERE VE KLİNİĞE GİRİŞ DİLİMİ / ONKOLOJİ ENSTİTÜSÜ,FAKÜLTEMİZ WEB SİTESİ ÖĞRENCİ AĞI AMFİ PROGRAMINA BAKINIZ
Dönem 2,21 Mayıs 2026 Perşembe,14:20,15:00,19-Viral hepatit etkenleri (A ve E) / Prof. Dr. Sevim MEŞE (Dr. Öğr. Üyesi Mustafa ÖNEL),PATOLOJİLERE VE KLİNİĞE GİRİŞ DİLİMİ / TIBBİ MİKROBİYOLOJİ AD.,FAKÜLTEMİZ WEB SİTESİ ÖĞRENCİ AĞI AMFİ PROGRAMINA BAKINIZ
Dönem 2,21 Mayıs 2026 Perşembe,15:10,15:50,20-Viral hepatit etkenleri (B (D ve C) / Prof. Dr. Sevim MEŞE (Dr. Öğr. Üyesi Mustafa ÖNEL),PATOLOJİLERE VE KLİNİĞE GİRİŞ DİLİMİ / TIBBİ MİKROBİYOLOJİ AD.,FAKÜLTEMİZ WEB SİTESİ ÖĞRENCİ AĞI AMFİ PROGRAMINA BAKINIZ
Dönem 2,21 Mayıs 2026 Perşembe,16:00,16:40,7-Pseudomonas - Burkholderia - Stenotrophomonas ve Acinetobacter cinsleri /Doç. Dr. Deniz Bahar AKGÜN KARAPINAR (Prof. Dr. Betigül ÖNGEN),PATOLOJİLERE VE KLİNİĞE GİRİŞ DİLİMİ / TIBBİ MİKROBİYOLOJİ AD.,FAKÜLTEMİZ WEB SİTESİ ÖĞRENCİ AĞI AMFİ PROGRAMINA BAKINIZ
Dönem 2,22 Mayıs 2026 Cuma,08:30,10:20,UYGULAMA,PATOLOJİLERE VE KLİNİĞE GİRİŞ DİLİMİ,FAKÜLTEMİZ WEB SİTESİ ÖĞRENCİ AĞI DÖNEM 2 UYGULAMA PROGRAMINA BAKINIZ
Dönem 2,22 Mayıs 2026 Cuma,11:00,11:40,13-Karsinogenez II-Karsinojenik ajanlar - Moleküler patoloji ve genetik / Dr. Öğr. Gör. Özge Hürdoğan (Doç. Dr. Gökçen ÜNVERENGİL),PATOLOJİLERE VE KLİNİĞE GİRİŞ DİLİMİ / TIBBİ PATOLOJİ AD.,FAKÜLTEMİZ WEB SİTESİ ÖĞRENCİ AĞI AMFİ PROGRAMINA BAKINIZ
Dönem 2,22 Mayıs 2026 Cuma,11:50,12:30,14-Tümör biyolojisi-Hücre kinetiği - Yayılım ve metastaz / Öğr.Gör.Dr.Sidar Bağbudar (Dr Dr. Öğr. Gör. Özge Hürdoğan),PATOLOJİLERE VE KLİNİĞE GİRİŞ DİLİMİ / TIBBİ PATOLOJİ AD.,FAKÜLTEMİZ WEB SİTESİ ÖĞRENCİ AĞI AMFİ PROGRAMINA BAKINIZ
Dönem 2,22 Mayıs 2026 Cuma,12:30,13:30,ÖĞLE ARASI,,
Dönem 2,22 Mayıs 2026 Cuma,14:00,14:40,SERBEST ÇALIŞMA,,
Dönem 2,22 Mayıs 2026 Cuma,14:50,15:30,22-Prionlar ve mikroorganizma-prion farkları / Prof. Dr. Sevim MEŞE (Prof. Dr. Hayriye KIRKOYUN UYSAL ),PATOLOJİLERE VE KLİNİĞE GİRİŞ DİLİMİ / TIBBİ MİKROBİYOLOJİ AD.,FAKÜLTEMİZ WEB SİTESİ ÖĞRENCİ AĞI AMFİ PROGRAMINA BAKINIZ
Dönem 2,22 Mayıs 2026 Cuma,15:40,16:10,Ek Ders - Prof. Dr. Ayşe Pınar YAMANTÜRK-ÇELİK ,Farmakoloji - Ek Ders,FAKÜLTEMİZ WEB SİTESİ ÖĞRENCİ AĞI AMFİ PROGRAMINA BAKINIZ
Dönem 2,25 Mayıs 2026 Pazartesi,08:30,16:20,SERBEST ÇALIŞMA,,
Dönem 2,26 Mayıs 2026 Salı,08:30,12:30,SERBEST ÇALIŞMA,,
Dönem 2,26 Mayıs 2026 Salı,,,KURBAN BAYRAMI ARİFESİ,,
Dönem 2,27 Mayıs 2026 Çarşamba,,,KURBAN BAYRAMI,,
Dönem 2,28 Mayıs 2026 Perşembe,,,KURBAN BAYRAMI,,
Dönem 2,29 Mayıs 2026 Cuma,,,KURBAN BAYRAMI,,
Dönem 2,1 Haziran 2026 Pazartesi,08:30,10:20,UYGULAMA,PATOLOJİLERE VE KLİNİĞE GİRİŞ DİLİMİ,FAKÜLTEMİZ WEB SİTESİ ÖĞRENCİ AĞI DÖNEM 2 UYGULAMA PROGRAMINA BAKINIZ
Dönem 2,1 Haziran 2026 Pazartesi,10:30,12:20,UYGULAMA,PATOLOJİLERE VE KLİNİĞE GİRİŞ DİLİMİ,FAKÜLTEMİZ WEB SİTESİ ÖĞRENCİ AĞI DÖNEM 2 UYGULAMA PROGRAMINA BAKINIZ
Dönem 2,1 Haziran 2026 Pazartesi,12:30,13:30,ÖĞLE ARASI,,
Dönem 2,1 Haziran 2026 Pazartesi,13:30,14:10,21-HIV ve diğer retrovirüsler / Prof. Dr. Ali AĞAÇFİDAN  / (Prof. Dr. Hayriye KIRKOYUN UYSAL ),PATOLOJİLERE VE KLİNİĞE GİRİŞ DİLİMİ / TIBBİ MİKROBİYOLOJİ AD.,FAKÜLTEMİZ WEB SİTESİ ÖĞRENCİ AĞI AMFİ PROGRAMINA BAKINIZ
Dönem 2,1 Haziran 2026 Pazartesi,14:20,15:20,24-Aşılar /Prof. Dr. Sevim MEŞE (Prof. Dr. Hayriye Kırkoyun Uysal),PATOLOJİLERE VE KLİNİĞE GİRİŞ DİLİMİ / TIBBİ MİKROBİYOLOJİ AD.,FAKÜLTEMİZ WEB SİTESİ ÖĞRENCİ AĞI AMFİ PROGRAMINA BAKINIZ
Dönem 2,1 Haziran 2026 Pazartesi,15:30,16:10,25-Mikroorganizmaların sürveyansı ve kontrolü /Doç. Dr. Muammer Osman KÖKSAL (Prof. Dr. Hayriye KIRKOYUN UYSAL),PATOLOJİLERE VE KLİNİĞE GİRİŞ DİLİMİ / TIBBİ MİKROBİYOLOJİ AD.,FAKÜLTEMİZ WEB SİTESİ ÖĞRENCİ AĞI AMFİ PROGRAMINA BAKINIZ
Dönem 2,1 Haziran 2026 Pazartesi,16:20,17:00,23-Onkojen viruslar ve mikroorganizma–kanser ilişkisi / Prof. Dr. Hayriye KIRKOYUN UYSAL (Prof. Dr. Sevim MEŞE),PATOLOJİLERE VE KLİNİĞE GİRİŞ DİLİMİ / TIBBİ MİKROBİYOLOJİ AD.,FAKÜLTEMİZ WEB SİTESİ ÖĞRENCİ AĞI AMFİ PROGRAMINA BAKINIZ
Dönem 2,2 Haziran 2026 Salı,08:30,10:20,UYGULAMA,PATOLOJİLERE VE KLİNİĞE GİRİŞ DİLİMİ,FAKÜLTEMİZ WEB SİTESİ ÖĞRENCİ AĞI DÖNEM 2 UYGULAMA PROGRAMINA BAKINIZ
Dönem 2,2 Haziran 2026 Salı,10:30,12:20,UYGULAMA,PATOLOJİLERE VE KLİNİĞE GİRİŞ DİLİMİ,FAKÜLTEMİZ WEB SİTESİ ÖĞRENCİ AĞI DÖNEM 2 UYGULAMA PROGRAMINA BAKINIZ
Dönem 2,2 Haziran 2026 Salı,12:30,13:30,ÖĞLE ARASI,,
Dönem 2,2 Haziran 2026 Salı,13:30,14:10,15-Ödem ve şok / Dr.Öğr.Üyesi Ali Yılmaz Altay (Dr. Öğr. Gör. Özge Hürdoğan),PATOLOJİLERE VE KLİNİĞE GİRİŞ DİLİMİ / TIBBİ PATOLOJİ AD.,FAKÜLTEMİZ WEB SİTESİ ÖĞRENCİ AĞI AMFİ PROGRAMINA BAKINIZ
Dönem 2,2 Haziran 2026 Salı,14:20,15:00,16-Trombüs - embolüs - infarktüs / Dr.Öğr.Üyesi Ali Yılmaz Altay (Dr. Öğr. Gör. Özge Hürdoğan),PATOLOJİLERE VE KLİNİĞE GİRİŞ DİLİMİ / TIBBİ PATOLOJİ AD.,FAKÜLTEMİZ WEB SİTESİ ÖĞRENCİ AĞI AMFİ PROGRAMINA BAKINIZ
Dönem 2,2 Haziran 2026 Salı,15:10,15:50,SERBEST ÇALIŞMA,,
Dönem 2,2 Haziran 2026 Salı,16:00,16:40,SERBEST ÇALIŞMA,,
Dönem 2,3 Haziran 2026 Çarşamba,08:30,12:00,SERBEST ÇALIŞMA,,
Dönem 2,3 Haziran 2026 Çarşamba,12:30,13:30,ÖĞLE ARASI,,
Dönem 2,3 Haziran 2026 Çarşamba,13:00,16:40,SERBEST ÇALIŞMA,,
Dönem 2,4 Haziran 2026 Perşembe,13:00,14:30,DİLİM SINAVI,PATOLOJİLERE VE KLİNİĞE GİRİŞ DİLİMİ,FAKÜLTEMİZ WEB SİTESİ ÖĞRENCİ AĞI AMFİ PROGRAMINA BAKINIZ
Dönem 2,5 Haziran 2026 Cuma,08:30,12:20,SERBEST ÇALIŞMA,,
Dönem 2,5 Haziran 2026 Cuma,13:30,16:20,SERBEST ÇALIŞMA,,
Dönem 2,8 Haziran 2026 Pazartesi,09:00,16:00,HİSTOLOJİ UYGULAMA SINAVI,ENDOKRİN I DİLİMİ + ÜROGENİTAL VE ÜREME DİLİMİ + SİNİR VE DUYU I DİLİMİ,FAKÜLTEMİZ WEB SİTESİ ÖĞRENCİ AĞI AMFİ PROGRAMINA BAKINIZ
Dönem 2,9 Haziran 2026 Salı,09:00,10:00,FİZYOLOJİ UYGULAMA SINAVI ( SİNİR DUYU-1 ),SİNİR VE DUYU I DİLİMİ,
Dönem 2,10 Haziran 2026 Çarşamba,08:00,16:00,ANATOMİ UYGULAMA SINAVI,ÜROGENİTAL VE ÜREME DİLİMİ + SİNİR VE DUYU I DİLİMİ,FAKÜLTEMİZ WEB SİTESİ ÖĞRENCİ AĞI AMFİ PROGRAMINA BAKINIZ
Dönem 2,10 Haziran 2026 Çarşamba,15:00,16:00,BİYOKİMYA UYGULAMA SINAVI,ÜROGENİTAL VE ÜREME DİLİMİ (Alttan Alanlar),FAKÜLTEMİZ WEB SİTESİ ÖĞRENCİ AĞI AMFİ PROGRAMINA BAKINIZ
Dönem 2,11 Haziran 2026 Perşembe,09:00,14:00,PATOLOJİ UYGULAMA SINAVI,PATOLOJİLERE VE KLİNİĞE GİRİŞ DİLİMİ,FAKÜLTEMİZ WEB SİTESİ ÖĞRENCİ AĞI AMFİ PROGRAMINA BAKINIZ
Dönem 2,12 Haziran 2026 Cuma,10:00,15.00,MİKROBİYOLOJİ UYGULAMA SINAVI,PATOLOJİLERE VE KLİNİĞE GİRİŞ DİLİMİ,FAKÜLTEMİZ WEB SİTESİ ÖĞRENCİ AĞI AMFİ PROGRAMINA BAKINIZ
Dönem 2,12 Haziran 2026 Cuma,14:00,16:30,SERBEST ÇALIŞMA (Dönem 3 Uygulama Sınavı),,
Dönem 2,15 Haziran 2026 Pazartesi,13:30,16:00,DÖNEM SINAVI,ÜROGENİTAL ÜREME-I / ENDOKRİN-I / DİKEY KORİDOR,FAKÜLTEMİZ WEB SİTESİ ÖĞRENCİ AĞI AMFİ PROGRAMINA BAKINIZ
Dönem 2,16 Haziran 2026 Salı,10:00,13:00,SERBEST ÇALIŞMA (Dönem 3 Sınavı),,
Dönem 2,17 Haziran 2026 Çarşamba,10:00,13:00,SERBEST ÇALIŞMA (Dönem 3 Sınavı),,
Dönem 2,18 Haziran 2026 Perşembe,09:30,11:30,SERBEST ÇALIŞMA (Dönem 1 Uzaktan Eğitim Sınavı),,
Dönem 2,18 Haziran 2026 Perşembe,13:30,16:00,DÖNEM SINAVI,SİNİR DUYU-1 / PATOLOJİLERE VE KLİNİĞE GİRİŞ,FAKÜLTEMİZ WEB SİTESİ ÖĞRENCİ AĞI AMFİ PROGRAMINA BAKINIZ
Dönem 2,19 Haziran 2026 Cuma,08:00,16:00,SERBEST ÇALIŞMA,,
Dönem 2,22 Haziran 2026 Pazartesi,08:00,16:00,HİSTOLOJİ UYGULAMA BÜTÜNLEME SINAVI,KAN LENFOİD DİLİMİ + DOLAŞIM I DİLİMİ + SOLUNUM I DİLİMİ+ SİNDİRİM I DİLİMİ ,FAKÜLTEMİZ WEB SİTESİ ÖĞRENCİ AĞI AMFİ PROGRAMINA BAKINIZ
Dönem 2,23 Haziran 2026 Salı,10:00,12:30,FİZYOLOJİ UYGULAMA BÜTÜNLEME SINAVI,KAN LENFOİD DİLİMİ + DOLAŞIM I DİLİMİ + SOLUNUM I DİLİMİ,FAKÜLTEMİZ WEB SİTESİ ÖĞRENCİ AĞI AMFİ PROGRAMINA BAKINIZ
Dönem 2,23 Haziran 2026 Salı,13:00,14:00,BİYOKİMYA UYGULAMA BÜTÜNLEME SINAVI,METABOLİZMA DİLİMİ ,FAKÜLTEMİZ WEB SİTESİ ÖĞRENCİ AĞI AMFİ PROGRAMINA BAKINIZ
Dönem 2,24 Haziran 2026 Çarşamba,08:00,16:00,ANATOMİ UYGULAMA BÜTÜNLEME SINAVI,DOLAŞIM I DİLİMİ + SOLUNUM I DİLİMİ+ SİNDİRİM I DİLİMİ ,FAKÜLTEMİZ WEB SİTESİ ÖĞRENCİ AĞI AMFİ PROGRAMINA BAKINIZ
Dönem 2,26 Haziran 2026 Cuma,10:00,13:00,SERBEST ÇALIŞMA (Dönem 1 Uzaktan Eğitim Bütünleme Sınavı),,
Dönem 2,26 Haziran 2026 Cuma,14:00,15:30,BÜTÜNLEME SINAVI 1,KAN LENFOİD DİLİMİ + DOLAŞIM I DİLİMİ,FAKÜLTEMİZ WEB SİTESİ ÖĞRENCİ AĞI AMFİ PROGRAMINA BAKINIZ
Dönem 2,29 Haziran 2026 Pazartesi,10:00,13:00,BÜTÜNLEME SINAVI 2,SİNDİRİM-1 / SOLUNUM-1 /METABOLİZMA -1 / DİKEY KORİDOR 2 ),FAKÜLTEMİZ WEB SİTESİ ÖĞRENCİ AĞI AMFİ PROGRAMINA BAKINIZ
Dönem 2,29 Haziran 2026 Pazartesi,09:00,15:30,SERBEST ÇALIŞMA (Dönem1 Uygulama Bütünleme Sınavı ),,
Dönem 2,30 Haziran 2026 Salı,09:00,13:00,SERBEST ÇALIŞMA (Dönem3 Uygulama Sınavı ),,
Dönem 2,30 Haziran 2026 Salı,14:00,15:00,BİYOKİMYA UYGULAMA BÜTÜNLEME SINAVI,ÜROGENİTAL VE ÜREME DİLİMİ,FAKÜLTEMİZ WEB SİTESİ ÖĞRENCİ AĞI AMFİ PROGRAMINA BAKINIZ
Dönem 2,1 Temmuz 2026 Çarşamba,14:00,15:00,FİZYOLOJİ UYGULAMA BÜTÜNLEME SINAVI,SİNİR VE DUYU I DİLİMİ,FAKÜLTEMİZ WEB SİTESİ ÖĞRENCİ AĞI AMFİ PROGRAMINA BAKINIZ
Dönem 2,1 Temmuz 2026 Çarşamba,09:00,13:00,SERBEST ÇALIŞMA (Dönem3 Uygulama Sınavı ),,
Dönem 2,2 Temmuz 2026 Perşembe,08:00,14:00,ANATOMİ UYGULAMA BÜTÜNLEME SINAVI,ÜROGENİTAL VE ÜREME DİLİMİ + SİNİR VE DUYU I DİLİMİ,FAKÜLTEMİZ WEB SİTESİ ÖĞRENCİ AĞI AMFİ PROGRAMINA BAKINIZ
Dönem 2,2 Temmuz 2026 Perşembe,09:00,13:00,SERBEST ÇALIŞMA (Dönem3 Uygulama Sınavı ),,
Dönem 2,3 Temmuz 2026 Cuma,08:00,14:00,HİSTOLOJİ UYGULAMA BÜTÜNLEME SINAVI,ENDOKRİN I DİLİMİ + ÜROGENİTAL VE ÜREME DİLİMİ + SİNİR VE DUYU I DİLİMİ,FAKÜLTEMİZ WEB SİTESİ ÖĞRENCİ AĞI AMFİ PROGRAMINA BAKINIZ
Dönem 2,3 Temmuz 2026 Cuma,09:00,10:00,SERBEST ÇALIŞMA (Dönem1 Yaralı Taşıma Teknikleri Bütünleme Sınavı ),,
Dönem 2,6 Temmuz 2026 Pazartesi,10:00,12:00,,,
Dönem 2,6 Temmuz 2026 Pazartesi,10:30,12:30,PATOLOJİ UYGULAMA BÜTÜNLEME SINAVI,PATOLOJİLERE VE KLİNİĞE GİRİŞ DİLİMİ,FAKÜLTEMİZ WEB SİTESİ ÖĞRENCİ AĞI AMFİ PROGRAMINA BAKINIZ
Dönem 2,7 Temmuz 2026 Salı,10:00,13:00,SERBEST ÇALIŞMA (Dönem3 Sınavı ),,
Dönem 2,7 Temmuz 2026 Salı,13:00,15:00,MİKROBİYOLOJİ UYGULAMA BÜTÜNLEME SINAVI,PATOLOJİLERE VE KLİNİĞE GİRİŞ DİLİMİ,FAKÜLTEMİZ WEB SİTESİ ÖĞRENCİ AĞI AMFİ PROGRAMINA BAKINIZ
Dönem 2,8 Temmuz 2026 Çarşamba,10:00,13:00,SERBEST ÇALIŞMA (Dönem3 Sınavı ),,
Dönem 2,8 Temmuz 2026 Çarşamba,13:30,15:30,BÜTÜNLEME SINAVI 3,ENDOKRİN I DİLİMİ + ÜROGENİTAL VE ÜREME DİLİMİ + DİKEY KORİDOR II DİLİMİ,FAKÜLTEMİZ WEB SİTESİ ÖĞRENCİ AĞI AMFİ PROGRAMINA BAKINIZ
Dönem 2,9 Temmuz 2026 Perşembe,13:30,15:30,BÜTÜNLEME SINAVI 4,SİNİR VE DUYU I DİLİMİ + PATOLOJİLERE VE KLİNİĞE GİRİŞ DİLİMİ,FAKÜLTEMİZ WEB SİTESİ ÖĞRENCİ AĞI AMFİ PROGRAMINA BAKINIZ