Dönem,TARİH,Başlama Saati,Bitiş Saati,KONU,DİLİM ADI / ANABİLİM DALI,YER,,,,,,
Dönem 1,HER HAFTA PAZARTESİ,16:00,17:00,GÜZEL SANATLAR / KAZIM ABDULLAEV,,ONLİNE,,,,,,
Dönem 1,HER HAFTA SALI,11:00,12:30,ATATÜRK İLKELERİ VE İNKILAP TARİHİ / AYDIN ÇAKMAK,,ONLİNE,,,,,,
Dönem 1,HER HAFTA SALI,12:30,14:00,YABANCI UYRUKLULAR İÇİN ATATÜRK İLKELERİ VE İNKILAP TARİHİ / AYDIN ÇAKMAK,,ONLİNE,,,,,,
Dönem 1,HER HAFTA PERŞEMBE,17:00,18:00,TÜRK DİLİ / AHMET PEKŞEN,,ONLİNE,,,,,,
Dönem 1,HER HAFTA PERŞEMBE,18:00,19:00,YABANCI UYRUKLULAR İÇİN TÜRK DİLİ / AHMET PEKŞEN,,ONLİNE,,,,,,
Dönem 1,HER HAFTA CUMA,15:00,17:00,YABANCI DİL / Öğr. Gör. Erhan TECİMEN,,ONLİNE,,,,,,
Dönem 1,29 Eylül 2025 Pazartesi,08:30,16:00,Açılış Töreni,,,,,,,,
Dönem 1,30 Eylül 2025 Salı,08:30,16:00,Açılış Töreni,,,,,,,,
Dönem 1,1 Ekim 2025 Çarşamba,08:30,09:10,İlk Ders GAZZE - Derse Yönelim  ve  Patch Adams Tartışması  / Prof. Dr. Güler BAHADIR (İnglizce Tıp ile ortak),TIBBA MERHABA DİLİMİ / RUH SAĞLIĞI VE HASTALIKLARI AD.,FAKÜLTEMİZ WEB SİTESİ ÖĞRENCİ AĞI AMFİ PROGRAMINA BAKINIZ,,,,,,
Dönem 1,1 Ekim 2025 Çarşamba,09:20,10:00,ENTEGRE OTURUM - Tıbba Merhaba Dilimi tanıtımı - İnsanı Tanımak - Prof. Dr.İlhan İLKILIÇ/ Dr. Öğr. Üyesi Ayşen YAVRU / Prof. Dr.Güler BAHADIR (Doç. Dr. Ayşe Nilüfer ALÇALAR) / Prof. Dr. Selma KARABEY (Prof. Dr. Gülsüm Nurhan İNCE) (İngilizce Tıp ile ortak ders),TIBBA MERHABA DİLİMİ / TIP TARİHİ VE ETİK AD. - ANESTEZİYOLOJİ VE REANİMASYON AD. - RUH SAĞLIĞI VE HASTALIKLARI AD. - HALK SAĞLIĞI AD.,FAKÜLTEMİZ WEB SİTESİ ÖĞRENCİ AĞI AMFİ PROGRAMINA BAKINIZ,,,,,,
Dönem 1,1 Ekim 2025 Çarşamba,10:10,10:50,ENTEGRE OTURUM - Tıbba Merhaba Dilimi tanıtımı - İlk Yardım - Dr. Öğr. Üyesi Ayşen YAVRU (Prof. Dr. Kemalettin KOLTKA) / Prof.Dr. İlhan İLKILIÇ (İngilizce Tıp ile ortak ders),TIBBA MERHABA DİLİMİ / ANESTEZİYOLOJİ VE REANİMASYON AD. - TIP TARİHİ VE ETİK AD.,FAKÜLTEMİZ WEB SİTESİ ÖĞRENCİ AĞI AMFİ PROGRAMINA BAKINIZ,,,,,,
Dönem 1,1 Ekim 2025 Çarşamba,11:00,11:40,1-Psikolojinin Tanımı - Tarihçesi ve Tıptaki Yeri / Doç. Dr. Ayşe Nilüfer ALÇALAR (Dr. Öğr. Üyesi Irmak Polat),TIBBA MERHABA DİLİMİ / RUH SAĞLIĞI VE HASTALIKLARI AD.,FAKÜLTEMİZ WEB SİTESİ ÖĞRENCİ AĞI AMFİ PROGRAMINA BAKINIZ,,,,,,
Dönem 1,1 Ekim 2025 Çarşamba,11:50,12:30,2-Psikoloji Akımları ve Psikolojinin Uygulama Alanları / / Doç. Dr. Ayşe Nilüfer ALÇALAR (Dr. Öğr. Üyesi Irmak Polat),TIBBA MERHABA DİLİMİ / RUH SAĞLIĞI VE HASTALIKLARI AD.,FAKÜLTEMİZ WEB SİTESİ ÖĞRENCİ AĞI AMFİ PROGRAMINA BAKINIZ,,,,,,
Dönem 1,1 Ekim 2025 Çarşamba,13:30,14:10,Seçmeli Dersler - 1,,FAKÜLTEMİZ WEB SİTESİ ÖĞRENCİ AĞI SEÇMELİ DERS AMFİ PROGRAMINA BAKINIZ,,,,,,
Dönem 1,1 Ekim 2025 Çarşamba,14:20,15:00,Seçmeli Dersler - 1,,FAKÜLTEMİZ WEB SİTESİ ÖĞRENCİ AĞI SEÇMELİ DERS AMFİ PROGRAMINA BAKINIZ,,,,,,
Dönem 1,1 Ekim 2025 Çarşamba,15:10,15:50,Seçmeli Dersler - 1,,FAKÜLTEMİZ WEB SİTESİ ÖĞRENCİ AĞI SEÇMELİ DERS AMFİ PROGRAMINA BAKINIZ,,,,,,
Dönem 1,2 Ekim 2025 Perşembe,08:30,09:10,SERBEST ÇALIŞMA,,,,,,,,
Dönem 1,2 Ekim 2025 Perşembe,09:20,10:00,1-Temel Yaşam Desteği - I / Dr.Öğr.Üyesi Hacer Ayşen YAVRU (Doç. Dr. Achmet ALİ),TIBBA MERHABA DİLİMİ / ANESTEZİYOLOJİ AD.,FAKÜLTEMİZ WEB SİTESİ ÖĞRENCİ AĞI AMFİ PROGRAMINA BAKINIZ,,,,,,
Dönem 1,2 Ekim 2025 Perşembe,10:10,10:50,2-Temel Yaşam Desteği - II / Dr.Öğr.Üyesi Hacer Ayşen YAVRU (Doç. Dr. Achmet ALİ),TIBBA MERHABA DİLİMİ / ANESTEZİYOLOJİ AD.,FAKÜLTEMİZ WEB SİTESİ ÖĞRENCİ AĞI AMFİ PROGRAMINA BAKINIZ,,,,,,
Dönem 1,2 Ekim 2025 Perşembe,11:00,11:40,3-Biyopsikososyal yaklaşım modeli (Davranışın Biyolojisi) /  Doç. Dr. Ayşe Nilüfer ALÇALAR (Dr. Öğr. Üyesi Irmak Polat),TIBBA MERHABA DİLİMİ / RUH SAĞLIĞI VE HASTALIKLARI AD.,FAKÜLTEMİZ WEB SİTESİ ÖĞRENCİ AĞI AMFİ PROGRAMINA BAKINIZ,,,,,,
Dönem 1,2 Ekim 2025 Perşembe,11:50,12:30,4-İçgüdü (Dürtü - Güdü (Duygulanım ve Dengeleşim) /  Doç. Dr. Ayşe Nilüfer ALÇALAR (Dr. Öğr. Üyesi Irmak Polat),TIBBA MERHABA DİLİMİ / RUH SAĞLIĞI VE HASTALIKLARI AD.,FAKÜLTEMİZ WEB SİTESİ ÖĞRENCİ AĞI AMFİ PROGRAMINA BAKINIZ,,,,,,
Dönem 1,2 Ekim 2025 Perşembe,13:30,14:10,9-Çocukta İlk Yardım / Prof. Dr. Metin UYSALOL (Prof. Dr. Demet DEMİRKOL),TIBBA MERHABA DİLİMİ / ÇOCUK SAĞLIĞI VE HASTALIKLARI AD.,FAKÜLTEMİZ WEB SİTESİ ÖĞRENCİ AĞI AMFİ PROGRAMINA BAKINIZ,,,,,,
Dönem 1,2 Ekim 2025 Perşembe,14:20,15:00,SERBEST ÇALIŞMA,,,,,,,,
Dönem 1,2 Ekim 2025 Perşembe,15:10,15:50,"1-İnsan ,Hayat ve Ölüm Nedir? / Prof. Dr. İlhan İLKILIÇ (Prof. Dr. Fatma Arın NAMAL)",TIBBA MERHABA DİLİMİ / TIP TARİHİ VE ETİK A.D.,FAKÜLTEMİZ WEB SİTESİ ÖĞRENCİ AĞI AMFİ PROGRAMINA BAKINIZ,,,,,,
Dönem 1,2 Ekim 2025 Perşembe,16:00,16:40,2- Sağlık ve Hastalık Nedir? / Prof. Dr. İlhan İLKILIÇ (Prof. Dr. Fatma Arın NAMAL),TIBBA MERHABA DİLİMİ / TIP TARİHİ VE ETİK A.D.,FAKÜLTEMİZ WEB SİTESİ ÖĞRENCİ AĞI AMFİ PROGRAMINA BAKINIZ,,,,,,
Dönem 1,3 Ekim 2025 Cuma,08:30,09:10,1-Geçmişten günümüze sağlık / Prof. Dr. Selma KARABEY (Prof. Dr. Halim İŞSEVER),TIBBA MERHABA DİLİMİ / HALK SAĞLIĞI AD.,FAKÜLTEMİZ WEB SİTESİ ÖĞRENCİ AĞI AMFİ PROGRAMINA BAKINIZ,,,,,,
Dönem 1,3 Ekim 2025 Cuma,09:20,10:00,2-Sağlığın sosyal belirleyicileri / Prof. Dr. Gülsüm Nurhan İNCE (Prof. Dr. Selma KARABEY),TIBBA MERHABA DİLİMİ / HALK SAĞLIĞI AD.,FAKÜLTEMİZ WEB SİTESİ ÖĞRENCİ AĞI AMFİ PROGRAMINA BAKINIZ,,,,,,
Dönem 1,3 Ekim 2025 Cuma,10:30,12:20,UYGULAMA,TIBBA MERHABA DİLİMİ,FAKÜLTEMİZ WEB SİTESİ ÖĞRENCİ AĞI DÖNEM 1 UYGULAMA PROGRAMINA BAKINIZ,,,,,,
Dönem 1,3 Ekim 2025 Cuma,14:00,14:40,3- Tıpta İnsan Bilimleri / Prof. Dr. İlhan İLKILIÇ (Prof. Dr. Fatma Arın NAMAL),TIBBA MERHABA DİLİMİ / TIP TARİHİ VE ETİK A.D.,FAKÜLTEMİZ WEB SİTESİ ÖĞRENCİ AĞI AMFİ PROGRAMINA BAKINIZ,,,,,,
Dönem 1,3 Ekim 2025 Cuma,14:50,15:30,4-Mesleki Değerlerimiz / Prof. Dr. Fatma Arın NAMAL (Prof. Dr. İlhan İLKILIÇ),TIBBA MERHABA DİLİMİ / TIP TARİHİ VE ETİK A.D.,FAKÜLTEMİZ WEB SİTESİ ÖĞRENCİ AĞI AMFİ PROGRAMINA BAKINIZ,,,,,,
Dönem 1,6 Ekim 2025 Pazartesi,08:30,09:10,3-Halk temelli sağlık yaklaşımı / Prof. Dr. Selma KARABEY (Prof. Dr. Nuray ÖZGÜLNAR),TIBBA MERHABA DİLİMİ / HALK SAĞLIĞI AD.,FAKÜLTEMİZ WEB SİTESİ ÖĞRENCİ AĞI AMFİ PROGRAMINA BAKINIZ,,,,,,
Dönem 1,6 Ekim 2025 Pazartesi,09:20,10:00,4-Sağlığı Geliştirme / Prof. Dr. Selma KARABEY (Prof.Dr. Ayşe Emel ÖNAL),TIBBA MERHABA DİLİMİ / HALK SAĞLIĞI AD.,FAKÜLTEMİZ WEB SİTESİ ÖĞRENCİ AĞI AMFİ PROGRAMINA BAKINIZ,,,,,,
Dönem 1,6 Ekim 2025 Pazartesi,10:30,12:20,UYGULAMA,TIBBA MERHABA DİLİMİ,FAKÜLTEMİZ WEB SİTESİ ÖĞRENCİ AĞI DÖNEM 1 UYGULAMA PROGRAMINA BAKINIZ,,,,,,
Dönem 1,6 Ekim 2025 Pazartesi,13:30,14:10,5-Bilinç - Dikkat - Bilinç Bozuklukları - Uyku ve Rüya / Doç. Dr. Ayşe Nilüfer ALÇALAR (Dr. Öğr. Üyesi Irmak Polat),TIBBA MERHABA DİLİMİ / RUH SAĞLIĞI VE HASTALIKLARI AD.,FAKÜLTEMİZ WEB SİTESİ ÖĞRENCİ AĞI AMFİ PROGRAMINA BAKINIZ,,,,,,
Dönem 1,6 Ekim 2025 Pazartesi,14:20,15:00,6-Algı - Algının Özellikleri - Algı Yanılmaları ve Bozuklukları / Doç. Dr. Ayşe Nilüfer ALÇALAR (Dr. Öğr. Üyesi Irmak Polat),TIBBA MERHABA DİLİMİ / RUH SAĞLIĞI VE HASTALIKLARI AD.,FAKÜLTEMİZ WEB SİTESİ ÖĞRENCİ AĞI AMFİ PROGRAMINA BAKINIZ,,,,,,
Dönem 1,6 Ekim 2025 Pazartesi,15:10,15:50,1-Tıbba merhaba - Sigaraya elveda / Prof. Dr. Gülfer OKUMUŞ,TIBBA MERHABA DİLİMİ / GÖĞÜS HASTALIKLARI AD.,FAKÜLTEMİZ WEB SİTESİ ÖĞRENCİ AĞI AMFİ PROGRAMINA BAKINIZ,,,,,,
Dönem 1,6 Ekim 2025 Pazartesi,16:00,16:40,SERBEST ÇALIŞMA,,,,,,,,
Dönem 1,7 Ekim 2025 Salı,08:30,09:10,5-Tıpta Deontoloji / Prof. Dr. Fatma Arın NAMAL (Prof. Dr. İlhan İLKILIÇ),TIBBA MERHABA DİLİMİ / TIP TARİHİ VE ETİK A.D.,FAKÜLTEMİZ WEB SİTESİ ÖĞRENCİ AĞI AMFİ PROGRAMINA BAKINIZ,,,,,,
Dönem 1,7 Ekim 2025 Salı,09:20,10:00,6- Hasta Hakları ve Sorumlulukları / Prof. Dr. Fatma Arın NAMAL (Prof. Dr. İlhan İLKILIÇ),TIBBA MERHABA DİLİMİ / TIP TARİHİ VE ETİK A.D.,FAKÜLTEMİZ WEB SİTESİ ÖĞRENCİ AĞI AMFİ PROGRAMINA BAKINIZ,,,,,,
Dönem 1,7 Ekim 2025 Salı,10:30,12:20,UYGULAMA,TIBBA MERHABA DİLİMİ,FAKÜLTEMİZ WEB SİTESİ ÖĞRENCİ AĞI DÖNEM 1 UYGULAMA PROGRAMINA BAKINIZ,,,,,,
Dönem 1,7 Ekim 2025 Salı,13:30,15:20,UYGULAMA,TIBBA MERHABA DİLİMİ,FAKÜLTEMİZ WEB SİTESİ ÖĞRENCİ AĞI DÖNEM 1 UYGULAMA PROGRAMINA BAKINIZ,,,,,,
Dönem 1,7 Ekim 2025 Salı,15:30,16:10,SERBEST ÇALIŞMA,,,,,,,,
Dönem 1,8 Ekim 2025 Çarşamba,08:30,09:10,"1-Sterilizasyon, Dezenfeksiyon, Asepsi, Antisepsi kavramları ve sağlanması için kullanılan yöntemler / Prof. Dr. Yaşar NAKİPOĞLU (Doç. Dr. Gonca Erköse GENÇ)",TIBBA MERHABA DİLİMİ / TIBBİ MİKROBİYOLOJİ AD.,FAKÜLTEMİZ WEB SİTESİ ÖĞRENCİ AĞI AMFİ PROGRAMINA BAKINIZ,,,,,,
Dönem 1,8 Ekim 2025 Çarşamba,09:20,10:00,2-Hastane Enfeksiyonlarını Önlemeye Giriş / Prof. Dr. Yaşar NAKİPOĞLU (Doç. Dr. Gonca ErköseGENÇ),TIBBA MERHABA DİLİMİ / TIBBİ MİKROBİYOLOJİ AD.,FAKÜLTEMİZ WEB SİTESİ ÖĞRENCİ AĞI AMFİ PROGRAMINA BAKINIZ,,,,,,
Dönem 1,8 Ekim 2025 Çarşamba,10:10,10:50,7-Hekim Hakları ve Sorumlulukları / Prof. Dr. Fatma Arın NAMAL (Prof. Dr. İlhan İLKILIÇ),TIBBA MERHABA DİLİMİ / TIP TARİHİ VE ETİK A.D.,FAKÜLTEMİZ WEB SİTESİ ÖĞRENCİ AĞI AMFİ PROGRAMINA BAKINIZ,,,,,,
Dönem 1,8 Ekim 2025 Çarşamba,11:00,11:40,8- Hekim Hasta-İlişkisinin Etik Esasları /  Prof. Dr. Fatma Arın NAMAL (Prof. Dr. İlhan İLKILIÇ),TIBBA MERHABA DİLİMİ / TIP TARİHİ VE ETİK A.D.,FAKÜLTEMİZ WEB SİTESİ ÖĞRENCİ AĞI AMFİ PROGRAMINA BAKINIZ,,,,,,
Dönem 1,8 Ekim 2025 Çarşamba,11:50,12:30,4-Kırık - çıkık - burkulmalarda ilkyardım / Prof. Dr. Turgut AKGÜL (Dr.Öğr. Üyesi Murat Korkmaz),TIBBA MERHABA DİLİMİ / ORTOPEDİ VE TRAVMATOLOJİ AD.,FAKÜLTEMİZ WEB SİTESİ ÖĞRENCİ AĞI AMFİ PROGRAMINA BAKINIZ,,,,,,
Dönem 1,8 Ekim 2025 Çarşamba,13:30,14:10,Seçmeli Dersler - 2,,FAKÜLTEMİZ WEB SİTESİ ÖĞRENCİ AĞI SEÇMELİ DERS AMFİ PROGRAMINA BAKINIZ,,,,,,
Dönem 1,8 Ekim 2025 Çarşamba,14:20,15:00,Seçmeli Dersler - 2,,FAKÜLTEMİZ WEB SİTESİ ÖĞRENCİ AĞI SEÇMELİ DERS AMFİ PROGRAMINA BAKINIZ,,,,,,
Dönem 1,8 Ekim 2025 Çarşamba,15:10,15:50,Seçmeli Dersler - 2,,FAKÜLTEMİZ WEB SİTESİ ÖĞRENCİ AĞI SEÇMELİ DERS AMFİ PROGRAMINA BAKINIZ,,,,,,
Dönem 1,9 Ekim 2025 Perşembe,08:30,09:10,9-Hasta Mahremiyetine ve Hasta Sırrına Saygı / Prof. Dr. Fatma Arın NAMAL (Prof. Dr. İlhan İLKILIÇ),TIBBA MERHABA DİLİMİ / TIP TARİHİ VE ETİK A.D.,FAKÜLTEMİZ WEB SİTESİ ÖĞRENCİ AĞI AMFİ PROGRAMINA BAKINIZ,,,,,,
Dönem 1,9 Ekim 2025 Perşembe,09:20,10:00,10- İnsan Bedeni ve Etik / Prof. Dr. Fatma Arın NAMAL (Prof. Dr. İlhan İLKILIÇ),TIBBA MERHABA DİLİMİ / TIP TARİHİ VE ETİK A.D.,FAKÜLTEMİZ WEB SİTESİ ÖĞRENCİ AĞI AMFİ PROGRAMINA BAKINIZ,,,,,,
Dönem 1,9 Ekim 2025 Perşembe,10:30,12:20,UYGULAMA,TIBBA MERHABA DİLİMİ,FAKÜLTEMİZ WEB SİTESİ ÖĞRENCİ AĞI DÖNEM 1 UYGULAMA PROGRAMINA BAKINIZ,,,,,,
Dönem 1,9 Ekim 2025 Perşembe,13:30,15:20,UYGULAMA,TIBBA MERHABA DİLİMİ,FAKÜLTEMİZ WEB SİTESİ ÖĞRENCİ AĞI DÖNEM 1 UYGULAMA PROGRAMINA BAKINIZ,,,,,,
Dönem 1,9 Ekim 2025 Perşembe,15:30,16:10,SERBEST ÇALIŞMA,,,,,,,,
Dönem 1,10 Ekim 2025 Cuma,08:30,09:10,SERBEST ÇALIŞMA,,,,,,,,
Dönem 1,10 Ekim 2025 Cuma,09:20,10:00,11- Tıpta Dayanışma ve Sorumluluk /  Prof. Dr. Fatma Arın NAMAL (Prof. Dr. İlhan İLKILIÇ),TIBBA MERHABA DİLİMİ / TIP TARİHİ VE ETİK A.D.,FAKÜLTEMİZ WEB SİTESİ ÖĞRENCİ AĞI AMFİ PROGRAMINA BAKINIZ,,,,,,
Dönem 1,10 Ekim 2025 Cuma,10:10,10:50,12- Tıpta Mobing / Prof. Dr. Fatma Arın NAMAL (Prof. Dr. İlhan İLKILIÇ),TIBBA MERHABA DİLİMİ / TIP TARİHİ VE ETİK A.D.,FAKÜLTEMİZ WEB SİTESİ ÖĞRENCİ AĞI AMFİ PROGRAMINA BAKINIZ,,,,,,
Dönem 1,10 Ekim 2025 Cuma,11:00,11:40,7-Zekanın Tanımı ve Yapısı / Doç. Dr. Ayşe Nilüfer ALÇALAR (Dr. Öğr. Üyesi Irmak Polat),TIBBA MERHABA DİLİMİ / RUH SAĞLIĞI VE HASTALIKLARI AD.,FAKÜLTEMİZ WEB SİTESİ ÖĞRENCİ AĞI AMFİ PROGRAMINA BAKINIZ,,,,,,
Dönem 1,10 Ekim 2025 Cuma,11:50,12:30,8-Zeka Testleri /Doç. Dr. Ayşe Nilüfer ALÇALAR (Dr. Öğr. Üyesi Irmak Polat),TIBBA MERHABA DİLİMİ / RUH SAĞLIĞI VE HASTALIKLARI AD.,FAKÜLTEMİZ WEB SİTESİ ÖĞRENCİ AĞI AMFİ PROGRAMINA BAKINIZ,,,,,,
Dönem 1,10 Ekim 2025 Cuma,14:00,15:50,UYGULAMA,TIBBA MERHABA DİLİMİ,FAKÜLTEMİZ WEB SİTESİ ÖĞRENCİ AĞI DÖNEM 1 UYGULAMA PROGRAMINA BAKINIZ,,,,,,
Dönem 1,10 Ekim 2025 Cuma,16:00,16:40,Mikroskopik görüntülemede fiziksel ilkeler / Prof. Dr. Muhammet BEKTAŞ (İngilizce Tıp ile ortak ders),TIBBA MERHABA DİLİMİ / BİYOFİZİK AD.,FAKÜLTEMİZ WEB SİTESİ ÖĞRENCİ AĞI AMFİ PROGRAMINA BAKINIZ,,,,,,
Dönem 1,13 Ekim 2025 Pazartesi,08:30,10:20,ENTEGRE OTURUM - Sigara ve sağlığım - Dr. Öğr. Üyesi Emine Şeyma KARAKETİR (Doç.Dr. M. Merve ÖREN ÇELİK) / Prof. Dr. Züleyha BİNGÖL (İngilizce Tıp ile ortak ders),TIBBA MERHABA DİLİMİ / HALK SAĞLIĞI AD. - GÖĞÜS HASTALIKLARI AD.,FAKÜLTEMİZ WEB SİTESİ ÖĞRENCİ AĞI AMFİ PROGRAMINA BAKINIZ,,,,,,
Dönem 1,13 Ekim 2025 Pazartesi,10:30,12:20,UYGULAMA,TIBBA MERHABA DİLİMİ,FAKÜLTEMİZ WEB SİTESİ ÖĞRENCİ AĞI DÖNEM 1 UYGULAMA PROGRAMINA BAKINIZ,,,,,,
Dönem 1,13 Ekim 2025 Pazartesi,13:30,14:10,9-Öğrenme ve Öğrenme Kuramları /Doç. Dr. Ayşe Nilüfer ALÇALAR (Dr. Öğr. Üyesi Irmak Polat),TIBBA MERHABA DİLİMİ / RUH SAĞLIĞI VE HASTALIKLARI AD.,FAKÜLTEMİZ WEB SİTESİ ÖĞRENCİ AĞI AMFİ PROGRAMINA BAKINIZ,,,,,,
Dönem 1,13 Ekim 2025 Pazartesi,14:20,15:00,10-Bellek ve Bellek Bozuklukları / Doç. Dr. Ayşe Nilüfer ALÇALAR (Dr. Öğr. Üyesi Irmak Polat),TIBBA MERHABA DİLİMİ / RUH SAĞLIĞI VE HASTALIKLARI AD.,FAKÜLTEMİZ WEB SİTESİ ÖĞRENCİ AĞI AMFİ PROGRAMINA BAKINIZ,,,,,,
Dönem 1,13 Ekim 2025 Pazartesi,15:10,15:50,5-Sağlık hizmetleri ve sağlık politikalarının temel özellikleri / Prof. Dr. Nuray ÖZGÜLNAR (Prof. Dr. Selma KARABEY),TIBBA MERHABA DİLİMİ / HALK SAĞLIĞI AD.,FAKÜLTEMİZ WEB SİTESİ ÖĞRENCİ AĞI AMFİ PROGRAMINA BAKINIZ,,,,,,
Dönem 1,13 Ekim 2025 Pazartesi,16:00,16:40,6-Sağlık hizmetlerinin Türkiye'de ve Dünya'da sunumu - sağlık insangücü / Dr. Öğr. Üyesi Özkan AYVAZ / (Prof. Dr. G. Nurhan İNCE),TIBBA MERHABA DİLİMİ / HALK SAĞLIĞI AD.,FAKÜLTEMİZ WEB SİTESİ ÖĞRENCİ AĞI AMFİ PROGRAMINA BAKINIZ,,,,,,
Dönem 1,14 Ekim 2025 Salı,08:30,09:10,7-Kişiye Yönelik Önlemler - Birincil koruma / Prof. Dr. Ayşe Emel ÖNAL (Dr. Öğr. Üyesi Özkan AYVAZ),TIBBA MERHABA DİLİMİ / HALK SAĞLIĞI AD.,FAKÜLTEMİZ WEB SİTESİ ÖĞRENCİ AĞI AMFİ PROGRAMINA BAKINIZ,,,,,,
Dönem 1,14 Ekim 2025 Salı,09:20,10:00,8-Kişiye Yönelik Önlemler -İkincil ve üçüncül koruma / Prof. Dr. Ayşe Emel ÖNAL (Dr. Öğr. Üyesi Özkan AYVAZ),TIBBA MERHABA DİLİMİ / HALK SAĞLIĞI AD.,FAKÜLTEMİZ WEB SİTESİ ÖĞRENCİ AĞI AMFİ PROGRAMINA BAKINIZ,,,,,,
Dönem 1,14 Ekim 2025 Salı,10:30,12:20,UYGULAMA,TIBBA MERHABA DİLİMİ,FAKÜLTEMİZ WEB SİTESİ ÖĞRENCİ AĞI DÖNEM 1 UYGULAMA PROGRAMINA BAKINIZ,,,,,,
Dönem 1,14 Ekim 2025 Salı,13:30,14:10,11-Kişilik - Huy - Karakter - Kişilik Katmanları Yaklaşımı /  Doç. Dr. Ayşe Nilüfer ALÇALAR (Dr. Öğr. Üyesi Irmak Polat),TIBBA MERHABA DİLİMİ / RUH SAĞLIĞI VE HASTALIKLARI AD.,FAKÜLTEMİZ WEB SİTESİ ÖĞRENCİ AĞI AMFİ PROGRAMINA BAKINIZ,,,,,,
Dönem 1,14 Ekim 2025 Salı,14:20,15:00,12-Psikoanalitik Kişilik Kuramı - Kişilik Testleri /  Doç. Dr. Ayşe Nilüfer ALÇALAR (Dr. Öğr. Üyesi Irmak Polat),TIBBA MERHABA DİLİMİ / RUH SAĞLIĞI VE HASTALIKLARI AD.,FAKÜLTEMİZ WEB SİTESİ ÖĞRENCİ AĞI AMFİ PROGRAMINA BAKINIZ,,,,,,
Dönem 1,14 Ekim 2025 Salı,15:10,15:50,5-Boğulmalarda İlk Yardım - Sıcak ve Elektrik Çarpmalarında İlk Yardım / Prof. Dr. Meltem SAVRAN KARADENİZ (Doç. Dr. Demet ALTUN BİNGÖL),TIBBA MERHABA DİLİMİ / ANESTEZİYOLOJİ AD.,FAKÜLTEMİZ WEB SİTESİ ÖĞRENCİ AĞI AMFİ PROGRAMINA BAKINIZ,,,,,,
Dönem 1,14 Ekim 2025 Salı,16:00,16:40,6-Politravmalıya Yaklaşım ve Taşıma Teknikleri /Prof. Dr. A.Kemalettin KOLTKA (Doç. Dr. Demet ALTUN BİNGÖL),TIBBA MERHABA DİLİMİ / ANESTEZİYOLOJİ AD.,FAKÜLTEMİZ WEB SİTESİ ÖĞRENCİ AĞI AMFİ PROGRAMINA BAKINIZ,,,,,,
Dönem 1,15 Ekim 2025 Çarşamba,08:30,09:10,9-Çevreye Yönelik Önlemler / Doç. Dr. Meryem Merve ÖREN ÇELİK (Dr. Öğr. Üyesi Özkan AYVAZ) ,TIBBA MERHABA DİLİMİ / HALK SAĞLIĞI AD.,FAKÜLTEMİZ WEB SİTESİ ÖĞRENCİ AĞI AMFİ PROGRAMINA BAKINIZ,,,,,,
Dönem 1,15 Ekim 2025 Çarşamba,09:20,10:00,10-Değişen çevre - sağlığı geliştiren okullar - şehirler / Dr. Öğr. Üyesi Özkan AYVAZ (Doç. Dr. Meryem Merve ÖREN ÇELİK),TIBBA MERHABA DİLİMİ / HALK SAĞLIĞI AD.,FAKÜLTEMİZ WEB SİTESİ ÖĞRENCİ AĞI AMFİ PROGRAMINA BAKINIZ,,,,,,
Dönem 1,15 Ekim 2025 Çarşamba,10:10,10:50,13-Ego İşlevleri ve Ego Savunma Mekanizmaları I /  Doç. Dr. Ayşe Nilüfer ALÇALAR (Dr. Öğr. Üyesi Irmak Polat),TIBBA MERHABA DİLİMİ / RUH SAĞLIĞI VE HASTALIKLARI AD.,FAKÜLTEMİZ WEB SİTESİ ÖĞRENCİ AĞI AMFİ PROGRAMINA BAKINIZ,,,,,,
Dönem 1,15 Ekim 2025 Çarşamba,11:00,11:40,14-Ego İşlevleri ve Ego Savunma Mekanizmaları II /  Doç. Dr. Ayşe Nilüfer ALÇALAR (Dr. Öğr. Üyesi Irmak Polat),TIBBA MERHABA DİLİMİ / RUH SAĞLIĞI VE HASTALIKLARI AD.,FAKÜLTEMİZ WEB SİTESİ ÖĞRENCİ AĞI AMFİ PROGRAMINA BAKINIZ,,,,,,
Dönem 1,15 Ekim 2025 Çarşamba,11:50,12:30,7-Zehirlenmelerde ve Dahili Acillerde İlk Yardım Hayvan Isırmalarında İlkYardım / Prof. Dr. Perihan ERGİN ÖZCAN (Doç. Dr. Achmet ALİ),TIBBA MERHABA DİLİMİ / ANESTEZİYOLOJİ AD.,FAKÜLTEMİZ WEB SİTESİ ÖĞRENCİ AĞI AMFİ PROGRAMINA BAKINIZ,,,,,,
Dönem 1,15 Ekim 2025 Çarşamba,13:30,14:10,Seçmeli Dersler - 3,,FAKÜLTEMİZ WEB SİTESİ ÖĞRENCİ AĞI SEÇMELİ DERS AMFİ PROGRAMINA BAKINIZ,,,,,,
Dönem 1,15 Ekim 2025 Çarşamba,14:20,15:00,Seçmeli Dersler - 3,,FAKÜLTEMİZ WEB SİTESİ ÖĞRENCİ AĞI SEÇMELİ DERS AMFİ PROGRAMINA BAKINIZ,,,,,,
Dönem 1,15 Ekim 2025 Çarşamba,15:10,15:50,Seçmeli Dersler - 3,,FAKÜLTEMİZ WEB SİTESİ ÖĞRENCİ AĞI SEÇMELİ DERS AMFİ PROGRAMINA BAKINIZ,,,,,,
Dönem 1,16 Ekim 2025 Perşembe,08:30,10:20,KIRIK-ÇIKIK UYGULAMASI,TIBBA MERHABA DİLİMİ,AZİZ SANCAR AMFİSİ,,,,,,
Dönem 1,16 Ekim 2025 Perşembe,11:00,11:40,15-Stres Kavramı - Stresin Biyopsikososyal Boyutları - Stres ve Hastalıklar /Doç. Dr. Ayşe Nilüfer ALÇALAR (Dr. Öğr. Üyesi Irmak Polat),TIBBA MERHABA DİLİMİ / RUH SAĞLIĞI VE HASTALIKLARI AD.,FAKÜLTEMİZ WEB SİTESİ ÖĞRENCİ AĞI AMFİ PROGRAMINA BAKINIZ,,,,,,
Dönem 1,16 Ekim 2025 Perşembe,11:50,12:30,16-Stresle Başa Çıkma Yöntemleri / Doç. Dr. Ayşe Nilüfer ALÇALAR (Dr. Öğr. Üyesi Irmak Polat),TIBBA MERHABA DİLİMİ / RUH SAĞLIĞI VE HASTALIKLARI AD.,FAKÜLTEMİZ WEB SİTESİ ÖĞRENCİ AĞI AMFİ PROGRAMINA BAKINIZ,,,,,,
Dönem 1,16 Ekim 2025 Perşembe,13:30,14:10,13- Fakültemizin Tarihi ve Örnek Hekim Portreleri / Prof. Dr. Fatma Arın NAMAL (Prof. Dr. İlhan İLKILIÇ),TIBBA MERHABA DİLİMİ / TIP TARİHİ VE ETİK A.D.,FAKÜLTEMİZ WEB SİTESİ ÖĞRENCİ AĞI AMFİ PROGRAMINA BAKINIZ,,,,,,
Dönem 1,16 Ekim 2025 Perşembe,14:20,15:00,14-Sanat ve Edebiyatta Tıp / Prof. Dr. Fatma Arın NAMAL (Prof. Dr. İlhan İLKILIÇ),TIBBA MERHABA DİLİMİ / TIP TARİHİ VE ETİK A.D.,FAKÜLTEMİZ WEB SİTESİ ÖĞRENCİ AĞI AMFİ PROGRAMINA BAKINIZ,,,,,,
Dönem 1,16 Ekim 2025 Perşembe,15:10,15:50,11-Değişen iş yaşamı ve sağlığa etkileri / Prof. Dr. Halim İŞSEVER (Prof. Dr. Nuray ÖZGÜLNAR),TIBBA MERHABA DİLİMİ / HALK SAĞLIĞI AD.,FAKÜLTEMİZ WEB SİTESİ ÖĞRENCİ AĞI AMFİ PROGRAMINA BAKINIZ,,,,,,
Dönem 1,16 Ekim 2025 Perşembe,16:00,16:40,12-Sağlığı geliştiren işyerleri / Prof. Dr. Halim İŞSEVER (Prof. Dr. Nuray ÖZGÜLNAR),TIBBA MERHABA DİLİMİ / HALK SAĞLIĞI AD.,FAKÜLTEMİZ WEB SİTESİ ÖĞRENCİ AĞI AMFİ PROGRAMINA BAKINIZ,, ,,,,
Dönem 1,17 Ekim 2025 Cuma,08:30,09:10,13-Değişen yaşam biçimleri - sağlığa etkisi (Bulaşıcı hastalıklar) / Prof. Dr. Sevgi CANBAZ (Prof. Dr. Nuray ÖZGÜLNAR),TIBBA MERHABA DİLİMİ / HALK SAĞLIĞI AD.,FAKÜLTEMİZ WEB SİTESİ ÖĞRENCİ AĞI AMFİ PROGRAMINA BAKINIZ,,,,,,
Dönem 1,17 Ekim 2025 Cuma,09:20,10:00,14-Sağlık ölçütleri / Prof. Dr. Nuray ÖZGÜLNAR (Dr. Öğr. Üye. Emine Şeyma KARAKETİR),TIBBA MERHABA DİLİMİ / HALK SAĞLIĞI AD.,FAKÜLTEMİZ WEB SİTESİ ÖĞRENCİ AĞI AMFİ PROGRAMINA BAKINIZ,,,,,,
Dönem 1,17 Ekim 2025 Cuma,10:10,10:50,15-Sağlık eğitimi / Dr. Öğr. Üyesi Özkan AYVAZ (Prof. Dr. Nuray ÖZGÜLNAR),TIBBA MERHABA DİLİMİ / HALK SAĞLIĞI AD.,FAKÜLTEMİZ WEB SİTESİ ÖĞRENCİ AĞI AMFİ PROGRAMINA BAKINIZ,,,,,,
Dönem 1,17 Ekim 2025 Cuma,11:00,12:30,ENTEGRE OTURUM - İnsanı biyo-psiko-sosyal bir bütün olarak ele almak - Prof. Dr. Selma KARABEY / Prof. Dr. Güler BAHADIR / Dr. Öğr. Üyesi Hacer Ayşen YAVRU (Prof. Dr. Gülsüm Nurhan İNCE) Doç. Dr. Ayşe Nilüfer ALÇALAR / Prof. Dr. İlhan İLKIULIÇ (İngilizce Tıp ile ortak ders),TIBBA MERHABA DİLİMİ / HALK SAĞLIĞI AD. - RUH SAĞLIĞI VE HASTALIKLARI AD. - ANESTEZİYOLOJİ VE REANİMASYON AD. - TIP TARİHİ VE ETİK AD.,FAKÜLTEMİZ WEB SİTESİ ÖĞRENCİ AĞI AMFİ PROGRAMINA BAKINIZ,,,,,,
Dönem 1,17 Ekim 2025 Cuma,14:00,15:30,UYGULAMA,TIBBA MERHABA DİLİMİ,FAKÜLTEMİZ WEB SİTESİ ÖĞRENCİ AĞI DÖNEM 1 UYGULAMA PROGRAMINA BAKINIZ,,,,,,
Dönem 1,20 Ekim 2025 Pazartesi,10:00,12:00,SERBEST ÇALIŞMA (Dönem 2 Sınav),,,,,,,,
Dönem 1,20 Ekim 2025 Pazartesi,13:00,14:00,DİLİM SINAVI,TIBBA MERHABA DİLİMİ,FAKÜLTEMİZ WEB SİTESİ ÖĞRENCİ AĞI AMFİ PROGRAMINA BAKINIZ,,,,,,
Dönem 1,20 Ekim 2025 Pazartesi,15:00,16:00,SERBEST ÇALIŞMA,,,,,,,,
Dönem 1,21 Ekim 2025 Salı,08:30,09:10,1-Biyolojik sistemlerde ölçek bilimi (metroloji) / Prof. Dr. Işıl ALBENİZ (Prof. Dr. Handan AKÇAKAYA),YAŞAMIN MOLEKÜLER TEMELLERİ / BİYOFİZİK AD.,FAKÜLTEMİZ WEB SİTESİ ÖĞRENCİ AĞI AMFİ PROGRAMINA BAKINIZ,,,,,,
Dönem 1,21 Ekim 2025 Salı,08:30,09:10,1-Biyolojik sistemlerde ölçek bilimi (metroloji) / Prof. Dr. Işıl ALBENİZ (Prof. Dr. Handan AKÇAKAYA),YAŞAMIN MOLEKÜLER TEMELLERİ / BİYOFİZİK AD.,FAKÜLTEMİZ WEB SİTESİ ÖĞRENCİ AĞI AMFİ PROGRAMINA BAKINIZ,,,,,,
Dönem 1,21 Ekim 2025 Salı,09:20,10:00,2-Yaşam ortamı olarak suyun önemi ve biyofiziksel özellikleri / Prof. Dr. Işıl ALBENİZ (Prof. Dr. Handan AKÇAKAYA),YAŞAMIN MOLEKÜLER TEMELLERİ / BİYOFİZİK AD.,FAKÜLTEMİZ WEB SİTESİ ÖĞRENCİ AĞI AMFİ PROGRAMINA BAKINIZ,,,,,,
Dönem 1,21 Ekim 2025 Salı,10:10,10:50,1-Suyun yapısı ve hidrojen bağları / Prof. Dr. Canan KÜÇÜKGERGİN (Prof. Dr. Nihal SALMAYENLİ),YAŞAMIN MOLEKÜLER TEMELLERİ / TIBBİ BİYOKİMYA AD.,FAKÜLTEMİZ WEB SİTESİ ÖĞRENCİ AĞI AMFİ PROGRAMINA BAKINIZ,,,,,,
Dönem 1,21 Ekim 2025 Salı,11:00,11:40,2-Suyun iyonlaşması / Prof. Dr. Canan KÜÇÜKGERGİN (Prof. Dr. Nihal SALMAYENLİ),YAŞAMIN MOLEKÜLER TEMELLERİ / TIBBİ BİYOKİMYA AD.,FAKÜLTEMİZ WEB SİTESİ ÖĞRENCİ AĞI AMFİ PROGRAMINA BAKINIZ,,,,,,
Dönem 1,21 Ekim 2025 Salı,11:50,12:30,3-pH ve asit-baz kavramı / Prof. Dr. Canan KÜÇÜKGERGİN (Prof. Dr. Nihal SALMAYENLİ),YAŞAMIN MOLEKÜLER TEMELLERİ / TIBBİ BİYOKİMYA AD.,FAKÜLTEMİZ WEB SİTESİ ÖĞRENCİ AĞI AMFİ PROGRAMINA BAKINIZ,,,,,,
Dönem 1,21 Ekim 2025 Salı,13:30,14:10,1-İLETİŞİM BECERİLERİ 1 Tanışma derse yönelim - amaç ve öğrenim hedefleri / Doç. Dr. Ayşe Nilüfer ALÇALAR (Dr. Öğr. Üyesi Irmak Polat),DİKEY KORİDOR DİLİMİ / RUH SAĞLIĞI VE HASTALIKLARI AD.,FAKÜLTEMİZ WEB SİTESİ ÖĞRENCİ AĞI AMFİ PROGRAMINA BAKINIZ,,,,,,
Dönem 1,21 Ekim 2025 Salı,14:20,15:00,2-İLETİŞİM BECERİLERİ 1 Temel iletişim kavramları / Doç. Dr. Ayşe Nilüfer ALÇALAR (Dr. Öğr. Üyesi Irmak Polat),DİKEY KORİDOR DİLİMİ / RUH SAĞLIĞI VE HASTALIKLARI AD.,FAKÜLTEMİZ WEB SİTESİ ÖĞRENCİ AĞI AMFİ PROGRAMINA BAKINIZ,,,,,,
Dönem 1,21 Ekim 2025 Salı,15:10,15:50,1-Moleküler Evrim ve Yaşam / Prof. Dr. Sacide PEHLİVAN (Prof. Dr. Çiğdem KEKİK ÇINAR),YAŞAMIN MOLEKÜLER TEMELLERİ / TIBBİ BİYOLOJİ AD.,FAKÜLTEMİZ WEB SİTESİ ÖĞRENCİ AĞI AMFİ PROGRAMINA BAKINIZ,,,,,,
Dönem 1,21 Ekim 2025 Salı,16:00,16.40,2-Hücre membranın biyolojik özellikleri / Prof. Dr. Çiğdem KEKİK ÇINAR ( Prof.Dr. Fatma OĞUZ),YAŞAMIN MOLEKÜLER TEMELLERİ / TIBBİ BİYOLOJİ AD.,FAKÜLTEMİZ WEB SİTESİ ÖĞRENCİ AĞI AMFİ PROGRAMINA BAKINIZ,,,,,,
Dönem 1,22 Ekim 2025 Çarşamba,08:30,09:10,4-Konsantrasyon türleri / Prof. Dr. Canan KÜÇÜKGERGİN (Prof. Dr. Nihal SALMAYENLİ),YAŞAMIN MOLEKÜLER TEMELLERİ / TIBBİ BİYOKİMYA AD.,FAKÜLTEMİZ WEB SİTESİ ÖĞRENCİ AĞI AMFİ PROGRAMINA BAKINIZ,,,,,,
Dönem 1,22 Ekim 2025 Çarşamba,09:20,10:00,3-Hücre apikal ve yan yüzey özelleşmeleri / Prof. Dr. Çiğdem KEKİK ÇINAR ( Prof.Dr. Fatma OĞUZ),YAŞAMIN MOLEKÜLER TEMELLERİ / TIBBİ BİYOLOJİ AD.,FAKÜLTEMİZ WEB SİTESİ ÖĞRENCİ AĞI AMFİ PROGRAMINA BAKINIZ,,,,,,
Dönem 1,22 Ekim 2025 Çarşamba,10:10,10:50,4-Hücre adezyonu ve hücreler arası matriks yapısı / Prof. Dr. Çiğdem KEKİK ÇINAR ( Prof.Dr. Fatma OĞUZ),YAŞAMIN MOLEKÜLER TEMELLERİ / TIBBİ BİYOLOJİ AD.,FAKÜLTEMİZ WEB SİTESİ ÖĞRENCİ AĞI AMFİ PROGRAMINA BAKINIZ,,,,,,
Dönem 1,22 Ekim 2025 Çarşamba,11:00,11:40,3-İLETİŞİM BECERİLERİ 1 Sözlü iletişim (ses tonu - hitap) / Doç. Dr. Ayşe Nilüfer ALÇALAR (Dr. Öğr. Üyesi Irmak Polat),DİKEY KORİDOR DİLİMİ / RUH SAĞLIĞI VE HASTALIKLARI AD.,,,,,,,
Dönem 1,22 Ekim 2025 Çarşamba,11:50,12:30,4-İLETİŞİM BECERİLERİ 1 Sözlü iletişim (çift yönlü iletişim - geri bildirim) /Doç. Dr. Ayşe Nilüfer ALÇALAR (Dr. Öğr. Üyesi Irmak Polat),DİKEY KORİDOR DİLİMİ / RUH SAĞLIĞI VE HASTALIKLARI AD.,,,,,,,
Dönem 1,22 Ekim 2025 Çarşamba,13:30,14:10,Seçmeli Dersler - 4,,FAKÜLTEMİZ WEB SİTESİ ÖĞRENCİ AĞI SEÇMELİ DERS AMFİ PROGRAMINA BAKINIZ,,,,,,
Dönem 1,22 Ekim 2025 Çarşamba,14:20,15:00,Seçmeli Dersler - 4,,FAKÜLTEMİZ WEB SİTESİ ÖĞRENCİ AĞI SEÇMELİ DERS AMFİ PROGRAMINA BAKINIZ,,,,,,
Dönem 1,22 Ekim 2025 Çarşamba,15:10,15:50,Seçmeli Dersler - 4,,FAKÜLTEMİZ WEB SİTESİ ÖĞRENCİ AĞI SEÇMELİ DERS AMFİ PROGRAMINA BAKINIZ,,,,,,
Dönem 1,23 Ekim 2025 Perşembe,08:30,09:10,SERBEST ÇALIŞMA,,,,,,,,
Dönem 1,23 Ekim 2025 Perşembe,09:20,10:00,"5-Biyofiziğe giriş-temel kavramlar, biyofizik iç ortamlar-canlı sistemlerin temel yapısı / Prof. Dr. Muhammet BEKTAŞ (Doç. Dr. Başak GÜNÇER)",YAŞAMIN MOLEKÜLER TEMELLERİ / BİYOFİZİK AD.,FAKÜLTEMİZ WEB SİTESİ ÖĞRENCİ AĞI AMFİ PROGRAMINA BAKINIZ,,,,,,
Dönem 1,23 Ekim 2025 Perşembe,10:30,12:20,UYGULAMA,YAŞAMIN MOLEKÜLER TEMELLERİ DİLİMİ  / DİKEY KORİDOR,FAKÜLTEMİZ WEB SİTESİ ÖĞRENCİ AĞI DÖNEM 1 UYGULAMA PROGRAMINA BAKINIZ,,,,,,
Dönem 1,23 Ekim 2025 Perşembe,13:30,14:10,SERBEST ÇALIŞMA,,,,,,,,
Dönem 1,23 Ekim 2025 Perşembe,14:20,15:00,SERBEST ÇALIŞMA,,,,,,,,
Dönem 1,23 Ekim 2025 Perşembe,15:30,16:30,SERBEST ÇALIŞMA,,,,,,,,
Dönem 1,23 Ekim 2025 Perşembe,16:00,16:40,SERBEST ÇALIŞMA,,,,,,,,
Dönem 1,24 Ekim 2025 Cuma,08:30,09:10,5-Tamponlar / Prof. Dr. Canan KÜÇÜKGERGİN (Prof. Dr. Nihal SALMAYENLİ),YAŞAMIN MOLEKÜLER TEMELLERİ / TIBBİ BİYOKİMYA AD.,FAKÜLTEMİZ WEB SİTESİ ÖĞRENCİ AĞI AMFİ PROGRAMINA BAKINIZ,,,,,,
Dönem 1,24 Ekim 2025 Cuma,09:20,10:00,6-Karbonhidratların yapısı ve sınıflandırılması / Prof. Dr. Evin ADEMOĞLU (Prof. Dr. Nihal SALMAYENLİ),YAŞAMIN MOLEKÜLER TEMELLERİ / TIBBİ BİYOKİMYA AD.,FAKÜLTEMİZ WEB SİTESİ ÖĞRENCİ AĞI AMFİ PROGRAMINA BAKINIZ,,,,,,
Dönem 1,24 Ekim 2025 Cuma,10:30,12:20,UYGULAMA,YAŞAMIN MOLEKÜLER TEMELLERİ DİLİMİ  / DİKEY KORİDOR,FAKÜLTEMİZ WEB SİTESİ ÖĞRENCİ AĞI DÖNEM 1 UYGULAMA PROGRAMINA BAKINIZ,,,,,,
Dönem 1,24 Ekim 2025 Cuma,14:00,14:40,3-Biyolojik iç ortam içinde biyomoleküller-fiziksel özellikleri ve inceleme yöntemleri Prof. Dr. Işıl ALBENİZ (Prof. Dr. Handan AKÇAKAYA),YAŞAMIN MOLEKÜLER TEMELLERİ / BİYOFİZİK AD.,FAKÜLTEMİZ WEB SİTESİ ÖĞRENCİ AĞI AMFİ PROGRAMINA BAKINIZ,,,,,,
Dönem 1,24 Ekim 2025 Cuma,14:50,15:30,4-Biyomoleküllerin canlı hücre içindeki yapı-işlev ilişkileri / Prof. Dr. Işıl ALBENİZ (Prof. Dr. Handan AKÇAKAYA),YAŞAMIN MOLEKÜLER TEMELLERİ / BİYOFİZİK AD.,FAKÜLTEMİZ WEB SİTESİ ÖĞRENCİ AĞI AMFİ PROGRAMINA BAKINIZ,,,,,,
Dönem 1,24 Ekim 2025 Cuma,15:40,16:20,Suyun Klinik Kullanaımı / Prof. Dr. Arif DÖNMEZ  (Prof. Dr. Mine KARAGÜLLE),YAŞAMIN MOLEKÜLER TEMELLERİ / TIBBİ EKOLOJİ VE HİDROKLİMATOLOJİ AD.,FAKÜLTEMİZ WEB SİTESİ ÖĞRENCİ AĞI AMFİ PROGRAMINA BAKINIZ,,,,,,
Dönem 1,27 Ekim 2025 Pazartesi,08:30,10:20,UYGULAMA,YAŞAMIN MOLEKÜLER TEMELLERİ DİLİMİ  / DİKEY KORİDOR,FAKÜLTEMİZ WEB SİTESİ ÖĞRENCİ AĞI DÖNEM 1 UYGULAMA PROGRAMINA BAKINIZ,,,,,,
Dönem 1,27 Ekim 2025 Pazartesi,10:30,12:20,UYGULAMA,YAŞAMIN MOLEKÜLER TEMELLERİ DİLİMİ  / DİKEY KORİDOR,FAKÜLTEMİZ WEB SİTESİ ÖĞRENCİ AĞI DÖNEM 1 UYGULAMA PROGRAMINA BAKINIZ,,,,,,
Dönem 1,27 Ekim 2025 Pazartesi,13:30,14:10,7-Karbonhidratların biyokimyasal özellikleri / Prof. Dr. Evin ADEMOĞLU (Prof. Dr. Nihal SALMAYENLİ),YAŞAMIN MOLEKÜLER TEMELLERİ / TIBBİ BİYOKİMYA AD.,FAKÜLTEMİZ WEB SİTESİ ÖĞRENCİ AĞI AMFİ PROGRAMINA BAKINIZ,,,,,,
Dönem 1,27 Ekim 2025 Pazartesi,14:20,15:00,8-Monosakkaritler ve monosakkarit türevleri / Prof. Dr. Evin ADEMOĞLU (Prof. Dr. Nihal SALMAYENLİ),YAŞAMIN MOLEKÜLER TEMELLERİ / TIBBİ BİYOKİMYA AD.,FAKÜLTEMİZ WEB SİTESİ ÖĞRENCİ AĞI AMFİ PROGRAMINA BAKINIZ,,,,,,
Dönem 1,27 Ekim 2025 Pazartesi,15:10,15:50,6-Atom yapısı-kimyasal bağlar - kuantum modeline göre açıklanması - molekülsel hiyerarşi / Prof. Dr. Muhammet BEKTAŞ (Doç. Dr. Başak GÜNÇER),YAŞAMIN MOLEKÜLER TEMELLERİ / BİYOFİZİK AD.,FAKÜLTEMİZ WEB SİTESİ ÖĞRENCİ AĞI AMFİ PROGRAMINA BAKINIZ,,,,,,
Dönem 1,27 Ekim 2025 Pazartesi,16:00,16:40,"7-Moleküler etkileşim (protein-protein, Protein-ligant,Protein-DNA), moleküler dinamik(MD) simülasyon, biyoinformatik yaklaşımlar / Prof. Dr. Muhammet BEKTAŞ (Doç. Dr. Başak GÜNÇER)",YAŞAMIN MOLEKÜLER TEMELLERİ / BİYOFİZİK AD.,FAKÜLTEMİZ WEB SİTESİ ÖĞRENCİ AĞI AMFİ PROGRAMINA BAKINIZ,,,,,,
Dönem 1,28 Ekim 2025 Salı,08:30,10:20,UYGULAMA,YAŞAMIN MOLEKÜLER TEMELLERİ DİLİMİ  / DİKEY KORİDOR,FAKÜLTEMİZ WEB SİTESİ ÖĞRENCİ AĞI DÖNEM 1 UYGULAMA PROGRAMINA BAKINIZ,,,,,,
Dönem 1,28 Ekim 2025 Salı,10:30,12:20,UYGULAMA,YAŞAMIN MOLEKÜLER TEMELLERİ DİLİMİ  / DİKEY KORİDOR,FAKÜLTEMİZ WEB SİTESİ ÖĞRENCİ AĞI DÖNEM 1 UYGULAMA PROGRAMINA BAKINIZ,,,,,,
Dönem 1,28 Ekim 2025 Salı,13:30,16:20,CUMHURİYET BAYRAMI AREFESİ,,,,,,,,
Dönem 1,29 Ekim 2025 Çarşamba,,,CUMHURİYET BAYRAMI,,,,,,,,
Dönem 1,30 Ekim 2025 Perşembe,08:30,09:10,9-Disakkaritler ve oligosakkaritler / Prof. Dr. Evin ADEMOĞLU (Prof. Dr. Nihal SALMAYENLİ),YAŞAMIN MOLEKÜLER TEMELLERİ / TIBBİ BİYOKİMYA AD.,FAKÜLTEMİZ WEB SİTESİ ÖĞRENCİ AĞI AMFİ PROGRAMINA BAKINIZ,,,,,,
Dönem 1,30 Ekim 2025 Perşembe,09:20,10:00,10-Homopolisakkaritler ve heteropolisakkaritler / Prof. Dr. Evin ADEMOĞLU (Prof. Dr. Nihal SALMAYENLİ),YAŞAMIN MOLEKÜLER TEMELLERİ / TIBBİ BİYOKİMYA AD.,FAKÜLTEMİZ WEB SİTESİ ÖĞRENCİ AĞI AMFİ PROGRAMINA BAKINIZ,,,,,,
Dönem 1,30 Ekim 2025 Perşembe,10:30,12:20,UYGULAMA,YAŞAMIN MOLEKÜLER TEMELLERİ DİLİMİ  / DİKEY KORİDOR,FAKÜLTEMİZ WEB SİTESİ ÖĞRENCİ AĞI DÖNEM 1 UYGULAMA PROGRAMINA BAKINIZ,,,,,,
Dönem 1,30 Ekim 2025 Perşembe,13:10,15:00,UYGULAMA,YAŞAMIN MOLEKÜLER TEMELLERİ DİLİMİ  / DİKEY KORİDOR,FAKÜLTEMİZ WEB SİTESİ ÖĞRENCİ AĞI DÖNEM 1 UYGULAMA PROGRAMINA BAKINIZ,,,,,,
Dönem 1,31 Ekim 2025 Cuma,08:30,09:10,SERBEST ÇALIŞMA,,,,,,,,
Dönem 1,31 Ekim 2025 Cuma,09:20,10:00,SERBEST ÇALIŞMA,,,,,,,,
Dönem 1,31 Ekim 2025 Cuma,10:30,12:20,UYGULAMA,YAŞAMIN MOLEKÜLER TEMELLERİ DİLİMİ  / DİKEY KORİDOR,FAKÜLTEMİZ WEB SİTESİ ÖĞRENCİ AĞI DÖNEM 1 UYGULAMA PROGRAMINA BAKINIZ,,,,,,
Dönem 1,31 Ekim 2025 Cuma,14:00,14:40,"11-Lipitlerin genel özellikleri, sınıflandırılması / Prof. Dr. Canan KÜÇÜKGERGİN (Prof. Dr. Şule SEÇKİN)",YAŞAMIN MOLEKÜLER TEMELLERİ / TIBBİ BİYOKİMYA AD.,FAKÜLTEMİZ WEB SİTESİ ÖĞRENCİ AĞI AMFİ PROGRAMINA BAKINIZ,,,,,,
Dönem 1,31 Ekim 2025 Cuma,14:50,15:30,12-Trigliseridler / Prof. Dr. Canan KÜÇÜKGERGİN (Prof. Dr. Şule SEÇKİN),YAŞAMIN MOLEKÜLER TEMELLERİ / TIBBİ BİYOKİMYA AD.,FAKÜLTEMİZ WEB SİTESİ ÖĞRENCİ AĞI AMFİ PROGRAMINA BAKINIZ,,,,,,
Dönem 1,31 Ekim 2025 Cuma,15:40,16:20,SERBEST ÇALIŞMA,,,,,,,,
Dönem 1,3 Kasım 2025 Pazartesi,08:30,10:20,UYGULAMA,YAŞAMIN MOLEKÜLER TEMELLERİ DİLİMİ  / DİKEY KORİDOR,FAKÜLTEMİZ WEB SİTESİ ÖĞRENCİ AĞI DÖNEM 1 UYGULAMA PROGRAMINA BAKINIZ,,,,,,
Dönem 1,3 Kasım 2025 Pazartesi,11:00,11:40,5-Mikrotubul yapı ve dinamiği / Prof. Dr. Çiğdem KEKİK ÇINAR ( Prof.Dr. Fatma OĞUZ),YAŞAMIN MOLEKÜLER TEMELLERİ / TIBBİ BİYOLOJİ AD.,FAKÜLTEMİZ WEB SİTESİ ÖĞRENCİ AĞI AMFİ PROGRAMINA BAKINIZ,,,,,,
Dönem 1,3 Kasım 2025 Pazartesi,11:50,12:30,6-Mikrofilament ve araçaplı filamentlerin yapı ve dinamiği / Prof. Dr. Çiğdem KEKİK ÇINAR ( Prof.Dr. Fatma OĞUZ),YAŞAMIN MOLEKÜLER TEMELLERİ / TIBBİ BİYOLOJİ AD.,FAKÜLTEMİZ WEB SİTESİ ÖĞRENCİ AĞI AMFİ PROGRAMINA BAKINIZ,,,,,,
Dönem 1,3 Kasım 2025 Pazartesi,13:30,14:10,5-İLETİŞİM BECERİLERİ 1 Sözsüz iletişim- Beden dili (jestler.mimikler…) / Dr. Öğr. Üyesi Irmak Polat  (Doç. Dr. Ayşe Nilüfer ALÇALAR),DİKEY KORİDOR DİLİMİ / RUH SAĞLIĞI VE HASTALIKLARI AD.,FAKÜLTEMİZ WEB SİTESİ ÖĞRENCİ AĞI AMFİ PROGRAMINA BAKINIZ,,,,,,
Dönem 1,3 Kasım 2025 Pazartesi,14:20,15:00,6-İLETİŞİM BECERİLERİ 1 Beden dilinin önemi ve özellikleri /Dr. Öğr. Üyesi Irmak Polat  (Doç. Dr. Ayşe Nilüfer ALÇALAR),DİKEY KORİDOR DİLİMİ / RUH SAĞLIĞI VE HASTALIKLARI AD.,FAKÜLTEMİZ WEB SİTESİ ÖĞRENCİ AĞI AMFİ PROGRAMINA BAKINIZ,,,,,,
Dönem 1,3 Kasım 2025 Pazartesi,15:10,15:50,"13-Fosfolipitler, glikolipitler, karotenler / Prof. Dr. Canan KÜÇÜKGERGİN (Prof. Dr. Şule SEÇKİN)",YAŞAMIN MOLEKÜLER TEMELLERİ / TIBBİ BİYOKİMYA AD.,FAKÜLTEMİZ WEB SİTESİ ÖĞRENCİ AĞI AMFİ PROGRAMINA BAKINIZ,,,,,,
Dönem 1,3 Kasım 2025 Pazartesi,16:00,16:40,14-Yağ asitleri / Prof. Dr. Canan KÜÇÜKGERGİN (Prof. Dr. Şule SEÇKİN),YAŞAMIN MOLEKÜLER TEMELLERİ / TIBBİ BİYOKİMYA AD.,FAKÜLTEMİZ WEB SİTESİ ÖĞRENCİ AĞI AMFİ PROGRAMINA BAKINIZ,,,,,,
Dönem 1,4 Kasım 2025 Salı,08:30,09:10,15-Steroidler / Prof. Dr. Canan KÜÇÜKGERGİN (Prof. Dr. Şule SEÇKİN),YAŞAMIN MOLEKÜLER TEMELLERİ / TIBBİ BİYOKİMYA AD.,FAKÜLTEMİZ WEB SİTESİ ÖĞRENCİ AĞI AMFİ PROGRAMINA BAKINIZ,,,,,,
Dönem 1,4 Kasım 2025 Salı,09:20,10:00,16-Nükleik asit yapısı / Prof. Dr. Canan KÜÇÜKGERGİN (Prof. Dr. Semra ABBASOĞLU),YAŞAMIN MOLEKÜLER TEMELLERİ / TIBBİ BİYOKİMYA AD.,FAKÜLTEMİZ WEB SİTESİ ÖĞRENCİ AĞI AMFİ PROGRAMINA BAKINIZ,,,,,,
Dönem 1,4 Kasım 2025 Salı,10:30,12:20,UYGULAMA,YAŞAMIN MOLEKÜLER TEMELLERİ DİLİMİ  / DİKEY KORİDOR,FAKÜLTEMİZ WEB SİTESİ ÖĞRENCİ AĞI AMFİ PROGRAMINA BAKINIZ,,,,,,
Dönem 1,4 Kasım 2025 Salı,13:30,15:20,UYGULAMA,YAŞAMIN MOLEKÜLER TEMELLERİ DİLİMİ  / DİKEY KORİDOR,FAKÜLTEMİZ WEB SİTESİ ÖĞRENCİ AĞI DÖNEM 1 UYGULAMA PROGRAMINA BAKINIZ,,,,,,
Dönem 1,5 Kasım 2025 Çarşamba,08:30,12:30,ÖNLÜK GİYME TÖRENİ,,FAKÜLTEMİZ WEB SİTESİ ÖĞRENCİ AĞI AMFİ PROGRAMINA BAKINIZ,,,,,,
Dönem 1,5 Kasım 2025 Çarşamba,13:30,14:10,Seçmeli Dersler - 5,,FAKÜLTEMİZ WEB SİTESİ ÖĞRENCİ AĞI SEÇMELİ DERS AMFİ PROGRAMINA BAKINIZ,,,,,,
Dönem 1,5 Kasım 2025 Çarşamba,14:20,15:00,Seçmeli Dersler - 5,,FAKÜLTEMİZ WEB SİTESİ ÖĞRENCİ AĞI SEÇMELİ DERS AMFİ PROGRAMINA BAKINIZ,,,,,,
Dönem 1,5 Kasım 2025 Çarşamba,15:10,15:50,Seçmeli Dersler - 5,,FAKÜLTEMİZ WEB SİTESİ ÖĞRENCİ AĞI SEÇMELİ DERS AMFİ PROGRAMINA BAKINIZ,,,,,,
Dönem 1,5 Kasım 2025 Çarşamba,16:00,16:40,8-Biyoenerjetiğe giriş - kavram ve terimleri - termodinamik kurallar / Prof. Dr. Leman YALÇINTEPE GÜNEŞTUTAR (Doç. Dr. Başak GÜNÇER),YAŞAMIN MOLEKÜLER TEMELLERİ / BİYOFİZİK AD.,FAKÜLTEMİZ WEB SİTESİ ÖĞRENCİ AĞI AMFİ PROGRAMINA BAKINIZ,,,,,,
Dönem 1,5 Kasım 2025 Çarşamba,16:50,17:30,9-Biyolojik enerji aktarımı-serbest enerji ve entropi kavramı / Prof. Dr. Leman YALÇINTEPE GÜNEŞTUTAR (Doç. Dr. Başak GÜNÇER),YAŞAMIN MOLEKÜLER TEMELLERİ / BİYOFİZİK AD.,FAKÜLTEMİZ WEB SİTESİ ÖĞRENCİ AĞI AMFİ PROGRAMINA BAKINIZ,,,,,,
Dönem 1,6 Kasım 2025 Perşembe,08:30,09:10,1-Vücut sıvılarında asit-baz dengesinin düzenlenmesi / Prof. Dr.Aytül UYAR (Prof.Dr. Tamer DEMİRALP),YAŞAMIN MOLEKÜLER TEMELLERİ / FİZYOLOJİ AD.,FAKÜLTEMİZ WEB SİTESİ ÖĞRENCİ AĞI AMFİ PROGRAMINA BAKINIZ,,,,,,
Dönem 1,6 Kasım 2025 Perşembe,09:20,10:00,2-Osmoz ve taşınma /Prof. Dr.Aytül UYAR (Prof.Dr. Tamer DEMİRALP),YAŞAMIN MOLEKÜLER TEMELLERİ / FİZYOLOJİ AD.,FAKÜLTEMİZ WEB SİTESİ ÖĞRENCİ AĞI AMFİ PROGRAMINA BAKINIZ,,,,,,
Dönem 1,6 Kasım 2025 Perşembe,10:30,12:20,UYGULAMA,YAŞAMIN MOLEKÜLER TEMELLERİ DİLİMİ  / DİKEY KORİDOR,FAKÜLTEMİZ WEB SİTESİ ÖĞRENCİ AĞI DÖNEM 1 UYGULAMA PROGRAMINA BAKINIZ,,,,,,
Dönem 1,6 Kasım 2025 Perşembe,13:30,14:10,17-DNA ve RNA özellikleri / Prof. Dr. Canan KÜÇÜKGERGİN (Prof. Dr. Semra ABBASOĞLU),YAŞAMIN MOLEKÜLER TEMELLERİ / TIBBİ BİYOKİMYA AD.,FAKÜLTEMİZ WEB SİTESİ ÖĞRENCİ AĞI AMFİ PROGRAMINA BAKINIZ,,,,,,
Dönem 1,6 Kasım 2025 Perşembe,14:20,15:00,18-Proteinlerin tanımı ve biyolojik önemi / Prof. Dr. Semra ABBASOĞLU (Prof. Dr. Canan KÜÇÜKGERGİN),YAŞAMIN MOLEKÜLER TEMELLERİ / TIBBİ BİYOKİMYA AD.,FAKÜLTEMİZ WEB SİTESİ ÖĞRENCİ AĞI AMFİ PROGRAMINA BAKINIZ,,,,,,
Dönem 1,6 Kasım 2025 Perşembe,15:10,15:50,10-Biyolojik Reaksiyonlar ve Enzim Etki Mekanizmasının Moleküler Esasları / Prof. Dr. Handan AKÇAKAYA (Prof. Dr. Işıl ALBENİZ),YAŞAMIN MOLEKÜLER TEMELLERİ / BİYOFİZİK AD.,FAKÜLTEMİZ WEB SİTESİ ÖĞRENCİ AĞI AMFİ PROGRAMINA BAKINIZ,,,,,,
Dönem 1,6 Kasım 2025 Perşembe,16:00,16:40,11-Enzim Kinetikleri / Prof. Dr. Handan AKÇAKAYA (Prof. Dr. Işıl ALBENİZ),YAŞAMIN MOLEKÜLER TEMELLERİ / BİYOFİZİK AD.,FAKÜLTEMİZ WEB SİTESİ ÖĞRENCİ AĞI AMFİ PROGRAMINA BAKINIZ,,,,,,
Dönem 1,7 Kasım 2025 Cuma,08:30,09:10,19-Aminoasitlerin fonksiyonları / Prof. Dr. Semra ABBASOĞLU (Prof. Dr. Canan KÜÇÜKGERGİN),YAŞAMIN MOLEKÜLER TEMELLERİ / TIBBİ BİYOKİMYA AD.,,,,,,,
Dönem 1,7 Kasım 2025 Cuma,09:20,10:00,"20-Aminoasitlerin kimyasal özellikleri, peptid bağı oluşumu / Prof. Dr. Semra ABBASOĞLU (Prof. Dr. Canan KÜÇÜKGERGİN)",YAŞAMIN MOLEKÜLER TEMELLERİ / TIBBİ BİYOKİMYA AD.,FAKÜLTEMİZ WEB SİTESİ ÖĞRENCİ AĞI AMFİ PROGRAMINA BAKINIZ,,,,,,
Dönem 1,7 Kasım 2025 Cuma,10:30,12:20,UYGULAMA,YAŞAMIN MOLEKÜLER TEMELLERİ DİLİMİ  / DİKEY KORİDOR,FAKÜLTEMİZ WEB SİTESİ ÖĞRENCİ AĞI DÖNEM 1 UYGULAMA PROGRAMINA BAKINIZ,,,,,,
Dönem 1,7 Kasım 2025 Cuma,14:00,15:50,UYGULAMA,YAŞAMIN MOLEKÜLER TEMELLERİ DİLİMİ  / DİKEY KORİDOR,FAKÜLTEMİZ WEB SİTESİ ÖĞRENCİ AĞI DÖNEM 1 UYGULAMA PROGRAMINA BAKINIZ,,,,,,
Dönem 1,7 Kasım 2025 Cuma,16:00,16:40,SERBEST ÇALIŞMA,,,,,,,,
Dönem 1,10 Kasım 2025 Pazartesi,08:30,10:20,UYGULAMA,YAŞAMIN MOLEKÜLER TEMELLERİ DİLİMİ  / DİKEY KORİDOR,FAKÜLTEMİZ WEB SİTESİ ÖĞRENCİ AĞI DÖNEM 1 UYGULAMA PROGRAMINA BAKINIZ,,,,,,
Dönem 1,10 Kasım 2025 Pazartesi,10:30,12:20,UYGULAMA,YAŞAMIN MOLEKÜLER TEMELLERİ DİLİMİ  / DİKEY KORİDOR,FAKÜLTEMİZ WEB SİTESİ ÖĞRENCİ AĞI DÖNEM 1 UYGULAMA PROGRAMINA BAKINIZ,,,,,,
Dönem 1,10 Kasım 2025 Pazartesi,13:30,14:10,SERBEST ÇALIŞMA,,,,,,,,
Dönem 1,10 Kasım 2025 Pazartesi,14:20,15:00,SERBEST ÇALIŞMA,,,,,,,,
Dönem 1,10 Kasım 2025 Pazartesi,15:10,15:50,7-İLETİŞİM BECERİLERİ 1 Dinlemenin iletişimdeki önemi /  Doç. Dr. Ayşe Nilüfer ALÇALAR (Dr. Öğr. Üyesi Irmak Polat),DİKEY KORİDOR DİLİMİ / RUH SAĞLIĞI VE HASTALIKLARI AD.,FAKÜLTEMİZ WEB SİTESİ ÖĞRENCİ AĞI AMFİ PROGRAMINA BAKINIZ,,,,,,
Dönem 1,10 Kasım 2025 Pazartesi,16:00,16:40,8-İLETİŞİM BECERİLERİ 1 Etkin dinlemenin özellikleri /  Doç. Dr. Ayşe Nilüfer ALÇALAR (Dr. Öğr. Üyesi Irmak Polat),DİKEY KORİDOR DİLİMİ / RUH SAĞLIĞI VE HASTALIKLARI AD.,FAKÜLTEMİZ WEB SİTESİ ÖĞRENCİ AĞI AMFİ PROGRAMINA BAKINIZ,,,,,,
Dönem 1,11 Kasım 2025 Salı,08:30,09:10,12-Hücre membranın biyofiziksel özellikleri / Prof. Dr. Leman YALÇINTEPE GÜNEŞTUTAR (Doç. Dr. Başak GÜNÇER),YAŞAMIN MOLEKÜLER TEMELLERİ / BİYOFİZİK AD.,FAKÜLTEMİZ WEB SİTESİ ÖĞRENCİ AĞI AMFİ PROGRAMINA BAKINIZ,,,,,,
Dönem 1,11 Kasım 2025 Salı,09:20,10:00,13-Membran potansiyelleri elektriksel eşdeğer devreler ve modeller / Prof. Dr. Leman YALÇINTEPE GÜNEŞTUTAR (Doç. Dr. Başak GÜNÇER),YAŞAMIN MOLEKÜLER TEMELLERİ / BİYOFİZİK AD.,FAKÜLTEMİZ WEB SİTESİ ÖĞRENCİ AĞI AMFİ PROGRAMINA BAKINIZ,,,,,,
Dönem 1,11 Kasım 2025 Salı,10:30,12:20,UYGULAMA,YAŞAMIN MOLEKÜLER TEMELLERİ DİLİMİ  / DİKEY KORİDOR,FAKÜLTEMİZ WEB SİTESİ ÖĞRENCİ AĞI DÖNEM 1 UYGULAMA PROGRAMINA BAKINIZ,,,,,,
Dönem 1,11 Kasım 2025 Salı,13:30,14:10,23-Protein yapısı II / Prof. Dr. Semra ABBASOĞLU (Prof. Dr. Canan KÜÇÜKGERGİN),YAŞAMIN MOLEKÜLER TEMELLERİ / TIBBİ BİYOKİMYA AD.,FAKÜLTEMİZ WEB SİTESİ ÖĞRENCİ AĞI AMFİ PROGRAMINA BAKINIZ,,,,,,
Dönem 1,11 Kasım 2025 Salı,14:20,15:00,"24-Fibriler proteinler, kollajen ve keratin / Prof. Dr. Semra ABBASOĞLU (Prof. Dr. Canan KÜÇÜKGERGİN)",YAŞAMIN MOLEKÜLER TEMELLERİ / TIBBİ BİYOKİMYA AD.,FAKÜLTEMİZ WEB SİTESİ ÖĞRENCİ AĞI AMFİ PROGRAMINA BAKINIZ,,,,,,
Dönem 1,11 Kasım 2025 Salı,15:30,16:10,21-Standart ve standart olmayan amino asitler / Prof. Dr. Semra ABBASOĞLU (Prof. Dr. Canan KÜÇÜKGERGİN),YAŞAMIN MOLEKÜLER TEMELLERİ / TIBBİ BİYOKİMYA AD.,FAKÜLTEMİZ WEB SİTESİ ÖĞRENCİ AĞI AMFİ PROGRAMINA BAKINIZ,,,,,,
Dönem 1,11 Kasım 2025 Salı,16:20,17:00,SERBEST ÇALIŞMA,,,,,,,,
Dönem 1,12 Kasım 2025 Çarşamba,08:30,10:20,UYGULAMA,YAŞAMIN MOLEKÜLER TEMELLERİ DİLİMİ  / DİKEY KORİDOR,FAKÜLTEMİZ WEB SİTESİ ÖĞRENCİ AĞI DÖNEM 1 UYGULAMA PROGRAMINA BAKINIZ,,,,,,
Dönem 1,12 Kasım 2025 Çarşamba,10:30,12:20,UYGULAMA,YAŞAMIN MOLEKÜLER TEMELLERİ DİLİMİ  / DİKEY KORİDOR,FAKÜLTEMİZ WEB SİTESİ ÖĞRENCİ AĞI DÖNEM 1 UYGULAMA PROGRAMINA BAKINIZ,,,,,,
Dönem 1,12 Kasım 2025 Çarşamba,13:30,14:10,Seçmeli Dersler - 6,,FAKÜLTEMİZ WEB SİTESİ ÖĞRENCİ AĞI SEÇMELİ DERS AMFİ PROGRAMINA BAKINIZ,,,,,,
Dönem 1,12 Kasım 2025 Çarşamba,14:20,15:00,Seçmeli Dersler - 6,,FAKÜLTEMİZ WEB SİTESİ ÖĞRENCİ AĞI SEÇMELİ DERS AMFİ PROGRAMINA BAKINIZ,,,,,,
Dönem 1,12 Kasım 2025 Çarşamba,15:10,15:50,Seçmeli Dersler - 6,,FAKÜLTEMİZ WEB SİTESİ ÖĞRENCİ AĞI SEÇMELİ DERS AMFİ PROGRAMINA BAKINIZ,,,,,,
Dönem 1,13 Kasım 2025 Perşembe,09:00,10:00,ENTEGRE OTURUM - Hücre Zarının içinde... -  Prof.Dr. Fatma OĞUZ / Doç. Dr. Elif KERVANCIOĞLU DEMİRCİ (İngilizce Tıp ile ortak ders),YAŞAMIN MOLEKÜLER TEMELLERİ / TIBBİ BİYOLOJİ AD. - HİSTOLOJİ VE EMBİRİYOLOJİ AD.,FAKÜLTEMİZ WEB SİTESİ ÖĞRENCİ AĞI AMFİ PROGRAMINA BAKINIZ,,,,,,
Dönem 1,13 Kasım 2025 Perşembe,10:30,12:20,UYGULAMA,YAŞAMIN MOLEKÜLER TEMELLERİ DİLİMİ,FAKÜLTEMİZ WEB SİTESİ ÖĞRENCİ AĞI DÖNEM 1 UYGULAMA PROGRAMINA BAKINIZ,,,,,,
Dönem 1,13 Kasım 2025 Perşembe,13:30,15:20,UYGULAMA,YAŞAMIN MOLEKÜLER TEMELLERİ DİLİMİ,FAKÜLTEMİZ WEB SİTESİ ÖĞRENCİ AĞI DÖNEM 1 UYGULAMA PROGRAMINA BAKINIZ,,,,,,
Dönem 1,13 Kasım 2025 Perşembe,15:30,16:10,"25-Globüler proteinler, hemoglobin ve miyoglobin / Prof. Dr. Semra ABBASOĞLU (Prof. Dr. Canan KÜÇÜKGERGİN)",YAŞAMIN MOLEKÜLER TEMELLERİ / TIBBİ BİYOKİMYA AD.,FAKÜLTEMİZ WEB SİTESİ ÖĞRENCİ AĞI AMFİ PROGRAMINA BAKINIZ,,,,,,
Dönem 1,13 Kasım 2025 Perşembe,16:20,17:00,22-Protein yapısı I / Prof. Dr. Semra ABBASOĞLU (Prof. Dr. Canan KÜÇÜKGERGİN),YAŞAMIN MOLEKÜLER TEMELLERİ / TIBBİ BİYOKİMYA AD.,FAKÜLTEMİZ WEB SİTESİ ÖĞRENCİ AĞI AMFİ PROGRAMINA BAKINIZ,,,,,,
Dönem 1,14 Kasım 2025 Cuma,08:30,09:10,1-Endoplazmik retikulum yapısı ve fonksiyonu ER stresi / Doç. Dr. Hayriye ŞENTÜRK ÇİFTÇİ ( Prof.Dr. Fatma OĞUZ),HÜCRE DİLİMİ / TIBBİ BİYOLOJİ AD.,FAKÜLTEMİZ WEB SİTESİ ÖĞRENCİ AĞI AMFİ PROGRAMINA BAKINIZ,,,,,,
Dönem 1,14 Kasım 2025 Cuma,09:20,10:00,"2-Golgi kompleksi yapı ve işlevleri, Hücre içi vezikül trafiği / Doç. Dr. Hayriye ŞENTÜRK ÇİFTÇİ ( Prof.Dr. Fatma OĞUZ)",HÜCRE DİLİMİ / TIBBİ BİYOLOJİ AD.,FAKÜLTEMİZ WEB SİTESİ ÖĞRENCİ AĞI AMFİ PROGRAMINA BAKINIZ,,,,,,
Dönem 1,14 Kasım 2025 Cuma,10:30,12:20,UYGULAMA,YAŞAMIN MOLEKÜLER TEMELLERİ DİLİMİ,FAKÜLTEMİZ WEB SİTESİ ÖĞRENCİ AĞI DÖNEM 1 UYGULAMA PROGRAMINA BAKINIZ,,,,,,
Dönem 1,14 Kasım 2025 Cuma,14:00,14:40,26-Nükleotidlerin sentezi / Prof. Dr. Şule SEÇKİN (Prof. Dr. Canan KÜÇÜKGERGİN),YAŞAMIN MOLEKÜLER TEMELLERİ / TIBBİ BİYOKİMYA AD.,FAKÜLTEMİZ WEB SİTESİ ÖĞRENCİ AĞI AMFİ PROGRAMINA BAKINIZ,,,,,,
Dönem 1,14 Kasım 2025 Cuma,14:50,15:30,27-Nükleotidlerin yıkımı / Prof. Dr. Şule SEÇKİN (Prof. Dr. Canan KÜÇÜKGERGİN),YAŞAMIN MOLEKÜLER TEMELLERİ / TIBBİ BİYOKİMYA AD.,FAKÜLTEMİZ WEB SİTESİ ÖĞRENCİ AĞI AMFİ PROGRAMINA BAKINIZ,,,,,,
Dönem 1,14 Kasım 2025 Cuma,15:40,16:20,14-Biyoenerjetik açıdan moleküllerin membrandan iletisi / Prof. Dr. Leman YALÇINTEPE GÜNEŞTUTAR (Doç. Dr. Başak GÜNÇER),YAŞAMIN MOLEKÜLER TEMELLERİ / BİYOFİZİK AD.,FAKÜLTEMİZ WEB SİTESİ ÖĞRENCİ AĞI AMFİ PROGRAMINA BAKINIZ,,,,,,
Dönem 1,17 Kasım 2025 Pazartesi,08:30,09:10,28-Nükleotidlerin sentez ve yıkımının düzenlenmesi / Prof. Dr. Şule SEÇKİN (Prof. Dr. Canan KÜÇÜKGERGİN),YAŞAMIN MOLEKÜLER TEMELLERİ / TIBBİ BİYOKİMYA AD.,FAKÜLTEMİZ WEB SİTESİ ÖĞRENCİ AĞI AMFİ PROGRAMINA BAKINIZ,,,,,,
Dönem 1,17 Kasım 2025 Pazartesi,09:20,10:00,SERBEST ÇALIŞMA,,,,,,,,
Dönem 1,17 Kasım 2025 Pazartesi,10:00,13:00,SERBEST ÇALIŞMA (Dönem3 Sınav),,,,,,,,
Dönem 1,17 Kasım 2025 Pazartesi,13:30,14:10,9-İLETİŞİM BECERİLERİ 1 Empatinin kavramı / Dr. Öğr. Üyesi Irmak POLAT (Doç. Dr. Ayşe Nilüfer ALÇALAR),DİKEY KORİDOR DİLİMİ / RUH SAĞLIĞI VE HASTALIKLARI AD.,FAKÜLTEMİZ WEB SİTESİ ÖĞRENCİ AĞI AMFİ PROGRAMINA BAKINIZ,,,,,,
Dönem 1,17 Kasım 2025 Pazartesi,14:20,15:00,10-İLETİŞİM BECERİLERİ 1 Empatinin özellikleri / Dr. Öğr. Üyesi Irmak POLAT (Doç. Dr. Ayşe Nilüfer ALÇALAR),DİKEY KORİDOR DİLİMİ / RUH SAĞLIĞI VE HASTALIKLARI AD.,FAKÜLTEMİZ WEB SİTESİ ÖĞRENCİ AĞI AMFİ PROGRAMINA BAKINIZ,,,,,,
Dönem 1,17 Kasım 2025 Pazartesi,15:10,15:50,30-Enzim aktivitesini etkileyen faktörler / Prof. Dr. Seldağ BEKPINAR (Doç. Dr. İlknur BİNGÜL),YAŞAMIN MOLEKÜLER TEMELLERİ / TIBBİ BİYOKİMYA AD.,FAKÜLTEMİZ WEB SİTESİ ÖĞRENCİ AĞI AMFİ PROGRAMINA BAKINIZ,,,,,,
Dönem 1,17 Kasım 2025 Pazartesi,16:00,16:40,15-Difüzyon yasaları ve difüzyonun biyolojik sistemler için önemi / Prof. Dr. Handan AKÇAKAYA (Prof. Dr. Işıl ALBENİZ),YAŞAMIN MOLEKÜLER TEMELLERİ / BİYOFİZİK AD.,FAKÜLTEMİZ WEB SİTESİ ÖĞRENCİ AĞI AMFİ PROGRAMINA BAKINIZ,,,,,,
Dönem 1,17 Kasım 2025 Pazartesi,16:50,17:30,8-DNA replikasyonunun biyolojisi / Prof. Dr. Sacide PEHLİVAN (Prof. Dr. Çiğdem KEKİK ÇINAR),HÜCRE DİLİMİ / TIBBİ BİYOLOJİ AD.,FAKÜLTEMİZ WEB SİTESİ ÖĞRENCİ AĞI AMFİ PROGRAMINA BAKINIZ,,,,,,
Dönem 1,18 Kasım 2025 Salı,08:30,09:10,31-Enzim inhibisyonu / Prof. Dr. Seldağ BEKPINAR (Doç. Dr. İlknur BİNGÜL),YAŞAMIN MOLEKÜLER TEMELLERİ / TIBBİ BİYOKİMYA AD.,FAKÜLTEMİZ WEB SİTESİ ÖĞRENCİ AĞI AMFİ PROGRAMINA BAKINIZ,,,,,,
Dönem 1,18 Kasım 2025 Salı,09:20,10:00,32-Enzim aktivitesinin düzenlenmesi / Prof. Dr. Seldağ BEKPINAR (Doç. Dr. İlknur BİNGÜL),YAŞAMIN MOLEKÜLER TEMELLERİ / TIBBİ BİYOKİMYA AD.,FAKÜLTEMİZ WEB SİTESİ ÖĞRENCİ AĞI AMFİ PROGRAMINA BAKINIZ,,,,,,
Dönem 1,18 Kasım 2025 Salı,10:30,12:20,UYGULAMA,YAŞAMIN MOLEKÜLER TEMELLERİ DİLİMİ,FAKÜLTEMİZ WEB SİTESİ ÖĞRENCİ AĞI DÖNEM 1 UYGULAMA PROGRAMINA BAKINIZ,,,,,,
Dönem 1,18 Kasım 2025 Salı,13:30,15:20,UYGULAMA,YAŞAMIN MOLEKÜLER TEMELLERİ DİLİMİ,FAKÜLTEMİZ WEB SİTESİ ÖĞRENCİ AĞI DÖNEM 1 UYGULAMA PROGRAMINA BAKINIZ,,,,,,
Dönem 1,19 Kasım 2025 Çarşamba,08:30,10:20,UYGULAMA,YAŞAMIN MOLEKÜLER TEMELLERİ DİLİMİ,FAKÜLTEMİZ WEB SİTESİ ÖĞRENCİ AĞI DÖNEM 1 UYGULAMA PROGRAMINA BAKINIZ,,,,,,
Dönem 1,19 Kasım 2025 Çarşamba,10:30,12:20,UYGULAMA,YAŞAMIN MOLEKÜLER TEMELLERİ DİLİMİ,FAKÜLTEMİZ WEB SİTESİ ÖĞRENCİ AĞI DÖNEM 1 UYGULAMA PROGRAMINA BAKINIZ,,,,,,
Dönem 1,19 Kasım 2025 Çarşamba,13:30,14:10,Seçmeli Dersler - 7,,FAKÜLTEMİZ WEB SİTESİ ÖĞRENCİ AĞI SEÇMELİ DERS AMFİ PROGRAMINA BAKINIZ,,,,,,
Dönem 1,19 Kasım 2025 Çarşamba,14:20,15:00,Seçmeli Dersler - 7,,FAKÜLTEMİZ WEB SİTESİ ÖĞRENCİ AĞI SEÇMELİ DERS AMFİ PROGRAMINA BAKINIZ,,,,,,
Dönem 1,19 Kasım 2025 Çarşamba,15:10,15:50,Seçmeli Dersler - 7,,FAKÜLTEMİZ WEB SİTESİ ÖĞRENCİ AĞI SEÇMELİ DERS AMFİ PROGRAMINA BAKINIZ,,,,,,
Dönem 1,20 Kasım 2025 Perşembe,08:30,10:20,UYGULAMA,YAŞAMIN MOLEKÜLER TEMELLERİ DİLİMİ,FAKÜLTEMİZ WEB SİTESİ ÖĞRENCİ AĞI DÖNEM 1 UYGULAMA PROGRAMINA BAKINIZ,,,,,,
Dönem 1,20 Kasım 2025 Perşembe,10:30,11:10,"1-Bakterilerin morfolojisi, bakteri hücresinin yapısı-1 / Prof. Dr. Yaşar NAKİPOĞLU (Doç. Dr. Gonca ERKÖSE GENÇ)",HÜCRE DİLİMİ / TIBBİ MİKROBİYOLOJİ AD.,FAKÜLTEMİZ WEB SİTESİ ÖĞRENCİ AĞI AMFİ PROGRAMINA BAKINIZ,,,,,,
Dönem 1,20 Kasım 2025 Perşembe,11:20,12:00,"2-Bakterilerin morfolojisi, bakteri hücresinin yapısı-2 / Prof. Dr. Yaşar NAKİPOĞLU (Doç. Dr. Gonca ERKÖSE GENÇ)",HÜCRE DİLİMİ / TIBBİ MİKROBİYOLOJİ AD.,FAKÜLTEMİZ WEB SİTESİ ÖĞRENCİ AĞI AMFİ PROGRAMINA BAKINIZ,,,,,,
Dönem 1,20 Kasım 2025 Perşembe,13:30,15:20,UYGULAMA,YAŞAMIN MOLEKÜLER TEMELLERİ DİLİMİ,FAKÜLTEMİZ WEB SİTESİ ÖĞRENCİ AĞI DÖNEM 1 UYGULAMA PROGRAMINA BAKINIZ,,,,,,
Dönem 1,21 Kasım 2025 Cuma,08:30,10:20,UYGULAMA,YAŞAMIN MOLEKÜLER TEMELLERİ DİLİMİ,FAKÜLTEMİZ WEB SİTESİ ÖĞRENCİ AĞI DÖNEM 1 UYGULAMA PROGRAMINA BAKINIZ,,,,,,
Dönem 1,21 Kasım 2025 Cuma,10:30,12:20,UYGULAMA,YAŞAMIN MOLEKÜLER TEMELLERİ DİLİMİ,FAKÜLTEMİZ WEB SİTESİ ÖĞRENCİ AĞI DÖNEM 1 UYGULAMA PROGRAMINA BAKINIZ,,,,,,
Dönem 1,21 Kasım 2025 Cuma,14:00,14:40,33-Biyolojik membranlarda transportun önemi / Prof. Dr. Pervin VURAL (Prof. Dr. Evin ADEMOĞLU),YAŞAMIN MOLEKÜLER TEMELLERİ / TIBBİ BİYOKİMYA AD.,FAKÜLTEMİZ WEB SİTESİ ÖĞRENCİ AĞI AMFİ PROGRAMINA BAKINIZ,,,,,,
Dönem 1,21 Kasım 2025 Cuma,14:50,15:30,34-Biyolojik Membranlarda transport mekanızmaları / Prof. Dr. Pervin VURAL (Prof. Dr. Evin ADEMOĞLU),YAŞAMIN MOLEKÜLER TEMELLERİ / TIBBİ BİYOKİMYA AD.,FAKÜLTEMİZ WEB SİTESİ ÖĞRENCİ AĞI AMFİ PROGRAMINA BAKINIZ,,,,,,
Dönem 1,21 Kasım 2025 Cuma,15:40,16:20,"29-Enzimlerin genel özellikleri, sınıflandırılması / Prof. Dr. Seldağ BEKPINAR (Doç. Dr. İlknur BİNGÜL)",YAŞAMIN MOLEKÜLER TEMELLERİ / TIBBİ BİYOKİMYA AD.,FAKÜLTEMİZ WEB SİTESİ ÖĞRENCİ AĞI AMFİ PROGRAMINA BAKINIZ,,,,,,
Dönem 1,24 Kasım 2025 Pazartesi,08:30,10:20,UYGULAMA,YAŞAMIN MOLEKÜLER TEMELLERİ DİLİMİ,FAKÜLTEMİZ WEB SİTESİ ÖĞRENCİ AĞI DÖNEM 1 UYGULAMA PROGRAMINA BAKINIZ,,,,,,
Dönem 1,24 Kasım 2025 Pazartesi,10:30,11:10,11-İLETİŞİM BECERİLERİ 1 İletişim engelleri-1 /  Doç. Dr. Ayşe Nilüfer ALÇALAR (Dr. Öğr. Üyesi Irmak Polat),DİKEY KORİDOR DİLİMİ / RUH SAĞLIĞI VE HASTALIKLARI AD.,FAKÜLTEMİZ WEB SİTESİ ÖĞRENCİ AĞI AMFİ PROGRAMINA BAKINIZ,,,,,,
Dönem 1,24 Kasım 2025 Pazartesi,11:20,12:00,12-İLETİŞİM BECERİLERİ 1 İletişim engelleri-2 /   Doç. Dr. Ayşe Nilüfer ALÇALAR (Dr. Öğr. Üyesi Irmak Polat),DİKEY KORİDOR DİLİMİ / RUH SAĞLIĞI VE HASTALIKLARI AD.,FAKÜLTEMİZ WEB SİTESİ ÖĞRENCİ AĞI AMFİ PROGRAMINA BAKINIZ,,,,,,
Dönem 1,24 Kasım 2025 Pazartesi,13:30,14:10,1-Organellerin biyokimyasal işlevleri I / Prof. Dr. Pervin VURAL (Prof. Dr. Evin ADEMOĞLU),HÜCRE DİLİMİ / TIBBİ BİYOKİMYA AD.,FAKÜLTEMİZ WEB SİTESİ ÖĞRENCİ AĞI AMFİ PROGRAMINA BAKINIZ,,,,,,
Dönem 1,24 Kasım 2025 Pazartesi,14:20,15:00,2-Organellerin biyokimyasal işlevleri II / Prof. Dr. Pervin VURAL (Prof. Dr. Evin ADEMOĞLU),HÜCRE DİLİMİ / TIBBİ BİYOKİMYA AD.,FAKÜLTEMİZ WEB SİTESİ ÖĞRENCİ AĞI AMFİ PROGRAMINA BAKINIZ,,,,,,
Dönem 1,24 Kasım 2025 Pazartesi,15:10,15:50,3-Lizozom ve peroksizomların yapı ve fonksiyonları /  Prof.Dr. Fatma OĞUZ (Prof. Dr. Çiğdem KEKİK ÇINAR),HÜCRE DİLİMİ / TIBBİ BİYOLOJİ AD.,FAKÜLTEMİZ WEB SİTESİ ÖĞRENCİ AĞI AMFİ PROGRAMINA BAKINIZ,,,,,,
Dönem 1,24 Kasım 2025 Pazartesi,16:00,16:40,4-Proteozomlar ve şaperonların rolü /  Prof.Dr. Fatma OĞUZ (Prof. Dr. Çiğdem KEKİK ÇINAR),HÜCRE DİLİMİ / TIBBİ BİYOLOJİ AD.,FAKÜLTEMİZ WEB SİTESİ ÖĞRENCİ AĞI AMFİ PROGRAMINA BAKINIZ,,,,,,
Dönem 1,25 Kasım 2025 Salı,08:30,09:10,"5-Endositoz, Eksositoz, Eksozomlar / Prof. Dr. Çiğdem KEKİK ÇINAR ( Prof.Dr. Fatma OĞUZ)",HÜCRE DİLİMİ / TIBBİ BİYOLOJİ AD.,FAKÜLTEMİZ WEB SİTESİ ÖĞRENCİ AĞI AMFİ PROGRAMINA BAKINIZ,,,,,,
Dönem 1,25 Kasım 2025 Salı,09:20,10:00,6-Nükleus-nukleoslus yapı ve işlevleri / Doç. Dr. Hayriye ŞENTÜRK ÇİFTÇİ ( Prof.Dr. Fatma OĞUZ),HÜCRE DİLİMİ / TIBBİ BİYOLOJİ AD.,FAKÜLTEMİZ WEB SİTESİ ÖĞRENCİ AĞI AMFİ PROGRAMINA BAKINIZ,,,,,,
Dönem 1,25 Kasım 2025 Salı,10:30,12:20,UYGULAMA,HÜCRE DİLİMİ,FAKÜLTEMİZ WEB SİTESİ ÖĞRENCİ AĞI DÖNEM 1 UYGULAMA PROGRAMINA BAKINIZ,,,,,,
Dönem 1,25 Kasım 2025 Salı,13:30,14:10,7-Kromatin yapısı ve kromozomlar / Doç. Dr. Hayriye ŞENTÜRK ÇİFTÇİ ( Prof.Dr. Fatma OĞUZ),HÜCRE DİLİMİ / TIBBİ BİYOLOJİ AD.,FAKÜLTEMİZ WEB SİTESİ ÖĞRENCİ AĞI AMFİ PROGRAMINA BAKINIZ,,,,,,
Dönem 1,25 Kasım 2025 Salı,14:20,15:00,13-Mitokondri yapısı genomu ve mitokondriyal hastalıklarda kalıtım / Prof. Dr. Çiğdem KEKİK ÇINAR ( Prof.Dr. Fatma OĞUZ),HÜCRE DİLİMİ / TIBBİ BİYOLOJİ AD.,FAKÜLTEMİZ WEB SİTESİ ÖĞRENCİ AĞI AMFİ PROGRAMINA BAKINIZ,,,,,,
Dönem 1,25 Kasım 2025 Salı,15:10,15:50,5-Biyolojik oksidasyonlar ve mitokondri / Prof. Dr. Semra ABBASOĞLU (Prof. Dr. Canan KÜÇÜKGERGİN),HÜCRE DİLİMİ / TIBBİ BİYOKİMYA AD.,FAKÜLTEMİZ WEB SİTESİ ÖĞRENCİ AĞI AMFİ PROGRAMINA BAKINIZ,,,,,,
Dönem 1,25 Kasım 2025 Salı,16:00,16:40,6-Elektron transport zinciri / Prof. Dr. Semra ABBASOĞLU (Prof. Dr. Canan KÜÇÜKGERGİN),HÜCRE DİLİMİ / TIBBİ BİYOKİMYA AD.,FAKÜLTEMİZ WEB SİTESİ ÖĞRENCİ AĞI AMFİ PROGRAMINA BAKINIZ,,,,,,
Dönem 1,26 Kasım 2025 Çarşamba,08:30,09:30,ENTEGRE OTURUM - Organellerin işlevsel Bozuklukları ve Klinik Yansımaları -  Prof.Dr. Fatma OĞUZ / Dr.Öğr. Üyesi Mehmet Cihan BALCI (İngilizce Tıp ile ortak ders),HÜCRE DİLİMİ / TIBBİ BİYOLOJİ AD. - ÇOCUK SAĞLIĞI VE HASTALIKLARI AD.,FAKÜLTEMİZ WEB SİTESİ ÖĞRENCİ AĞI AMFİ PROGRAMINA BAKINIZ,,,,,,
Dönem 1,26 Kasım 2025 Çarşamba,09:40,10:40,SERBEST ÇALIŞMA,,,,,,,,
Dönem 1,26 Kasım 2025 Çarşamba,10:50,11:30,3-Viruslerin genel özellikleri / Prof. Dr. Ali AĞAÇFİDAN (Doç .Dr. Hayriye KIRKOYUN UYSAL),HÜCRE DİLİMİ / TIBBİ MİKROBİYOLOJİ AD.,FAKÜLTEMİZ WEB SİTESİ ÖĞRENCİ AĞI AMFİ PROGRAMINA BAKINIZ,,,,,,
Dönem 1,26 Kasım 2025 Çarşamba,11:40,12:20,4-Arke bakteriler hakkında genel bilgiler / Prof. Dr. Yaşar NAKİPOĞLU (Doç. Dr. Deniz Bahar AKGÜN KARAPINAR),HÜCRE DİLİMİ / TIBBİ MİKROBİYOLOJİ AD.,FAKÜLTEMİZ WEB SİTESİ ÖĞRENCİ AĞI AMFİ PROGRAMINA BAKINIZ,,,,,,
Dönem 1,26 Kasım 2025 Çarşamba,13:30,14:10,Seçmeli Dersler - 8,,FAKÜLTEMİZ WEB SİTESİ ÖĞRENCİ AĞI SEÇMELİ DERS AMFİ PROGRAMINA BAKINIZ,,,,,,
Dönem 1,26 Kasım 2025 Çarşamba,14:20,15:00,Seçmeli Dersler - 8,,FAKÜLTEMİZ WEB SİTESİ ÖĞRENCİ AĞI SEÇMELİ DERS AMFİ PROGRAMINA BAKINIZ,,,,,,
Dönem 1,26 Kasım 2025 Çarşamba,15:10,15:50,Seçmeli Dersler - 8,,FAKÜLTEMİZ WEB SİTESİ ÖĞRENCİ AĞI SEÇMELİ DERS AMFİ PROGRAMINA BAKINIZ,,,,,,
Dönem 1,27 Kasım 2025 Perşembe,08.30,09.10,SERBEST ÇALIŞMA,,,,,,,,
Dönem 1,27 Kasım 2025 Perşembe,09:20,10:00,SERBEST ÇALIŞMA,,,,,,,,
Dönem 1,27 Kasım 2025 Perşembe,10:30,12:20,UYGULAMA,HÜCRE DİLİMİ,FAKÜLTEMİZ WEB SİTESİ ÖĞRENCİ AĞI DÖNEM 1 UYGULAMA PROGRAMINA BAKINIZ,,,,,,
Dönem 1,27 Kasım 2025 Perşembe,13:30,15:20,UYGULAMA,HÜCRE DİLİMİ,FAKÜLTEMİZ WEB SİTESİ ÖĞRENCİ AĞI DÖNEM 1 UYGULAMA PROGRAMINA BAKINIZ,,,,,,
Dönem 1,27 Kasım 2025 Perşembe,15.30,16.10,5-Parazitler hakkında genel bilgiler / Prof. Dr. Özden BORAL (Prof. Dr. Zayre ERTURAN),HÜCRE DİLİMİ / TIBBİ MİKROBİYOLOJİ AD.,FAKÜLTEMİZ WEB SİTESİ ÖĞRENCİ AĞI AMFİ PROGRAMINA BAKINIZ,,,,,,
Dönem 1,28 Kasım 2025 Cuma,08:30,09:10,7-Konak / mikroorganizma ilişkileri ve mikrobiyota / Prof. Dr. Yaşar NAKİPOĞLU (Doç. Dr. Deniz Bahar AKGÜN KARAPINAR),HÜCRE DİLİMİ / TIBBİ MİKROBİYOLOJİ AD.,FAKÜLTEMİZ WEB SİTESİ ÖĞRENCİ AĞI AMFİ PROGRAMINA BAKINIZ,,,,,,
Dönem 1,28 Kasım 2025 Cuma,09:20,10:00,8-Bakterilerde fenotipik değişme ve mutasyon / Prof. Dr. Betigül ÖNGEN (Prof. Dr. Zerrin AKTAŞ),HÜCRE DİLİMİ / TIBBİ MİKROBİYOLOJİ AD.,FAKÜLTEMİZ WEB SİTESİ ÖĞRENCİ AĞI AMFİ PROGRAMINA BAKINIZ,,,,,,
Dönem 1,28 Kasım 2025 Cuma,10:30,12:20,UYGULAMA,HÜCRE DİLİMİ,FAKÜLTEMİZ WEB SİTESİ ÖĞRENCİ AĞI DÖNEM 1 UYGULAMA PROGRAMINA BAKINIZ,,,,,,
Dönem 1,28 Kasım 2025 Cuma,14:00,14:40,7-ATP sentezi ve kontrolü / Prof. Dr. Semra ABBASOĞLU (Prof. Dr. Canan KÜÇÜKGERGİN),HÜCRE DİLİMİ / TIBBİ BİYOKİMYA AD.,FAKÜLTEMİZ WEB SİTESİ ÖĞRENCİ AĞI AMFİ PROGRAMINA BAKINIZ,,,,,,
Dönem 1,28 Kasım 2025 Cuma,14:50,15:30,8-Mitokondrideki oksidatif stres / Prof. Dr. Semra ABBASOĞLU (Prof. Dr. Canan KÜÇÜKGERGİN),HÜCRE DİLİMİ / TIBBİ BİYOKİMYA AD.,FAKÜLTEMİZ WEB SİTESİ ÖĞRENCİ AĞI AMFİ PROGRAMINA BAKINIZ,,,,,,
Dönem 1,28 Kasım 2025 Cuma,15:40,16:40, ÖLÇME DEĞERLENDİRME BİLGİLENDİRME TOPLANMASI  (İngilizce Tıp ile ortak ders),,FAKÜLTEMİZ WEB SİTESİ ÖĞRENCİ AĞI AMFİ PROGRAMINA BAKINIZ,,,,,,
Dönem 1,1 Aralık 2025 Pazartesi,08:30,10:20,UYGULAMA,HÜCRE DİLİMİ,FAKÜLTEMİZ WEB SİTESİ ÖĞRENCİ AĞI DÖNEM 1 UYGULAMA PROGRAMINA BAKINIZ,,,,,,
Dönem 1,1 Aralık 2025 Pazartesi,10:30,12:20,UYGULAMA,HÜCRE DİLİMİ,FAKÜLTEMİZ WEB SİTESİ ÖĞRENCİ AĞI DÖNEM 1 UYGULAMA PROGRAMINA BAKINIZ,,,,,,
Dönem 1,1 Aralık 2025 Pazartesi,13:30,14:10,13-İLETİŞİM BECERİLERİ 1 Hekim-hasta iletişiminin temel kavramları-1 / Doç. Dr. Ayşe Nilüfer ALÇALAR (Dr. Öğr. Üyesi Irmak Polat),DİKEY KORİDOR DİLİMİ / RUH SAĞLIĞI VE HASTALIKLARI AD.,FAKÜLTEMİZ WEB SİTESİ ÖĞRENCİ AĞI AMFİ PROGRAMINA BAKINIZ,,,,,,
Dönem 1,1 Aralık 2025 Pazartesi,14:20,15:00,14-İLETİŞİM BECERİLERİ 1 Hekim-hasta iletişiminin temel kavramları-2 /Doç. Dr. Ayşe Nilüfer ALÇALAR (Dr. Öğr. Üyesi Irmak Polat),DİKEY KORİDOR DİLİMİ / RUH SAĞLIĞI VE HASTALIKLARI AD.,FAKÜLTEMİZ WEB SİTESİ ÖĞRENCİ AĞI AMFİ PROGRAMINA BAKINIZ,,,,,,
Dönem 1,1 Aralık 2025 Pazartesi,15:10,15:50,1-Nükleik asitlerin yapısı -DNA’nın özellikleri ve steroidler - Kliniğe yansımalarına örnekler / Prof. Dr. Gülşah YENİDÜNYA YALIN ( Prof. Dr. Ayşe Kubat ÜZÜM),HÜCRE DİLİMİ / İÇ HASTALIKLARI AD. (ENDOKRİNOLOJİ BD.),FAKÜLTEMİZ WEB SİTESİ ÖĞRENCİ AĞI AMFİ PROGRAMINA BAKINIZ,,,,,,
Dönem 1,1 Aralık 2025 Pazartesi,16:00,16:40,"9-Bakterilerde transformasyon, transdüksiyon ve konjugasyon / Prof. Dr. Betigül ÖNGEN (Prof. Dr. Zerrin AKTAŞ)",HÜCRE DİLİMİ / TIBBİ MİKROBİYOLOJİ AD.,FAKÜLTEMİZ WEB SİTESİ ÖĞRENCİ AĞI AMFİ PROGRAMINA BAKINIZ,,,,,,
Dönem 1,2 Aralık 2025 Salı,08:30,09:10,"3-Replikasyonun Biyokimyasal yaklaşımı, tamir sistemleri / Prof. Dr. Şule SEÇKİN (Prof. Dr. Nihal SALMAYENLİ)",HÜCRE DİLİMİ / TIBBİ BİYOKİMYA AD.,FAKÜLTEMİZ WEB SİTESİ ÖĞRENCİ AĞI AMFİ PROGRAMINA BAKINIZ,,,,,,
Dönem 1,2 Aralık 2025 Salı,09:20,10:00,4-Biyokimyasal açıdan transkriosiyon / Prof. Dr. Şule SEÇKİN (Prof. Dr. Nihal SALMAYENLİ),HÜCRE DİLİMİ / TIBBİ BİYOKİMYA AD.,FAKÜLTEMİZ WEB SİTESİ ÖĞRENCİ AĞI AMFİ PROGRAMINA BAKINIZ,,,,,,
Dönem 1,2 Aralık 2025 Salı,10:30,12:20,UYGULAMA,HÜCRE DİLİMİ,FAKÜLTEMİZ WEB SİTESİ ÖĞRENCİ AĞI DÖNEM 1 UYGULAMA PROGRAMINA BAKINIZ,,,,,,
Dönem 1,2 Aralık 2025 Salı,13:30,14:10,SERBEST ÇALIŞMA,,,,,,,,
Dönem 1,2 Aralık 2025 Salı,14:20,15:00,SERBEST ÇALIŞMA,,,,,,,,
Dönem 1,2 Aralık 2025 Salı,15:10,15:50,9-DNA hasarı ve DNA onarımı / Prof. Dr. Selçuk DAŞDEMİR (Prof. Dr. Çiğdem KEKİK ÇINAR),HÜCRE DİLİMİ / TIBBİ BİYOLOJİ AD.,FAKÜLTEMİZ WEB SİTESİ ÖĞRENCİ AĞI AMFİ PROGRAMINA BAKINIZ,,,,,,
Dönem 1,2 Aralık 2025 Salı,16:00,16:40,10-Klasik RNA Molekülleri / Prof. Dr. Sacide PEHLİVAN (Prof. Dr. Selçuk DAŞDEMİR),HÜCRE DİLİMİ / TIBBİ BİYOLOJİ AD.,FAKÜLTEMİZ WEB SİTESİ ÖĞRENCİ AĞI AMFİ PROGRAMINA BAKINIZ,,,,,,
Dönem 1,3 Aralık 2025 Çarşamba,08:30,10:20,UYGULAMA,HÜCRE DİLİMİ,FAKÜLTEMİZ WEB SİTESİ ÖĞRENCİ AĞI DÖNEM 1 UYGULAMA PROGRAMINA BAKINIZ,,,,,,
Dönem 1,3 Aralık 2025 Çarşamba,11:00,11:40,"3-Moleküler kavramlar (Gen, Genom, Genomik, protein, Proteomik, İnteraktom) / Prof. Dr. Muhammet BEKTAŞ",HÜCRE DİLİMİ / BİYOFİZİK AD.,FAKÜLTEMİZ WEB SİTESİ ÖĞRENCİ AĞI AMFİ PROGRAMINA BAKINIZ,,,,,,
Dönem 1,3 Aralık 2025 Çarşamba,11:50,12:30,4-DNA dizileme insan genom haritası gen düzeyinde moleküler tanı ve tedaviyöntemleri (mikroarey-CRISPER) / Prof. Dr. Muhammet BEKTAŞ (Doç. Dr. Başak GÜNÇER),HÜCRE DİLİMİ / BİYOFİZİK AD.,FAKÜLTEMİZ WEB SİTESİ ÖĞRENCİ AĞI AMFİ PROGRAMINA BAKINIZ,,,,,,
Dönem 1,3 Aralık 2025 Çarşamba,13:30,14:10,Seçmeli Dersler - 9,,FAKÜLTEMİZ WEB SİTESİ ÖĞRENCİ AĞI SEÇMELİ DERS AMFİ PROGRAMINA BAKINIZ,,,,,,
Dönem 1,3 Aralık 2025 Çarşamba,14:20,15:00,Seçmeli Dersler - 9,,FAKÜLTEMİZ WEB SİTESİ ÖĞRENCİ AĞI SEÇMELİ DERS AMFİ PROGRAMINA BAKINIZ,,,,,,
Dönem 1,3 Aralık 2025 Çarşamba,15:10,15:50,Seçmeli Dersler - 9,,FAKÜLTEMİZ WEB SİTESİ ÖĞRENCİ AĞI SEÇMELİ DERS AMFİ PROGRAMINA BAKINIZ,,,,,,
Dönem 1,4 Aralık 2025 Perşembe,08:30,09:10,11-Transkripsiyon / Prof. Dr. Sacide PEHLİVAN (Prof. Dr. Selçuk DAŞDEMİR),HÜCRE DİLİMİ / TIBBİ BİYOLOJİ AD.,FAKÜLTEMİZ WEB SİTESİ ÖĞRENCİ AĞI AMFİ PROGRAMINA BAKINIZ,,,,,,
Dönem 1,4 Aralık 2025 Perşembe,09:20,10:00,12-Kodlamayan RNA lar / Prof. Dr. Sacide PEHLİVAN (Prof. Dr. Selçuk DAŞDEMİR),HÜCRE DİLİMİ / TIBBİ BİYOLOJİ AD.,FAKÜLTEMİZ WEB SİTESİ ÖĞRENCİ AĞI AMFİ PROGRAMINA BAKINIZ,,,,,,
Dönem 1,4 Aralık 2025 Perşembe,10:30,12:20,UYGULAMA,HÜCRE DİLİMİ,FAKÜLTEMİZ WEB SİTESİ ÖĞRENCİ AĞI DÖNEM 1 UYGULAMA PROGRAMINA BAKINIZ,,,,,,
Dönem 1,4 Aralık 2025 Perşembe,13:30,15:20,UYGULAMA,HÜCRE DİLİMİ,FAKÜLTEMİZ WEB SİTESİ ÖĞRENCİ AĞI DÖNEM 1 UYGULAMA PROGRAMINA BAKINIZ,,,,,,
Dönem 1,4 Aralık 2025 Perşembe,15:30,16:10,6-Mantarlar hakkında genel bilgiler / Prof. Dr. Dilek ŞATANA (Prof. Dr. Meltem UZUN),HÜCRE DİLİMİ / TIBBİ MİKROBİYOLOJİ AD.,FAKÜLTEMİZ WEB SİTESİ ÖĞRENCİ AĞI DÖNEM 1 UYGULAMA PROGRAMINA BAKINIZ,,,,,,
Dönem 1,5 Aralık 2025 Cuma,08:30,09:10,"5-ATP ve kimyasal enerji transferi - hücre solunumunun biyoenerjetiği, Biyolojik işler, Kimyasal iş, mekanik iş, osmotik iş / Prof. Dr. Leman YALÇINTEPE GÜNEŞTUTAR (Doç. Dr. Başak GÜNÇER)",HÜCRE DİLİMİ / BİYOFİZİK AD.,FAKÜLTEMİZ WEB SİTESİ ÖĞRENCİ AĞI AMFİ PROGRAMINA BAKINIZ,,,,,,
Dönem 1,5 Aralık 2025 Cuma,09:20,10:00,6-Mekanik işin moleküler mekanizması (Kas kasılması) / Prof. Dr. Leman YALÇINTEPE GÜNEŞTUTAR (Doç. Dr. Başak GÜNÇER),HÜCRE DİLİMİ / BİYOFİZİK AD.,FAKÜLTEMİZ WEB SİTESİ ÖĞRENCİ AĞI AMFİ PROGRAMINA BAKINIZ,,,,,,
Dönem 1,5 Aralık 2025 Cuma,10:30,11:50,ENTEGRE OTURUM - Mitokondri ve Hastalıklar - Prof. Dr. Çiğdem KEKİK ÇINAR / Prof. Dr. Semra ABBASOĞLU / Prof. Dr. Asuman GEDİKBAŞI / Prof. Dr. Handan AKÇAKAYA (İngilizce Tıp ile ortak ders),HÜCRE DİLİMİ / TIBBİ BİYOLOJİ AD. - TIBBİ BİYOKİMYA AD. - ÇOCUK SAĞLIĞI VE HASTALIKLARI GENETİK BD. - BİYOFİZİK AD.,FAKÜLTEMİZ WEB SİTESİ ÖĞRENCİ AĞI AMFİ PROGRAMINA BAKINIZ,,,,,,
Dönem 1,5 Aralık 2025 Cuma,11.50,12.30,SERBEST ÇALIŞMA,,,,,,,,
Dönem 1,5 Aralık 2025 Cuma,14:00,14:40,1-Kalıtsal şifre-eşleme DNA dan RNA ya kayıt / Prof. Dr. Muhammet BEKTAŞ (Doç. Dr. Başak GÜNÇER),HÜCRE DİLİMİ / BİYOFİZİK AD.,FAKÜLTEMİZ WEB SİTESİ ÖĞRENCİ AĞI AMFİ PROGRAMINA BAKINIZ,,,,,,
Dönem 1,5 Aralık 2025 Cuma,14:50,15:30,2-Makro moleküllerin 3D yapısının belirlenmesi (Kristolografi-NMR-Protein Tomografi) / Prof. Dr. Muhammet BEKTAŞ (Doç. Dr. Başak GÜNÇER),HÜCRE DİLİMİ / BİYOFİZİK AD.,FAKÜLTEMİZ WEB SİTESİ ÖĞRENCİ AĞI AMFİ PROGRAMINA BAKINIZ,,,,,,
Dönem 1,5 Aralık 2025 Cuma,15:40,16:20,SERBEST ÇALIŞMA,,,,,,,,
Dönem 1,8 Aralık 2025 Pazartesi,08:30,09:10,SERBEST ÇALIŞMA,,,,,,,,
Dönem 1,8 Aralık 2025 Pazartesi,09:20,10:00,SERBEST ÇALIŞMA,,,,,,,,
Dönem 1,8 Aralık 2025 Pazartesi,10:30,12:20,UYGULAMA,HÜCRE DİLİMİ,FAKÜLTEMİZ WEB SİTESİ ÖĞRENCİ AĞI DÖNEM 1 UYGULAMA PROGRAMINA BAKINIZ,,,,,,
Dönem 1,8 Aralık 2025 Pazartesi,13:30,14:10,15-İLETİŞİM BECERİLERİ 1 Hekim-hasta iletişiminde hasta psikolojisinin yeri /  Doç. Dr. Ayşe Nilüfer ALÇALAR (Dr. Öğr. Üyesi Irmak Polat),DİKEY KORİDOR DİLİMİ / RUH SAĞLIĞI VE HASTALIKLARI AD.,FAKÜLTEMİZ WEB SİTESİ ÖĞRENCİ AĞI AMFİ PROGRAMINA BAKINIZ,,,,,,
Dönem 1,8 Aralık 2025 Pazartesi,14:20,15:00,16-İLETİŞİM BECERİLERİ 1 Hekim-hasta iletişiminde hekim ve hasta haklarının yeri /  Doç. Dr. Ayşe Nilüfer ALÇALAR (Dr. Öğr. Üyesi Irmak Polat),DİKEY KORİDOR DİLİMİ / RUH SAĞLIĞI VE HASTALIKLARI AD.,FAKÜLTEMİZ WEB SİTESİ ÖĞRENCİ AĞI AMFİ PROGRAMINA BAKINIZ,,,,,,
Dönem 1,8 Aralık 2025 Pazartesi,15:10,15:50,7-Hücrenin ortam koşullarındaki değişikliklere uyumu yada bir uyarıya yanıtı. Sentez ötesi modifikasyonlar / Prof. Dr. Işıl ALBENİZ (Prof. Dr. Handan AKÇAKAYA),HÜCRE DİLİMİ / BİYOFİZİK AD.,FAKÜLTEMİZ WEB SİTESİ ÖĞRENCİ AĞI AMFİ PROGRAMINA BAKINIZ,,,,,,
Dönem 1,8 Aralık 2025 Pazartesi,16:00,16:40,Mitokondrial genom değişimlerinin kliniğe yansıması / Prof. Dr. Asuman GEDİKBAŞI (Öğr.Gör.Dr. Ayça ASLANGER),HÜCRE DİLİMİ / TIBBİ GENETİK AD.,FAKÜLTEMİZ WEB SİTESİ ÖĞRENCİ AĞI AMFİ PROGRAMINA BAKINIZ,,,,,,
Dönem 1,9 Aralık 2025 Salı,08:30,09:10,14-Ribozom Genetik Şifre ve Translasyon / Prof. Dr. Çiğdem KEKİK ÇINAR (Prof. Dr. Selçuk DAŞDEMİR),HÜCRE DİLİMİ / TIBBİ BİYOLOJİ AD.,FAKÜLTEMİZ WEB SİTESİ ÖĞRENCİ AĞI AMFİ PROGRAMINA BAKINIZ,,,,,,
Dönem 1,9 Aralık 2025 Salı,09:20,10:00,15-Gen İfadesinin Düzenlenmesi / Prof. Dr. Çiğdem KEKİK ÇINAR (Prof. Dr. Selçuk DAŞDEMİR),HÜCRE DİLİMİ / TIBBİ BİYOLOJİ AD.,FAKÜLTEMİZ WEB SİTESİ ÖĞRENCİ AĞI AMFİ PROGRAMINA BAKINIZ,,,,,,
Dönem 1,9 Aralık 2025 Salı,10:30,12:20,UYGULAMA,HÜCRE DİLİMİ,FAKÜLTEMİZ WEB SİTESİ ÖĞRENCİ AĞI DÖNEM 1 UYGULAMA PROGRAMINA BAKINIZ,,,,,,
Dönem 1,9 Aralık 2025 Salı,13:30,15:20,UYGULAMA,HÜCRE DİLİMİ,FAKÜLTEMİZ WEB SİTESİ ÖĞRENCİ AĞI DÖNEM 1 UYGULAMA PROGRAMINA BAKINIZ,,,,,,
Dönem 1,9 Aralık 2025 Salı,15:30,16:30,ENTEGRE OTURUM - Yaşam ve Değişim - Prof. Dr. Zeynep SOLAKOĞLU / Doç. Dr. Elif KERVANCIOĞLU DEMİRCİ (İngilizce Tıp ile ortak ders),HÜCRE DİLİMİ / TIP EĞİTİMİ AD. - HİSTOLOJİ VE EMBİRİYOLOJİ AD. ,FAKÜLTEMİZ WEB SİTESİ ÖĞRENCİ AĞI AMFİ PROGRAMINA BAKINIZ,,,,,,
Dönem 1,9 Aralık 2025 Salı,16:40,17:20,Giriş Dersi / Prof. Dr. Zeynep Olcay SOLAKOĞLU (İngilizce Tıp ile ortak ders),YAŞAMIN MOLEKÜLER TEMELLERİ - HÜCRE - DOKU,FAKÜLTEMİZ WEB SİTESİ ÖĞRENCİ AĞI AMFİ PROGRAMINA BAKINIZ,,,,,,
Dönem 1,10 Aralık 2025 Çarşamba,08:30,09:10,9-Gen ifadesinin biyokimyasal düzenlenmesi / Prof. Dr. Şule SEÇKİN (Prof. Dr. Abdurrahman Fatih AYDIN),HÜCRE DİLİMİ / TIBBİ BİYOKİMYA AD.,FAKÜLTEMİZ WEB SİTESİ ÖĞRENCİ AĞI AMFİ PROGRAMINA BAKINIZ,,,,,,
Dönem 1,10 Aralık 2025 Çarşamba,09:20,10:00,10-Protein sentezi ve posttranslasyonel modifikasyonlar / Prof. Dr. Şule SEÇKİN (Prof. Dr. Abdurrahman Fatih AYDIN),HÜCRE DİLİMİ / TIBBİ BİYOKİMYA AD.,FAKÜLTEMİZ WEB SİTESİ ÖĞRENCİ AĞI AMFİ PROGRAMINA BAKINIZ,,,,,,
Dönem 1,10 Aralık 2025 Çarşamba,10:30,12:20,UYGULAMA,HÜCRE DİLİMİ,FAKÜLTEMİZ WEB SİTESİ ÖĞRENCİ AĞI DÖNEM 1 UYGULAMA PROGRAMINA BAKINIZ,,,,,,
Dönem 1,10 Aralık 2025 Çarşamba,13:30,14:10,Seçmeli Dersler - 10,,FAKÜLTEMİZ WEB SİTESİ ÖĞRENCİ AĞI SEÇMELİ DERS AMFİ PROGRAMINA BAKINIZ,,,,,,
Dönem 1,10 Aralık 2025 Çarşamba,14:20,15:00,Seçmeli Dersler - 10,,FAKÜLTEMİZ WEB SİTESİ ÖĞRENCİ AĞI SEÇMELİ DERS AMFİ PROGRAMINA BAKINIZ,,,,,,
Dönem 1,10 Aralık 2025 Çarşamba,15:10,15:50,Seçmeli Dersler - 10,,FAKÜLTEMİZ WEB SİTESİ ÖĞRENCİ AĞI SEÇMELİ DERS AMFİ PROGRAMINA BAKINIZ,,,,,,
Dönem 1,11 Aralık 2025 Perşembe,08:30,09:10,11-Proteinlerin yönlendirilmesi / Prof. Dr. Şule SEÇKİN (Prof. Dr. Abdurrahman Fatih AYDIN),HÜCRE DİLİMİ / TIBBİ BİYOKİMYA AD.,FAKÜLTEMİZ WEB SİTESİ ÖĞRENCİ AĞI AMFİ PROGRAMINA BAKINIZ,,,,,,
Dönem 1,11 Aralık 2025 Perşembe,09:20,10:00,12-Hücre döngüsünün biyokimyası / Dr. Hande KARPUZOĞLU (Doç. Dr. İlknur BİNGÜL),HÜCRE DİLİMİ / TIBBİ BİYOKİMYA AD.,FAKÜLTEMİZ WEB SİTESİ ÖĞRENCİ AĞI AMFİ PROGRAMINA BAKINIZ,,,,,,
Dönem 1,11 Aralık 2025 Perşembe,10:30,12:20,UYGULAMA,HÜCRE DİLİMİ,FAKÜLTEMİZ WEB SİTESİ ÖĞRENCİ AĞI DÖNEM 1 UYGULAMA PROGRAMINA BAKINIZ,,,,,,
Dönem 1,11 Aralık 2025 Perşembe,13:30,14:10,SERBEST ÇALIŞMA,,,,,,,,
Dönem 1,11 Aralık 2025 Perşembe,14:20,15:00,"16-Hücre sinyalleşme molekülleri, Reseptörleri / Prof. Dr. Çiğdem KEKİK ÇINAR ( Prof.Dr. Fatma OĞUZ)",HÜCRE DİLİMİ / TIBBİ BİYOLOJİ AD.,FAKÜLTEMİZ WEB SİTESİ ÖĞRENCİ AĞI AMFİ PROGRAMINA BAKINIZ,,,,,,
Dönem 1,11 Aralık 2025 Perşembe,15:10,15:50,17-Hücre sinyal cevabı / Prof. Dr. Çiğdem KEKİK ÇINAR ( Prof.Dr. Fatma OĞUZ),HÜCRE DİLİMİ / TIBBİ BİYOLOJİ AD.,FAKÜLTEMİZ WEB SİTESİ ÖĞRENCİ AĞI AMFİ PROGRAMINA BAKINIZ,,,,,,
Dönem 1,11 Aralık 2025 Perşembe,16:00,16:40,SERBEST ÇALIŞMA,,,,,,,,
Dönem 1,12 Aralık 2025 Cuma,08:30,09:10,3-Gamet hücreleri 1 Oosit olgunlaşması (Oogenez) / Dr. Öğr. Üyesi Tuğba EKİZ YILMAZ (Doç. Dr. Tuğba KOTİL),HÜCRE DİLİMİ / HİSTOLOJİ VE EMBİRİYOLOJİ AD.,FAKÜLTEMİZ WEB SİTESİ ÖĞRENCİ AĞI AMFİ PROGRAMINA BAKINIZ,,,,,,
Dönem 1,12 Aralık 2025 Cuma,09:20,10:00,4- Gamet hücreleri 2 Sperm olgunlaşması (Spermatogenez) / Dr. Öğr. Üyesi Tuğba EKİZ YILMAZ (Doç. Dr. Tuğba KOTİL),HÜCRE DİLİMİ / HİSTOLOJİ VE EMBİRİYOLOJİ AD.,FAKÜLTEMİZ WEB SİTESİ ÖĞRENCİ AĞI AMFİ PROGRAMINA BAKINIZ,,,,,,
Dönem 1,12 Aralık 2025 Cuma,10:30,12:20,UYGULAMA,HÜCRE DİLİMİ,FAKÜLTEMİZ WEB SİTESİ ÖĞRENCİ AĞI DÖNEM 1 UYGULAMA PROGRAMINA BAKINIZ,,,,,,
Dönem 1,12 Aralık 2025 Cuma,14:00,15:50,UYGULAMA,HÜCRE DİLİMİ,FAKÜLTEMİZ WEB SİTESİ ÖĞRENCİ AĞI DÖNEM 1 UYGULAMA PROGRAMINA BAKINIZ,,,,,,
Dönem 1,15 Aralık 2025 Pazartesi,08:30,09:10,SERBEST ÇALIŞMA,,,,,,,,
Dönem 1,15 Aralık 2025 Pazartesi,09:20,10:00,18-Mitoz bölünmede kromozom hareketlerinin mekanizmaları / Prof. Dr. Çiğdem KEKİK ÇINAR ( Prof.Dr. Fatma OĞUZ),HÜCRE DİLİMİ / TIBBİ BİYOLOJİ AD.,FAKÜLTEMİZ WEB SİTESİ ÖĞRENCİ AĞI AMFİ PROGRAMINA BAKINIZ,,,,,,
Dönem 1,15 Aralık 2025 Pazartesi,10:10,10:50,19-Mayoz Bölünme ve Kromozom Düzensizlikleri / Prof. Dr. Çiğdem KEKİK ÇINAR ( Prof.Dr. Fatma OĞUZ),HÜCRE DİLİMİ / TIBBİ BİYOLOJİ AD.,FAKÜLTEMİZ WEB SİTESİ ÖĞRENCİ AĞI AMFİ PROGRAMINA BAKINIZ,,,,,,
Dönem 1,15 Aralık 2025 Pazartesi,11:00,11:40,SERBEST ÇALIŞMA,,,,,,,,
Dönem 1,15 Aralık 2025 Pazartesi,11:50,12:30,SERBEST ÇALIŞMA,,,,,,,,
Dönem 1,15 Aralık 2025 Pazartesi,13:30,14:10,8-Hücre yüzey reseptörlerinin fonksiyonları ve sinyal iletimi / Prof. Dr. Işıl ALBENİZ (Prof. Dr. Handan AKÇAKAYA),HÜCRE DİLİMİ / BİYOFİZİK AD.,FAKÜLTEMİZ WEB SİTESİ ÖĞRENCİ AĞI AMFİ PROGRAMINA BAKINIZ,,,,,,
Dönem 1,15 Aralık 2025 Pazartesi,14:20,15:00,9-Hücre döngüsü gelişiminin düzenleyicileri ve siklinler / Prof. Dr. Işıl ALBENİZ (Prof. Dr. Handan AKÇAKAYA),HÜCRE DİLİMİ / BİYOFİZİK AD.,FAKÜLTEMİZ WEB SİTESİ ÖĞRENCİ AĞI AMFİ PROGRAMINA BAKINIZ,,,,,,
Dönem 1,15 Aralık 2025 Pazartesi,15:10,15:50,SERBEST ÇALIŞMA,,,,,,,,
Dönem 1,15 Aralık 2025 Pazartesi,16:00,16:40,SERBEST ÇALIŞMA,,,,,,,,
Dönem 1,16 Aralık 2025 Salı,08:30,09:10,SERBEST ÇALIŞMA,,,,,,,,
Dönem 1,16 Aralık 2025 Salı,09:20,10:00,SERBEST ÇALIŞMA,,,,,,,,
Dönem 1,16 Aralık 2025 Salı,10:30,12:20,UYGULAMA,HÜCRE DİLİMİ,FAKÜLTEMİZ WEB SİTESİ ÖĞRENCİ AĞI DÖNEM 1 UYGULAMA PROGRAMINA BAKINIZ,,,,,,
Dönem 1,16 Aralık 2025 Salı,13:30,15:20,UYGULAMA,HÜCRE DİLİMİ,FAKÜLTEMİZ WEB SİTESİ ÖĞRENCİ AĞI DÖNEM 1 UYGULAMA PROGRAMINA BAKINIZ,,,,,,
Dönem 1,16 Aralık 2025 Salı,15.30,16.10,SERBEST ÇALIŞMA,,,,,,,,
Dönem 1,17 Aralık 2025 Çarşamba,08:30,09:10,20-Kromozomal anomaliler /  Prof.Dr. Fatma OĞUZ (Prof. Dr. Selçuk DAŞDEMİR),HÜCRE DİLİMİ / TIBBİ BİYOLOJİ AD.,FAKÜLTEMİZ WEB SİTESİ ÖĞRENCİ AĞI AMFİ PROGRAMINA BAKINIZ,,,,,,
Dönem 1,17 Aralık 2025 Çarşamba,09:20,10:00,"21-Gen, Genom /  Prof.Dr. Fatma OĞUZ (Doç. Dr. Hayriye ŞENTÜRK ÇİFTÇİ)",HÜCRE DİLİMİ / TIBBİ BİYOLOJİ AD.,FAKÜLTEMİZ WEB SİTESİ ÖĞRENCİ AĞI AMFİ PROGRAMINA BAKINIZ,,,,,,
Dönem 1,17 Aralık 2025 Çarşamba,10:30,12:20,UYGULAMA,HÜCRE DİLİMİ,FAKÜLTEMİZ WEB SİTESİ ÖĞRENCİ AĞI DÖNEM 1 UYGULAMA PROGRAMINA BAKINIZ,,,,,,
Dönem 1,17 Aralık 2025 Çarşamba,13:30,14:10,Seçmeli Dersler - 11,,FAKÜLTEMİZ WEB SİTESİ ÖĞRENCİ AĞI SEÇMELİ DERS AMFİ PROGRAMINA BAKINIZ,,,,,,
Dönem 1,17 Aralık 2025 Çarşamba,14:20,15:00,Seçmeli Dersler - 11,,FAKÜLTEMİZ WEB SİTESİ ÖĞRENCİ AĞI SEÇMELİ DERS AMFİ PROGRAMINA BAKINIZ,,,,,,
Dönem 1,17 Aralık 2025 Çarşamba,15:10,15:50,Seçmeli Dersler - 11,,FAKÜLTEMİZ WEB SİTESİ ÖĞRENCİ AĞI SEÇMELİ DERS AMFİ PROGRAMINA BAKINIZ,,,,,,
Dönem 1,18 Aralık 2025 Perşembe,08:30,10:20,UYGULAMA,HÜCRE DİLİMİ,FAKÜLTEMİZ WEB SİTESİ ÖĞRENCİ AĞI DÖNEM 1 UYGULAMA PROGRAMINA BAKINIZ,,,,,,
Dönem 1,18 Aralık 2025 Perşembe,10:30,12:20,UYGULAMA,HÜCRE DİLİMİ,FAKÜLTEMİZ WEB SİTESİ ÖĞRENCİ AĞI DÖNEM 1 UYGULAMA PROGRAMINA BAKINIZ,,,,,,
Dönem 1,18 Aralık 2025 Perşembe,13:30,14:10,10-İmmunobiyofizik-Hücre farklılaşması açısından lenfosit modeli / Prof. Dr. Işıl ALBENİZ (Prof. Dr. Handan AKÇAKAYA),HÜCRE DİLİMİ / BİYOFİZİK AD.,FAKÜLTEMİZ WEB SİTESİ ÖĞRENCİ AĞI AMFİ PROGRAMINA BAKINIZ,,,,,,
Dönem 1,18 Aralık 2025 Perşembe,14:20,15:00,11-Hücre farklılaşmasının özgünlüğünü belirleyen moleküler mekanizmalar / Prof. Dr. Işıl ALBENİZ (Prof. Dr. Handan AKÇAKAYA),HÜCRE DİLİMİ / BİYOFİZİK AD.,FAKÜLTEMİZ WEB SİTESİ ÖĞRENCİ AĞI AMFİ PROGRAMINA BAKINIZ,,,,,,
Dönem 1,18 Aralık 2025 Perşembe,15:10,15:50,SERBEST ÇALIŞMA,,,,,,,,
Dönem 1,18 Aralık 2025 Perşembe,16:00,16:40,SERBEST ÇALIŞMA,,,,,,,,
Dönem 1,19 Aralık 2025 Cuma,08:30,09:10,SERBEST ÇALIŞMA,,,,,,,,
Dönem 1,19 Aralık 2025 Cuma,09:20,10:00,22-İnsan Genom Projesi veGenom veri tabanları / Prof.Dr. Çiğdem KEKİK ÇINAR (Prof. Dr. Çiğdem KEKİK ÇINAR),HÜCRE DİLİMİ / TIBBİ BİYOLOJİ AD.,FAKÜLTEMİZ WEB SİTESİ ÖĞRENCİ AĞI AMFİ PROGRAMINA BAKINIZ,,,,,,
Dönem 1,19 Aralık 2025 Cuma,10:30,12:20,UYGULAMA,HÜCRE DİLİMİ,FAKÜLTEMİZ WEB SİTESİ ÖĞRENCİ AĞI DÖNEM 1 UYGULAMA PROGRAMINA BAKINIZ,,,,,,
Dönem 1,19 Aralık 2025 Cuma,14:00,15:50,UYGULAMA,HÜCRE DİLİMİ,FAKÜLTEMİZ WEB SİTESİ ÖĞRENCİ AĞI DÖNEM 1 UYGULAMA PROGRAMINA BAKINIZ,,,,,,
Dönem 1,22 Aralık 2025 Pazartesi,08:30,10:20,UYGULAMA,HÜCRE DİLİMİ,FAKÜLTEMİZ WEB SİTESİ ÖĞRENCİ AĞI DÖNEM 1 UYGULAMA PROGRAMINA BAKINIZ,,,,,,
Dönem 1,22 Aralık 2025 Pazartesi,10:30,12:20,UYGULAMA,HÜCRE DİLİMİ,FAKÜLTEMİZ WEB SİTESİ ÖĞRENCİ AĞI DÖNEM 1 UYGULAMA PROGRAMINA BAKINIZ,,,,,,
Dönem 1,22 Aralık 2025 Pazartesi,13:30,14:10,17-İLETİŞİM BECERİLERİ 1 Özelliği olan (çocuk - yaşlı - engelli vb) hastalarla iletişim /  Doç. Dr. Ayşe Nilüfer ALÇALAR (Dr. Öğr. Üyesi Irmak Polat),DİKEY KORİDOR DİLİMİ / RUH SAĞLIĞI VE HASTALIKLARI AD.,FAKÜLTEMİZ WEB SİTESİ ÖĞRENCİ AĞI AMFİ PROGRAMINA BAKINIZ,,,,,,
Dönem 1,22 Aralık 2025 Pazartesi,14:20,15:00,18-İLETİŞİM BECERİLERİ 1 Zor diye tanımlanan hastalarla iletişim /  Doç. Dr. Ayşe Nilüfer ALÇALAR (Dr. Öğr. Üyesi Irmak Polat),DİKEY KORİDOR DİLİMİ / RUH SAĞLIĞI VE HASTALIKLARI AD.,FAKÜLTEMİZ WEB SİTESİ ÖĞRENCİ AĞI AMFİ PROGRAMINA BAKINIZ,,,,,,
Dönem 1,22 Aralık 2025 Pazartesi,15:10,15:50,23-Gen mutasyonları /  Prof.Dr. Fatma OĞUZ (Doç. Dr. Hayriye Şentürk ÇİFTÇİ),HÜCRE DİLİMİ / TIBBİ BİYOLOJİ AD.,FAKÜLTEMİZ WEB SİTESİ ÖĞRENCİ AĞI AMFİ PROGRAMINA BAKINIZ,,,,,,
Dönem 1,22 Aralık 2025 Pazartesi,16:00,16:40,24-Mutajen etkenler ve mutasyon tayin metotları / Prof. Dr. Sacide PEHLİVAN (Doç. Dr. Hayriye Şentürk ÇİFTÇİ),HÜCRE DİLİMİ / TIBBİ BİYOLOJİ AD.,FAKÜLTEMİZ WEB SİTESİ ÖĞRENCİ AĞI AMFİ PROGRAMINA BAKINIZ,,,,,,
Dönem 1,23 Aralık 2025 Salı,08.30,09.10,SERBEST ÇALIŞMA,,,,,,,,
Dönem 1,23 Aralık 2025 Salı,09:30,10.20,"ENTEGRE OTURUM - Geçmiş, Bugün ve Gelecekte Kök Hücre ve Tıp - Prof. Dr. Işıl ALBENİZ /  Prof.Dr. Fatma OĞUZ / Prof. Dr. Sevgi KALAYOĞLU BEŞIŞIK (İngilizce Tıp ile ortak ders)",HÜCRE DİLİMİ / BİYOFİZİK AD. - TIBBİ BİYOLOJİ AD. - İÇ HASTALIKLARI HEMATOLOJİ,FAKÜLTEMİZ WEB SİTESİ ÖĞRENCİ AĞI AMFİ PROGRAMINA BAKINIZ,,,,,,
Dönem 1,23 Aralık 2025 Salı,10:30,12:20,UYGULAMA,HÜCRE DİLİMİ,FAKÜLTEMİZ WEB SİTESİ ÖĞRENCİ AĞI DÖNEM 1 UYGULAMA PROGRAMINA BAKINIZ,,,,,,
Dönem 1,23 Aralık 2025 Salı,13:30,15:50,UYGULAMA,HÜCRE DİLİMİ,FAKÜLTEMİZ WEB SİTESİ ÖĞRENCİ AĞI DÖNEM 1 UYGULAMA PROGRAMINA BAKINIZ,,,,,,
Dönem 1,24 Aralık 2025 Çarşamba,08:30,10:20,UYGULAMA,HÜCRE DİLİMİ,FAKÜLTEMİZ WEB SİTESİ ÖĞRENCİ AĞI DÖNEM 1 UYGULAMA PROGRAMINA BAKINIZ,,,,,,
Dönem 1,24 Aralık 2025 Çarşamba,10:30,12:20,UYGULAMA,HÜCRE DİLİMİ,FAKÜLTEMİZ WEB SİTESİ ÖĞRENCİ AĞI DÖNEM 1 UYGULAMA PROGRAMINA BAKINIZ,,,,,,
Dönem 1,24 Aralık 2025 Çarşamba,13:30,14:10,Seçmeli Dersler - 12,,FAKÜLTEMİZ WEB SİTESİ ÖĞRENCİ AĞI SEÇMELİ DERS AMFİ PROGRAMINA BAKINIZ,,,,,,
Dönem 1,24 Aralık 2025 Çarşamba,14:20,15:00,Seçmeli Dersler - 12,,FAKÜLTEMİZ WEB SİTESİ ÖĞRENCİ AĞI SEÇMELİ DERS AMFİ PROGRAMINA BAKINIZ,,,,,,
Dönem 1,24 Aralık 2025 Çarşamba,15:10,15:50,Seçmeli Dersler - 12,,FAKÜLTEMİZ WEB SİTESİ ÖĞRENCİ AĞI SEÇMELİ DERS AMFİ PROGRAMINA BAKINIZ,,,,,,
Dönem 1,25 Aralık 2025 Perşembe,08:30,10:20,UYGULAMA,HÜCRE DİLİMİ,FAKÜLTEMİZ WEB SİTESİ ÖĞRENCİ AĞI DÖNEM 1 UYGULAMA PROGRAMINA BAKINIZ,,,,,,
Dönem 1,25 Aralık 2025 Perşembe,10:30,11:10,SERBEST ÇALIŞMA,,,,,,,,
Dönem 1,25 Aralık 2025 Perşembe,11.20,12.00,SERBEST ÇALIŞMA,,,,,,,,
Dönem 1,25 Aralık 2025 Perşembe,12:00,13:30,UZAKTAN EĞİTİM DİLİM SINAVLARI,TÜRK DİLİ-I + YABANCI UYRUKLULAR İÇİN TÜRK DİLİ-I + ATATÜRK İLKELERİ VE İNKLAP TARİHİ-I + YABANCI UYRUKLULAR İÇİN ATATÜRK İLKELERİ VE İNKLAP TARİHİ-I,FAKÜLTEMİZ WEB SİTESİ ÖĞRENCİ AĞI AMFİ PROGRAMINA BAKINIZ,,,,,,
Dönem 1,25 Aralık 2025 Perşembe,13:30,14:30,UZAKTAN EĞİTİM DİLİM SINAVI,YABANCI DİL I,FAKÜLTEMİZ WEB SİTESİ ÖĞRENCİ AĞI AMFİ PROGRAMINA BAKINIZ,,,,,,
Dönem 1,26 Aralık 2025 Cuma,09.00,09.40,1-ATP - RNA proteinler ve aminoasitler / Prof. Dr. Asuman GEDİKBAŞI (Öğr.Gör.Dr. Mehmet Cihan BALCI),HÜCRE DİLİMİ / ÇOCUK SAĞLIĞI VE HASTALIKLARI AD.,FAKÜLTEMİZ WEB SİTESİ ÖĞRENCİ AĞI DÖNEM 1 UYGULAMA PROGRAMINA BAKINIZ,,,,,,
Dönem 1,26 Aralık 2025 Cuma,10:30,12:20,UYGULAMA,HÜCRE DİLİMİ,FAKÜLTEMİZ WEB SİTESİ ÖĞRENCİ AĞI DÖNEM 1 UYGULAMA PROGRAMINA BAKINIZ,,,,,,
Dönem 1,26 Aralık 2025 Cuma,10:00,13:00,SERBEST ÇALIŞMA (dönem2 sınav),,,,,,,,
Dönem 1,26 Aralık 2025 Cuma,14:00,15:50,UYGULAMA,HÜCRE DİLİMİ,FAKÜLTEMİZ WEB SİTESİ ÖĞRENCİ AĞI DÖNEM 1 UYGULAMA PROGRAMINA BAKINIZ,,,,,,
Dönem 1,29 Aralık 2025 Pazartesi,08:30,10:20,UYGULAMA,HÜCRE DİLİMİ,FAKÜLTEMİZ WEB SİTESİ ÖĞRENCİ AĞI DÖNEM 1 UYGULAMA PROGRAMINA BAKINIZ,,,,,,
Dönem 1,29 Aralık 2025 Pazartesi,10:30,11:10,5- Döllenme ve düzenleyicileri / Doç. Dr. Tuğba KOTİL (Doç. Dr. Elif KERVANCIOĞLU DEMİRCİ),HÜCRE DİLİMİ / HİSTOLOJİ VE EMBİRİYOLOJİ AD.,FAKÜLTEMİZ WEB SİTESİ ÖĞRENCİ AĞI DÖNEM 1 UYGULAMA PROGRAMINA BAKINIZ,,,,,,
Dönem 1,29 Aralık 2025 Pazartesi,11:20,12:00,6- Segmentasyon ve implantasyon /Doç. Dr. Tuğba KOTİL (Doç. Dr. Elif KERVANCIOĞLU DEMİRCİ),HÜCRE DİLİMİ / HİSTOLOJİ VE EMBİRİYOLOJİ AD.,FAKÜLTEMİZ WEB SİTESİ ÖĞRENCİ AĞI DÖNEM 1 UYGULAMA PROGRAMINA BAKINIZ,,,,,,
Dönem 1,29 Aralık 2025 Pazartesi,13:30,15:20,UYGULAMA,HÜCRE DİLİMİ,FAKÜLTEMİZ WEB SİTESİ ÖĞRENCİ AĞI DÖNEM 1 UYGULAMA PROGRAMINA BAKINIZ,,,,,,
Dönem 1,30 Aralık 2025 Salı,08:30,09:10,19-İLETİŞİM BECERİLERİ 1 Tıpta kötü haber verme / Doç. Dr. Ayşe Nilüfer ALÇALAR (Dr. Öğr. Üyesi Irmak Polat),DİKEY KORİDOR DİLİMİ / RUH SAĞLIĞI VE HASTALIKLARI AD.,FAKÜLTEMİZ WEB SİTESİ ÖĞRENCİ AĞI AMFİ PROGRAMINA BAKINIZ,,,,,,
Dönem 1,30 Aralık 2025 Salı,09:20,10:00,20-İLETİŞİM BECERİLERİ 1 Kötü haber verme protokolleri / Doç. Dr. Ayşe Nilüfer ALÇALAR (Dr. Öğr. Üyesi Irmak Polat),DİKEY KORİDOR DİLİMİ / RUH SAĞLIĞI VE HASTALIKLARI AD.,FAKÜLTEMİZ WEB SİTESİ ÖĞRENCİ AĞI AMFİ PROGRAMINA BAKINIZ,,,,,,
Dönem 1,30 Aralık 2025 Salı,10:30,12:20,UYGULAMA,HÜCRE DİLİMİ,FAKÜLTEMİZ WEB SİTESİ ÖĞRENCİ AĞI DÖNEM 1 UYGULAMA PROGRAMINA BAKINIZ,,,,,,
Dönem 1,30 Aralık 2025 Salı,13:30,15:20,UYGULAMA,HÜCRE DİLİMİ,FAKÜLTEMİZ WEB SİTESİ ÖĞRENCİ AĞI DÖNEM 1 UYGULAMA PROGRAMINA BAKINIZ,,,,,,
Dönem 1,31 Aralık 2025 Çarşamba,08:30,12:20,SERBEST ÇALIŞMA,,,,,,,,
Dönem 1,31 Aralık 2025 Çarşamba,13:30,16:20,SERBEST ÇALIŞMA,,,,,,,,
Dönem 1,1 Ocak 2026 Perşembe,,,YILBAŞI TATİLİ,,,,,,,,
Dönem 1,2 Ocak 2026 Cuma,08:30,12:20,SERBEST ÇALIŞMA,,,,,,,,
Dönem 1,2 Ocak 2026 Cuma,14:00,15:30,SERBEST ÇALIŞMA ( dönem2 sınavı ),,,,,,,,
Dönem 1,5 Ocak 2026 Pazartesi,08:30,10:20,UYGULAMA,HÜCRE DİLİMİ,FAKÜLTEMİZ WEB SİTESİ ÖĞRENCİ AĞI DÖNEM 1 UYGULAMA PROGRAMINA BAKINIZ,,,,,,
Dönem 1,5 Ocak 2026 Pazartesi,11:00,11:40,27-Hücre Yaşlanmasının hücresel temeli /  Prof.Dr. Fatma OĞUZ (Prof. Dr. Çiğdem KEKİK ÇINAR),HÜCRE DİLİMİ / TIBBİ BİYOLOJİ AD.,FAKÜLTEMİZ WEB SİTESİ ÖĞRENCİ AĞI AMFİ PROGRAMINA BAKINIZ,,,,,,
Dönem 1,5 Ocak 2026 Pazartesi,11:50,12:30,28-Programlı hücre ölümü /  Prof.Dr. Fatma OĞUZ (Prof. Dr. Selçuk DAŞDEMİR),HÜCRE DİLİMİ / TIBBİ BİYOLOJİ AD.,FAKÜLTEMİZ WEB SİTESİ ÖĞRENCİ AĞI AMFİ PROGRAMINA BAKINIZ,,,,,,
Dönem 1,5 Ocak 2026 Pazartesi,13:30,14:10,7- Gastrulasyon / Prof. Dr. Sibel KÖKTÜRK (Doç. Dr. Elif KERVANCIOĞLU DEMİRCİ),HÜCRE DİLİMİ / HİSTOLOJİ VE EMBİRİYOLOJİ AD.,FAKÜLTEMİZ WEB SİTESİ ÖĞRENCİ AĞI AMFİ PROGRAMINA BAKINIZ,,,,,,
Dönem 1,5 Ocak 2026 Pazartesi,14:20,15:00,8- Embriyonik yaprakların farklılaşması  / Prof. Dr. Sibel KÖKTÜRK (Doç. Dr. Elif KERVANCIOĞLU DEMİRCİ),HÜCRE DİLİMİ / HİSTOLOJİ VE EMBİRİYOLOJİ AD.,FAKÜLTEMİZ WEB SİTESİ ÖĞRENCİ AĞI AMFİ PROGRAMINA BAKINIZ,,,,,,
Dönem 1,5 Ocak 2026 Pazartesi,15:10,17.00,UYGULAMA,HÜCRE DİLİMİ,FAKÜLTEMİZ WEB SİTESİ ÖĞRENCİ AĞI DÖNEM 1 UYGULAMA PROGRAMINA BAKINIZ,,,,,,
Dönem 1,6 Ocak 2026 Salı,08.30,10.20,Öğrenme Telafi,,FAKÜLTEMİZ WEB SİTESİ ÖĞRENCİ AĞI DÖNEM 1 UYGULAMA PROGRAMINA BAKINIZ,,,,,,
Dönem 1,6 Ocak 2026 Salı,10:00,13:00,SERBEST ÇALIŞMA (dönem2 sınavı),,,,,,,,
Dönem 1,6 Ocak 2026 Salı,10:30,12:20,UYGULAMA,HÜCRE DİLİMİ,FAKÜLTEMİZ WEB SİTESİ ÖĞRENCİ AĞI DÖNEM 1 UYGULAMA PROGRAMINA BAKINIZ,,,,,,
Dönem 1,6 Ocak 2026 Salı,13:30,14:10,12-Hücre gelişim ve farklılaşmasının moleküler esasları / Prof. Dr. Işıl ALBENİZ (Prof. Dr. Handan AKÇAKAYA),HÜCRE DİLİMİ / BİYOFİZİK AD.,FAKÜLTEMİZ WEB SİTESİ ÖĞRENCİ AĞI AMFİ PROGRAMINA BAKINIZ,,,,,,
Dönem 1,6 Ocak 2026 Salı,14:20,15:00,1-Embriyolojik  Terminoloji  / Prof. Dr. Sibel KÖKTÜRK (Doç. Dr. Tuğba KOTİL),HÜCRE DİLİMİ / HİSTOLOJİ VE EMBİRİYOLOJİ AD.,FAKÜLTEMİZ WEB SİTESİ ÖĞRENCİ AĞI AMFİ PROGRAMINA BAKINIZ,,,,,,
Dönem 1,6 Ocak 2026 Salı,15:10,15:50,2-İnsan embriyo gelişimini ve organogenezi düzenleyen moleküler mekanizmalar /  Prof. Dr. Sibel KÖKTÜRK (Doç. Dr. Tuğba KOTİL),HÜCRE DİLİMİ / HİSTOLOJİ VE EMBİRİYOLOJİ AD.,FAKÜLTEMİZ WEB SİTESİ ÖĞRENCİ AĞI AMFİ PROGRAMINA BAKINIZ,,,,,,
Dönem 1,6 Ocak 2026 Salı,16:00,16:40,SERBEST ÇALIŞMA,,,,,,,,
Dönem 1,7 Ocak 2026 Çarşamba,08:30,09.10,SERBEST ÇALIŞMA,,,,,,,,
Dönem 1,7 Ocak 2026 Çarşamba,09.20,10.00,SERBEST ÇALIŞMA,,,,,,,,
Dönem 1,7 Ocak 2026 Çarşamba,10.10,10.50,SERBEST ÇALIŞMA,,,,,,,,
Dönem 1,7 Ocak 2026 Çarşamba,11.00,11.40,25-Hücre döngüsü ve düzenlenmesi / Prof. Dr. Sacide PEHLİVAN (Prof. Dr. Selçuk DAŞDEMİR),HÜCRE DİLİMİ / TIBBİ BİYOLOJİ AD.,FAKÜLTEMİZ WEB SİTESİ ÖĞRENCİ AĞI AMFİ PROGRAMINA BAKINIZ,,,,,,
Dönem 1,7 Ocak 2026 Çarşamba,11.50,12:30,"26-Hücre farklılaşması ve mekanizmaları, epigenetik / Prof. Dr. Sacide PEHLİVAN (Doç. Dr. Hayriye ŞENTÜRK ÇİFTÇİ)",HÜCRE DİLİMİ / TIBBİ BİYOLOJİ AD.,FAKÜLTEMİZ WEB SİTESİ ÖĞRENCİ AĞI AMFİ PROGRAMINA BAKINIZ,,,,,,
Dönem 1,7 Ocak 2026 Çarşamba,13:30,15:20,"İLETİŞİM - Telafi, Tıbbi Biyokimya Telafi (YMT+Hücre Dilimi)",,FAKÜLTEMİZ WEB SİTESİ ÖĞRENCİ AĞI AMFİ PROGRAMINA BAKINIZ,,,,,,
Dönem 1,7 Ocak 2026 Çarşamba,13:30,16:20,SERBEST ÇALIŞMA (dönem2 histoloji uygulama),,,,,,,,
Dönem 1,8 Ocak 2026 Perşembe,08:30,12:20,SERBEST ÇALIŞMA,,,,,,,,
Dönem 1,8 Ocak 2026 Perşembe,13:30,16:20,SERBEST ÇALIŞMA,,,,,,,,
Dönem 1,9 Ocak 2026 Cuma,08:30,09.50,SERBEST ÇALIŞMA,,,,,,,,
Dönem 1,9 Ocak 2026 Cuma,10.00,12.00,TELAFİ -Tıbbi Biyoloji (YMT+Hücre Dilimi),YAŞAMIN MOLEKÜLER TEMELLERİ DİLİMİ/HÜCRE DİLİMİ,,,,,,,
Dönem 1,9 Ocak 2026 Cuma,14:00,15:00,SERBEST ÇALIŞMA (dönem2 fizyoloji uygulama),,,,,,,,
Dönem 1,9 Ocak 2026 Cuma,10:00,12:00,SERBEST ÇALIŞMA (Dönem3 Sınav),,,,,,,,
Dönem 1,12 Ocak 2026 Pazartesi,12:00,13:30,UZAKTAN EĞİTİM FİNAL SINAVLARI,TÜRK DİLİ-I + YABANCI UYRUKLULAR İÇİN TÜRK DİLİ-I + ATATÜRK İLKELERİ VE İNKLAP TARİHİ-I + YABANCI UYRUKLULAR İÇİN ATATÜRK İLKELERİ VE İNKLAP TARİHİ-I + GÜZEL SANATLAR I,FAKÜLTEMİZ WEB SİTESİ ÖĞRENCİ AĞI AMFİ PROGRAMINA BAKINIZ,,,,,,
Dönem 1,12 Ocak 2026 Pazartesi,13:30,14:30,UZAKTAN EĞİTİM FİNAL SINAVI,YABANCI DİL I,FAKÜLTEMİZ WEB SİTESİ ÖĞRENCİ AĞI AMFİ PROGRAMINA BAKINIZ,,,,,,
Dönem 1,13 Ocak 2026 Salı,10:00,12:30,DİLİM SINAVI,YAŞAMIN MOLEKÜLER TEMELLERİ + HÜCRE + DİKEY KORİDOR (İLETİŞİM I),FAKÜLTEMİZ WEB SİTESİ ÖĞRENCİ AĞI AMFİ PROGRAMINA BAKINIZ,,,,,,
Dönem 1,14 Ocak 2026 Çarşamba,10:00,12:00,SERBEST ÇALIŞMA,,,,,,,,
Dönem 1,15 Ocak 2026 Perşembe,10:00,12:00,SERBEST ÇALIŞMA (Dönem3 Sınav),,,,,,,,
Dönem 1,16 Ocak 2026 Cuma,10:00,12:00,SERBEST ÇALIŞMA (Dönem3 Sınav),,,,,,,,
Dönem 1,19 Ocak 2026 Pazartesi,08:30,16:00,TIBBİ BİYOLOJİ UYGULAMA SINAVI,YAŞAMIN MOLEKÜLER TEMELLERİ + HÜCRE ,TIBBİ BİYOLOJİ ANABİLİM DALI UYGULAMA SALONU,,,,,,
Dönem 1,19 Ocak 2026 Pazartesi,15:00,16:00,TIBBİ BİYOKİMYA UYGULAMA SINAVI (SADECE ALTTAN ALANLAR İÇİN),YAŞAMIN MOLEKÜLER TEMELLERİ + HÜCRE ,TEMEL BİLİMLER BİNASI BİYOKİMYA UYGULAMA LABORATUVARI,,,,,,
Dönem 1,20 Ocak 2026 Salı,09:00,10:00,DÖNEM-1 TIBBA MERHABA (YARALI TAŞIMA TEKNİKLERİ UYGULAMA SINAVI) (YATAY GEÇİŞ ve ALTTAN ALANLAR için),Prof.Dr. Yavuz BOZFAKIOĞLU (Hulusi Behçet Kütüphanesi Giriş Kat),,,,,,,
Dönem 1,20 Ocak 2026 Salı,10:00,11:00,DÖNEM-1 TIBBA MERHABA (KIRIK ÇIKIKLARDA İLKYARDIM UYGULAMA SINAVI)  (YATAY GEÇİŞ ve ALTTAN ALANLAR için),Ortopedi Ve Travmatoloji Anabilim Dalı - Ortopedi Dershanesi,,,,,,,
Dönem 1,20 Ocak 2026 Salı,11:00,12:00,,,,,,,,,
Dönem 1,20 Ocak 2026 Salı,13:00,14:00,DÖNEM-1 TIBBA MERHABA (TEMEL YAŞAM DESTEĞİ UYGULAMA SINAVI)  (YATAY GEÇİŞ ve ALTTAN ALANLAR için),Prof.Dr. Yavuz BOZFAKIOĞLU (Hulusi Behçet Kütüphanesi Giriş Kat),,,,,,,
Dönem 1,20 Ocak 2026 Salı,14:00,15:00,DÖNEM-1 TIBBA MERHABA (MİKROSKOP KULLANMA BECERİ UYGULAMASI DEĞERLENDİRME)  (YATAY GEÇİŞ ve ALTTAN ALANLAR için),Tıbbi Biyoloji AD Uygulama Salonu Temel Bilimler 2.Kat ,,,,,,,
Dönem 1,21 Ocak 2026 Çarşamba,13:00,16:00,TIBBİ MİKROBİYOLOJİ UYGULAMA SINAVI,HÜCRE ,FAKÜLTEMİZ WEB SİTESİ ÖĞRENCİ AĞI AMFİ PROGRAMINA BAKINIZ,,,,,,
Dönem 1,22 Ocak 2026 Perşembe,11:00,12:30,BİYOFİZİK UYGULAMA SINAVI/FİZYOLOJİ UYGULAMA SINAVI,YAŞAMIN MOLEKÜLER TEMELLERİ + HÜCRE / YAŞAMIN MOLEKÜLER TEMELLERİ,FAKÜLTEMİZ WEB SİTESİ ÖĞRENCİ AĞI AMFİ PROGRAMINA BAKINIZ,,,,,,
Dönem 1,23 Ocak 2026 Cuma,10:00,12:30,BİTİRME SINAVI,TIBBA MERHABA + YAŞAMIN MOLEKÜLER TEMELLERİ + HÜCRE + DİKEY KORİDOR,FAKÜLTEMİZ WEB SİTESİ ÖĞRENCİ AĞI AMFİ PROGRAMINA BAKINIZ,,,,,,
Dönem 1,23 Ocak 2026 Cuma,14:00,16:00,UZAKTAN EĞİTİM BÜTÜNLEME SINAVLARI,TÜRK DİLİ-I + YABANCI UYRUKLULAR İÇİN TÜRK DİLİ-I + ATATÜRK İLKELERİ VE İNKLAP TARİHİ-I + YABANCI UYRUKLULAR İÇİN ATATÜRK İLKELERİ VE İNKLAP TARİHİ-I + GÜZEL SANTLAR I,FAKÜLTEMİZ WEB SİTESİ ÖĞRENCİ AĞI AMFİ PROGRAMINA BAKINIZ,,,,,,
Dönem 1,23 Ocak 2026 Cuma,14:00,16:00,UZAKTAN EĞİTİM BÜTÜNLEME SINAVI,YABANCI DİL I,FAKÜLTEMİZ WEB SİTESİ ÖĞRENCİ AĞI AMFİ PROGRAMINA BAKINIZ,,,,,,
Dönem 1,26 Ocak 2026 Pazartesi,,,YARIYIL TATİL,,,,,,,,
Dönem 1,27 Ocak 2026 Salı,,,YARIYIL TATİL,,,,,,,,
Dönem 1,28 Ocak 2026 Çarşamba,,,YARIYIL TATİL,,,,,,,,
Dönem 1,29 Ocak 2026 Perşembe,,,YARIYIL TATİL,,,,,,,,
Dönem 1,30 Ocak 2026 Cuma,,,YARIYIL TATİL,,,,,,,,
Dönem 1,2 Şubat 2026 Pazartesi,,,YARIYIL TATİL,,,,,,,,
Dönem 1,3 Şubat 2026 Salı,,,YARIYIL TATİL,,,,,,,,
Dönem 1,4 Şubat 2026 Çarşamba,,,YARIYIL TATİL,,,,,,,,
Dönem 1,5 Şubat 2026 Perşembe,,,YARIYIL TATİL,,,,,,,,
Dönem 1,6 Şubat 2026 Cuma,,,YARIYIL TATİL,,,,,,,,
Dönem 1,9 Şubat 2026 Pazartesi,08:30,16:20,SERBEST ÇALIŞMA,,,,,,,,
Dönem 1,10 Şubat 2026 Salı,08:30,16:20,SERBEST ÇALIŞMA,,,,,,,,
Dönem 1,11 Şubat 2026 Çarşamba,08:30,16:20,SERBEST ÇALIŞMA,,,,,,,,
Dönem 1,12 Şubat 2026 Perşembe,08:30,16:20,SERBEST ÇALIŞMA,,,,,,,,
Dönem 1,13 Şubat 2026 Cuma,08:30,16:20,SERBEST ÇALIŞMA,,,,,,,,
Dönem 1,16 Şubat 2026 Pazartesi,09.30,15.20,BİLGİ KURAMI ve BİLİMSEL DÜŞÜNMEYE GİRİŞ A-B GRUBU (İngilizce Tıp ile Ortak Ders),DİKEY KORİDOR I / TIP EĞİTİMİ AD.,FAKÜLTEMİZ WEB SİTESİ ÖĞRENCİ AĞI AMFİ PROGRAMINA BAKINIZ,,,,,,
Dönem 1,17 Şubat 2026 Salı,09.30,15.20,BİLGİ KURAMI ve BİLİMSEL DÜŞÜNMEYE GİRİŞ A-B GRUBU (İngilizce Tıp ile Ortak Ders),DİKEY KORİDOR I / TIP EĞİTİMİ AD.,FAKÜLTEMİZ WEB SİTESİ ÖĞRENCİ AĞI AMFİ PROGRAMINA BAKINIZ,,,,,,
Dönem 1,18 Şubat 2026 Çarşamba,09.30,15.20,BİLGİ KURAMI ve BİLİMSEL DÜŞÜNMEYE GİRİŞ A-B GRUBU (İngilizce Tıp ile Ortak Ders),DİKEY KORİDOR I / TIP EĞİTİMİ AD.,FAKÜLTEMİZ WEB SİTESİ ÖĞRENCİ AĞI AMFİ PROGRAMINA BAKINIZ,,,,,,
Dönem 1,19 Şubat 2026 Perşembe,09.30,15.20,BİLGİ KURAMI ve BİLİMSEL DÜŞÜNMEYE GİRİŞ A-B GRUBU (İngilizce Tıp ile Ortak Ders),DİKEY KORİDOR I / TIP EĞİTİMİ AD.,FAKÜLTEMİZ WEB SİTESİ ÖĞRENCİ AĞI AMFİ PROGRAMINA BAKINIZ,,,,,,
Dönem 1,20 Şubat 2026 Cuma,09.30,15.20,BİLGİ KURAMI ve BİLİMSEL DÜŞÜNMEYE GİRİŞ A-B GRUBU (İngilizce Tıp ile Ortak Ders),DİKEY KORİDOR I / TIP EĞİTİMİ AD.,FAKÜLTEMİZ WEB SİTESİ ÖĞRENCİ AĞI AMFİ PROGRAMINA BAKINIZ,,,,,,
Dönem 1,20 Şubat 2026 Cuma,13.20,15.20,UYGULAMA,DİKEY KORİDOR I / TIP EĞİTİMİ AD.,FAKÜLTEMİZ WEB SİTESİ ÖĞRENCİ AĞI AMFİ PROGRAMINA BAKINIZ,,,,,,
Dönem 1,23 Şubat 2026 Pazartesi,08.30,09.10,SERBEST ÇALIŞMA,,,,,,,,
Dönem 1,23 Şubat 2026 Pazartesi,09.20,10.00,SERBEST ÇALIŞMA,,,,,,,,
Dönem 1,23 Şubat 2026 Pazartesi,10:30,11:10,1-Hücre İnceleme Yöntemleri / Prof. Dr. Selçuk DAŞDEMİR (Doç. Dr. Hayriye ŞENTÜRK ÇİFTÇİ),DOKU DİLİMİ / TIBBİ BİYOLOJİ AD.,FAKÜLTEMİZ WEB SİTESİ ÖĞRENCİ AĞI AMFİ PROGRAMINA BAKINIZ,,,,,,
Dönem 1,23 Şubat 2026 Pazartesi,11:20,12:00,2-Epigenetik analiz yöntemleri ve kullanımı / Prof. Dr. Sacide PEHLİVAN (Doç. Dr. Hayriye ŞENTÜRK ÇİFTÇİ),DOKU DİLİMİ / TIBBİ BİYOLOJİ AD.,FAKÜLTEMİZ WEB SİTESİ ÖĞRENCİ AĞI AMFİ PROGRAMINA BAKINIZ,,,,,,
Dönem 1,23 Şubat 2026 Pazartesi,12:30,13:30,ÖĞLE ARASI,,,,,,,,
Dönem 1,23 Şubat 2026 Pazartesi,13:30,14:10,1-İLETİŞİM BECERİLERİ Derse yönelim amaç ve öğrenim hedefleri /  Doç. Dr. Ayşe Nilüfer ALÇALAR (Dr. Öğr. Üyesi Irmak Polat),DİKEY KORİDOR DİLİMİ / RUH SAĞLIĞI VE HASTALIKLARI AD.,FAKÜLTEMİZ WEB SİTESİ ÖĞRENCİ AĞI AMFİ PROGRAMINA BAKINIZ,,,,,,
Dönem 1,23 Şubat 2026 Pazartesi,14:20,15:00,2-İLETİŞİM BECERİLERİ 2 (Film 1‘in izlenmesi) /  Doç. Dr. Ayşe Nilüfer ALÇALAR (Dr. Öğr. Üyesi Irmak Polat),DİKEY KORİDOR DİLİMİ / RUH SAĞLIĞI VE HASTALIKLARI AD.,FAKÜLTEMİZ WEB SİTESİ ÖĞRENCİ AĞI AMFİ PROGRAMINA BAKINIZ,,,,,,
Dönem 1,23 Şubat 2026 Pazartesi,15:10,15:50,3-İLETİŞİM BECERİLERİ 2 (Film 1'in Tartışması) /  Doç. Dr. Ayşe Nilüfer ALÇALAR (Dr. Öğr. Üyesi Irmak Polat),DİKEY KORİDOR DİLİMİ / RUH SAĞLIĞI VE HASTALIKLARI AD.,FAKÜLTEMİZ WEB SİTESİ ÖĞRENCİ AĞI AMFİ PROGRAMINA BAKINIZ,,,,,,
Dönem 1,23 Şubat 2026 Pazartesi,16:00,16:40,SERBEST ÇALIŞMA,,,,,,,,
Dönem 1,24 Şubat 2026 Salı,08:30,09:10,3-Rekombinan DNA Teknolojisi ve Tıpta Uygulaması / Prof. Dr. Selçuk DAŞDEMİR             ( Prof.Dr. Fatma OĞUZ),DOKU DİLİMİ / TIBBİ BİYOLOJİ AD.,FAKÜLTEMİZ WEB SİTESİ ÖĞRENCİ AĞI AMFİ PROGRAMINA BAKINIZ,,,,,,
Dönem 1,24 Şubat 2026 Salı,09:20,10:00,4-Tek gen hastalıklarının moleküler temeli / Prof. Dr. Sacide PEHLİVAN ( Prof.Dr. Fatma OĞUZ),DOKU DİLİMİ / TIBBİ BİYOLOJİ AD.,FAKÜLTEMİZ WEB SİTESİ ÖĞRENCİ AĞI AMFİ PROGRAMINA BAKINIZ,,,,,,
Dönem 1,24 Şubat 2026 Salı,10:30,12:20,UYGULAMA,DOKU DİLİMİ /DİKEY KORİDOR 1,FAKÜLTEMİZ WEB SİTESİ ÖĞRENCİ AĞI DÖNEM 1 UYGULAMA PROGRAMINA BAKINIZ,,,,,,
Dönem 1,24 Şubat 2026 Salı,12:30,13:30,ÖĞLE ARASI,,,,,,,,
Dönem 1,24 Şubat 2026 Salı,13:30,14:10,1-) Anatomi’ye Giriş ve hareket anatomisi / Dr. Öğr.Üyesi Osman COŞKUN (Doç. Dr. Özcan GAYRETLİ),HAREKET-1 DİLİMİ / ANATOMİ AD.,FAKÜLTEMİZ WEB SİTESİ ÖĞRENCİ AĞI AMFİ PROGRAMINA BAKINIZ,,,,,,
Dönem 1,24 Şubat 2026 Salı,14:20,15:00,"2-Os coxae, femur / Dr. Öğr.Üyesi Osman COŞKUN (Doç. Dr. Özcan GAYRETLİ)",HAREKET-1 DİLİMİ / ANATOMİ AD.,FAKÜLTEMİZ WEB SİTESİ ÖĞRENCİ AĞI AMFİ PROGRAMINA BAKINIZ,,,,,,
Dönem 1,24 Şubat 2026 Salı,15:10,15:50,SERBEST ÇALIŞMA,,FAKÜLTEMİZ WEB SİTESİ ÖĞRENCİ AĞI AMFİ PROGRAMINA BAKINIZ,,,,,,
Dönem 1,25 Şubat 2026 Çarşamba,08:30,09:10,2-Moleküler Biyofizik Yöntemler / Prof. Dr. Handan AKÇAKAYA (Prof. Dr. Muhammet BEKTAŞ),DOKU DİLİMİ / BİYOFİZİK AD.,FAKÜLTEMİZ WEB SİTESİ ÖĞRENCİ AĞI AMFİ PROGRAMINA BAKINIZ,,,,,,
Dönem 1,25 Şubat 2026 Çarşamba,09:20,10:00,5-Otozomal dominant ve resesif kalıtım / Prof. Dr. Sacide PEHLİVAN (Prof. Dr. Selçuk DAŞDEMİR),DOKU DİLİMİ / TIBBİ BİYOLOJİ AD.,FAKÜLTEMİZ WEB SİTESİ ÖĞRENCİ AĞI AMFİ PROGRAMINA BAKINIZ,,,,,,
Dönem 1,25 Şubat 2026 Çarşamba,10:10,10:50,6-X’e bağlı dominant ve resesif kalıtım / Prof. Dr. Çiğdem KEKİK ÇINAR (Prof. Dr. Sacide PEHLİVAN),DOKU DİLİMİ / TIBBİ BİYOLOJİ AD.,FAKÜLTEMİZ WEB SİTESİ ÖĞRENCİ AĞI AMFİ PROGRAMINA BAKINIZ,,,,,,
Dönem 1,25 Şubat 2026 Çarşamba,11:00,11:40,"1-Prehistorya,  Mezopotamya, Antik Mısır, Hint ve Çin Uygarlıkları'ında Tıp /  Prof. Dr. Fatma Arın NAMAL (Prof. Dr. İlhan İLKILIÇ)",DİKEY KORİDOR DİLİMİ / TIP TARİHİ VE ETİK A.D.,FAKÜLTEMİZ WEB SİTESİ ÖĞRENCİ AĞI AMFİ PROGRAMINA BAKINIZ,,,,,,
Dönem 1,25 Şubat 2026 Çarşamba,11:50,12:30,2-Antik Yunan ve Roma'da Tıp /  Prof. Dr. Fatma Arın NAMAL (Prof. Dr. İlhan İLKILIÇ),DİKEY KORİDOR DİLİMİ / TIP TARİHİ VE ETİK A.D.,FAKÜLTEMİZ WEB SİTESİ ÖĞRENCİ AĞI AMFİ PROGRAMINA BAKINIZ,,,,,,
Dönem 1,25 Şubat 2026 Çarşamba,12:30,13:30,ÖĞLE ARASI,,,,,,,,
Dönem 1,25 Şubat 2026 Çarşamba,13:30,14:10,Seçmeli Dersler - 1,,FAKÜLTEMİZ WEB SİTESİ ÖĞRENCİ AĞI SEÇMELİ DERS AMFİ PROGRAMINA BAKINIZ,,,,,,
Dönem 1,25 Şubat 2026 Çarşamba,14:20,15:00,Seçmeli Dersler - 1,,FAKÜLTEMİZ WEB SİTESİ ÖĞRENCİ AĞI SEÇMELİ DERS AMFİ PROGRAMINA BAKINIZ,,,,,,
Dönem 1,25 Şubat 2026 Çarşamba,15:10,15:50,Seçmeli Dersler - 1,,FAKÜLTEMİZ WEB SİTESİ ÖĞRENCİ AĞI SEÇMELİ DERS AMFİ PROGRAMINA BAKINIZ,,,,,,
Dönem 1,26 Şubat 2026 Perşembe,08:30,09:10,SERBEST ÇALIŞMA,,,,,,,,
Dönem 1,26 Şubat 2026 Perşembe,09:20,10:00,SERBEST ÇALIŞMA,,,,,,,,
Dönem 1,26 Şubat 2026 Perşembe,10:10,10:50,7-Mendel dışı kalıtım / Doç. Dr. Hayriye Şentürk ÇİFTÇİ (Prof. Dr. Selçuk DAŞDEMİR),DOKU DİLİMİ / TIBBİ BİYOLOJİ AD.,FAKÜLTEMİZ WEB SİTESİ ÖĞRENCİ AĞI AMFİ PROGRAMINA BAKINIZ,,,,,,
Dönem 1,26 Şubat 2026 Perşembe,11:00,11:40,8-Genetik hastalıkların incelenmesinde moleküler tanı yöntemleri ve uygulamaları / Prof. Dr. Sacide PEHLİVAN (Prof. Dr. Selçuk DAŞDEMİR),DOKU DİLİMİ / TIBBİ BİYOLOJİ AD.,FAKÜLTEMİZ WEB SİTESİ ÖĞRENCİ AĞI AMFİ PROGRAMINA BAKINIZ,,,,,,
Dönem 1,26 Şubat 2026 Perşembe,11:50,12:30,SERBEST ÇALIŞMA,,,,,,,,
Dönem 1,26 Şubat 2026 Perşembe,12:30,13:30,ÖĞLE ARASI,,,,,,,,
Dönem 1,26 Şubat 2026 Perşembe,13:30,14:10,SERBEST ÇALIŞMA,,,,,,,,
Dönem 1,26 Şubat 2026 Perşembe,14:20,15:00,SERBEST ÇALIŞMA,,,,,,,,
Dönem 1,26 Şubat 2026 Perşembe,15:10,15:50,SERBEST ÇALIŞMA,,,,,,,,
Dönem 1,27 Şubat 2026 Cuma,08:30,09:10,9-İmmunobiyoloji /  Prof.Dr. Fatma OĞUZ (Doç. Dr. Hayriye ŞENTÜRK ÇİFTÇİ),DOKU DİLİMİ / TIBBİ BİYOLOJİ AD.,FAKÜLTEMİZ WEB SİTESİ ÖĞRENCİ AĞI AMFİ PROGRAMINA BAKINIZ,,,,,,
Dönem 1,27 Şubat 2026 Cuma,09:20,10:00,10-İmmunogenetik /  Prof.Dr. Fatma OĞUZ (Doç. Dr. Hayriye ŞENTÜRK ÇİFTÇİ),DOKU DİLİMİ / TIBBİ BİYOLOJİ AD.,FAKÜLTEMİZ WEB SİTESİ ÖĞRENCİ AĞI AMFİ PROGRAMINA BAKINIZ,,,,,,
Dönem 1,27 Şubat 2026 Cuma,10:30,12:20,UYGULAMA,DOKU DİLİMİ ,FAKÜLTEMİZ WEB SİTESİ ÖĞRENCİ AĞI DÖNEM 1 UYGULAMA PROGRAMINA BAKINIZ,,,,,,
Dönem 1,27 Şubat 2026 Cuma,12:30,14:00,ÖĞLE ARASI,,,,,,,,
Dönem 1,27 Şubat 2026 Cuma,14:00,14:40,3-Nanobiyoteknoloji tıbbi uygulamaları / Prof. Dr. Muhammet BEKTAŞ (Prof. Dr. Handan AKÇAKAYA),DOKU DİLİMİ / BİYOFİZİK AD.,FAKÜLTEMİZ WEB SİTESİ ÖĞRENCİ AĞI AMFİ PROGRAMINA BAKINIZ,,,,,,
Dönem 1,27 Şubat 2026 Cuma,14:50,15:30,4-Elektromanyetik spektrum ve ışıma / Doç. Dr. Leyla TÜRKER ŞENER (Prof. Dr. Muhammet BEKTAŞ),DOKU DİLİMİ / BİYOFİZİK AD.,FAKÜLTEMİZ WEB SİTESİ ÖĞRENCİ AĞI AMFİ PROGRAMINA BAKINIZ,,,,,,
Dönem 1,27 Şubat 2026 Cuma,15:40,16:20,SERBEST ÇALIŞMA,,,,,,,,
Dönem 1,2 Mart 2026 Pazartesi,08:30,10:20,UYGULAMA,DOKU DİLİMİ ,FAKÜLTEMİZ WEB SİTESİ ÖĞRENCİ AĞI DÖNEM 1 UYGULAMA PROGRAMINA BAKINIZ,,,,,,
Dönem 1,2 Mart 2026 Pazartesi,10:30,12:20,UYGULAMA,DOKU DİLİMİ ,FAKÜLTEMİZ WEB SİTESİ ÖĞRENCİ AĞI DÖNEM 1 UYGULAMA PROGRAMINA BAKINIZ,,,,,,
Dönem 1,2 Mart 2026 Pazartesi,12:30,13:30,ÖĞLE ARASI,,,,,,,,
Dönem 1,2 Mart 2026 Pazartesi,13:30,16:20,Anatomi Uygulama 1 / 21,HAREKET-1 DİLİMİ / ANATOMİ AD.,FAKÜLTEMİZ WEB SİTESİ ÖĞRENCİ AĞI DÖNEM 1 UYGULAMA PROGRAMINA BAKINIZ,,,,,,
Dönem 1,3 Mart 2026 Salı,08:30,09:10,5-Radyasyonun tıbbi kullanımı ve korunma yöntemleri / Doç. Dr. Leyla TÜRKER ŞENER (Prof. Dr. Muhammet BEKTAŞ),DOKU DİLİMİ / BİYOFİZİK AD.,FAKÜLTEMİZ WEB SİTESİ ÖĞRENCİ AĞI AMFİ PROGRAMINA BAKINIZ,,,,,,
Dönem 1,3 Mart 2026 Salı,09:20,10:00,6-Tıbbi görüntüleme / Doç. Dr. Leyla TÜRKER ŞENER (Prof. Dr. Muhammet BEKTAŞ),DOKU DİLİMİ / BİYOFİZİK AD.,FAKÜLTEMİZ WEB SİTESİ ÖĞRENCİ AĞI AMFİ PROGRAMINA BAKINIZ,,,,,,
Dönem 1,3 Mart 2026 Salı,10:30,12:20,UYGULAMA,DOKU DİLİMİ ,FAKÜLTEMİZ WEB SİTESİ ÖĞRENCİ AĞI DÖNEM 1 UYGULAMA PROGRAMINA BAKINIZ,,,,,,
Dönem 1,3 Mart 2026 Salı,12:30,13:30,ÖĞLE ARASI,,,,,,,,
Dönem 1,3 Mart 2026 Salı,13:30,14:10,"5- Clavicula, scapula, humerus / Dr. Öğr.Üyesi Osman COŞKUN (Doç. Dr. Özcan GAYRETLİ)",HAREKET-1 DİLİMİ / ANATOMİ AD.,FAKÜLTEMİZ WEB SİTESİ ÖĞRENCİ AĞI AMFİ PROGRAMINA BAKINIZ,,,,,,
Dönem 1,3 Mart 2026 Salı,14:20,15:00,"6- Radius, ulna, ossa manus / Doç. Dr. Özcan GAYRETLİ (Dr. Öğr.Üyesi Osman COŞKUN)",HAREKET-1 DİLİMİ / ANATOMİ AD.,FAKÜLTEMİZ WEB SİTESİ ÖĞRENCİ AĞI AMFİ PROGRAMINA BAKINIZ,,,,,,
Dönem 1,3 Mart 2026 Salı,15:10,15:50,SERBEST ÇALIŞMA,,,,,,,,
Dönem 1,3 Mart 2026 Salı,16:00,16:40,SERBEST ÇALIŞMA,,,,,,,,
Dönem 1,4 Mart 2026 Çarşamba,08:30,09:10,ENTEGRE OTURUM - Karsinojenez -  Prof.Dr. Fatma OĞUZ / Prof. Dr. Handan AKÇAKAYA (Prof. Dr.Işıl ALBENİZ) (İngilizce Tıp ile ortak ders),DOKU DİLİMİ / TIBBİ BİYOLOJİ AD. - BİYOFİZİK AD.,AZİZ SANCAR AMFİSİ,,,,,,
Dönem 1,4 Mart 2026 Çarşamba,09:20,10:00,1-Kanser problemine yeni yaklaşımlar / Prof. Dr. Handan AKÇAKAYA (Prof. Dr. Işıl ALBENİZ),DOKU DİLİMİ / BİYOFİZİK AD.,FAKÜLTEMİZ WEB SİTESİ ÖĞRENCİ AĞI AMFİ PROGRAMINA BAKINIZ,,,,,,
Dönem 1,4 Mart 2026 Çarşamba,10:10,10:50,SERBEST ÇALIŞMA,,,,,,,,
Dönem 1,4 Mart 2026 Çarşamba,11:00,11:40,SERBEST ÇALIŞMA,,,,,,,,
Dönem 1,4 Mart 2026 Çarşamba,11:50,12:30,SERBEST ÇALIŞMA,,,,,,,,
Dönem 1,4 Mart 2026 Çarşamba,12:30,13:30,GÜZ DÖNEMİ DÖNEM DEĞERLİNDİRME TOPLANMASI (İngilizce Tıp ile ortak ders),,FAKÜLTEMİZ WEB SİTESİ ÖĞRENCİ AĞI AMFİ PROGRAMINA BAKINIZ,,,,,,
Dönem 1,4 Mart 2026 Çarşamba,13:30,14:10,Seçmeli Dersler - 2,,FAKÜLTEMİZ WEB SİTESİ ÖĞRENCİ AĞI SEÇMELİ DERS AMFİ PROGRAMINA BAKINIZ,,,,,,
Dönem 1,4 Mart 2026 Çarşamba,14:20,15:00,Seçmeli Dersler - 2,,FAKÜLTEMİZ WEB SİTESİ ÖĞRENCİ AĞI SEÇMELİ DERS AMFİ PROGRAMINA BAKINIZ,,,,,,
Dönem 1,4 Mart 2026 Çarşamba,15:10,15:50,Seçmeli Dersler - 2,,FAKÜLTEMİZ WEB SİTESİ ÖĞRENCİ AĞI SEÇMELİ DERS AMFİ PROGRAMINA BAKINIZ,,,,,,
Dönem 1,5 Mart 2026 Perşembe,08:30,09:10,"3- Tibia, fibula, patella, ossa pedis/ Dr. Öğr.Üyesi Osman COŞKUN Doç. Dr. Özcan GAYRETLİ)",HAREKET-1 DİLİMİ / ANATOMİ AD.,FAKÜLTEMİZ WEB SİTESİ ÖĞRENCİ AĞI SEÇMELİ DERS AMFİ PROGRAMINA BAKINIZ,,,,,,
Dönem 1,5 Mart 2026 Perşembe,09:20,10:00,"4-Columna vertebralis Ossa thoracis, Pelvis / Dr. Öğr.Üyesi Osman COŞKUN (Doç. Dr. Özcan GAYRETLİ)",HAREKET-1 DİLİMİ / ANATOMİ AD.,FAKÜLTEMİZ WEB SİTESİ ÖĞRENCİ AĞI SEÇMELİ DERS AMFİ PROGRAMINA BAKINIZ,,,,,,
Dönem 1,5 Mart 2026 Perşembe,10:30,12:20,UYGULAMA,DOKU DİLİMİ ,FAKÜLTEMİZ WEB SİTESİ ÖĞRENCİ AĞI DÖNEM 1 UYGULAMA PROGRAMINA BAKINIZ,,,,,,
Dönem 1,5 Mart 2026 Perşembe,12:30,13:30,ÖĞLE ARASI,,,,,,,,
Dönem 1,5 Mart 2026 Perşembe,13:30,15:20,UYGULAMA,DOKU DİLİMİ ,FAKÜLTEMİZ WEB SİTESİ ÖĞRENCİ AĞI DÖNEM 1 UYGULAMA PROGRAMINA BAKINIZ,,,,,,
Dönem 1,5 Mart 2026 Perşembe,15:30,16:10,SERBEST ÇALIŞMA,,,,,,,,
Dönem 1,6 Mart 2026 Cuma,08:30,09:10,3-Bizans ve Batı Ortaçağı'nda Tıp / Prof. Dr. İlhan İLKILIÇ  (Prof. Dr. Fatma Arın NAMAL),DİKEY KORİDOR DİLİMİ / TIP TARİHİ VE ETİK A.D.,FAKÜLTEMİZ WEB SİTESİ ÖĞRENCİ AĞI AMFİ PROGRAMINA BAKINIZ,,,,,,
Dönem 1,6 Mart 2026 Cuma,09:20,10:00,5-Orta Asya Türklerinde ve Selçuklularda Tıp /  Prof. Dr. Fatma Arın NAMAL (Prof. Dr. İlhan İLKILIÇ),DİKEY KORİDOR DİLİMİ / TIP TARİHİ VE ETİK A.D.,FAKÜLTEMİZ WEB SİTESİ ÖĞRENCİ AĞI AMFİ PROGRAMINA BAKINIZ,,,,,,
Dönem 1,6 Mart 2026 Cuma,10:30,12:20,UYGULAMA,DOKU DİLİMİ ,FAKÜLTEMİZ WEB SİTESİ ÖĞRENCİ AĞI DÖNEM 1 UYGULAMA PROGRAMINA BAKINIZ,,,,,,
Dönem 1,6 Mart 2026 Cuma,12.30,14.00,ÖĞLE ARASI,,,,,,,,
Dönem 1,6 Mart 2026 Cuma,14:00,14:40,7- Kafa Kemikleri I / Doç. Dr. Özcan GAYRETLİ (Dr. Öğr.Üyesi Osman COŞKUN) (İngilizce Tıp ile Ortak),HAREKET-1 DİLİMİ / ANATOMİ AD.,,,,,,,
Dönem 1,6 Mart 2026 Cuma,14:50,15:30,8-/ Kafa Kemikleri II / Doç. Dr. Özcan GAYRETLİ (Dr. Öğr.Üyesi Osman COŞKUN)(İngilizce Tıp ile Ortak),HAREKET-1 DİLİMİ / ANATOMİ AD.,,,,,,,
Dönem 1,6 Mart 2026 Cuma,15:40,16:20,SERBEST ÇALIŞMA,,,,,,,,
Dönem 1,9 Mart 2026 Pazartesi,08:30,09:10,SERBEST ÇALIŞMA,,,,,,,,
Dönem 1,9 Mart 2026 Pazartesi,09:20,10:00,SERBEST ÇALIŞMA,,,,,,,,
Dönem 1,9 Mart 2026 Pazartesi,10:10,10:50,SERBEST ÇALIŞMA,,,,,,,,
Dönem 1,9 Mart 2026 Pazartesi,11:00,11:40,SERBEST ÇALIŞMA,,,,,,,,
Dönem 1,9 Mart 2026 Pazartesi,11:50,12:30,SERBEST ÇALIŞMA,,,,,,,,
Dönem 1,9 Mart 2026 Pazartesi,12:30,13:30,ÖĞLE ARASI,,,,,,,,
Dönem 1,9 Mart 2026 Pazartesi,10:00,11:30,SERBEST ÇALIŞMA (dönem2 sınavı),,,,,,,,
Dönem 1,9 Mart 2026 Pazartesi,13:30,16:20,Anatomi Uygulama 3 / 21,HAREKET-1 DİLİMİ / ANATOMİ AD.,FAKÜLTEMİZ WEB SİTESİ ÖĞRENCİ AĞI DÖNEM 1 UYGULAMA PROGRAMINA BAKINIZ,,,,,,
Dönem 1,10 Mart 2026 Salı,08:30,10:20,UYGULAMA,DOKU DİLİMİ ,FAKÜLTEMİZ WEB SİTESİ ÖĞRENCİ AĞI DÖNEM 1 UYGULAMA PROGRAMINA BAKINIZ,,,,,,
Dönem 1,10 Mart 2026 Salı,10:30,11:10,SERBEST ÇALIŞMA,,,,,,,,
Dönem 1,10 Mart 2026 Salı,11:20,12:00,SERBEST ÇALIŞMA,,,,,,,,
Dönem 1,10 Mart 2026 Salı,12:30,13:30,ÖĞLE ARASI,,,,,,,,
Dönem 1,10 Mart 2026 Salı,13:30,15:20,UYGULAMA,DOKU DİLİMİ ,FAKÜLTEMİZ WEB SİTESİ ÖĞRENCİ AĞI DÖNEM 1 UYGULAMA PROGRAMINA BAKINIZ,,,,,,
Dönem 1,10 Mart 2026 Salı,15:30,16:10,SERBEST ÇALIŞMA,,,,,,,,
Dönem 1,11 Mart 2026 Çarşamba,08:30,09:10,9- Yüz Kemikleri / Doç. Dr. Özcan GAYRETLİ (Dr. Öğr.Üyesi Osman COŞKUN),HAREKET-1 DİLİMİ / ANATOMİ AD.,FAKÜLTEMİZ WEB SİTESİ ÖĞRENCİ AĞI AMFİ PROGRAMINA BAKINIZ,,,,,,
Dönem 1,11 Mart 2026 Çarşamba,09:20,10:00,10- Eklem genel bilgi / Doç. Dr. Özcan GAYRETLİ (Dr. Öğr.Üyesi Osman COŞKUN),HAREKET-1 DİLİMİ / ANATOMİ AD.,FAKÜLTEMİZ WEB SİTESİ ÖĞRENCİ AĞI AMFİ PROGRAMINA BAKINIZ,,,,,,
Dönem 1,11 Mart 2026 Çarşamba,10:30,12:20,UYGULAMA,DOKU DİLİMİ ,FAKÜLTEMİZ WEB SİTESİ ÖĞRENCİ AĞI DÖNEM 1 UYGULAMA PROGRAMINA BAKINIZ,,,,,,
Dönem 1,11 Mart 2026 Çarşamba,12:30,13:30,ÖĞLE ARASI,,,,,,,,
Dönem 1,11 Mart 2026 Çarşamba,13:30,14:10,Seçmeli Dersler - 3,,FAKÜLTEMİZ WEB SİTESİ ÖĞRENCİ AĞI SEÇMELİ DERS AMFİ PROGRAMINA BAKINIZ,,,,,,
Dönem 1,11 Mart 2026 Çarşamba,14:20,15:00,Seçmeli Dersler - 3,,FAKÜLTEMİZ WEB SİTESİ ÖĞRENCİ AĞI SEÇMELİ DERS AMFİ PROGRAMINA BAKINIZ,,,,,,
Dönem 1,11 Mart 2026 Çarşamba,15:10,15:50,Seçmeli Dersler - 3,,FAKÜLTEMİZ WEB SİTESİ ÖĞRENCİ AĞI SEÇMELİ DERS AMFİ PROGRAMINA BAKINIZ,,,,,,
Dönem 1,12 Mart 2026 Perşembe,08:30,09:10,4-Ortaçağ'da İslam Tıbbı /  Prof. Dr. Fatma Arın NAMAL (Prof. Dr. İlhan İLKILIÇ),DİKEY KORİDOR DİLİMİ / TIP TARİHİ VE ETİK A.D.,FAKÜLTEMİZ WEB SİTESİ ÖĞRENCİ AĞI AMFİ PROGRAMINA BAKINIZ,,,,,,
Dönem 1,12 Mart 2026 Perşembe,09:20,10:00,6-Rönesans ve Tıp / Prof. Dr. Fatma Arın NAMAL (Prof. Dr. İlhan İLKILIÇ),DİKEY KORİDOR DİLİMİ / TIP TARİHİ VE ETİK A.D.,FAKÜLTEMİZ WEB SİTESİ ÖĞRENCİ AĞI AMFİ PROGRAMINA BAKINIZ,,,,,,
Dönem 1,12 Mart 2026 Perşembe,10:30,12:20,UYGULAMA,DOKU DİLİMİ ,FAKÜLTEMİZ WEB SİTESİ ÖĞRENCİ AĞI DÖNEM 1 UYGULAMA PROGRAMINA BAKINIZ,,,,,,
Dönem 1,12 Mart 2026 Perşembe,12:30,13:30,ÖĞLE ARASI,,,,,,,,
Dönem 1,12 Mart 2026 Perşembe,13:30,14:10,11- Alt taraf eklemleri I / Dr. Öğr.Üyesi Osman COŞKUN (Doç. Dr. Özcan GAYRETLİ),HAREKET-1 DİLİMİ / ANATOMİ AD.,FAKÜLTEMİZ WEB SİTESİ ÖĞRENCİ AĞI AMFİ PROGRAMINA BAKINIZ,,,,,,
Dönem 1,12 Mart 2026 Perşembe,14:20,15:00,12- Alt taraf eklemleri II / Dr. Öğr.Üyesi Osman COŞKUN (Doç. Dr. Özcan GAYRETLİ),HAREKET-1 DİLİMİ / ANATOMİ AD.,FAKÜLTEMİZ WEB SİTESİ ÖĞRENCİ AĞI AMFİ PROGRAMINA BAKINIZ,,,,,,
Dönem 1,12 Mart 2026 Perşembe,15:10,15:50,11-Kök Hücre Biyolojisi /  Prof.Dr. Fatma OĞUZ (Doç. Dr. Hayriye Şentürk ÇİFTÇİ),DOKU DİLİMİ / TIBBİ BİYOLOJİ AD.,FAKÜLTEMİZ WEB SİTESİ ÖĞRENCİ AĞI AMFİ PROGRAMINA BAKINIZ,,,,,,
Dönem 1,12 Mart 2026 Perşembe,16:00,16:40,12-Moleküler ve Hücresel tedaviler ve Gen terapisi /  Prof.Dr. Fatma OĞUZ (Doç. Dr. Hayriye Şentürk ÇİFTÇİ),DOKU DİLİMİ / TIBBİ BİYOLOJİ AD.,FAKÜLTEMİZ WEB SİTESİ ÖĞRENCİ AĞI AMFİ PROGRAMINA BAKINIZ,,,,,,
Dönem 1,13 Mart 2026 Cuma,08:30,09:10,SERBEST ÇALIŞMA,,,,,,,,
Dönem 1,13 Mart 2026 Cuma,09:20,10:00,SERBEST ÇALIŞMA,,,,,,,,
Dönem 1,13 Mart 2026 Cuma,10:30,12:20,UYGULAMA,DOKU DİLİMİ ,FAKÜLTEMİZ WEB SİTESİ ÖĞRENCİ AĞI DÖNEM 1 UYGULAMA PROGRAMINA BAKINIZ,,,,,,
Dönem 1,13 Mart 2026 Cuma,12:30,14:00,ÖĞLE ARASI,,,,,,,,
Dönem 1,13 Mart 2026 Cuma,14:00,16:50,Anatomi Uygulama 4 / 21,HAREKET-1 DİLİMİ / ANATOMİ AD.,FAKÜLTEMİZ WEB SİTESİ ÖĞRENCİ AĞI DÖNEM 1 UYGULAMA PROGRAMINA BAKINIZ,,,,,,
Dönem 1,16 Mart 2026 Pazartesi,08:30,09:10,7-Osmanlılarda Tıp 1 (kuruluştan 19.yy'a) /  Prof. Dr. Fatma Arın NAMAL (Prof. Dr. İlhan İLKILIÇ),DİKEY KORİDOR DİLİMİ / TIP TARİHİ VE ETİK A.D.,FAKÜLTEMİZ WEB SİTESİ ÖĞRENCİ AĞI AMFİ PROGRAMINA BAKINIZ,,,,,,
Dönem 1,16 Mart 2026 Pazartesi,09:20,10:00,8-18. ve 19. Yüzyılda Batı'da Tıp /  Prof. Dr. Fatma Arın NAMAL (Prof. Dr. İlhan İLKILIÇ),DİKEY KORİDOR DİLİMİ / TIP TARİHİ VE ETİK A.D.,FAKÜLTEMİZ WEB SİTESİ ÖĞRENCİ AĞI AMFİ PROGRAMINA BAKINIZ,,,,,,
Dönem 1,16 Mart 2026 Pazartesi,10:30,12:20,UYGULAMA,DOKU DİLİMİ ,FAKÜLTEMİZ WEB SİTESİ ÖĞRENCİ AĞI DÖNEM 1 UYGULAMA PROGRAMINA BAKINIZ,,,,,,
Dönem 1,16 Mart 2026 Pazartesi,12:30,13:30,ÖĞLE ARASI,,,,,,,,
Dönem 1,16 Mart 2026 Pazartesi,13:30,16:20,Anatomi Uygulama 5 / 21,HAREKET-1 DİLİMİ / ANATOMİ AD.,FAKÜLTEMİZ WEB SİTESİ ÖĞRENCİ AĞI DÖNEM 1 UYGULAMA PROGRAMINA BAKINIZ,,,,,,
Dönem 1,17 Mart 2026 Salı,08:30,09:10,3-Örtü ve bez epiteli / Prof. Dr. Sibel KÖKTÜRK (Doç. Dr. Elif KERVANCIOĞLU DEMİRCİ),DOKU DİLİMİ / HİSTOLOJİ VE EMBRİYOLOJİ AD.,FAKÜLTEMİZ WEB SİTESİ ÖĞRENCİ AĞI AMFİ PROGRAMINA BAKINIZ,,,,,,
Dönem 1,17 Mart 2026 Salı,09:20,10:00,13-Alt taraf eklemleri III / Dr. Öğr.Üyesi Osman COŞKUN (Doç. Dr. Özcan GAYRETLİ),HAREKET-1 DİLİMİ / ANATOMİ AD.,FAKÜLTEMİZ WEB SİTESİ ÖĞRENCİ AĞI AMFİ PROGRAMINA BAKINIZ,,,,,,
Dönem 1,17 Mart 2026 Salı,10:30,12:20,UYGULAMA,DOKU DİLİMİ ,FAKÜLTEMİZ WEB SİTESİ ÖĞRENCİ AĞI DÖNEM 1 UYGULAMA PROGRAMINA BAKINIZ,,,,,,
Dönem 1,17 Mart 2026 Salı,12:30,13:30,ÖĞLE ARASI,,,,,,,,
Dönem 1,17 Mart 2026 Salı,13:30,14:10,9-Osmanlılarda Tıp 2 (kuruluştan 19.yy ve devamı) /  Prof. Dr. Fatma Arın NAMAL (Prof. Dr. İlhan İLKILIÇ),DİKEY KORİDOR DİLİMİ / TIP TARİHİ VE ETİK A.D.,FAKÜLTEMİZ WEB SİTESİ ÖĞRENCİ AĞI AMFİ PROGRAMINA BAKINIZ,,,,,,
Dönem 1,17 Mart 2026 Salı,14:20,15:00,4-İLETİŞİM BECERİLERİ 2 Film 2‘nin izlenmesi / Dr. Öğr. Üyesi Irmak Polat  ( Doç. Dr. Ayşe Nilüfer ALÇALAR),DİKEY KORİDOR DİLİMİ / RUH SAĞLIĞI VE HASTALIKLARI AD.,FAKÜLTEMİZ WEB SİTESİ ÖĞRENCİ AĞI AMFİ PROGRAMINA BAKINIZ,,,,,,
Dönem 1,17 Mart 2026 Salı,15:10,16:10,5-İLETİŞİM BECERİLERİ 2 (Film 2'nin tartışılması) / Dr. Öğr. Üyesi Irmak Polat  ( Doç. Dr. Ayşe Nilüfer ALÇALAR),DİKEY KORİDOR DİLİMİ / RUH SAĞLIĞI VE HASTALIKLARI AD.,FAKÜLTEMİZ WEB SİTESİ ÖĞRENCİ AĞI AMFİ PROGRAMINA BAKINIZ,,,,,,
Dönem 1,18 Mart 2026 Çarşamba,08:30,09:10,4-Duyu epiteli / Prof. Dr. Sibel KÖKTÜRK (Doç. Dr. Elif KERVANCIOĞLU DEMİRCİ),DOKU DİLİMİ / HİSTOLOJİ VE EMBRİYOLOJİ AD.,FAKÜLTEMİZ WEB SİTESİ ÖĞRENCİ AĞI AMFİ PROGRAMINA BAKINIZ,,,,,,
Dönem 1,18 Mart 2026 Çarşamba,09:20,10:00,5-Mezenkim ve erişkin bağ dokusu tipleri / Doç. Dr. Tuğba KOTİL ( Prof. Dr. Sibel KÖKTÜRK),DOKU DİLİMİ / HİSTOLOJİ VE EMBRİYOLOJİ AD.,FAKÜLTEMİZ WEB SİTESİ ÖĞRENCİ AĞI AMFİ PROGRAMINA BAKINIZ,,,,,,
Dönem 1,18 Mart 2026 Çarşamba,10:30,12:20,UYGULAMA,DOKU DİLİMİ ,FAKÜLTEMİZ WEB SİTESİ ÖĞRENCİ AĞI DÖNEM 1 UYGULAMA PROGRAMINA BAKINIZ,,,,,,
Dönem 1,18 Mart 2026 Çarşamba,12:30,13:30,ÖĞLE ARASI,,,,,,,,
Dönem 1,18 Mart 2026 Çarşamba,13:30,14:10,Seçmeli Dersler - 4,,FAKÜLTEMİZ WEB SİTESİ ÖĞRENCİ AĞI SEÇMELİ DERS AMFİ PROGRAMINA BAKINIZ,,,,,,
Dönem 1,18 Mart 2026 Çarşamba,14:20,15:00,Seçmeli Dersler - 4,,FAKÜLTEMİZ WEB SİTESİ ÖĞRENCİ AĞI SEÇMELİ DERS AMFİ PROGRAMINA BAKINIZ,,,,,,
Dönem 1,18 Mart 2026 Çarşamba,15:10,15:50,Seçmeli Dersler - 4,,FAKÜLTEMİZ WEB SİTESİ ÖĞRENCİ AĞI SEÇMELİ DERS AMFİ PROGRAMINA BAKINIZ,,,,,,
Dönem 1,19 Mart 2026 Perşembe,08:30,09:10,SERBEST ÇALIŞMA,,,,,,,,
Dönem 1,19 Mart 2026 Perşembe,09:20,10:00,SERBEST ÇALIŞMA,,,,,,,,
Dönem 1,19 Mart 2026 Perşembe,10:10,10:50,SERBEST ÇALIŞMA,,,,,,,,
Dönem 1,19 Mart 2026 Perşembe,11:00,11:40,SERBEST ÇALIŞMA,,,,,,,,
Dönem 1,19 Mart 2026 Perşembe,11:50,12:30,SERBEST ÇALIŞMA,,,,,,,,
Dönem 1,19 Mart 2026 Perşembe,,,RAMAZAN BAYRAMI AREFESİ,,,,,,,,
Dönem 1,20 Mart 2026 Cuma,,,RAMAZAN BAYRAMI ,,,,,,,,
Dönem 1,23 Mart 2026 Pazartesi,08:30,09:10,6-Bağ dokusunun hücre dışı matrisi /Doç. Dr. Tuğba KOTİL ( Prof. Dr. Sibel KÖKTÜRK),DOKU DİLİMİ / HİSTOLOJİ VE EMBRİYOLOJİ AD.,FAKÜLTEMİZ WEB SİTESİ ÖĞRENCİ AĞI AMFİ PROGRAMINA BAKINIZ,,,,,,
Dönem 1,23 Mart 2026 Pazartesi,09:20,10:00,7-Bağ dokusu hücreleri / Doç. Dr. Tuğba KOTİL ( Prof. Dr. Sibel KÖKTÜRK),DOKU DİLİMİ / HİSTOLOJİ VE EMBRİYOLOJİ AD.,FAKÜLTEMİZ WEB SİTESİ ÖĞRENCİ AĞI AMFİ PROGRAMINA BAKINIZ,,,,,,
Dönem 1,23 Mart 2026 Pazartesi,10:30,12:20,UYGULAMA,DOKU DİLİMİ ,FAKÜLTEMİZ WEB SİTESİ ÖĞRENCİ AĞI DÖNEM 1 UYGULAMA PROGRAMINA BAKINIZ,,,,,,
Dönem 1,23 Mart 2026 Pazartesi,12:30,13:30,ÖĞLE ARASI,,,,,,,,
Dönem 1,23 Mart 2026 Pazartesi,13:30,16:20,Anatomi Uygulama 6 / 21,HAREKET-1 DİLİMİ / ANATOMİ AD.,FAKÜLTEMİZ WEB SİTESİ ÖĞRENCİ AĞI DÖNEM 1 UYGULAMA PROGRAMINA BAKINIZ,,,,,,
Dönem 1,24 Mart 2026 Salı,08:30,09:10,SERBEST ÇALIŞMA,,,,,,,,
Dönem 1,24 Mart 2026 Salı,09:20,10:00,SERBEST ÇALIŞMA,,,,,,,,
Dönem 1,24 Mart 2026 Salı,10:10,10:50,SERBEST ÇALIŞMA,,,,,,,,
Dönem 1,24 Mart 2026 Salı,11:00,11:40,SERBEST ÇALIŞMA,,,,,,,,
Dönem 1,24 Mart 2026 Salı,11:50,12:30,SERBEST ÇALIŞMA,,,,,,,,
Dönem 1,24 Mart 2026 Salı,12:30,13:30,ÖĞLE ARASI,,,,,,,,
Dönem 1,24 Mart 2026 Salı,13:30,14:10,SERBEST ÇALIŞMA,,,,,,,,
Dönem 1,24 Mart 2026 Salı,14:20,15:00,SERBEST ÇALIŞMA,,,,,,,,
Dönem 1,24 Mart 2026 Salı,15:10,15:50,SERBEST ÇALIŞMA,,,,,,,,
Dönem 1,24 Mart 2026 Salı,16:00,16:40,SERBEST ÇALIŞMA,,,,,,,,
Dönem 1,25 Mart 2026 Çarşamba,08:30,09:10,SERBEST ÇALIŞMA,,,,,,,,
Dönem 1,25 Mart 2026 Çarşamba,09:20,10:00,10-19. ve 20. Yüzyılda Batı Tıbbı / Prof. Dr. İlhan İLKILIÇ  (Prof. Dr. Fatma Arın NAMAL),DİKEY KORİDOR DİLİMİ / TIP TARİHİ VE ETİK A.D.,FAKÜLTEMİZ WEB SİTESİ ÖĞRENCİ AĞI AMFİ PROGRAMINA BAKINIZ,,,,,,
Dönem 1,25 Mart 2026 Çarşamba,10:30,12:20,UYGULAMA,DOKU DİLİMİ ,FAKÜLTEMİZ WEB SİTESİ ÖĞRENCİ AĞI DÖNEM 1 UYGULAMA PROGRAMINA BAKINIZ,,,,,,
Dönem 1,25 Mart 2026 Çarşamba,12:30,13:30,ÖĞLE ARASI,,,,,,,,
Dönem 1,25 Mart 2026 Çarşamba,13:30,14:10,Seçmeli Dersler - 5,,FAKÜLTEMİZ WEB SİTESİ ÖĞRENCİ AĞI SEÇMELİ DERS AMFİ PROGRAMINA BAKINIZ,,,,,,
Dönem 1,25 Mart 2026 Çarşamba,14:20,15:00,Seçmeli Dersler - 5,,FAKÜLTEMİZ WEB SİTESİ ÖĞRENCİ AĞI SEÇMELİ DERS AMFİ PROGRAMINA BAKINIZ,,,,,,
Dönem 1,25 Mart 2026 Çarşamba,15:10,15:50,Seçmeli Dersler - 5,,FAKÜLTEMİZ WEB SİTESİ ÖĞRENCİ AĞI SEÇMELİ DERS AMFİ PROGRAMINA BAKINIZ,,,,,,
Dönem 1,26 Mart 2026 Perşembe,08:30,09:10,8-Kan dokusu / Dr. Öğr. Üyesi Tuğba EKİZ YILMAZ (Prof. Dr. Sibel KÖKTÜRK),DOKU DİLİMİ / HİSTOLOJİ VE EMBRİYOLOJİ AD.,FAKÜLTEMİZ WEB SİTESİ ÖĞRENCİ AĞI AMFİ PROGRAMINA BAKINIZ,,,,,,
Dönem 1,26 Mart 2026 Perşembe,09:20,10:00,9-Kas dokusu / Dr. Öğr. Üyesi Tuğba EKİZ YILMAZ (Prof. Dr. Sibel KÖKTÜRK),DOKU DİLİMİ / HİSTOLOJİ VE EMBRİYOLOJİ AD.,FAKÜLTEMİZ WEB SİTESİ ÖĞRENCİ AĞI AMFİ PROGRAMINA BAKINIZ,,,,,,
Dönem 1,26 Mart 2026 Perşembe,10:30,12:20,UYGULAMA,DOKU DİLİMİ ,FAKÜLTEMİZ WEB SİTESİ ÖĞRENCİ AĞI DÖNEM 1 UYGULAMA PROGRAMINA BAKINIZ,,,,,,
Dönem 1,26 Mart 2026 Perşembe,12:30,13:30,ÖĞLE ARASI,,,,,,,,
Dönem 1,26 Mart 2026 Perşembe,13:30,14:10,14-Gövde eklemleri / Dr. Öğr.Üyesi Osman COŞKUN (Doç. Dr. Özcan GAYRETLİ),HAREKET-1 DİLİMİ / ANATOMİ AD.,FAKÜLTEMİZ WEB SİTESİ ÖĞRENCİ AĞI AMFİ PROGRAMINA BAKINIZ,,,,,,
Dönem 1,26 Mart 2026 Perşembe,14:20,15:00,15-Üst taraf eklemleri I / Doç. Dr. Özcan GAYRETLİ (Dr. Öğr.Üyesi Osman COŞKUN),HAREKET-1 DİLİMİ / ANATOMİ AD.,FAKÜLTEMİZ WEB SİTESİ ÖĞRENCİ AĞI AMFİ PROGRAMINA BAKINIZ,,,,,,
Dönem 1,26 Mart 2026 Perşembe,15:10,15:50,1-Epitel Dokusunun gelişimi ve yapısı / Prof. Dr. Sibel KÖKTÜRK (Doç. Dr. Elif KERVANCIOĞLU DEMİRCİ),DOKU DİLİMİ / HİSTOLOJİ VE EMBRİYOLOJİ AD.,FAKÜLTEMİZ WEB SİTESİ ÖĞRENCİ AĞI AMFİ PROGRAMINA BAKINIZ,,,,,,
Dönem 1,26 Mart 2026 Perşembe,16:00,16:40,2-Epitel dokusu tipleri / Prof. Dr. Sibel KÖKTÜRK (Doç. Dr. Elif KERVANCIOĞLU DEMİRCİ),DOKU DİLİMİ / HİSTOLOJİ VE EMBRİYOLOJİ AD.,FAKÜLTEMİZ WEB SİTESİ ÖĞRENCİ AĞI AMFİ PROGRAMINA BAKINIZ,,,,,,
Dönem 1,27 Mart 2026 Cuma,08:30,09:10,SERBEST ÇALIŞMA ,,,,,,,,
Dönem 1,27 Mart 2026 Cuma,09:20,10:00,SERBEST ÇALIŞMA ,,,,,,,,
Dönem 1,27 Mart 2026 Cuma,10:30,12:20,UYGULAMA,DOKU DİLİMİ ,FAKÜLTEMİZ WEB SİTESİ ÖĞRENCİ AĞI DÖNEM 1 UYGULAMA PROGRAMINA BAKINIZ,,,,,,
Dönem 1,27 Mart 2026 Cuma,12:30,14.00,ÖĞLE ARASI,,,,,,,,
Dönem 1,27 Mart 2026 Cuma,14:00,16:50,Anatomi Uygulama 7 / 21,HAREKET-1 DİLİMİ / ANATOMİ AD.,FAKÜLTEMİZ WEB SİTESİ ÖĞRENCİ AĞI DÖNEM 1 UYGULAMA PROGRAMINA BAKINIZ,,,,,,
Dönem 1,30 Mart 2026 Pazartesi,08:30,09:10,10-Kalp kası / Dr. Öğr. Üyesi Tuğba EKİZ YILMAZ (Prof. Dr. Sibel KÖKTÜRK),DOKU DİLİMİ / HİSTOLOJİ VE EMBRİYOLOJİ AD.,FAKÜLTEMİZ WEB SİTESİ ÖĞRENCİ AĞI AMFİ PROGRAMINA BAKINIZ,,,,,,
Dönem 1,30 Mart 2026 Pazartesi,09:20,10:00,11-Düz Kas / Dr. Öğr. Üyesi Tuğba EKİZ YILMAZ (Prof. Dr. Sibel KÖKTÜRK),DOKU DİLİMİ / HİSTOLOJİ VE EMBRİYOLOJİ AD.,FAKÜLTEMİZ WEB SİTESİ ÖĞRENCİ AĞI AMFİ PROGRAMINA BAKINIZ,,,,,,
Dönem 1,30 Mart 2026 Pazartesi,10:30,12:20,UYGULAMA,DOKU DİLİMİ ,FAKÜLTEMİZ WEB SİTESİ ÖĞRENCİ AĞI DÖNEM 1 UYGULAMA PROGRAMINA BAKINIZ,,,,,,
Dönem 1,30 Mart 2026 Pazartesi,12:30,13:30,ÖĞLE ARASI,,,,,,,,
Dönem 1,30 Mart 2026 Pazartesi,13:30,16:20,Anatomi Uygulama 8 / 21,HAREKET-1 DİLİMİ / ANATOMİ AD.,FAKÜLTEMİZ WEB SİTESİ ÖĞRENCİ AĞI DÖNEM 1 UYGULAMA PROGRAMINA BAKINIZ,,,,,,
Dönem 1,31 Mart 2026 Salı,08:30,09:10,11-1933 Türk Üniversite Reformu ve Fakültemizin Tarihi / Prof. Dr. Fatma Arın NAMAL (Prof. Dr. İlhan İLKILIÇ),DİKEY KORİDOR DİLİMİ / TIP TARİHİ VE ETİK A.D.,FAKÜLTEMİZ WEB SİTESİ ÖĞRENCİ AĞI AMFİ PROGRAMINA BAKINIZ,,,,,,
Dönem 1,31 Mart 2026 Salı,09:20,10:00,12-Pandemiler ve Salgın Hastalıklar Tarihi / Prof. Dr. Fatma Arın NAMAL (Prof. Dr. İlhan İLKILIÇ),DİKEY KORİDOR DİLİMİ / TIP TARİHİ VE ETİK A.D.,FAKÜLTEMİZ WEB SİTESİ ÖĞRENCİ AĞI AMFİ PROGRAMINA BAKINIZ,,,,,,
Dönem 1,31 Mart 2026 Salı,10:30,12:20,UYGULAMA,DOKU DİLİMİ ,FAKÜLTEMİZ WEB SİTESİ ÖĞRENCİ AĞI DÖNEM 1 UYGULAMA PROGRAMINA BAKINIZ,,,,,,
Dönem 1,31 Mart 2026 Salı,12:30,13:30,ÖĞLE ARASI,,,,,,,,
Dönem 1,31 Mart 2026 Salı,13:30,14:10,16-Üst taraf eklemleri II / Doç. Dr. Özcan GAYRETLİ (Dr. Öğr.Üyesi Osman COŞKUN),HAREKET-1 DİLİMİ / ANATOMİ AD.,FAKÜLTEMİZ WEB SİTESİ ÖĞRENCİ AĞI AMFİ PROGRAMINA BAKINIZ,,,,,, 
Dönem 1,31 Mart 2026 Salı,14:20,15:00,17-Baş-boyun eklemleri / Doç. Dr. Özcan GAYRETLİ (Dr. Öğr.Üyesi Osman COŞKUN),HAREKET-1 DİLİMİ / ANATOMİ AD.,FAKÜLTEMİZ WEB SİTESİ ÖĞRENCİ AĞI AMFİ PROGRAMINA BAKINIZ,,,,,,
Dönem 1,31 Mart 2026 Salı,15:10,15:50,1-Homeostasis kavramı / Prof.Dr. Tamer DEMİRALP(Prof. Dr. Aytül UYAR),DOKU DİLİMİ / FİZYOLOJİ AD.,FAKÜLTEMİZ WEB SİTESİ ÖĞRENCİ AĞI AMFİ PROGRAMINA BAKINIZ,,,,,,
Dönem 1,31 Mart 2026 Salı,16:00,16:40,2- Kontrol Sistemleri / Prof.Dr. Tamer DEMİRALP(Prof. Dr. Aytül UYAR),DOKU DİLİMİ / FİZYOLOJİ AD.,FAKÜLTEMİZ WEB SİTESİ ÖĞRENCİ AĞI AMFİ PROGRAMINA BAKINIZ,,,,,,
Dönem 1,1 Nisan 2026 Çarşamba,08:30,09:10,21-Kalça ve Uyluk Kasları  / Dr. Öğr.Üyesi Osman COŞKUN (Doç. Dr. Özcan GAYRETLİ),HAREKET-1 DİLİMİ / ANATOMİ AD.,FAKÜLTEMİZ WEB SİTESİ ÖĞRENCİ AĞI AMFİ PROGRAMINA BAKINIZ,,,,,,
Dönem 1,1 Nisan 2026 Çarşamba,09:20,10:00,22-Bacak ve Ayak Kasları  / Dr. Öğr.Üyesi Osman COŞKUN (Doç. Dr. Özcan GAYRETLİ),HAREKET-1 DİLİMİ / ANATOMİ AD.,FAKÜLTEMİZ WEB SİTESİ ÖĞRENCİ AĞI AMFİ PROGRAMINA BAKINIZ,,,,,,
Dönem 1,1 Nisan 2026 Çarşamba,10:30,12:20,UYGULAMA,DOKU DİLİMİ / DİKEY KORİDOR,FAKÜLTEMİZ WEB SİTESİ ÖĞRENCİ AĞI DÖNEM 1 UYGULAMA PROGRAMINA BAKINIZ,,,,,,
Dönem 1,1 Nisan 2026 Çarşamba,12:30,13:30,ÖĞLE ARASI,,,,,,,,
Dönem 1,1 Nisan 2026 Çarşamba,13:30,14:10,Seçmeli Dersler - 6,,FAKÜLTEMİZ WEB SİTESİ ÖĞRENCİ AĞI SEÇMELİ DERS AMFİ PROGRAMINA BAKINIZ,,,,,,
Dönem 1,1 Nisan 2026 Çarşamba,14:20,15:00,Seçmeli Dersler - 6,,FAKÜLTEMİZ WEB SİTESİ ÖĞRENCİ AĞI SEÇMELİ DERS AMFİ PROGRAMINA BAKINIZ,,,,,,
Dönem 1,1 Nisan 2026 Çarşamba,15:10,15:50,Seçmeli Dersler - 6,,FAKÜLTEMİZ WEB SİTESİ ÖĞRENCİ AĞI SEÇMELİ DERS AMFİ PROGRAMINA BAKINIZ,,,,,,
Dönem 1,2 Nisan 2026 Perşembe,08:30,09:10,12-Sinir dokusunun gelişimsel özellikleri ve hücreleri / Doç.Dr.Tuğba KOTİL(Prof. Dr. Sibel KÖKTÜRK),DOKU DİLİMİ / HİSTOLOJİ VE EMBRİYOLOJİ AD.,FAKÜLTEMİZ WEB SİTESİ ÖĞRENCİ AĞI AMFİ PROGRAMINA BAKINIZ,,,,,,
Dönem 1,2 Nisan 2026 Perşembe,09:20,10:00,13-Nöronların morfolojik sınıflandırılması / Doç.Dr.Tuğba KOTİL(Prof. Dr. Sibel KÖKTÜRK),DOKU DİLİMİ / HİSTOLOJİ VE EMBRİYOLOJİ AD.,FAKÜLTEMİZ WEB SİTESİ ÖĞRENCİ AĞI AMFİ PROGRAMINA BAKINIZ,,,,,,
Dönem 1,2 Nisan 2026 Perşembe,10:30,12:20,UYGULAMA,DOKU DİLİMİ ,FAKÜLTEMİZ WEB SİTESİ ÖĞRENCİ AĞI DÖNEM 1 UYGULAMA PROGRAMINA BAKINIZ,,,,,,
Dönem 1,2 Nisan 2026 Perşembe,12:30,13:30,ÖĞLE ARASI,,,,,,,,
Dönem 1,2 Nisan 2026 Perşembe,13:30,14:10,18-Baş-Boyun ve Gövdenin Fonksiyonel Anatomisi / Prof. Dr. Ayşin KALE (Doç. Dr. Özcan GAYRETLİ),HAREKET-1 DİLİMİ / ANATOMİ AD.,FAKÜLTEMİZ WEB SİTESİ ÖĞRENCİ AĞI AMFİ PROGRAMINA BAKINIZ,,,,,,
Dönem 1,2 Nisan 2026 Perşembe,14:20,15.00,19-Üst ve Alt Ekstremitelerin Fonksiyonel Anatomisi / Prof. Dr. Ayşin KALE (Doç. Dr. Özcan GAYRETLİ),HAREKET-1 DİLİMİ / ANATOMİ AD.,FAKÜLTEMİZ WEB SİTESİ ÖĞRENCİ AĞI AMFİ PROGRAMINA BAKINIZ,,,,,,
Dönem 1,2 Nisan 2026 Perşembe,15:10,16:10,6-İLETİŞİM BECERİLERİ 2 (Film 3‘ün izlenmesi) / Dr. Öğr. Üyesi Irmak Polat  ( Doç. Dr. Ayşe Nilüfer ALÇALAR),DİKEY KORİDOR DİLİMİ / RUH SAĞLIĞI VE HASTALIKLARI AD.,FAKÜLTEMİZ WEB SİTESİ ÖĞRENCİ AĞI AMFİ PROGRAMINA BAKINIZ,,,,,,
Dönem 1,2 Nisan 2026 Perşembe,16:20,17:20,7-İLETİŞİM BECERİLERİ 2 (Film 3‘ün tartşılması) / Dr. Öğr. Üyesi Irmak Polat ( Doç. Dr. Ayşe Nilüfer ALÇALAR),DİKEY KORİDOR DİLİMİ / RUH SAĞLIĞI VE HASTALIKLARI AD.,FAKÜLTEMİZ WEB SİTESİ ÖĞRENCİ AĞI AMFİ PROGRAMINA BAKINIZ,,,,,,
Dönem 1,3 Nisan 2026 Cuma,08:30,09:10,1-Cinsiyetin belirlenmesi ve kromozomlar / Prof. Dr. Çiğdem KEKİK ÇINAR ( Prof.Dr. Fatma OĞUZ),HAYATIN EVRELERİ DİLİMİ / TIBBİ BİYOLOJİ AD.,FAKÜLTEMİZ WEB SİTESİ ÖĞRENCİ AĞI AMFİ PROGRAMINA BAKINIZ,,,,,,
Dönem 1,3 Nisan 2026 Cuma,09:20,10:00,2-Popülasyon Genetiği (Bağlantı ve kromozom haritaları) / Prof. Dr. Sacide PEHLİVAN ( Prof.Dr. Fatma OĞUZ),HAYATIN EVRELERİ DİLİMİ / TIBBİ BİYOLOJİ AD.,FAKÜLTEMİZ WEB SİTESİ ÖĞRENCİ AĞI AMFİ PROGRAMINA BAKINIZ,,,,,,
Dönem 1,3 Nisan 2026 Cuma,10:30,12:20,UYGULAMA,DOKU DİLİMİ ,FAKÜLTEMİZ WEB SİTESİ ÖĞRENCİ AĞI DÖNEM 1 UYGULAMA PROGRAMINA BAKINIZ,,,,,,
Dönem 1,3 Nisan 2026 Cuma,12:30,14:00,ÖĞLE ARASI,,,,,,,,
Dönem 1,3 Nisan 2026 Cuma,14:00,16:50,Anatomi Uygulama 9 / 21,HAREKET-1 DİLİMİ / ANATOMİ AD.,FAKÜLTEMİZ WEB SİTESİ ÖĞRENCİ AĞI DÖNEM 1 UYGULAMA PROGRAMINA BAKINIZ,,,,,,
Dönem 1,6 Nisan 2026 Pazartesi,08:30,09:10,SERBEST ÇALIŞMA,,,,,,,,
Dönem 1,6 Nisan 2026 Pazartesi,09:30,10:20,ENTEGRE OTURUM-Kanın Donörden Hastaya Yolculuğu / Prof. Dr. Sevgi BEŞIŞIK KALAYOĞLU -Prof. Dr. Çiğdem KEKİK ÇINAR (İngilizce Tıp ile ortak ders),DOKU DİLİMİ / TIBBİ BİYOLOJİ AD.,FAKÜLTEMİZ WEB SİTESİ ÖĞRENCİ AĞI AMFİ PROGRAMINA BAKINIZ,,,,,,
Dönem 1,6 Nisan 2026 Pazartesi,10:30,12:20,UYGULAMA,DOKU DİLİMİ ,FAKÜLTEMİZ WEB SİTESİ ÖĞRENCİ AĞI DÖNEM 1 UYGULAMA PROGRAMINA BAKINIZ,,,,,,
Dönem 1,6 Nisan 2026 Pazartesi,12:30,13:30,ÖĞLE ARASI,,,,,,,,
Dönem 1,6 Nisan 2026 Pazartesi,13:30,16:20,Anatomi Uygulama 10 / 21,HAREKET-1 DİLİMİ / ANATOMİ AD.,FAKÜLTEMİZ WEB SİTESİ ÖĞRENCİ AĞI DÖNEM 1 UYGULAMA PROGRAMINA BAKINIZ,,,,,,
Dönem 1,7 Nisan 2026 Salı,08:30,09:10,3-Sıvı kompartmanları ve iyon bileşimleri /  Prof.Dr. Tamer DEMİRALP(Prof. Dr. Aytül UYAR),DOKU DİLİMİ / FİZYOLOJİ AD.,FAKÜLTEMİZ WEB SİTESİ ÖĞRENCİ AĞI AMFİ PROGRAMINA BAKINIZ,,,,,,
Dönem 1,7 Nisan 2026 Salı,09:20,10:00,4-Vücut sıvılarının klinik anomalileri / Prof.Dr. Tamer DEMİRALP(Prof. Dr. Aytül UYAR),DOKU DİLİMİ / FİZYOLOJİ AD.,FAKÜLTEMİZ WEB SİTESİ ÖĞRENCİ AĞI AMFİ PROGRAMINA BAKINIZ,,,,,,
Dönem 1,7 Nisan 2026 Salı,10:30,12:20,UYGULAMA,DOKU DİLİMİ ,FAKÜLTEMİZ WEB SİTESİ ÖĞRENCİ AĞI DÖNEM 1 UYGULAMA PROGRAMINA BAKINIZ,,,,,,
Dönem 1,7 Nisan 2026 Salı,12:30,13:30,ÖĞLE ARASI,,,,,,,,
Dönem 1,7 Nisan 2026 Salı,13:30,14:10,13-Ülkemizde Salgın Hastalıklarla Mücadelenin Tarihi / Prof. Dr. Fatma Arın NAMAL (Prof. Dr. İlhan İLKILIÇ),DİKEY KORİDOR DİLİMİ / TIP TARİHİ VE ETİK A.D.,FAKÜLTEMİZ WEB SİTESİ ÖĞRENCİ AĞI AMFİ PROGRAMINA BAKINIZ,,,,,,
Dönem 1,7 Nisan 2026 Salı,14:20,15:00,14-Tıp Tarihinde Araştırmalar ve Paradigmalar / Prof. Dr. İlhan İLKILIÇ  (Prof. Dr. Fatma Arın NAMAL),DİKEY KORİDOR DİLİMİ / TIP TARİHİ VE ETİK A.D.,FAKÜLTEMİZ WEB SİTESİ ÖĞRENCİ AĞI AMFİ PROGRAMINA BAKINIZ,,,,,,
Dönem 1,7 Nisan 2026 Salı,15:10,15:50,,HAYATIN EVRELERİ DİLİMİ / ANATOMİ AD.,FAKÜLTEMİZ WEB SİTESİ ÖĞRENCİ AĞI AMFİ PROGRAMINA BAKINIZ,,,,,,
Dönem 1,7 Nisan 2026 Salı,16:00,16:40,SERBEST ÇALIŞMA,,,,,,,,
Dönem 1,8 Nisan 2026 Çarşamba,08:30,09:10,14-Akson ve dendiritler / Doç.Dr.Tuğba KOTİL(Prof. Dr. Sibel KÖKTÜRK),DOKU DİLİMİ / HİSTOLOJİ VE EMBRİYOLOJİ AD.,FAKÜLTEMİZ WEB SİTESİ ÖĞRENCİ AĞI AMFİ PROGRAMINA BAKINIZ,,,,,,
Dönem 1,8 Nisan 2026 Çarşamba,09:20,10:00,15-Nöroglia hücreleri / Doç.Dr.Tuğba KOTİL(Prof. Dr. Sibel KÖKTÜRK),DOKU DİLİMİ / HİSTOLOJİ VE EMBRİYOLOJİ AD.,FAKÜLTEMİZ WEB SİTESİ ÖĞRENCİ AĞI AMFİ PROGRAMINA BAKINIZ,,,,,,
Dönem 1,8 Nisan 2026 Çarşamba,10:30,12:20,UYGULAMA,DOKU DİLİMİ ,FAKÜLTEMİZ WEB SİTESİ ÖĞRENCİ AĞI DÖNEM 1 UYGULAMA PROGRAMINA BAKINIZ,,,,,,
Dönem 1,8 Nisan 2026 Çarşamba,12:30,13:30,ÖĞLE ARASI,,,,,,,,
Dönem 1,8 Nisan 2026 Çarşamba,13:30,14:10,Seçmeli Dersler - 7,,FAKÜLTEMİZ WEB SİTESİ ÖĞRENCİ AĞI SEÇMELİ DERS AMFİ PROGRAMINA BAKINIZ,,,,,,
Dönem 1,8 Nisan 2026 Çarşamba,14:20,15:00,Seçmeli Dersler - 7,,FAKÜLTEMİZ WEB SİTESİ ÖĞRENCİ AĞI SEÇMELİ DERS AMFİ PROGRAMINA BAKINIZ,,,,,,
Dönem 1,8 Nisan 2026 Çarşamba,15:10,15:50,Seçmeli Dersler - 7,,FAKÜLTEMİZ WEB SİTESİ ÖĞRENCİ AĞI SEÇMELİ DERS AMFİ PROGRAMINA BAKINIZ,,,,,,
Dönem 1,9 Nisan 2026 Perşembe,08:30,09:10,5-Sirkadiyen Ritimler / Prof.Dr. Tamer DEMİRALP (Prof. Dr. Aytül UYAR),DOKU DİLİMİ / FİZYOLOJİ AD.,FAKÜLTEMİZ WEB SİTESİ ÖĞRENCİ AĞI AMFİ PROGRAMINA BAKINIZ,,,,,,
Dönem 1,9 Nisan 2026 Perşembe,09:20,10:00,6-Zar Potansiyeli / Prof. Dr. Tamer DEMİRALP (Prof. Dr. Aytül UYAR),DOKU DİLİMİ / FİZYOLOJİ AD.,FAKÜLTEMİZ WEB SİTESİ ÖĞRENCİ AĞI AMFİ PROGRAMINA BAKINIZ,,,,,,
Dönem 1,9 Nisan 2026 Perşembe,10:30,12:20,UYGULAMA,DOKU DİLİMİ ,FAKÜLTEMİZ WEB SİTESİ ÖĞRENCİ AĞI DÖNEM 1 UYGULAMA PROGRAMINA BAKINIZ,,,,,,
Dönem 1,9 Nisan 2026 Perşembe,12:30,13:30,ÖĞLE ARASI,,,,,,,,
Dönem 1,9 Nisan 2026 Perşembe,13:30,14:10,2-Gebelik Doğum ve Lohusalık / Prof. Dr. İbrahim Halil KALELİOĞLU (Dr. Öğr Üyesi İnci Sema TAŞ),HAYATIN EVRELERİ DİLİMİ / KADIN HASTALIKLARI VE DOĞUM AD.,FAKÜLTEMİZ WEB SİTESİ ÖĞRENCİ AĞI AMFİ PROGRAMINA BAKINIZ,,,,,,
Dönem 1,9 Nisan 2026 Perşembe,14:20,15:00,1-Kadın Hayatının Evreleri / Prof. Dr. Süleyman Engin AKHAN (Dr.Öğr.Üyesi İpek Merve EVRÜKE),HAYATIN EVRELERİ DİLİMİ / KADIN HASTALIKLARI VE DOĞUM AD.,FAKÜLTEMİZ WEB SİTESİ ÖĞRENCİ AĞI AMFİ PROGRAMINA BAKINIZ,,,,,,
Dönem 1,9 Nisan 2026 Perşembe,15:10,16:10,9-İLETİŞİM BECERİLERİ 2 (Film 4‘nın tartışılması) / Doç. Dr. Ayşe Nilüfer ALÇALAR (Dr. Öğr. Üyesi Irmak Polat),DİKEY KORİDOR DİLİMİ / RUH SAĞLIĞI VE HASTALIKLARI AD.,FAKÜLTEMİZ WEB SİTESİ ÖĞRENCİ AĞI AMFİ PROGRAMINA BAKINIZ,,,,,,
Dönem 1,9 Nisan 2026 Perşembe,16:20,17:20,8-İLETİŞİM BECERİLERİ 2 (Film 4‘in izlenmesi) /  Doç. Dr. Ayşe Nilüfer ALÇALAR (Dr. Öğr. Üyesi Irmak Polat),DİKEY KORİDOR DİLİMİ / RUH SAĞLIĞI VE HASTALIKLARI AD.,FAKÜLTEMİZ WEB SİTESİ ÖĞRENCİ AĞI AMFİ PROGRAMINA BAKINIZ,,,,,,
Dönem 1,10 Nisan 2026 Cuma,08:30,09:10,7-Aksiyon potansiyelinin oluşumui / Prof. Dr. Tamer DEMİRALP (Prof. Dr. Aytül UYAR),DOKU DİLİMİ / FİZYOLOJİ AD.,FAKÜLTEMİZ WEB SİTESİ ÖĞRENCİ AĞI AMFİ PROGRAMINA BAKINIZ,,,,,,
Dönem 1,10 Nisan 2026 Cuma,09:20,10:00,8-Aksiyon Potansiyelinin Yayılımı ve Çeşitli Dokularda Aksiyom Potansiyelleri / Prof. Dr. Tamer DEMİRALP (Prof. Dr. Aytül UYAR),DOKU DİLİMİ / FİZYOLOJİ AD.,FAKÜLTEMİZ WEB SİTESİ ÖĞRENCİ AĞI AMFİ PROGRAMINA BAKINIZ,,,,,,
Dönem 1,10 Nisan 2026 Cuma,10:30,12:20,UYGULAMA,DOKU DİLİMİ ,FAKÜLTEMİZ WEB SİTESİ ÖĞRENCİ AĞI DÖNEM 1 UYGULAMA PROGRAMINA BAKINIZ,,,,,,
Dönem 1,10 Nisan 2026 Cuma,12:30,14:00,ÖĞLE ARASI,,,,,,,,
Dönem 1,10 Nisan 2026 Cuma,14:00,16:50,Anatomi Uygulama 11 / 21,HAREKET-1 DİLİMİ / ANATOMİ AD.,FAKÜLTEMİZ WEB SİTESİ ÖĞRENCİ AĞI DÖNEM 1 UYGULAMA PROGRAMINA BAKINIZ,,,,,,
Dönem 1,13 Nisan 2026 Pazartesi,09:00,16:30,TIBBA MERHABADAN DÖNEM II YE MERHABA / Dr. Öğr. Üyesi Hacer Ayşen YAVRU,ZORUNLU SEÇMELİ,FAKÜLTEMİZ WEB SİTESİ ÖĞRENCİ AĞI AMFİ PROGRAMINA BAKINIZ,,,,,,
Dönem 1,14 Nisan 2026 Salı,09:00,16:30,TIBBA MERHABADAN DÖNEM II YE MERHABA / Dr. Öğr. Üyesi Hacer Ayşen YAVRU,ZORUNLU SEÇMELİ,FAKÜLTEMİZ WEB SİTESİ ÖĞRENCİ AĞI AMFİ PROGRAMINA BAKINIZ,,,,,,
Dönem 1,15 Nisan 2026 Çarşamba,08:30,16:00,Akad-e Medikal Etkinliği,,,,,,,,
Dönem 1,15 Nisan 2026 Çarşamba,13:30,14:10,Seçmeli Dersler - 8,,FAKÜLTEMİZ WEB SİTESİ ÖĞRENCİ AĞI SEÇMELİ DERS AMFİ PROGRAMINA BAKINIZ,,,,,,
Dönem 1,15 Nisan 2026 Çarşamba,14:20,15:00,Seçmeli Dersler - 8,,FAKÜLTEMİZ WEB SİTESİ ÖĞRENCİ AĞI SEÇMELİ DERS AMFİ PROGRAMINA BAKINIZ,,,,,,
Dönem 1,15 Nisan 2026 Çarşamba,15:10,15:50,Seçmeli Dersler - 8,,FAKÜLTEMİZ WEB SİTESİ ÖĞRENCİ AĞI SEÇMELİ DERS AMFİ PROGRAMINA BAKINIZ,,,,,,
Dönem 1,16 Nisan 2026 Perşembe,09:00,16:30,TIBBA MERHABADAN DÖNEM II YE MERHABA / Dr. Öğr. Üyesi Hacer Ayşen YAVRU,ZORUNLU SEÇMELİ,FAKÜLTEMİZ WEB SİTESİ ÖĞRENCİ AĞI AMFİ PROGRAMINA BAKINIZ,,,,,,
Dönem 1,17 Nisan 2026 Cuma,09:00,16:30,TIBBA MERHABADAN DÖNEM II YE MERHABA / Dr. Öğr. Üyesi Hacer Ayşen YAVRU,ZORUNLU SEÇMELİ,FAKÜLTEMİZ WEB SİTESİ ÖĞRENCİ AĞI AMFİ PROGRAMINA BAKINIZ,,,,,,
Dönem 1,20 Nisan 2026 Pazartesi,08:30,10:20,UYGULAMA (PDÖ D3),DOKU DİLİMİ ,FAKÜLTEMİZ WEB SİTESİ ÖĞRENCİ AĞI DÖNEM 1 UYGULAMA PROGRAMINA BAKINIZ,,,,,,
Dönem 1,20 Nisan 2026 Pazartesi,08:30,09:10,1-Aile danışmanlığı / Doç.Dr.Abdurrahman Cahid ÖRENGÜL,HAYATIN EVRELERİ DİLİMİ / ÇOCUK VE ERGEN RUH SAĞLIĞI VE HASTALIKLARI AD.,FAKÜLTEMİZ WEB SİTESİ ÖĞRENCİ AĞI AMFİ PROGRAMINA BAKINIZ,,,,,,
Dönem 1,20 Nisan 2026 Pazartesi,09:20,10:00,2-Aile danışmanlığı / Doç.Dr.Abdurrahman Cahid ÖRENGÜL,HAYATIN EVRELERİ DİLİMİ / ÇOCUK VE ERGEN RUH SAĞLIĞI VE HASTALIKLARI AD.,FAKÜLTEMİZ WEB SİTESİ ÖĞRENCİ AĞI AMFİ PROGRAMINA BAKINIZ,,,,,,
Dönem 1,20 Nisan 2026 Pazartesi,10:30,12:20,UYGULAMA,DOKU DİLİMİ ,FAKÜLTEMİZ WEB SİTESİ ÖĞRENCİ AĞI DÖNEM 1 UYGULAMA PROGRAMINA BAKINIZ,,,,,,
Dönem 1,20 Nisan 2026 Pazartesi,12:30,13:30,ÖĞLE ARASI,,,,,,,,
Dönem 1,20 Nisan 2026 Pazartesi,13:30,14:10,7-Biyolojik Sistemlerde Kontrolün Temelleri - Sibernetik (Kontrol Teorisi) / Prof. Dr. Handan AKÇAKAYA (Prof. Dr. Işıl ALBENİZ),DOKU DİLİMİ / BİYOFİZİK AD.,FAKÜLTEMİZ WEB SİTESİ ÖĞRENCİ AĞI AMFİ PROGRAMINA BAKINIZ,,,,,,
Dönem 1,20 Nisan 2026 Pazartesi,14:20,15:00,8-Bilgi Kuramı - Canlı Sistemlerde Bilgi İçeriği ve Bilgi İletimi / Prof. Dr. Handan AKÇAKAYA (Prof. Dr. Işıl ALBENİZ),DOKU DİLİMİ / BİYOFİZİK AD.,FAKÜLTEMİZ WEB SİTESİ ÖĞRENCİ AĞI AMFİ PROGRAMINA BAKINIZ,,,,,,
Dönem 1,20 Nisan 2026 Pazartesi,15:10,16:10,10-İLETİŞİM BECERİLERİ 2 (Film 5‘in İzlenmesi) /  Doç. Dr. Ayşe Nilüfer ALÇALAR(Dr. Öğr. Üyesi Irmak Polat  ),DİKEY KORİDOR DİLİMİ / RUH SAĞLIĞI VE HASTALIKLARI AD.,FAKÜLTEMİZ WEB SİTESİ ÖĞRENCİ AĞI AMFİ PROGRAMINA BAKINIZ,,,,,,
Dönem 1,20 Nisan 2026 Pazartesi,16:20,17:20,11-İLETİŞİM BECERİLERİ 2 (Film 5‘in tartışılması) / Doç. Dr. Ayşe Nilüfer ALÇALAR  (Dr. Öğr. Üyesi Irmak Polat),DİKEY KORİDOR DİLİMİ / RUH SAĞLIĞI VE HASTALIKLARI AD.,FAKÜLTEMİZ WEB SİTESİ ÖĞRENCİ AĞI AMFİ PROGRAMINA BAKINIZ,,,,,,
Dönem 1,21 Nisan 2026 Salı,08:30,09:10,SERBEST ÇALIŞMA,,,,,,,,
Dönem 1,21 Nisan 2026 Salı,09:30,11:20,UYGULAMA( B grubu Enjeksiyon),DİKEY KORİDOR DİLİMİ,,,,,,,
Dönem 1,21 Nisan 2026 Salı,12:00,13:00,UZAKTAN EĞİTİM DERSLERİ DİLİM SINAVLARI,ATATÜRK İLKELERİ VE İNKLAP TARİHİ-II + TÜRK DİLİ-II + YABANCI UYRUKLULAR İÇİN ATATÜRK İLKELERİ VE İNKLAP TARİHİ-II + TÜRK DİLİ-II ,FAKÜLTEMİZ WEB SİTESİ ÖĞRENCİ AĞI AMFİ PROGRAMINA BAKINIZ,,,,,,
Dönem 1,21 Nisan 2026 Salı,13:30,14:30,UZAKTAN EĞİTİM DERSLERİ DİLİM SINAVI,YABANCI DİL II,FAKÜLTEMİZ WEB SİTESİ ÖĞRENCİ AĞI AMFİ PROGRAMINA BAKINIZ,,,,,,
Dönem 1,21 Nisan 2026 Salı,14:45,15:10,KARİYER PLANLAMA  VİZE SINAVI,,,,,,,,
Dönem 1,22 Nisan 2026 Çarşamba,08:30,10:20,UYGULAMA (PDÖ D3),DOKU DİLİMİ ,FAKÜLTEMİZ WEB SİTESİ ÖĞRENCİ AĞI DÖNEM 1 UYGULAMA PROGRAMINA BAKINIZ,,,,,,
Dönem 1,22 Nisan 2026 Çarşamba,08:30,09:10,1-Embriyolojik dönem I-II (ilk 1 ay) / Dr. Öğr. Üyesi Tuğba EKİZ YILMAZ (Doç. Dr. Elif KERVANCIOĞLU DEMİRCİ),HAYATIN EVRELERİ DİLİMİ / HİSTOLOJİ VE EMBRİYOLOJİ AD.,FAKÜLTEMİZ WEB SİTESİ ÖĞRENCİ AĞI AMFİ PROGRAMINA BAKINIZ,,,,,,
Dönem 1,22 Nisan 2026 Çarşamba,09:20,10:00,2-Fetal dönem / Dr. Öğr. Üyesi Tuğba EKİZ YILMAZ (Doç. Dr. Elif KERVANCIOĞLU DEMİRCİ),HAYATIN EVRELERİ DİLİMİ / HİSTOLOJİ VE EMBRİYOLOJİ AD.,FAKÜLTEMİZ WEB SİTESİ ÖĞRENCİ AĞI AMFİ PROGRAMINA BAKINIZ,,,,,,
Dönem 1,22 Nisan 2026 Çarşamba,10:30,12:20,UYGULAMA,DOKU DİLİMİ ,FAKÜLTEMİZ WEB SİTESİ ÖĞRENCİ AĞI DÖNEM 1 UYGULAMA PROGRAMINA BAKINIZ,,,,,,
Dönem 1,22 Nisan 2026 Çarşamba,12:30,13:30,ÖĞLE ARASI,,,,,,,,
Dönem 1,22 Nisan 2026 Çarşamba,13:30,14:10,Seçmeli Dersler - 9,,FAKÜLTEMİZ WEB SİTESİ ÖĞRENCİ AĞI SEÇMELİ DERS AMFİ PROGRAMINA BAKINIZ,,,,,,
Dönem 1,22 Nisan 2026 Çarşamba,14:20,15:00,Seçmeli Dersler - 9,,FAKÜLTEMİZ WEB SİTESİ ÖĞRENCİ AĞI SEÇMELİ DERS AMFİ PROGRAMINA BAKINIZ,,,,,,
Dönem 1,22 Nisan 2026 Çarşamba,15:10,15:50,Seçmeli Dersler - 9,,FAKÜLTEMİZ WEB SİTESİ ÖĞRENCİ AĞI SEÇMELİ DERS AMFİ PROGRAMINA BAKINIZ,,,,,,
Dönem 1,23 Nisan 2026 Perşembe,,,ULUSAL EGEMENLİK VE ÇOCUK BAYRAMI,,,,,,,,
Dönem 1,24 Nisan 2026 Cuma,08:30,09:10,9-Periferik Sinir Fizyolojisi/ Prof. Dr. Tamer DEMİRALP (Prof. Dr. Aytül UYAR),DOKU DİLİMİ / FİZYOLOJİ AD.,FAKÜLTEMİZ WEB SİTESİ ÖĞRENCİ AĞI AMFİ PROGRAMINA BAKINIZ,,,,,,
Dönem 1,24 Nisan 2026 Cuma,09:20,10:00,10-Sinaptik İleti/ Prof. Dr. Tamer DEMİRALP (Prof. Dr. Aytül UYAR),DOKU DİLİMİ / FİZYOLOJİ AD.,FAKÜLTEMİZ WEB SİTESİ ÖĞRENCİ AĞI AMFİ PROGRAMINA BAKINIZ,,,,,,
Dönem 1,24 Nisan 2026 Cuma,10:30,12:20,UYGULAMA,DOKU DİLİMİ ,FAKÜLTEMİZ WEB SİTESİ ÖĞRENCİ AĞI DÖNEM 1 UYGULAMA PROGRAMINA BAKINIZ,,,,,,
Dönem 1,24 Nisan 2026 Cuma,12:30,14.00,ÖĞLE ARASI,,,,,,,,
Dönem 1,24 Nisan 2026 Cuma,14:00,16:50,Anatomi Uygulama 12 / 21,HAREKET-1 DİLİMİ / ANATOMİ AD.,FAKÜLTEMİZ WEB SİTESİ ÖĞRENCİ AĞI DÖNEM 1 UYGULAMA PROGRAMINA BAKINIZ,,,,,,
Dönem 1,27 Nisan 2026 Pazartesi,08:30,09:10,9-Reseptörlerde Çevirim (Transdüksiyon) ve Psikofizik / Prof. Dr. Handan AKÇAKAYA (Prof. Dr. Işıl ALBENİZ),DOKU DİLİMİ / BİYOFİZİK AD.,FAKÜLTEMİZ WEB SİTESİ ÖĞRENCİ AĞI AMFİ PROGRAMINA BAKINIZ,,,,,,
Dönem 1,27 Nisan 2026 Pazartesi,09:20,10:00,10-Dokularda biyoelektrik potansiyeller / Prof. Dr. Leman YALÇINTEPE GÜNEŞTUTAR,DOKU DİLİMİ / BİYOFİZİK AD.,FAKÜLTEMİZ WEB SİTESİ ÖĞRENCİ AĞI AMFİ PROGRAMINA BAKINIZ,,,,,,
Dönem 1,27 Nisan 2026 Pazartesi,10:30,12:20,UYGULAMA,DOKU DİLİMİ ,FAKÜLTEMİZ WEB SİTESİ ÖĞRENCİ AĞI DÖNEM 1 UYGULAMA PROGRAMINA BAKINIZ,,,,,,
Dönem 1,27 Nisan 2026 Pazartesi,12:30,13:30,ÖĞLE ARASI,,,,,,,,
Dönem 1,27 Nisan 2026 Pazartesi,13:00,15:00,UYGULAMA PDÖ F4,DOKU DİLİMİ ,FAKÜLTEMİZ WEB SİTESİ ÖĞRENCİ AĞI DÖNEM 1 UYGULAMA PROGRAMINA BAKINIZ,,,,,,
Dönem 1,27 Nisan 2026 Pazartesi,13:30,14:10,1-Normal yenidoğanın özellikleri ve gereksinimleri / Doç. Dr. Beril ÖZALP YAŞA (Prof.Dr. Leyla BİLGİN),HAYATIN EVRELERİ DİLİMİ / ÇOCUK SAĞLIĞI VE HASTALIKLARI AD.,FAKÜLTEMİZ WEB SİTESİ ÖĞRENCİ AĞI AMFİ PROGRAMINA BAKINIZ,,,,,,
Dönem 1,27 Nisan 2026 Pazartesi,14:20,15:00,2-Emziklilik /Prof. Dr. Gonca KESKİNDEMİRCİ ( Prof. Dr. Ayşe KILIÇ ),HAYATIN EVRELERİ DİLİMİ / ÇOCUK SAĞLIĞI VE HASTALIKLARI AD.,FAKÜLTEMİZ WEB SİTESİ ÖĞRENCİ AĞI AMFİ PROGRAMINA BAKINIZ,,,,,,
Dönem 1,27 Nisan 2026 Pazartesi,15:10,16:10,12-İLETİŞİM BECERİLERİ 2 (Film 6'nın İzlenmesi) / Dr. Öğr. Üyesi Irmak Polat (Doç. Dr. Ayşe Nilüfer ALÇALAR),DİKEY KORİDOR DİLİMİ / RUH SAĞLIĞI VE HASTALIKLARI AD.,FAKÜLTEMİZ WEB SİTESİ ÖĞRENCİ AĞI AMFİ PROGRAMINA BAKINIZ,,,,,,
Dönem 1,27 Nisan 2026 Pazartesi,16:20,17:20,13-İLETİŞİM BECERİLERİ 2 (Film 6'nın tartışılması / Dr. Öğr. Üyesi Irmak Polat (Doç. Dr. Ayşe Nilüfer ALÇALAR),DİKEY KORİDOR DİLİMİ / RUH SAĞLIĞI VE HASTALIKLARI AD.,FAKÜLTEMİZ WEB SİTESİ ÖĞRENCİ AĞI AMFİ PROGRAMINA BAKINIZ,,,,,,
Dönem 1,28 Nisan 2026 Salı,08:30,09:10,11-Nörotransmiter ve nöromodulatörler / Prof. Dr. Tamer DEMİRALP (Prof. Dr. Aytül UYAR),DOKU DİLİMİ / FİZYOLOJİ AD.,FAKÜLTEMİZ WEB SİTESİ ÖĞRENCİ AĞI AMFİ PROGRAMINA BAKINIZ,,,,,,
Dönem 1,28 Nisan 2026 Salı,09:20,10:00,12-Sinaptikİletinin ÖzgünKarakteristikleri / Prof. Dr. Tamer DEMİRALP (Prof. Dr. Aytül UYAR),DOKU DİLİMİ / FİZYOLOJİ AD.,FAKÜLTEMİZ WEB SİTESİ ÖĞRENCİ AĞI AMFİ PROGRAMINA BAKINIZ,,,,,,
Dönem 1,28 Nisan 2026 Salı,10:30,12:20,UYGULAMA,DOKU DİLİMİ ,FAKÜLTEMİZ WEB SİTESİ ÖĞRENCİ AĞI DÖNEM 1 UYGULAMA PROGRAMINA BAKINIZ,,,,,,
Dönem 1,28 Nisan 2026 Salı,12:30,13:30,ÖĞLE ARASI,,,,,,,,
Dönem 1,28 Nisan 2026 Salı,13:30,15:20,UYGULAMA (PDÖ H3),DOKU DİLİMİ ,FAKÜLTEMİZ WEB SİTESİ ÖĞRENCİ AĞI DÖNEM 1 UYGULAMA PROGRAMINA BAKINIZ,,,,,,
Dönem 1,28 Nisan 2026 Salı,14:20,15:00,3-Gelişim genetiği / Prof. Dr. Sacide PEHLİVAN ( Prof.Dr. Fatma OĞUZ),HAYATIN EVRELERİ DİLİMİ / TIBBİ BİYOLOJİ AD.,FAKÜLTEMİZ WEB SİTESİ ÖĞRENCİ AĞI AMFİ PROGRAMINA BAKINIZ,,,,,,
Dönem 1,28 Nisan 2026 Salı,15:10,15:50,SERBEST ÇALIŞMA,,,,,,,,
Dönem 1,28 Nisan 2026 Salı,16:00,16:40,1-Yaşamda çevrenin önemi / Prof. Dr. Mine KARAGÜLLE,HAYATIN EVRELERİ DİLİMİ / TIBBİ EKOLOJİ VE HİDROKLİMATOLOJİ,FAKÜLTEMİZ WEB SİTESİ ÖĞRENCİ AĞI AMFİ PROGRAMINA BAKINIZ,,,,,,
Dönem 1,29 Nisan 2026 Çarşamba,08:30,09:10,1-Molekülden hücreye geçiş (Canlılık Kavramı - Çekirdekli (ökaryot) hücre ve genomu) / Prof. Dr. Işıl ALBENİZ,HAYATIN EVRELERİ DİLİMİ / BİYOFİZİK AD.,FAKÜLTEMİZ WEB SİTESİ ÖĞRENCİ AĞI AMFİ PROGRAMINA BAKINIZ,,,,,,
Dönem 1,29 Nisan 2026 Çarşamba,09:20,10:00,2-Hücreden yüksek canlılara geçiş (Embriyonik gelişmenin molekülsel mekanizmaları) - Homeogenler ve gelişmedeki rolleri / Prof. Dr. Işıl ALBENİZ,HAYATIN EVRELERİ DİLİMİ / BİYOFİZİK AD.,FAKÜLTEMİZ WEB SİTESİ ÖĞRENCİ AĞI AMFİ PROGRAMINA BAKINIZ,,,,,,
Dönem 1,29 Nisan 2026 Çarşamba,10:30,12:20,UYGULAMA,DOKU DİLİMİ ,FAKÜLTEMİZ WEB SİTESİ ÖĞRENCİ AĞI DÖNEM 1 UYGULAMA PROGRAMINA BAKINIZ,,,,,,
Dönem 1,29 Nisan 2026 Çarşamba,12:30,13:30,ÖĞLE ARASI,,,,,,,,
Dönem 1,29 Nisan 2026 Çarşamba,13:30,14:10,Seçmeli Dersler - 10,,FAKÜLTEMİZ WEB SİTESİ ÖĞRENCİ AĞI SEÇMELİ DERS AMFİ PROGRAMINA BAKINIZ,,,,,,
Dönem 1,29 Nisan 2026 Çarşamba,14:20,15:00,Seçmeli Dersler - 10,,FAKÜLTEMİZ WEB SİTESİ ÖĞRENCİ AĞI SEÇMELİ DERS AMFİ PROGRAMINA BAKINIZ,,,,,,
Dönem 1,29 Nisan 2026 Çarşamba,15:10,15:50,Seçmeli Dersler - 10,,FAKÜLTEMİZ WEB SİTESİ ÖĞRENCİ AĞI SEÇMELİ DERS AMFİ PROGRAMINA BAKINIZ,,,,,,
Dönem 1,30 Nisan 2026 Perşembe,08:30,10:20,UYGULAMA,DOKU DİLİMİ/DİKEY KORİDOR DİLİMİ,,,,,,,
Dönem 1,30 Nisan 2026 Perşembe,10:30,12.20,UYGULAMA,DOKU DİLİMİ ,,,,,,,
Dönem 1,30 Nisan 2026 Perşembe,12:30,13:30,ÖĞLE ARASI,,,,,,,,
Dönem 1,30 Nisan 2026 Perşembe,13:00,15:00,UYGULAMA PDÖ F4,DOKU DİLİMİ ,FAKÜLTEMİZ WEB SİTESİ ÖĞRENCİ AĞI DÖNEM 1 UYGULAMA PROGRAMINA BAKINIZ,,,,,,
Dönem 1,30 Nisan 2026 Perşembe,13:30,15:20,UYGULAMA (PDÖ H3),DOKU DİLİMİ ,FAKÜLTEMİZ WEB SİTESİ ÖĞRENCİ AĞI DÖNEM 1 UYGULAMA PROGRAMINA BAKINIZ,,,,,,
Dönem 1,30 Nisan 2026 Perşembe,13:30,14:10,1-Membran potansiyeli ve sinyal iletimi / Doç. Dr. Nermin Görkem ŞİRİN İNAN (Doç. Dr. Nermin Görkem ŞİRİN İNAN),DOKU DİLİMİ / NÖROLOJİ AD.,FAKÜLTEMİZ WEB SİTESİ ÖĞRENCİ AĞI AMFİ PROGRAMINA BAKINIZ,,,,,,
Dönem 1,30 Nisan 2026 Perşembe,14:30,16:20,UYGULAMA( A grubu Enjeksiyon),DİKEY KORİDOR DİLİMİ,,,,,,,
Dönem 1,1 Mayıs 2026 Cuma,,,İŞÇİ BAYRAMI,,,,,,,,
Dönem 1,4 Mayıs 2026 Pazartesi,08:30,10:20,UYGULAMA,HAYATIN EVRELERİ DİLİMİ,FAKÜLTEMİZ WEB SİTESİ ÖĞRENCİ AĞI DÖNEM 1 UYGULAMA PROGRAMINA BAKINIZ,,,,,,
Dönem 1,4 Mayıs 2026 Pazartesi,10:30,12:20,UYGULAMA,DOKU DİLİMİ ,FAKÜLTEMİZ WEB SİTESİ ÖĞRENCİ AĞI DÖNEM 1 UYGULAMA PROGRAMINA BAKINIZ,,,,,,
Dönem 1,4 Mayıs 2026 Pazartesi,12:30,13:30,ÖĞLE ARASI,,,,,,,,
Dönem 1,4 Mayıs 2026 Pazartesi,13:00,15:00,SERBEST ÇALIŞMA ( dönem2 sınav ),,,,,,,,
Dönem 1,4 Mayıs 2026 Pazartesi ,13:30,15:20,"PDÖ-A1,A2",,,,,,,,
Dönem 1,4 Mayıs 2026 Pazartesi,14:30,16:20,PDÖ -G4,,,,,,,,
Dönem 1,4 Mayıs 2026 Pazartesi,15:10,15:50,20-Kas genel bilgi / Dr. Öğr.Üyesi Osman COŞKUN (Doç. Dr. Özcan GAYRETLİ),HAREKET-1 DİLİMİ / ANATOMİ AD.,FAKÜLTEMİZ WEB SİTESİ ÖĞRENCİ AĞI AMFİ PROGRAMINA BAKINIZ,,,,,,
Dönem 1,4 Mayıs 2026 Pazartesi,16:00,16:40,23-Gövde Kasları I / Dr. Öğr.Üyesi Osman COŞKUN (Doç. Dr. Özcan GAYRETLİ),HAREKET-1 DİLİMİ / ANATOMİ AD.,FAKÜLTEMİZ WEB SİTESİ ÖĞRENCİ AĞI AMFİ PROGRAMINA BAKINIZ,,,,,,
Dönem 1,5 Mayıs 2026 Salı,08:30,09:10,SERBEST ÇALIŞMA,,,,,,,,
Dönem 1,5 Mayıs 2026 Salı,09:20,10:00,SERBEST ÇALIŞMA,,,,,,,,
Dönem 1,5 Mayıs 2026 Salı,10:30,12:20,UYGULAMA,DOKU DİLİMİ ,FAKÜLTEMİZ WEB SİTESİ ÖĞRENCİ AĞI DÖNEM 1 UYGULAMA PROGRAMINA BAKINIZ,,,,,,
Dönem 1,5 Mayıs 2026 Salı,12:30,13:30,ÖĞLE ARASI,,,,,,,,
Dönem 1,5 Mayıs 2026 Salı,13:30,16:20,Anatomi Uygulama 13 / 21,HAREKET-1 DİLİMİ / ANATOMİ AD.,FAKÜLTEMİZ WEB SİTESİ ÖĞRENCİ AĞI AMFİ PROGRAMINA BAKINIZ,,,,,,
Dönem 1,6 Mayıs 2026 Çarşamba,08:30,10:20,UYGULAMA,HAYATIN EVRELERİ DİLİMİ,FAKÜLTEMİZ WEB SİTESİ ÖĞRENCİ AĞI DÖNEM 1 UYGULAMA PROGRAMINA BAKINIZ,,,,,,
Dönem 1,6 Mayıs 2026 Çarşamba,11:00,11:40,SERBEST ÇALIŞMA,,,,,,,,
Dönem 1,6 Mayıs 2026 Çarşamba,11:50,12:30,SERBEST ÇALIŞMA,,,,,,,,
Dönem 1,6 Mayıs 2026 Çarşamba,12:30,13:30,ÖĞLE ARASI,,,,,,,,
Dönem 1,6 Mayıs 2026 Çarşamba,13:30,14:10,Seçmeli Dersler - 11,,FAKÜLTEMİZ WEB SİTESİ ÖĞRENCİ AĞI SEÇMELİ DERS AMFİ PROGRAMINA BAKINIZ,,,,,,
Dönem 1,6 Mayıs 2026 Çarşamba,14:20,15:00,Seçmeli Dersler - 11,,FAKÜLTEMİZ WEB SİTESİ ÖĞRENCİ AĞI SEÇMELİ DERS AMFİ PROGRAMINA BAKINIZ,,,,,,
Dönem 1,6 Mayıs 2026 Çarşamba,15:10,15:50,Seçmeli Dersler - 11,,FAKÜLTEMİZ WEB SİTESİ ÖĞRENCİ AĞI SEÇMELİ DERS AMFİ PROGRAMINA BAKINIZ,,,,,,
Dönem 1,7 Mayıs 2026 Perşembe,08:30,09:10,3-Süt çocuğunun özellikleri ve gereksinimleri / Prof. Dr.  Gonca KESKİNDEMİRCİ  (Prof. Dr. Ayşe KILIÇ ),HAYATIN EVRELERİ DİLİMİ / ÇOCUK SAĞLIĞI VE HASTALIKLARI AD.,FAKÜLTEMİZ WEB SİTESİ ÖĞRENCİ AĞI AMFİ PROGRAMINA BAKINIZ,,,,,,
Dönem 1,7 Mayıs 2026 Perşembe,09:20,10:00,SERBEST ÇALIŞMA,,,,,,,,
Dönem 1,7 Mayıs 2026 Perşembe,10:10,10:50,1-Sağlıklı beslenme / Prof.Dr. Bülent SAKA,HAYATIN EVRELERİ DİLİMİ / İÇ HASTALIKLARI AD.,FAKÜLTEMİZ WEB SİTESİ ÖĞRENCİ AĞI AMFİ PROGRAMINA BAKINIZ,,,,,,
Dönem 1,7 Mayıs 2026 Perşembe,11:00,11:40,2-Yaşlılıkta spor gereksinimi / Prof. Dr. Gökhan METİN (Prof. Dr. Bülent BAYRAKTAR),HAYATIN EVRELERİ DİLİMİ / SPOR HEKİMLİĞİ AD.,FAKÜLTEMİZ WEB SİTESİ ÖĞRENCİ AĞI AMFİ PROGRAMINA BAKINIZ,,,,,,
Dönem 1,7 Mayıs 2026 Perşembe,11.50,12:30,1-Genital sistem ve meme anatomisi /Prof.Dr. Ayşin KALE (Doç. Dr. Özcan GAYRETLİ),HAREKET-1 DİLİMİ / ANATOMİ AD.,FAKÜLTEMİZ WEB SİTESİ ÖĞRENCİ AĞI AMFİ PROGRAMINA BAKINIZ,,,,,,
Dönem 1,7 Mayıs 2026 Perşembe,12:30,13:30,ÖĞLE ARASI,,,,,,,,
Dönem 1,7 Mayıs 2026 Perşembe,13:30,16:20,Anatomi Uygulama 14 / 21,HAREKET-1 DİLİMİ / ANATOMİ AD.,FAKÜLTEMİZ WEB SİTESİ ÖĞRENCİ AĞI DÖNEM 1 UYGULAMA PROGRAMINA BAKINIZ,,,,,,
Dönem 1,8 Mayıs 2026 Cuma,08:30,09:10,1-Beden Florasının Gelişimi ve Sağlığa Etkileri / Prof. Dr. Yaşar NAKİPOĞLU (Doç. Dr. Deniz Bahar AKGÜN KARAPINAR),HAYATIN EVRELERİ DİLİMİ / TIBBİ MİKROBİYOLOJİ AD.,FAKÜLTEMİZ WEB SİTESİ ÖĞRENCİ AĞI AMFİ PROGRAMINA BAKINIZ,,,,,,
Dönem 1,8 Mayıs 2026 Cuma,09:20,10:00,SERBEST ÇALIŞMA,,,,,,,,
Dönem 1,8 Mayıs 2026 Cuma,10:10,10:50,SERBEST ÇALIŞMA,,,,,,,,
Dönem 1,8 Mayıs 2026 Cuma,11:00,11:40,1-Erişkin ruh sağlığı-1 / Doç. Dr. Ayşe Nilüfer ALÇALAR (Dr. Öğr. Üyesi Irmak POLAT),HAYATIN EVRELERİ DİLİMİ / RUH SAĞLIĞI VE HASTALIKLARI AD.,FAKÜLTEMİZ WEB SİTESİ ÖĞRENCİ AĞI AMFİ PROGRAMINA BAKINIZ,,,,,,
Dönem 1,8 Mayıs 2026 Cuma,11:50,12:30,2-Erişkin ruh sağlığı-2 / Doç. Dr. Ayşe Nilüfer ALÇALAR (Dr. Öğr. Üyesi Irmak POLAT),HAYATIN EVRELERİ DİLİMİ / RUH SAĞLIĞI VE HASTALIKLARI AD.,FAKÜLTEMİZ WEB SİTESİ ÖĞRENCİ AĞI AMFİ PROGRAMINA BAKINIZ,,,,,,
Dönem 1,8 Mayıs 2026 Cuma,12:40,13:20,1-Üroloji ve hayatın evreleri / Prof.Dr. Ateş KADIOĞLU (Doç. Dr. Murat DURSUN),HAYATIN EVRELERİ DİLİMİ / ÜROLOJİ AD.,FAKÜLTEMİZ WEB SİTESİ ÖĞRENCİ AĞI AMFİ PROGRAMINA BAKINIZ,,,,,,
Dönem 1,8 Mayıs 2026 Cuma,12:30,14:00,ÖĞLE ARASI,,,,,,,,
Dönem 1,8 Mayıs 2026 Cuma,14:00,14:40,SERBEST ÇALIŞMA,,,,,,,,
Dönem 1,8 Mayıs 2026 Cuma,15:00,16:00,BAHAR DÖNEMİ DÖNEM DEĞERLİNDİRME TOPLANMASI (İngilizce Tıp ile ortak ders),,FAKÜLTEMİZ WEB SİTESİ ÖĞRENCİ AĞI AMFİ PROGRAMINA BAKINIZ,,,,,,
Dönem 1,8 Mayıs 2026 Cuma,16:00,16:40,4-Genetik danışmanlık / Prof. Dr. Çiğdem KEKİK ÇINAR ( Prof.Dr. Fatma OĞUZ),HAYATIN EVRELERİ DİLİMİ / TIBBİ BİYOLOJİ AD.,FAKÜLTEMİZ WEB SİTESİ ÖĞRENCİ AĞI AMFİ PROGRAMINA BAKINIZ,,,,,,
Dönem 1,11 Mayıs 2026 Pazartesi,08:30,09:10,3-Hücre yaşlanması ve telomeraz arasındaki ilişki - Apoptozis ve ölüm / Prof. Dr. Işıl ALBENİZ,HAYATIN EVRELERİ DİLİMİ / BİYOFİZİK AD.,FAKÜLTEMİZ WEB SİTESİ ÖĞRENCİ AĞI AMFİ PROGRAMINA BAKINIZ,,,,,,
Dönem 1,11 Mayıs 2026 Pazartesi,09:20,12:30,SERBEST ÇALIŞMA,,,,,,,,
Dönem 1,11 Mayıs 2026 Pazartesi,12:30,13:30,ÖĞLE ARASI,,,,,,,,
Dönem 1,11 Mayıs 2026 Pazartesi,13:30,15:20,ENTEGRE OTURUM - Çevrenin Bütünselliği İçinde İnsan / Prof. Dr. Arif DÖNMEZ/Prof. Dr. Işıl ALBENİZ / Prof. Dr. Dilek ŞATANA (İngilizce Tıp ile ortak ders),DOKU DİLİMİ / TIBBİ EKOLOJİ AD. - BİYOFİZİK AD. - TIBBİ MİKROBİYOLOJİ AD.,FAKÜLTEMİZ WEB SİTESİ ÖĞRENCİ AĞI AMFİ PROGRAMINA BAKINIZ,,,,,,
Dönem 1,11 Mayıs 2026 Pazartesi,15:30,16:10,Ek Ders (Prof. Dr. Ayşin KALE ) Türkçe ve İngilizce Ortak,HAYATIN EVRELERİ DİLİMİ / ANATOMİ AD.,FAKÜLTEMİZ WEB SİTESİ ÖĞRENCİ AĞI AMFİ PROGRAMINA BAKINIZ,,,,,,
Dönem 1,11 Mayıs 2026 Pazartesi,16:20,17:30,SERBEST ÇALIŞMA,,,,,,,,
Dönem 1,12 Mayıs 2026 Salı,08:30,10:20,UYGULAMA,HAYATIN EVRELERİ DİLİMİ,FAKÜLTEMİZ WEB SİTESİ ÖĞRENCİ AĞI DÖNEM 1 UYGULAMA PROGRAMINA BAKINIZ,,,,,,
Dönem 1,12 Mayıs 2026 Salı,11:00,11:40,24-Gövde Kasları II / Dr. Öğr.Üyesi Osman COŞKUN (Doç. Dr.  Özcan GAYRETLİ),HAREKET-1 DİLİMİ / ANATOMİ AD.,FAKÜLTEMİZ WEB SİTESİ ÖĞRENCİ AĞI AMFİ PROGRAMINA BAKINIZ,,,,,,
Dönem 1,12 Mayıs 2026 Salı,11:50,12:30,3-Toplum Sağlığı Açısından Yaşlanma / Prof. Dr. Ayşe Emel ÖNAL (Doç. Dr. M. Merve ÖREN ÇELİK),HAYATIN EVRELERİ DİLİMİ / HALK SAĞLIĞI AD.,FAKÜLTEMİZ WEB SİTESİ ÖĞRENCİ AĞI AMFİ PROGRAMINA BAKINIZ,,,,,,
Dönem 1,12 Mayıs 2026 Salı,12:30,13:30,ÖĞLE ARASI,,,,,,,,
Dönem 1,12 Mayıs 2026 Salı,13:30,16:20,Anatomi Uygulama 15 / 21,HAREKET-1 DİLİMİ / ANATOMİ AD.,FAKÜLTEMİZ WEB SİTESİ ÖĞRENCİ AĞI AMFİ PROGRAMINA BAKINIZ,,,,,,
Dönem 1,13 Mayıs 2026 Çarşamba,08:30,10:20,UYGULAMA,DOKU DİLİMİ ,FAKÜLTEMİZ WEB SİTESİ ÖĞRENCİ AĞI DÖNEM 1 UYGULAMA PROGRAMINA BAKINIZ,,,,,,
Dönem 1,13 Mayıs 2026 Çarşamba,11:00,11:40,3-Embriyotoksisite / Doç. Dr. Elif KERVANCIOĞLU DEMİRCİ (Dr. Öğr. Üyesi Tuğba EKİZ YILMAZ),HAYATIN EVRELERİ DİLİMİ / HİSTOLOJİ VE EMBRİYOLOJİ AD.,FAKÜLTEMİZ WEB SİTESİ ÖĞRENCİ AĞI AMFİ PROGRAMINA BAKINIZ,,,,,,
Dönem 1,13 Mayıs 2026 Çarşamba,11:50,12:30,4-Doğmalık Malformasyonlar / Doç. Dr. Elif KERVANCIOĞLU DEMİRCİ (Dr. Öğr. Üyesi Tuğba EKİZ YILMAZ),HAYATIN EVRELERİ DİLİMİ / HİSTOLOJİ VE EMBRİYOLOJİ AD.,FAKÜLTEMİZ WEB SİTESİ ÖĞRENCİ AĞI AMFİ PROGRAMINA BAKINIZ,,,,,,
Dönem 1,13 Mayıs 2026 Çarşamba,12:30,13:30,ÖĞLE ARASI,,,,,,,,
Dönem 1,13 Mayıs 2026 Çarşamba,13:30,14:10,Seçmeli Dersler - 12,,FAKÜLTEMİZ WEB SİTESİ ÖĞRENCİ AĞI SEÇMELİ DERS AMFİ PROGRAMINA BAKINIZ,,,,,,
Dönem 1,13 Mayıs 2026 Çarşamba,14:20,15:00,Seçmeli Dersler - 12,,FAKÜLTEMİZ WEB SİTESİ ÖĞRENCİ AĞI SEÇMELİ DERS AMFİ PROGRAMINA BAKINIZ,,,,,,
Dönem 1,13 Mayıs 2026 Çarşamba,15:10,15:50,Seçmeli Dersler - 12,,FAKÜLTEMİZ WEB SİTESİ ÖĞRENCİ AĞI SEÇMELİ DERS AMFİ PROGRAMINA BAKINIZ,,,,,,
Dönem 1,13 Mayıs 2026 Çarşamba,16.00,17:30,Telafi (Enjeksiyon),DİKEY KORİDOR 1,FAKÜLTEMİZ WEB SİTESİ ÖĞRENCİ AĞI AMFİ PROGRAMINA BAKINIZ,,,,,,
Dönem 1,14 Mayıs 2026 Perşembe,08:30,09:10,25-Baş-boyun Kasları I / Doç. Dr. Özcan GAYRETLİ (Dr. Öğr.Üyesi Osman COŞKUN),HAREKET-1 DİLİMİ / ANATOMİ AD.,FAKÜLTEMİZ WEB SİTESİ ÖĞRENCİ AĞI AMFİ PROGRAMINA BAKINIZ,,,,,,
Dönem 1,14 Mayıs 2026 Perşembe,09:20,10:00,26-Baş-boyun Kasları II / Doç. Dr. Özcan GAYRETLİ (Dr. Öğr.Üyesi Osman COŞKUN),HAREKET-1 DİLİMİ / ANATOMİ AD.,FAKÜLTEMİZ WEB SİTESİ ÖĞRENCİ AĞI AMFİ PROGRAMINA BAKINIZ,,,,,,
Dönem 1,14 Mayıs 2026 Perşembe,10:10,10:50,5-Olağan üstü durumlarda çocuk bakımı /Prof. Dr. Goca KESKİNDEMİRCİ (Dr. Öğr. Üyesi Melike Tuğrul AKSAKAL),HAYATIN EVRELERİ DİLİMİ / ÇOCUK SAĞLIĞI VE HASTALIKLARI AD.,FAKÜLTEMİZ WEB SİTESİ ÖĞRENCİ AĞI AMFİ PROGRAMINA BAKINIZ,,,,,,
Dönem 1,14 Mayıs 2026 Perşembe,11:00,11:40,4-Oyun ve okul çocuğu (1-10 yaş) özellikleri ve gereksinimleri / Prof. Dr. Ayşe KILIÇ (Prof. Dr. Gonca KESKİNDEMİRCİ),HAYATIN EVRELERİ DİLİMİ / ÇOCUK SAĞLIĞI VE HASTALIKLARI AD.,FAKÜLTEMİZ WEB SİTESİ ÖĞRENCİ AĞI AMFİ PROGRAMINA BAKINIZ,,,,,,
Dönem 1,14 Mayıs 2026 Perşembe,11:50,12:30,3-Anne Ruh Sağlığı / Doç. Dr. Dilek ANUK (Öğr.Üyesi Dr. Irmak POLAT),HAYATIN EVRELERİ DİLİMİ / RUH SAĞLIĞI VE HASTALIKLARI AD.,FAKÜLTEMİZ WEB SİTESİ ÖĞRENCİ AĞI AMFİ PROGRAMINA BAKINIZ,,,,,,
Dönem 1,14 Mayıs 2026 Perşembe,12:30,13:30,ÖĞLE ARASI,,,,,,,,
Dönem 1,14 Mayıs 2026 Perşembe,13:30,16:20,Anatomi Uygulama 16 / 21,HAREKET-1 DİLİMİ / ANATOMİ AD.,FAKÜLTEMİZ WEB SİTESİ ÖĞRENCİ AĞI DÖNEM 1 UYGULAMA PROGRAMINA BAKINIZ,,,,,,
Dönem 1,15 Mayıs 2026 Cuma,09:00,10:50,FİZYOLOJİ UYGULAMA (Amfide yapılacak İngilizce tıp ile ortak ders),DOKU DİLİMİ / FİZYOLOJİ AD.,FAKÜLTEMİZ WEB SİTESİ ÖĞRENCİ AĞI AMFİ PROGRAMINA BAKINIZ,,,,,,
Dönem 1,15 Mayıs 2026 Cuma,11:00,11:40,1-Sağlıklı cinsellik / Prof. Dr. Nuray ÖZGÜLNAR (Dr. Öğr. Üye. Emine Şeyma KARAKETİR),HAYATIN EVRELERİ DİLİMİ / HALK SAĞLIĞI AD.,FAKÜLTEMİZ WEB SİTESİ ÖĞRENCİ AĞI AMFİ PROGRAMINA BAKINIZ,,,,,,
Dönem 1,15 Mayıs 2026 Cuma,11:50,12:30,2-Doğurganlığın düzenlenmesi / Prof. Dr. Nuray ÖZGÜLNAR (Prof.Dr. Ayşe Emel ÖNAL),HAYATIN EVRELERİ DİLİMİ / HALK SAĞLIĞI AD.,FAKÜLTEMİZ WEB SİTESİ ÖĞRENCİ AĞI AMFİ PROGRAMINA BAKINIZ,,,,,,
Dönem 1,15 Mayıs 2026 Cuma,12:40,13:20,3- Üreme Sağlığı ve Kontrasepsiyon / Dr. Öğr. Üyesi İpek Merve EVRÜKE (Dr. Öğr. Üyesi İnci Sema TAŞ),HAYATIN EVRELERİ DİLİMİ / KADIN HASTALIKLARI VE DOĞUM AD.,FAKÜLTEMİZ WEB SİTESİ ÖĞRENCİ AĞI AMFİ PROGRAMINA BAKINIZ,,,,,,
Dönem 1,15 Mayıs 2026 Cuma,12:30,14:00,ÖĞLE ARASI,,,,,,,,
Dönem 1,15 Mayıs 2026 Cuma,14:00,14.40,1-Çocuk diş sağlığı-1 /Doç.Dr.Yeliz GÜVEN,HAYATIN EVRELERİ DİLİMİ / DİŞ HEKİMLİĞİ FAKÜLTESİ,FAKÜLTEMİZ WEB SİTESİ ÖĞRENCİ AĞI AMFİ PROGRAMINA BAKINIZ,,,,,,
Dönem 1,15 Mayıs 2026 Cuma,14:50,15:30,2-Çocuk diş sağlığı-2 / Doç.Dr.Yeliz GÜVEN,HAYATIN EVRELERİ DİLİMİ / DİŞ HEKİMLİĞİ FAKÜLTESİ,FAKÜLTEMİZ WEB SİTESİ ÖĞRENCİ AĞI AMFİ PROGRAMINA BAKINIZ,,,,,,
Dönem 1,15 Mayıs 2026 Cuma,15:40,16:20,SERBEST ÇALIŞMA,,,,,,,,
Dönem 1,18 Mayıs 2026 Pazartesi,08:30,09:10,4-Kalsiyum ve fosfor metabolizması / Dr.Öğr.Üyesi Fatma Hande KARPUZOĞLU,HAREKET-1 DİLİMİ / TIBBİ BİYOKİMYA AD.,FAKÜLTEMİZ WEB SİTESİ ÖĞRENCİ AĞI AMFİ PROGRAMINA BAKINIZ,,,,,,
Dönem 1,18 Mayıs 2026 Pazartesi,09:20,10:00,1-Çocukluk ve ergenlik döneminde spor ve hareket gereksinimleri / Prof. Dr. Bülent BAYRAKTAR (Prof. Dr. Gökhan METİN),HAYATIN EVRELERİ DİLİMİ / SPOR HEKİMLİĞİ AD.,FAKÜLTEMİZ WEB SİTESİ ÖĞRENCİ AĞI AMFİ PROGRAMINA BAKINIZ,,,,,,
Dönem 1,18 Mayıs 2026 Pazartesi,10:10,10:50,6-Ergenlik dönemi ve gereksinimleri / Prof. Dr. Firdevs BAŞ (Öğr.Gör.Dr.Melike Tuğrul AKSAKAL),HAYATIN EVRELERİ DİLİMİ / ÇOCUK SAĞLIĞI VE HASTALIKLARI AD.,FAKÜLTEMİZ WEB SİTESİ ÖĞRENCİ AĞI AMFİ PROGRAMINA BAKINIZ,,,,,,
Dönem 1,18 Mayıs 2026 Pazartesi,11:00,11:40,2-Sağlıklı yaşlanma-1 /Doç. Dr. Tuğba ERDOĞAN (Uzm. Dr. Serdar ÖZKÖK),HAYATIN EVRELERİ DİLİMİ / İÇ HASTALIKLARI AD.,FAKÜLTEMİZ WEB SİTESİ ÖĞRENCİ AĞI AMFİ PROGRAMINA BAKINIZ,,,,,,
Dönem 1,18 Mayıs 2026 Pazartesi,11:50,12:30,3-Sağlıklı yaşlanma-2 /Doç. Dr. Tuğba ERDOĞAN  (Uzm. Dr. Serdar ÖZKÖK),HAYATIN EVRELERİ DİLİMİ / İÇ HASTALIKLARI AD.,FAKÜLTEMİZ WEB SİTESİ ÖĞRENCİ AĞI AMFİ PROGRAMINA BAKINIZ,,,,,,
Dönem 1,18 Mayıs 2026 Pazartesi,12:30,13:30,ÖĞLE ARASI,,,,,,,,
Dönem 1,18 Mayıs 2026 Pazartesi,13:30,15:20,SERBEST ÇALIŞMA,,,,,,,,
Dönem 1,18 Mayıs 2026 Pazartesi,15.00,16:50,SERBEST ÇALIŞMA,,,,,,,,
Dönem 1,19 Mayıs 2026 Salı,,,"ATATÜRK'Ü ANMA, GENÇLİK VE SPOR BAYRAMI",,,,,,,,
Dönem 1,20 Mayıs 2026 Çarşamba,08:30,09:10,SERBEST ÇALIŞMA,,,,,,,,
Dönem 1,20 Mayıs 2026 Çarşamba,09:20,10:00,SERBEST ÇALIŞMA,,,,,,,,
Dönem 1,20 Mayıs 2026 Çarşamba,10:00,12:00,DİLİM SINAVI,DOKU + HAYATIN EVRELERİ + DİKEY KORİDOR ((İLETİŞİM II - TIP TARİHİ),FAKÜLTEMİZ WEB SİTESİ ÖĞRENCİ AĞI AMFİ PROGRAMINA BAKINIZ,,,,,,
Dönem 1,20 Mayıs 2026 Çarşamba,13:30,15:20,Telafi (PDÖ),,,,,,,,
Dönem 1,20 Mayıs 2026 Çarşamba,15:30,16:10,SERBEST ÇALIŞMA,,,,,,,,
Dönem 1,21 Mayıs 2026 Perşembe,09:00,09:30,1-Kas fizyolojisi - kasların sınıflandırılması - kas liflerinin yapısı / Prof. Dr. Tamer DEMİRALP (Prof. Dr. Aytül UYAR ) -( İngilizce Tıp ile ortak),HAREKET-1 DİLİMİ / FİZYOLOJİ AD.,FAKÜLTEMİZ WEB SİTESİ ÖĞRENCİ AĞI AMFİ PROGRAMINA BAKINIZ,,,,,,
Dönem 1,21 Mayıs 2026 Perşembe,09:40,10:20,2- İskelet kasında kasılmanın moleküler mekanizması / Prof. Dr. Tamer DEMİRALP (Prof. Dr. Aytül UYAR) - (İngilizce Tıp ile ortak),HAREKET-1 DİLİMİ / FİZYOLOJİ AD.,FAKÜLTEMİZ WEB SİTESİ ÖĞRENCİ AĞI AMFİ PROGRAMINA BAKINIZ,,,,,,
Dönem 1,21 Mayıs 2026 Perşembe,10:30,12:20,FİZYOLOJİ UYGULAMA (Amfide yapılacak İngilizce Tıp ile ortak ders),HAREKET-1 DİLİMİ,FAKÜLTEMİZ WEB SİTESİ ÖĞRENCİ AĞI AMFİ PROGRAMINA BAKINIZ,,,,,,
Dönem 1,21 Mayıs 2026 Perşembe,12:30,13:30,ÖĞLE ARASI,,,,,,,,
Dönem 1,21 Mayıs 2026 Perşembe,13:30,16:20,Anatomi Uygulama 17/ 21,HAREKET-1 DİLİMİ / ANATOMİ AD.,FAKÜLTEMİZ WEB SİTESİ ÖĞRENCİ AĞI DÖNEM 1 UYGULAMA PROGRAMINA BAKINIZ,,,,,,
Dönem 1,22 Mayıs 2026 Cuma,08:30,09:10,27-Omuz ve Kol Kasları  / Doç. Dr. Özcan GAYRETLİ (Dr. Öğr.Üyesi Osman COŞKUN),HAREKET-1 DİLİMİ / ANATOMİ AD.,FAKÜLTEMİZ WEB SİTESİ ÖĞRENCİ AĞI AMFİ PROGRAMINA BAKINIZ,,,,,,
Dönem 1,22 Mayıs 2026 Cuma,09:20,10:00,28-Önkol ve El Kasları  / Doç. Dr. Özcan GAYRETLİ (Dr. Öğr.Üyesi Osman COŞKUN),HAREKET-1 DİLİMİ / ANATOMİ AD.,FAKÜLTEMİZ WEB SİTESİ ÖĞRENCİ AĞI AMFİ PROGRAMINA BAKINIZ,,,,,,
Dönem 1,22 Mayıs 2026 Cuma,10:10,10:50,1-Bağ dokusu biyokimyası / Doç. Dr. Ayşe Gül SÜNDÜS TELCİ (Doç. Dr. İlknur BİNGÜL),HAREKET-1 DİLİMİ / TIBBİ BİYOKİMYA AD.,FAKÜLTEMİZ WEB SİTESİ ÖĞRENCİ AĞI AMFİ PROGRAMINA BAKINIZ,,,,,,
Dönem 1,22 Mayıs 2026 Cuma,11:00,11:40,2-Kemik dokusu / Doç. Dr. Ayşe Gül SÜNDÜS TELCİ(Doç. Dr. İlknur BİNGÜL),HAREKET-1 DİLİMİ / TIBBİ BİYOKİMYA AD.,FAKÜLTEMİZ WEB SİTESİ ÖĞRENCİ AĞI AMFİ PROGRAMINA BAKINIZ,,,,,,
Dönem 1,22 Mayıs 2026 Cuma,11:50,12:30,,,,,,,,,
Dönem 1,22 Mayıs 2026 Cuma,12:30,14:00,ÖĞLE ARASI,,,,,,,,
Dönem 1,22 Mayıs 2026 Cuma,14:00,16:50,Anatomi Uygulama 18 / 21,HAREKET-1 DİLİMİ / ANATOMİ AD.,FAKÜLTEMİZ WEB SİTESİ ÖĞRENCİ AĞI DÖNEM 1 UYGULAMA PROGRAMINA BAKINIZ,,,,,,
Dönem 1,25 Mayıs 2026 Pazartesi,,,KURBAN BAYRAMI,,,,,,,,
Dönem 1,26 Mayıs 2026 Salı,,,KURBAN BAYRAMI,,,,,,,,
Dönem 1,27 Mayıs 2026 Çarşamba,,,KURBAN BAYRAMI,,,,,,,,
Dönem 1,28 Mayıs 2026 Perşembe,,,KURBAN BAYRAMI,,,,,,,,
Dönem 1,29 Mayıs 2026 Cuma,,,KURBAN BAYRAMI,,,,,,,,
Dönem 1,1 Haziran 2026 Pazartesi,08:30,09:10,1-Kıkırdak dokusu yapısı ve hücreleri / Prof. Dr. Sibel KÖKTÜRK (Doç. Dr. Elif KERVANCIOĞLU DEMİRCİ),HAREKET-1 DİLİMİ / HİSTOLOJİ VE EMBRİYOLOJİ AD.,FAKÜLTEMİZ WEB SİTESİ ÖĞRENCİ AĞI AMFİ PROGRAMINA BAKINIZ,,,,,,
Dönem 1,1 Haziran 2026 Pazartesi,09:20,10:00,1-Ortopedi ve travmatolojiye giriş / Dr. Öğrt. Üyesi Ömer AYIK (Dr.Öğrt.Üyesi Alper Ş. Kendirci),HAREKET-1 DİLİMİ / ORTOPEDİ VE TRAVMATOLOJİ AD.,FAKÜLTEMİZ WEB SİTESİ ÖĞRENCİ AĞI AMFİ PROGRAMINA BAKINIZ,,,,,,
Dönem 1,1 Haziran 2026 Pazartesi,10:10,10:50,2-Kas - İskelet sistemi çalışma prensipleri ve biyomekaniği / Prof. Dr. Cengiz ŞEN (Dr.Öğrt.Üyesi Mehmet Demirel),HAREKET-1 DİLİMİ / ORTOPEDİ VE TRAVMATOLOJİ AD.,FAKÜLTEMİZ WEB SİTESİ ÖĞRENCİ AĞI AMFİ PROGRAMINA BAKINIZ,,,,,,
Dönem 1,1 Haziran 2026 Pazartesi,11:00,11:40,3- İskelet kasında kasılmanın enerjetği/ Prof. Dr. Tamer DEMİRALP (Prof. Dr. Aytül UYAR),HAREKET-1 DİLİMİ / FİZYOLOJİ AD.,FAKÜLTEMİZ WEB SİTESİ ÖĞRENCİ AĞI AMFİ PROGRAMINA BAKINIZ,,,,,,
Dönem 1,1 Haziran 2026 Pazartesi,11:50,12:30,4-İskelet kasında kasılmanın mekaniği / Prof. Dr. Tamer DEMİRALP (Prof. Dr. Aytül UYAR),HAREKET-1 DİLİMİ / FİZYOLOJİ AD.,FAKÜLTEMİZ WEB SİTESİ ÖĞRENCİ AĞI AMFİ PROGRAMINA BAKINIZ,,,,,,
Dönem 1,1 Haziran 2026 Pazartesi,12:30,13:30,ÖĞLE ARASI,,,,,,,,
Dönem 1,1 Haziran 2026 Pazartesi,13:30,16:20,Anatomi Uygulama 19/ 21,HAREKET-1 DİLİMİ / ANATOMİ AD.,FAKÜLTEMİZ WEB SİTESİ ÖĞRENCİ AĞI DÖNEM 1 UYGULAMA PROGRAMINA BAKINIZ,,,,,,
Dönem 1,2 Haziran 2026 Salı,08:30,09:10,1-Biyomekaniğin tıptaki önemi - kemik şekillenmesi - mekanik özellikleri - eklemler / Prof. Dr. Leman YALÇINTEPE GÜNEŞTUTAR,HAREKET-1 DİLİMİ / BİYOFİZİK AD.,FAKÜLTEMİZ WEB SİTESİ ÖĞRENCİ AĞI AMFİ PROGRAMINA BAKINIZ,,,,,,
Dönem 1,2 Haziran 2026 Salı,09:20,10:00,2-Kasın mekanik özellikleri - Kasın mekanik gücü - çapraz köprü dinamiği ve Hill / Prof. Dr. Leman YALÇINTEPE GÜNEŞTUTAR,HAREKET-1 DİLİMİ / BİYOFİZİK AD.,FAKÜLTEMİZ WEB SİTESİ ÖĞRENCİ AĞI AMFİ PROGRAMINA BAKINIZ,,,,,,
Dönem 1,2 Haziran 2026 Salı,10:00,12:30,SERBEST ÇALIŞMA (Dönem3 Sınav),,,,,,,,
Dönem 1,2 Haziran 2026 Salı,10:00,12:30,Telafi (Enjeksiyon),DİKEY KORİDOR 1,FAKÜLTEMİZ WEB SİTESİ ÖĞRENCİ AĞI AMFİ PROGRAMINA BAKINIZ,,,,,,
Dönem 1,2 Haziran 2026 Salı,10:30,12:20,UYGULAMA,HAREKET-1 DİLİMİ / HİSTOLOJİ AD.,FAKÜLTEMİZ WEB SİTESİ ÖĞRENCİ AĞI DÖNEM 1 UYGULAMA PROGRAMINA BAKINIZ,,,,,,
Dönem 1,2 Haziran 2026 Salı,12:30,13:30,ÖĞLE ARASI,,,,,,,,
Dönem 1,2 Haziran 2026 Salı,13:30,16:20,Anatomi Uygulama 20 / 21,HAREKET-1 DİLİMİ / ANATOMİ AD.,FAKÜLTEMİZ WEB SİTESİ ÖĞRENCİ AĞI DÖNEM 1 UYGULAMA PROGRAMINA BAKINIZ,,,,,,
Dönem 1,3 Haziran 2026 Çarşamba,08:30,09:10,3-Kinematik - enerji - iş - güç - momentum ve enerji korunumu / Prof. Dr. Leman YALÇINTEPE GÜNEŞTUTAR,HAREKET-1 DİLİMİ / BİYOFİZİK AD.,FAKÜLTEMİZ WEB SİTESİ ÖĞRENCİ AĞI AMFİ PROGRAMINA BAKINIZ,,,,,,
Dönem 1,3 Haziran 2026 Çarşamba,09:20,10:00,4-İskelet kasının biyofiziksel işlevi - kayan filamentler modeli ile kasılma / Prof. Dr. Leman YALÇINTEPE GÜNEŞTUTAR,HAREKET-1 DİLİMİ / BİYOFİZİK AD.,FAKÜLTEMİZ WEB SİTESİ ÖĞRENCİ AĞI AMFİ PROGRAMINA BAKINIZ,,,,,,
Dönem 1,3 Haziran 2026 Çarşamba,10:30,12:20,UYGULAMA,HAREKET-1 DİLİMİ / HİSTOLOJİ AD.,FAKÜLTEMİZ WEB SİTESİ ÖĞRENCİ AĞI DÖNEM 1 UYGULAMA PROGRAMINA BAKINIZ,,,,,,
Dönem 1,3 Haziran 2026 Çarşamba,12:30,13:30,ÖĞLE ARASI,,,,,,,,
Dönem 1,3 Haziran 2026 Çarşamba,13:30,15:20,UYGULAMA+Telafi(Doku-Tıbbi Biyoloji),HAREKET-1 DİLİMİ / HİSTOLOJİ AD./DOKU DİLİMİ,,,,,,,
Dönem 1,3 Haziran 2026 Çarşamba,14:20,15:00,3-Kas biyokimyası / Doç. Dr. Ayşe Gül SÜNDÜS TELC İ(Doç. Dr. İlknur BİNGÜL),HAREKET-1 DİLİMİ / TIBBİ BİYOKİMYA AD.,FAKÜLTEMİZ WEB SİTESİ ÖĞRENCİ AĞI AMFİ PROGRAMINA BAKINIZ,,,,,,
Dönem 1,3 Haziran 2026 Çarşamba,15:10,15:50,1-Kas İskelet Ağrısı / Prof. Dr. Demirhan DIRAÇOĞLU (Dr.Öğr.Üyesi Fatma Merih AKPINAR),HAREKET-1 DİLİMİ / FİZİKSEL TIP VE REHABİLİTASYON AD.,FAKÜLTEMİZ WEB SİTESİ ÖĞRENCİ AĞI AMFİ PROGRAMINA BAKINIZ,,,,,,
Dönem 1,3 Haziran 2026 Çarşamba,15:30,17:00,Telafi (Enjeksiyon),DİKEY KORİDOR 1,,,,,,,
Dönem 1,4 Haziran 2026 Perşembe,08:30,09:10,5-Nöromusküler kavşak ve iskelet kasında uyarılma-kasılma eşleşmesi / Prof. Dr. Tamer DEMİRALP (Prof. Dr.Aytül UYAR),HAREKET-1 DİLİMİ / FİZYOLOJİ AD.,FAKÜLTEMİZ WEB SİTESİ ÖĞRENCİ AĞI AMFİ PROGRAMINA BAKINIZ,,,,,,
Dönem 1,4 Haziran 2026 Perşembe,09:20,10:00,6-Düz kasta kasılma mekanizması / Prof. Dr. Tamer DEMİRALP (Prof. Dr. Aytül UYAR),HAREKET-1 DİLİMİ / FİZYOLOJİ AD.,FAKÜLTEMİZ WEB SİTESİ ÖĞRENCİ AĞI AMFİ PROGRAMINA BAKINIZ,,,,,,
Dönem 1,4 Haziran 2026 Perşembe,10:30,12:20,UYGULAMA,HAREKET-1 DİLİMİ / HİSTOLOJİ AD.,FAKÜLTEMİZ WEB SİTESİ ÖĞRENCİ AĞI DÖNEM 1 UYGULAMA PROGRAMINA BAKINIZ,,,,,,
Dönem 1,4 Haziran 2026 Perşembe,12:30,13:30,ÖĞLE ARASI,,,,,,,,
Dönem 1,4 Haziran 2026 Perşembe,13:30,16:20,Anatomi Uygulama 21 / 21,HAREKET-1 DİLİMİ / ANATOMİ AD.,FAKÜLTEMİZ WEB SİTESİ ÖĞRENCİ AĞI DÖNEM 1 UYGULAMA PROGRAMINA BAKINIZ,,,,,,
Dönem 1,5 Haziran 2026 Cuma,08:30,09:10,3-Kemik ve yumuşak doku iyileşmesi / Doç. Dr. Yavuz SAĞLAM (Dr.Öğrt.Üyesi Serkan Bayram),HAREKET-1 DİLİMİ / ORTOPEDİ VE TRAVMATOLOJİ AD.,FAKÜLTEMİZ WEB SİTESİ ÖĞRENCİ AĞI AMFİ PROGRAMINA BAKINIZ,,,,,,
Dönem 1,5 Haziran 2026 Cuma,09:20,10:00,7-Düz kasta ve kalp kasının elektrofizyolojisi / Prof. Dr. Tamer DEMİRALP (Prof. Dr.Aytül UYAR),HAREKET-1 DİLİMİ / FİZYOLOJİ AD.,FAKÜLTEMİZ WEB SİTESİ ÖĞRENCİ AĞI AMFİ PROGRAMINA BAKINIZ,,,,,,
Dönem 1,5 Haziran 2026 Cuma,10:30,12:20,UYGULAMA,HAREKET-1 DİLİMİ / HİSTOLOJİ AD.,FAKÜLTEMİZ WEB SİTESİ ÖĞRENCİ AĞI DÖNEM 1 UYGULAMA PROGRAMINA BAKINIZ,,,,,,
Dönem 1,5 Haziran 2026 Cuma,12:30,14:00,ÖĞLE ARASI,,,,,,,,
Dönem 1,5 Haziran 2026 Cuma,14:00,14:40,2-Kıkırdak dokusu matriks ve tipleri / Prof. Dr. Sibel KÖKTÜRK (Doç. Dr. Elif KERVANCIOĞLU DEMİRCİ),HAREKET-1 DİLİMİ / HİSTOLOJİ VE EMBRİYOLOJİ AD.,FAKÜLTEMİZ WEB SİTESİ ÖĞRENCİ AĞI AMFİ PROGRAMINA BAKINIZ,,,,,,
Dönem 1,5 Haziran 2026 Cuma,14:50,15:30,3-Kemik dokusu yapısı ve tipleri / Prof. Dr. Sibel KÖKTÜRK (Doç. Dr. Elif KERVANCIOĞLU DEMİRCİ),HAREKET-1 DİLİMİ / HİSTOLOJİ VE EMBRİYOLOJİ AD.,FAKÜLTEMİZ WEB SİTESİ ÖĞRENCİ AĞI AMFİ PROGRAMINA BAKINIZ,,,,,,
Dönem 1,5 Haziran 2026 Cuma,15:40,16:20,1-Motor sistem / Doç. Dr. Tuncay GÜNDÜZ(Doç. Dr. Nermin Görkem ŞİRİN İNAN),HAREKET-1 DİLİMİ / NÖROLOJİ AD.,FAKÜLTEMİZ WEB SİTESİ ÖĞRENCİ AĞI AMFİ PROGRAMINA BAKINIZ,,,,,,
Dönem 1,8 Haziran 2026 Pazartesi,08:30,09:10,SERBEST ÇALIŞMA,,,,,,,,
Dönem 1,8 Haziran 2026 Pazartesi,09:20,10:00,SERBEST ÇALIŞMA,,,,,,,,
Dönem 1,8 Haziran 2026 Pazartesi,10:30,12:20,UYGULAMA,HAREKET-1 DİLİMİ / HİSTOLOJİ AD.,FAKÜLTEMİZ WEB SİTESİ ÖĞRENCİ AĞI DÖNEM 1 UYGULAMA PROGRAMINA BAKINIZ,,,,,,
Dönem 1,8 Haziran 2026 Pazartesi,12:30,13:30,ÖĞLE ARASI,,,,,,,,
Dönem 1,8 Haziran 2026 Pazartesi,13:30,15:20,UYGULAMA,,,,,,,,
Dönem 1,8 Haziran 2026 Pazartesi,15.30,16:10,4-Kemik dokusu gelişimi ve eklem dokusu / Prof. Dr. Sibel KÖKTÜRK (Doç. Dr. Elif KERVANCIOĞLU DEMİRCİ),HAREKET-1 DİLİMİ / HİSTOLOJİ VE EMBRİYOLOJİ AD.,FAKÜLTEMİZ WEB SİTESİ ÖĞRENCİ AĞI AMFİ PROGRAMINA BAKINIZ,,,,,,
Dönem 1,8 Haziran 2026 Pazartesi,16:20,17:00,5-İskelet sistemi gelişimi / Prof. Dr. Sibel KÖKTÜRK (Doç. Dr. Elif KERVANCIOĞLU DEMİRCİ),HAREKET-1 DİLİMİ / HİSTOLOJİ VE EMBRİYOLOJİ AD.,FAKÜLTEMİZ WEB SİTESİ ÖĞRENCİ AĞI AMFİ PROGRAMINA BAKINIZ,,,,,,
Dönem 1,9 Haziran 2026 Salı,08:30,12.30,SERBEST ÇALIŞMA,,,,,,,,
Dönem 1,9 Haziran 2026 Salı,12:30,13:30,ÖĞLE ARASI,,,,,,,,
Dönem 1,9 Haziran 2026 Salı,14:00,15:30,DİLİM SINAVI,HAREKET-1 DİLİMİ,FAKÜLTEMİZ WEB SİTESİ ÖĞRENCİ AĞI AMFİ PROGRAMINA BAKINIZ,,,,,,
Dönem 1,9 Haziran 2026 Salı,15:45,17:30,Telafi (Enjeksiyon+Dikiş Düğüm),DİKEY KORİDOR 1,,,,,,,
Dönem 1,10 Haziran 2026 Çarşamba,08:30,09:10,SERBEST ÇALIŞMA,,,,,,,,
Dönem 1,10 Haziran 2026 Çarşamba,09:20,10:00,SERBEST ÇALIŞMA,,,,,,,,
Dönem 1,10 Haziran 2026 Çarşamba,10:30,12:20,UYGULAMA,HAREKET-1 DİLİMİ / HİSTOLOJİ AD.,,,,,,,
Dönem 1,10 Haziran 2026 Çarşamba,12:45,13:10,KARİYER PLANLAMA FİNAL SINAVI,,FAKÜLTEMİZ WEB SİTESİ ÖĞRENCİ AĞI AMFİ PROGRAMINA BAKINIZ,,,,,,
Dönem 1,10 Haziran 2026 Çarşamba,13:30,14:10,SERBEST ÇALIŞMA,,,,,,,,
Dönem 1,10 Haziran 2026 Çarşamba,14:20,15:00,SERBEST ÇALIŞMA,,,,,,,,
Dönem 1,10 Haziran 2026 Çarşamba,15:10,15:50,SERBEST ÇALIŞMA,,,,,,,,
Dönem 1,11 Haziran 2026 Perşembe,08:30,16:20,SERBEST ÇALIŞMA,,,,,,,,
Dönem 1,12 Haziran 2026 Cuma,08:30,16:20,SERBEST ÇALIŞMA,,,,,,,,
Dönem 1,15 Haziran 2026 Pazartesi,10:00,12:00,BİYOFİZİK+TIBBİ BİYOLOJİ UYGULAMA SINAVI,DOKU,FAKÜLTEMİZ WEB SİTESİ ÖĞRENCİ AĞI AMFİ PROGRAMINA BAKINIZ,,,,,,
Dönem 2,15 Haziran 2026 Pazartesi,13:30,16:00,SERBEST ÇALIŞMA(Dönem 2 -Dönem Sınavı),,,,,,,,
Dönem 1,16 Haziran 2026 Salı,09:00,10:00,HİSTOLOJİ UYGULAMA SINAVI,DOKU + HAREKET-1 DİLİMİ,FAKÜLTEMİZ WEB SİTESİ ÖĞRENCİ AĞI AMFİ PROGRAMINA BAKINIZ,,,,,,
Dönem 1,16 Haziran 2026 Salı,13:30,14:30,FİZYOLOJİ UYGULAMA SINAVI,DOKU + HAREKET-1 DİLİMİ,FAKÜLTEMİZ WEB SİTESİ ÖĞRENCİ AĞI AMFİ PROGRAMINA BAKINIZ,,,,,,
Dönem 1,17 Haziran 2026 Çarşamba,08:00,16:00,ANATOMİ UYGULAMA SINAVI,HAREKET-1 DİLİMİ,FAKÜLTEMİZ WEB SİTESİ ÖĞRENCİ AĞI AMFİ PROGRAMINA BAKINIZ,,,,,,
Dönem 1,18 Haziran 2026 Perşembe,09:30,11:30,UZAKTAN EĞİTİM FİNAL SINAVLARI,ATATÜRK İLKELERİ VE İNKLAP TARİHİ-II + TÜRK DİLİ-II + YABANCI UYRUKLULAR İÇİN ATATÜRK İLKELERİ VE İNKLAP TARİHİ-II + TÜRK DİLİ-II + GÜZEL SANATLAR II,FAKÜLTEMİZ WEB SİTESİ ÖĞRENCİ AĞI AMFİ PROGRAMINA BAKINIZ,,,,,,
Dönem 1,18 Haziran 2026 Perşembe,11:30,12:30,UZAKTAN EĞİTİM FİNAL SINAVI,YABANCI DİL II,FAKÜLTEMİZ WEB SİTESİ ÖĞRENCİ AĞI AMFİ PROGRAMINA BAKINIZ,,,,,,
Dönem 1,19 Haziran 2026 Cuma,09:00,12:00,DÖNEM SINAVI,DOKU + HAYATIN EVRELERİ + HAREKET-1 DİLİMİ + DİKEY KORİDOR (İLETİŞİM II - TIP TARİHİ),FAKÜLTEMİZ WEB SİTESİ ÖĞRENCİ AĞI AMFİ PROGRAMINA BAKINIZ,,,,,,
Dönem 1,26 Haziran 2026 Cuma,10:00,12:00,UZAKTAN EĞİTİM BÜTÜNLEME SINAVI,TÜRK DİLİ-II  + YABANCI UYRUKLULAR İÇİN TÜRK DİLİ-II  + ATATÜRK İLKELERİ VE İNKLAP TARİHİ-II  + YABANCI UYRUKLULAR İÇİN ATATÜRK İLKELERİ VE İNKLAP TARİHİ-II + YABANCI DİL II + GÜZEL SANATLAR II,FAKÜLTEMİZ WEB SİTESİ ÖĞRENCİ AĞI AMFİ PROGRAMINA BAKINIZ,,,,,,
Dönem 1,29 Haziran 2026 Pazartesi,13:30,16:00,MİKROBİYOLOJİ UYGULAMA BÜTÜNLEME SINAVI,HÜCRE,FAKÜLTEMİZ WEB SİTESİ ÖĞRENCİ AĞI AMFİ PROGRAMINA BAKINIZ,,,,,,
Dönem 1,30 Haziran 2026 Salı,09:00,10:00,DÖNEM-1 TIBBA MERHABA (KIRIK ÇIKIKLARDA İLKYARDIM UYGULAMA  BÜTÜNLEME SINAVI,Ortopedi Ve Travmatoloji Anabilim Dalı - Ortopedi Dershanesi,FAKÜLTEMİZ WEB SİTESİ ÖĞRENCİ AĞI AMFİ PROGRAMINA BAKINIZ,,,,,,
Dönem 1,30 Haziran 2026 Salı,10:00,11:00,DÖNEM-1 TIBBA MERHABA (TEMEL YAŞAM DESTEĞİ UYGULAMA  BÜTÜNLEME SINAVI,Prof.Dr. Yavuz BOZFAKIOĞLU (Hulusi Behçet Kütüphanesi Giriş Kat),FAKÜLTEMİZ WEB SİTESİ ÖĞRENCİ AĞI AMFİ PROGRAMINA BAKINIZ,,,,,,
Dönem 1,30 Haziran 2026 Salı,11:00,12:00,DÖNEM-1 TIBBA MERHABA (MİKROSKOP KULLANMA BECERİ UYGULAMA  BÜTÜNLEME SINAVI,Tıbbbi Biyoloji AD Uygulama Salonu Temel Bilimler 1.kat ,FAKÜLTEMİZ WEB SİTESİ ÖĞRENCİ AĞI AMFİ PROGRAMINA BAKINIZ,,,,,,
Dönem 1,30 Haziran 2026 Salı,13:00,14:00,TIBBİ BİYOKİMYA UYGULAMA BÜTÜNLEME SINAVI,YAŞAMIN MOLEKÜLER TEMELLERİ + HÜCRE,FAKÜLTEMİZ WEB SİTESİ ÖĞRENCİ AĞI AMFİ PROGRAMINA BAKINIZ,,,,,,
Dönem 1,2 Temmuz 2026 Perşembe,13:30,16:00,BÜTÜNLEME SINAVI,TIBBA MERHABA+YAŞAMIN MOLEKÜLER TEMELLERİ + HÜCRE + DİKEY KORİDOR (İLETİŞİM I) ,FAKÜLTEMİZ WEB SİTESİ ÖĞRENCİ AĞI AMFİ PROGRAMINA BAKINIZ,,,,,,
Dönem 1,3 Temmuz 2026 Cuma,09:00,10:00,DÖNEM-1 TIBBA MERHABA (YARALI TAŞIMA TEKNİKLERİ UYGULAMA BÜTÜNLEME SINAVI,Prof.Dr. Yavuz BOZFAKIOĞLU (Hulusi Behçet Kütüphanesi Giriş Kat),FAKÜLTEMİZ WEB SİTESİ ÖĞRENCİ AĞI AMFİ PROGRAMINA BAKINIZ,,,,,,
Dönem 1,6 Temmuz 2026 Pazartesi,09:30,10:30,BİYOFİZİK UYGULAMA BÜTÜNLEME SINAVI,YAŞAMIN MOLEKÜLER TEMELLERİ + HÜCRE + DOKU,FAKÜLTEMİZ WEB SİTESİ ÖĞRENCİ AĞI AMFİ PROGRAMINA BAKINIZ,,,,,,
Dönem 1,6 Temmuz 2026 Pazartesi,14:00,15:00,TIBBİ BİYOLOJİ UYGULAMA BÜTÜNLEME SINAVI,YAŞAMIN MOLEKÜLER TEMELLERİ + HÜCRE + DOKU,FAKÜLTEMİZ WEB SİTESİ ÖĞRENCİ AĞI AMFİ PROGRAMINA BAKINIZ,,,,,,
Dönem 1,10 Temmuz 2026 Cuma,08:30,14:30,ANATOMİ UYGULAMA BÜTÜNLEME SINAVI,HAREKET-1 DİLİMİ,FAKÜLTEMİZ WEB SİTESİ ÖĞRENCİ AĞI AMFİ PROGRAMINA BAKINIZ,,,,,,
Dönem 1,10 Temmuz 2026 Cuma,15:00,16:30,FİZYOLOJİ UYGULAMA BÜTÜNLEME SINAVI,DOKU + HAREKET-1 DİLİMİ+YAŞAMIN MOLEKÜLER TEMELLERi,FAKÜLTEMİZ WEB SİTESİ ÖĞRENCİ AĞI AMFİ PROGRAMINA BAKINIZ,,,,,,
Dönem 1,13 Temmuz 2026 Pazartesi,10:00,13:00,BÜTÜNLEME SINAVI,DOKU + HAYATIN EVRELERİ + HAREKET + DİKEY KORİDOR  (İLETİŞİM 2 - TIP TARİHİ),FAKÜLTEMİZ WEB SİTESİ ÖĞRENCİ AĞI AMFİ PROGRAMINA BAKINIZ,,,,,,
Dönem 1,13 Temmuz 2026 Pazartesi,14:00,14:25,KARİYER PLANLAMA BÜTÜNLEME SINAVI,SEÇMELİ  DERS,FAKÜLTEMİZ WEB SİTESİ ÖĞRENCİ AĞI AMFİ PROGRAMINA BAKINIZ,,,,,,
Dönem 1,14 Temmuz 2026 Salı,09:00,10:00,HİSTOLOJİ UYGULAMA BÜTÜNLEME SINAVI,DOKU + HAREKET-1 DİLİMİ,FAKÜLTEMİZ WEB SİTESİ ÖĞRENCİ AĞI AMFİ PROGRAMINA BAKINIZ,,,,,,