Dönem,Start Date,Start Time,End Time,Subject,Description,Location,,,,,,,,,,,,,,,,,,,
Time Table 1,HER HAFTA PAZARTESİ,16:00,17:00,FINE ART / KAZIM ABDULLAEV ,,ONLİNE,,,,,,,,,,,,,,,,,,,
Time Table 1,HER HAFTA SALI,11:00,12:30,ATATURK'S PRINCIPLES AND HISTORY OF THE REVOLUTION I / AYDIN ÇAKMAK,,ONLİNE,,,,,,,,,,,,,,,,,,,
Time Table 1,HER HAFTA SALI,12:30,14:00,ATATURK'S PRINCIPLES AND HISTORY OF THE REVOLUTION FOR  FOREIGN STUDENTS/ AYDIN ÇAKMAK,,ONLİNE,,,,,,,,,,,,,,,,,,,
Time Table 1,HER HAFTA PERŞEMBE,17:00,18:00,TURKISH LANGUAGE I / AHMET PEKŞEN,,ONLİNE,,,,,,,,,,,,,,,,,,,
Time Table 1,HER HAFTA PEERŞEMBE,18:00,19:00,TURKISH LANGUAGE FOR FOREIGN STUDENTS I / AHMET PEKŞEN,,ONLİNE,,,,,,,,,,,,,,,,,,,
Time Table 1,29 Eylül 2025 Pazartesi,08:30,16:20,Opening Ceremony,,,,,,,,,,,,,,,,,,,,,
Time Table 1,30 Eylül 2025 Salı,08:30,16:20,Opening Ceremony,,,,,,,,,,,,,,,,,,,,,
Time Table 1,1 Ekim 2025 Çarşamba,08:30,09:10,'First lesson of Gazze '' -  Course orientation and Patch Adams discussion / Prof. Dr. Güler BAHADIR (İnglizce Tıp ile ortak),TIBBA MERHABA DİLİMİ / RUH SAĞLIĞI VE HASTALIKLARI AD.,FAKÜLTEMİZ WEB SİTESİ ÖĞRENCİ AĞI AMFİ PROGRAMINA BAKINIZ,,,,,,,,,,,,,,,,,,,
Time Table 1,1 Ekim 2025 Çarşamba,09:20,10:00,INTEGRATED SESSION-Introduction to the Course / Prof.Dr. İlhan İLKILIÇ / Dr. Öğr. Üyesi Hacer Ayşen YAVRU / Prof.Dr. Güler BAHADIR -Doç. Dr. A. Nilüfer ALÇALAR/ Prof.Dr. Selma KARABEY (Türkçe Tıp ile ortak ders),INTRODUCTION TO MEDICINE / TIP TARİHİ VE ETİK AD. - ANESTEZİYOLOJİ VE REANİMASYON AD. - RUH SAĞLIĞI VE HASTALIKLARI AD. - HALK SAĞLIĞI AD.,FAKÜLTEMİZ WEB SİTESİ ÖĞRENCİ AĞI AMFİ PROGRAMINA BAKINIZ,,,,,,,,,,,,,,,,,,,
Time Table 1,1 Ekim 2025 Çarşamba,10:10,10:50,INTEGRATED SESSION-To Explain what is the Introduction to Medicine - and First aid / Dr. Öğr. Üyesi Hacer Ayşen YAVRU  (Prof. Dr. Kemalettin KOLTKA) - Prof.Dr. İlhan İLKILIÇ (Türkçe Tıp ile ortak ders),INTRODUCTION TO MEDICIN / ANESTEZİYOLOJİ VE REANİMASYON AD. - TIP TARİHİ VE ETİK AD.,FAKÜLTEMİZ WEB SİTESİ ÖĞRENCİ AĞI AMFİ PROGRAMINA BAKINIZ,,,,,,,,,,,,,,,,,,,
Time Table 1,1 Ekim 2025 Çarşamba,11:00,11:40,1-Orientation to the course - Importance of Knowing Human Being in Medicine / Prof. Dr. Neşe DİREK (Dr. Öğr. Üyesi Ezgi İnce GULİYEV),INTRODUCTION TO MEDICINE / RUH SAĞLIĞI VE HASTALIKLARI AD.,FAKÜLTEMİZ WEB SİTESİ ÖĞRENCİ AĞI AMFİ PROGRAMINA BAKINIZ,,,,,,,,,,,,,,,,,,,
Time Table 1,1 Ekim 2025 Çarşamba,11:50,12:30,2-Humanistic Medicine /  Prof. Dr. Neşe DİREK (Dr. Öğr. Üyesi Ezgi İnce GULİYEV),INTRODUCTION TO MEDICINE / RUH SAĞLIĞI VE HASTALIKLARI AD.,FAKÜLTEMİZ WEB SİTESİ ÖĞRENCİ AĞI AMFİ PROGRAMINA BAKINIZ,,,,,,,,,,,,,,,,,,,
Time Table 1,1 Ekim 2025 Çarşamba,13:30,14:10,Elective Courses - 1,,FAKÜLTEMİZ WEB SİTESİ ÖĞRENCİ AĞI SEÇMELİ DERS AMFİ PROGRAMINA BAKINIZ,,,,,,,,,,,,,,,,,,,
Time Table 1,1 Ekim 2025 Çarşamba,14:20,15:00,Elective Courses - 1,,FAKÜLTEMİZ WEB SİTESİ ÖĞRENCİ AĞI SEÇMELİ DERS AMFİ PROGRAMINA BAKINIZ,,,,,,,,,,,,,,,,,,,
Time Table 1,1 Ekim 2025 Çarşamba,15:10,15:50,Elective Courses - 1,,FAKÜLTEMİZ WEB SİTESİ ÖĞRENCİ AĞI SEÇMELİ DERS AMFİ PROGRAMINA BAKINIZ,,,,,,,,,,,,,,,,,,,
Time Table 1,2 Ekim 2025 Perşembe,08:30,09:10,"1-What is Human, Life and Death? / Prof. Dr. İlhan İLKILIÇ (Prof. Dr. Fatma Arın NAMAL)",INTRODUCTION TO MEDICINE / TIP TARİHİ VE ETİK AD.,FAKÜLTEMİZ WEB SİTESİ ÖĞRENCİ AĞI AMFİ PROGRAMINA BAKINIZ,,,,,,,,,,,,,,,,,,,
Time Table 1,2 Ekim 2025 Perşembe,09:20,10:00,2-What is Health and Disease?  /Prof. Dr. İlhan İLKILIÇ (Prof. Dr. Fatma Arın NAMAL,INTRODUCTION TO MEDICINE / TIP TARİHİ VE ETİK AD.,FAKÜLTEMİZ WEB SİTESİ ÖĞRENCİ AĞI AMFİ PROGRAMINA BAKINIZ,,,,,,,,,,,,,,,,,,,
Time Table 1,2 Ekim 2025 Perşembe,10:10,10:50,1-Health From Past to Modern day / Prof.Dr. Selma KARABEY (Prof.Dr. Halim İŞSEVER),INTRODUCTION TO MEDICINE / HALK SAĞLIĞI AD.,FAKÜLTEMİZ WEB SİTESİ ÖĞRENCİ AĞI AMFİ PROGRAMINA BAKINIZ,,,,,,,,,,,,,,,,,,,
Time Table 1,2 Ekim 2025 Perşembe,11:00,11:40,2-Social Determinants of Health / Prof.Dr. Gülsüm Nurhan İNCE (Prof.Dr.Selma KARABEY),INTRODUCTION TO MEDICINE / HALK SAĞLIĞI AD.,FAKÜLTEMİZ WEB SİTESİ ÖĞRENCİ AĞI AMFİ PROGRAMINA BAKINIZ,,,,,,,,,,,,,,,,,,,
Time Table 1,2 Ekim 2025 Perşembe,11:50,12:30,FREE TIME,,,,,,,,,,,,,,,,,,,,,
Time Table 1,2 Ekim 2025 Perşembe,13:30,14:10,3-First aid in Bleeds and Burns / Prof.Dr. Mehmet İLHAN (Uzm.Dr. İbrahim Fethi AZAMAT),INTRODUCTION TO MEDICINE / GENEL CERRAHİ AD.,FAKÜLTEMİZ WEB SİTESİ ÖĞRENCİ AĞI AMFİ PROGRAMINA BAKINIZ,,,,,,,,,,,,,,,,,,,
Time Table 1,2 Ekim 2025 Perşembe,14:20,15:00,FREE TIME,,,,,,,,,,,,,,,,,,,,,
Time Table 1,2 Ekim 2025 Perşembe,15:10,15:50,1-Basic Life Support 1 / Dr.Öğr.Üyesi Hacer Ayşen YAVRU (Doç.Dr. Achmet ALİ),INTRODUCTION TO MEDICINE / ANESTEZİYOLOJİ VE REANİMASYON AD.,FAKÜLTEMİZ WEB SİTESİ ÖĞRENCİ AĞI AMFİ PROGRAMINA BAKINIZ,,,,,,,,,,,,,,,,,,,
Time Table 1,2 Ekim 2025 Perşembe,16:00,16:40,2-Basic Life Support 2 / Dr.Öğr.Üyesi Hacer Ayşen YAVRU (Doç.Dr. Achmet ALİ),INTRODUCTION TO MEDICINE / ANESTEZİYOLOJİ VE REANİMASYON AD.,FAKÜLTEMİZ WEB SİTESİ ÖĞRENCİ AĞI AMFİ PROGRAMINA BAKINIZ,,,,,,,,,,,,,,,,,,,
Time Table 1,3 Ekim 2025 Cuma,08:30,09:10,FREE TIME,,,,,,,,,,,,,,,,,,,,,
Time Table 1,3 Ekim 2025 Cuma,09:20,10:00,3-Medical Humanities /Prof. Dr. İlhan İLKILIÇ (Prof. Dr. Fatma Arın NAMAL),INTRODUCTION TO MEDICINE / TIP TARİHİ VE ETİK AD.,FAKÜLTEMİZ WEB SİTESİ ÖĞRENCİ AĞI AMFİ PROGRAMINA BAKINIZ,,,,,,,,,,,,,,,,,,,
Time Table 1,3 Ekim 2025 Cuma,10:10,10:50,4-Our Professional Values / Prof. Dr. İlhan İLKILIÇ (Prof. Dr. Fatma Arın NAMAL,INTRODUCTION TO MEDICINE / TIP TARİHİ VE ETİK AD.,FAKÜLTEMİZ WEB SİTESİ ÖĞRENCİ AĞI AMFİ PROGRAMINA BAKINIZ,,,,,,,,,,,,,,,,,,,
Time Table 1,3 Ekim 2025 Cuma,11:00,11:40,3-Approach to Health Based on Rights / Prof.Dr. Selma KARABEY (Prof.Dr. Gülsüm Nurhan İNCE),INTRODUCTION TO MEDICINE / HALK SAĞLIĞI AD.,FAKÜLTEMİZ WEB SİTESİ ÖĞRENCİ AĞI AMFİ PROGRAMINA BAKINIZ,,,,,,,,,,,,,,,,,,,
Time Table 1,3 Ekim 2025 Cuma,11:50,12:30,4- Health Promotion / Prof.Dr. Selma KARABEY (Prof.Dr. Ayşe Emel ÖNAL),INTRODUCTION TO MEDICINE / HALK SAĞLIĞI AD.,FAKÜLTEMİZ WEB SİTESİ ÖĞRENCİ AĞI AMFİ PROGRAMINA BAKINIZ,,,,,,,,,,,,,,,,,,,
Time Table 1,3 Ekim 2025 Cuma,14:00,14:40,"1-Sterilization, disinfection, antisepsis / Prof.Dr. Yaşar NAKİPOĞLU (Doç.Dr. Gonca ERKÖSE GENÇ)",INTRODUCTION TO MEDICINE / TIBBİ MİKROBİYOLOJİ AD.,FAKÜLTEMİZ WEB SİTESİ ÖĞRENCİ AĞI AMFİ PROGRAMINA BAKINIZ,,,,,,,,,,,,,,,,,,,
Time Table 1,3 Ekim 2025 Cuma,14:50,15:30,2-Introduction to Preventing Nosocomial Infections / Prof.Dr. Yaşar NAKİPOĞLU (Doç.Dr. Gonca ERKÖSE GENÇ),INTRODUCTION TO MEDICINE / TIBBİ MİKROBİYOLOJİ AD.,FAKÜLTEMİZ WEB SİTESİ ÖĞRENCİ AĞI AMFİ PROGRAMINA BAKINIZ,,,,,,,,,,,,,,,,,,,
Time Table 1,3 Ekim 2025 Cuma,15:40,16:20,5- Principles of Health Services and Health Policies / Prof.Dr. Gülsüm Nurhan İNCE (Prof. Dr. Selma KARABEY),INTRODUCTION TO MEDICINE / HALK SAĞLIĞI AD.,FAKÜLTEMİZ WEB SİTESİ ÖĞRENCİ AĞI AMFİ PROGRAMINA BAKINIZ,,,,,,,,,,,,,,,,,,,
Time Table 1,6 Ekim 2025 Pazartesi,08:30,09:10,3- Knowing Human Behavior - Definition and History of Psychology / Doç.Dr. Dilek ANUK (Dr.Öğr.Üyesi Irmak POLAT),INTRODUCTION TO MEDICINE / RUH SAĞLIĞI VE HASTALIKLARI AD.,FAKÜLTEMİZ WEB SİTESİ ÖĞRENCİ AĞI AMFİ PROGRAMINA BAKINIZ,,,,,,,,,,,,,,,,,,,
Time Table 1,6 Ekim 2025 Pazartesi,09:20,10:00,4- Basic Approches in Psychology and Fields of Psychology /  Doç.Dr. Dilek ANUK (Dr.Öğr.Üyesi Irmak POLAT),INTRODUCTION TO MEDICINE / RUH SAĞLIĞI VE HASTALIKLARI AD.,FAKÜLTEMİZ WEB SİTESİ ÖĞRENCİ AĞI AMFİ PROGRAMINA BAKINIZ,,,,,,,,,,,,,,,,,,,
Time Table 1,6 Ekim 2025 Pazartesi,10:10,10:50,9- First aid in children / Prof.Dr. Demet DEMİRKOL (Prof.Dr. Metin UYSALOL),INTRODUCTION TO MEDICINE / ÇOCUK SAĞLIĞI VE HASTALIKLARI AD.,FAKÜLTEMİZ WEB SİTESİ ÖĞRENCİ AĞI AMFİ PROGRAMINA BAKINIZ,,,,,,,,,,,,,,,,,,,
Time Table 1,6 Ekim 2025 Pazartesi,11:00,11:40,"6-Health Service  Delivery in Turkey and in the World,Health Work Force / Dr. Öğr. Üyesi Özkan AYVAZ (Prof. Dr. G.Nurhan İNCE)",INTRODUCTION TO MEDICINE / HALK SAĞLIĞI AD.,FAKÜLTEMİZ WEB SİTESİ ÖĞRENCİ AĞI AMFİ PROGRAMINA BAKINIZ,,,,,,,,,,,,,,,,,,,
Time Table 1,6 Ekim 2025 Pazartesi,11:50,12:30,7- Personal Preventive Measures I / Prof.Dr. Ayşe Emel ÖNAL (Dr. Öğre. Üyesi Özkan AYVAZ),INTRODUCTION TO MEDICINE / HALK SAĞLIĞI AD.,FAKÜLTEMİZ WEB SİTESİ ÖĞRENCİ AĞI AMFİ PROGRAMINA BAKINIZ,,,,,,,,,,,,,,,,,,,
Time Table 1,6 Ekim 2025 Pazartesi,13:30,14:10,5- First aid to the Drowning Patient - First aid in Heat Stroke - Electric Shock and Frost / Doç.Dr. Demet ALTUN BİNGÖL (Doç.Dr. Achmet ALİ),INTRODUCTION TO MEDICINE / ANESTEZİYOLOJİ VE REANİMASYON AD.,FAKÜLTEMİZ WEB SİTESİ ÖĞRENCİ AĞI AMFİ PROGRAMINA BAKINIZ,,,,,,,,,,,,,,,,,,,
Time Table 1,6 Ekim 2025 Pazartesi,14:20,15:00,6-Dealing with the Polytrauma patiend and Techniques of Transport / Prof.Dr. A.Kemalettin KOLTKA (Doç.Dr. Achmet ALİ),INTRODUCTION TO MEDICINE / ANESTEZİYOLOJİ VE REANİMASYON AD.,FAKÜLTEMİZ WEB SİTESİ ÖĞRENCİ AĞI AMFİ PROGRAMINA BAKINIZ,,,,,,,,,,,,,,,,,,,
Time Table 1,6 Ekim 2025 Pazartesi,15:10,15:50,5-Deontology in Medicine / Prof. Dr. İlhan İLKILIÇ (Prof. Dr. Fatma Arın NAMAL,INTRODUCTION TO MEDICINE / TIP TARİHİ VE ETİK AD.,FAKÜLTEMİZ WEB SİTESİ ÖĞRENCİ AĞI AMFİ PROGRAMINA BAKINIZ,,,,,,,,,,,,,,,,,,,
Time Table 1,6 Ekim 2025 Pazartesi,16:00,16:40,6-Patient Rights and Responsibilities / Prof. Dr. İlhan İLKILIÇ (Prof. Dr. Fatma Arın NAMAL,INTRODUCTION TO MEDICINE / TIP TARİHİ VE ETİK AD.,FAKÜLTEMİZ WEB SİTESİ ÖĞRENCİ AĞI AMFİ PROGRAMINA BAKINIZ,,,,,,,,,,,,,,,,,,,
Time Table 1,7 Ekim 2025 Salı,08:30,09:10,FREE TIME,,,,,,,,,,,,,,,,,,,,,
Time Table 1,7 Ekim 2025 Salı,09:20,10:00,8- Personal Preventive Measures II-III / Prof.Dr. Ayşe Emel ÖNAL (Dr. Öğre. Üyesi Özkan AYVAZ),INTRODUCTION TO MEDICINE / HALK SAĞLIĞI AD.,FAKÜLTEMİZ WEB SİTESİ ÖĞRENCİ AĞI AMFİ PROGRAMINA BAKINIZ,,,,,,,,,,,,,,,,,,,
Time Table 1,7 Ekim 2025 Salı,10:10,10:50,9- Environmental Preventive Measures / Dr.Öğr.Üyesi Meryem Merve ÖREN ÇELİK (Prof.Dr. Ayşe Emel ÖNAL),INTRODUCTION TO MEDICINE / HALK SAĞLIĞI AD.,FAKÜLTEMİZ WEB SİTESİ ÖĞRENCİ AĞI AMFİ PROGRAMINA BAKINIZ,,,,,,,,,,,,,,,,,,,
Time Table 1,7 Ekim 2025 Salı,11:00,11:40,FREE TIME,,,,,,,,,,,,,,,,,,,,,
Time Table 1,7 Ekim 2025 Salı,11:50,12:30,6- Instinct (Drive - Motivation - Affection and Homeostasis / Dr. Öğr. Üyesi Ezgi İnce GULİYEV (Doç.Dr. Dilek ANUK),INTRODUCTION TO MEDICINE / RUH SAĞLIĞI VE HASTALIKLARI AD.,FAKÜLTEMİZ WEB SİTESİ ÖĞRENCİ AĞI AMFİ PROGRAMINA BAKINIZ,,,,,,,,,,,,,,,,,,,
Time Table 1,7 Ekim 2025 Salı,13:30,14:10,10- Changing Environment - Health Promoting School - Cities / Dr. Öğr. Üyesi Özkan AYVAZ (Prof.Dr. Ayşe Emel ÖNAL),INTRODUCTION TO MEDICINE / HALK SAĞLIĞI AD.,FAKÜLTEMİZ WEB SİTESİ ÖĞRENCİ AĞI AMFİ PROGRAMINA BAKINIZ,,,,,,,,,,,,,,,,,,,
Time Table 1,7 Ekim 2025 Salı,14:20,15:00,11- Changing Work Life and Its Health Effects / Prof.Dr. Halim İŞSEVER (Prof.Dr. Gülsüm Nurhan İNCE),INTRODUCTION TO MEDICINE / HALK SAĞLIĞI AD.,FAKÜLTEMİZ WEB SİTESİ ÖĞRENCİ AĞI AMFİ PROGRAMINA BAKINIZ,,,,,,,,,,,,,,,,,,,
Time Table 1,7 Ekim 2025 Salı,15:10,15:50,7-Physician Rights and Responsibilities / Prof. Dr. İlhan İLKILIÇ (Prof. Dr. Fatma Arın NAMAL,INTRODUCTION TO MEDICINE / TIP TARİHİ VE ETİK AD.,FAKÜLTEMİZ WEB SİTESİ ÖĞRENCİ AĞI AMFİ PROGRAMINA BAKINIZ,,,,,,,,,,,,,,,,,,,
Time Table 1,7 Ekim 2025 Salı,16:00,16:40,8-Ethical Principles of the Physician-Patient Relationship / Prof. Dr. İlhan İLKILIÇ (Prof. Dr. Fatma Arın NAMAL),INTRODUCTION TO MEDICINE / TIP TARİHİ VE ETİK AD.,FAKÜLTEMİZ WEB SİTESİ ÖĞRENCİ AĞI AMFİ PROGRAMINA BAKINIZ,,,,,,,,,,,,,,,,,,,
Time Table 1,8 Ekim 2025 Çarşamba,08:30,09:10,7- Consciousness and Attention - Sleep and Dream / Dr. Öğr. Üyesi Ezgi İnce GULİYEV (Doç.Dr. Dilek ANUK),INTRODUCTION TO MEDICINE / RUH SAĞLIĞI VE HASTALIKLARI AD.,FAKÜLTEMİZ WEB SİTESİ ÖĞRENCİ AĞI AMFİ PROGRAMINA BAKINIZ,,,,,,,,,,,,,,,,,,,
Time Table 1,8 Ekim 2025 Çarşamba,09:20,10:00,8- Sensation and Perception - Perception Properties / Dr. Öğr. Üyesi Ezgi İnce GULİYEV (Doç.Dr. Dilek ANUK),INTRODUCTION TO MEDICINE / RUH SAĞLIĞI VE HASTALIKLARI AD.,FAKÜLTEMİZ WEB SİTESİ ÖĞRENCİ AĞI AMFİ PROGRAMINA BAKINIZ,,,,,,,,,,,,,,,,,,,
Time Table 1,8 Ekim 2025 Çarşamba,10:10,10:50,12-Health Promoting Work Places / Prof.Dr. Halim İŞSEVER (Dr. Öğr. Üye. Emine Şeyma Karaketir),INTRODUCTION TO MEDICINE / HALK SAĞLIĞI AD.,FAKÜLTEMİZ WEB SİTESİ ÖĞRENCİ AĞI AMFİ PROGRAMINA BAKINIZ,,,,,,,,,,,,,,,,,,,
Time Table 1,8 Ekim 2025 Çarşamba,11:00,11:40,13- Changing Life Styles and Its Health Effects (Infectious Diseases and Chronic Diseases) / Prof.Dr. Sevgi CANBAZ (Prof.Dr.Gülsüm Nurhan İNCE),INTRODUCTION TO MEDICINE / HALK SAĞLIĞI AD.,FAKÜLTEMİZ WEB SİTESİ ÖĞRENCİ AĞI AMFİ PROGRAMINA BAKINIZ,,,,,,,,,,,,,,,,,,,
Time Table 1,8 Ekim 2025 Çarşamba,11:50,12:30,7- First aid in Poisonings and Internal Medicine Emergencies - First Aid in Animal Bites and Stings (Venenations) / Doç.Dr. Demet ALTUN BİNGÖL (Dr. Öğr. Üyesi Hacer Ayşen YAVRU),INTRODUCTION TO MEDICINE / ANESTEZİYOLOJİ VE REANİMASYON AD.,FAKÜLTEMİZ WEB SİTESİ ÖĞRENCİ AĞI AMFİ PROGRAMINA BAKINIZ,,,,,,,,,,,,,,,,,,,
Time Table 1,8 Ekim 2025 Çarşamba,13:30,14:10,Elective Courses - 2,,FAKÜLTEMİZ WEB SİTESİ ÖĞRENCİ AĞI SEÇMELİ DERS AMFİ PROGRAMINA BAKINIZ,,,,,,,,,,,,,,,,,,,
Time Table 1,8 Ekim 2025 Çarşamba,14:20,15:00,Elective Courses - 2,,FAKÜLTEMİZ WEB SİTESİ ÖĞRENCİ AĞI SEÇMELİ DERS AMFİ PROGRAMINA BAKINIZ,,,,,,,,,,,,,,,,,,,
Time Table 1,8 Ekim 2025 Çarşamba,15:10,15:50,Elective Courses - 2,,FAKÜLTEMİZ WEB SİTESİ ÖĞRENCİ AĞI SEÇMELİ DERS AMFİ PROGRAMINA BAKINIZ,,,,,,,,,,,,,,,,,,,
Time Table 1,9 Ekim 2025 Perşembe,08:30,09:10,14-Measures of Health / Dr. Öğr. Üye. Emine Şeyma Karaketir (Prof.Dr. Gülsüm Nurhan İNCE),INTRODUCTION TO MEDICINE / HALK SAĞLIĞI AD.,FAKÜLTEMİZ WEB SİTESİ ÖĞRENCİ AĞI AMFİ PROGRAMINA BAKINIZ,,,,,,,,,,,,,,,,,,,
Time Table 1,9 Ekim 2025 Perşembe,09:20,10:00,15- Health Education / Prof.Dr. Gülsüm Nurhan İNCE (Doç. Dr. Merve ÖREN ÇELİK),INTRODUCTION TO MEDICINE / HALK SAĞLIĞI AD.,FAKÜLTEMİZ WEB SİTESİ ÖĞRENCİ AĞI AMFİ PROGRAMINA BAKINIZ,,,,,,,,,,,,,,,,,,,
Time Table 1,9 Ekim 2025 Perşembe,10:10,10:50,FREE TIME,,,,,,,,,,,,,,,,,,,,,
Time Table 1,9 Ekim 2025 Perşembe,11:00,11:40,FREE TIME,,,,,,,,,,,,,,,,,,,,,
Time Table 1,9 Ekim 2025 Perşembe,11:50,12:30,10- Intelligence Tests /Doç.Dr. Dilek ANUK  (Dr. Öğr. Üyesi Ezgi İnce GULİYEV (),INTRODUCTION TO MEDICINE / RUH SAĞLIĞI VE HASTALIKLARI AD.,FAKÜLTEMİZ WEB SİTESİ ÖĞRENCİ AĞI AMFİ PROGRAMINA BAKINIZ,,,,,,,,,,,,,,,,,,,
Time Table 1,9 Ekim 2025 Perşembe,13:30,14:10,9-Respect for Patient Privacy and Patient Confidentiality / Prof. Dr. İlhan İLKILIÇ (Prof. Dr. Fatma Arın NAMAL,INTRODUCTION TO MEDICINE / TIP TARİHİ VE ETİK AD.,FAKÜLTEMİZ WEB SİTESİ ÖĞRENCİ AĞI AMFİ PROGRAMINA BAKINIZ,,,,,,,,,,,,,,,,,,,
Time Table 1,9 Ekim 2025 Perşembe,14:20,15:00,10-The Human Body and Ethics / Prof. Dr. İlhan İLKILIÇ (Prof. Dr. Fatma Arın NAMAL,INTRODUCTION TO MEDICINE / TIP TARİHİ VE ETİK AD.,FAKÜLTEMİZ WEB SİTESİ ÖĞRENCİ AĞI AMFİ PROGRAMINA BAKINIZ,,,,,,,,,,,,,,,,,,,
Time Table 1,9 Ekim 2025 Perşembe,15:00,15:50,FREE TIME,,,,,,,,,,,,,,,,,,,,,
Time Table 1,9 Ekim 2025 Perşembe,16:00,16:40,FREE TIME,,,,,,,,,,,,,,,,,,,,,
Time Table 1,10 Ekim 2025 Cuma,08:30,09:10,11-Solidarity and Responsibilty in Medicine / Prof. Dr. İlhan İLKILIÇ (Prof. Dr. Fatma Arın NAMAL,INTRODUCTION TO MEDICINE / TIP TARİHİ VE ETİK AD.,FAKÜLTEMİZ WEB SİTESİ ÖĞRENCİ AĞI AMFİ PROGRAMINA BAKINIZ,,,,,,,,,,,,,,,,,,,
Time Table 1,10 Ekim 2025 Cuma,09:20,10:00,12-Mobbing in Medicine / Prof. Dr. İlhan İLKILIÇ (Prof. Dr. Fatma Arın NAMAL,INTRODUCTION TO MEDICINE / TIP TARİHİ VE ETİK AD.,FAKÜLTEMİZ WEB SİTESİ ÖĞRENCİ AĞI AMFİ PROGRAMINA BAKINIZ,,,,,,,,,,,,,,,,,,,
Time Table 1,10 Ekim 2025 Cuma,10:10,10:50,5- Biopsychosocial approach /  Doç.Dr. Dilek ANUK (Dr.Öğr.Üyesi Irmak POLAT),INTRODUCTION TO MEDICINE / RUH SAĞLIĞI VE HASTALIKLARI AD.,FAKÜLTEMİZ WEB SİTESİ ÖĞRENCİ AĞI AMFİ PROGRAMINA BAKINIZ,,,,,,,,,,,,,,,,,,,
Time Table 1,10 Ekim 2025 Cuma,11:00,11:40,11- Learning - Learning Theories / Dr. Öğr. Üyesi Ezgi İnce GULİYEV (Doç.Dr. Dilek ANUK),INTRODUCTION TO MEDICINE / RUH SAĞLIĞI VE HASTALIKLARI AD.,FAKÜLTEMİZ WEB SİTESİ ÖĞRENCİ AĞI AMFİ PROGRAMINA BAKINIZ,,,,,,,,,,,,,,,,,,,
Time Table 1,10 Ekim 2025 Cuma,11:50,12:30,12- Memory and Memory Difficulties / Dr. Öğr. Üyesi Ezgi İnce GULİYEV (Doç.Dr. Dilek ANUK),INTRODUCTION TO MEDICINE / RUH SAĞLIĞI VE HASTALIKLARI AD.,FAKÜLTEMİZ WEB SİTESİ ÖĞRENCİ AĞI AMFİ PROGRAMINA BAKINIZ,,,,,,,,,,,,,,,,,,,
Time Table 1,10 Ekim 2025 Cuma,14:00,14:40,9- Intelligence and Cognitive Development / Dr. Öğr. Üyesi Ezgi İnce GULİYEV (Doç.Dr. Dilek ANUK),INTRODUCTION TO MEDICINE / RUH SAĞLIĞI VE HASTALIKLARI AD.,FAKÜLTEMİZ WEB SİTESİ ÖĞRENCİ AĞI AMFİ PROGRAMINA BAKINIZ,,,,,,,,,,,,,,,,,,,
Time Table 1,10 Ekim 2025 Cuma,14:50,15:30,FREE TIME,,,,,,,,,,,,,,,,,,,,,
Time Table 1,10 Ekim 2025 Cuma,16:00,16:40,Physical principles in microscopic imaging / Prof.Dr. Muhammet BEKTAŞ (Türkçe Tıp ile ortak ders),INTRODUCTION TO MEDICINE / BİYOFİZİK AD.,FAKÜLTEMİZ WEB SİTESİ ÖĞRENCİ AĞI AMFİ PROGRAMINA BAKINIZ,,,,,,,,,,,,,,,,,,,
Time Table 1,13 Ekim 2025 Pazartesi,08:30,10:20,INTEGRATED SESSION Cigarette and my health / Dr. Öğr. Üyesi Emine Şeyma KARAKETİR (Doç. Dr. M. Merve ÖREN ÇELİK) / Prof. Dr. Züleyha BİNGÖL (Türkçe Tıp ile ortak),INTRODUCTION TO MEDICINE / HALK SAĞLIĞI AD. - GÖĞÜS HASTALIKLARI AD.,FAKÜLTEMİZ WEB SİTESİ ÖĞRENCİ AĞI SEÇMELİ DERS AMFİ PROGRAMINA BAKINIZ,,,,,,,,,,,,,,,,,,,
Time Table 1,13 Ekim 2025 Pazartesi,11:00,11:40,13- Ego Functions and Ego Defense Mechanisms /  Doç.Dr. Dilek ANUK (Dr. Öğr. Üyesi Ezgi İnce GULİYEV),INTRODUCTION TO MEDICINE / RUH SAĞLIĞI VE HASTALIKLARI AD.,FAKÜLTEMİZ WEB SİTESİ ÖĞRENCİ AĞI AMFİ PROGRAMINA BAKINIZ,,,,,,,,,,,,,,,,,,,
Time Table 1,13 Ekim 2025 Pazartesi,11:50,12:30,14- Ego Functions and Ego Defense Mechanisms / Doç.Dr. Dilek ANUK  (Dr. Öğr. Üyesi Ezgi İnce GULİYEV),INTRODUCTION TO MEDICINE / RUH SAĞLIĞI VE HASTALIKLARI AD.,FAKÜLTEMİZ WEB SİTESİ ÖĞRENCİ AĞI AMFİ PROGRAMINA BAKINIZ,,,,,,,,,,,,,,,,,,,
Time Table 1,13 Ekim 2025 Pazartesi,13:30,14:10,13-History of our Faculty and Exemplary Physician Portraits / Prof. Dr. İlhan İLKILIÇ (Prof. Dr. Fatma Arın NAMAL,INTRODUCTION TO MEDICINE / TIP TARİHİ VE ETİK AD.,FAKÜLTEMİZ WEB SİTESİ ÖĞRENCİ AĞI AMFİ PROGRAMINA BAKINIZ,,,,,,,,,,,,,,,,,,,
Time Table 1,13 Ekim 2025 Pazartesi,14:20,15:00,14-Medicine in Art and Literature / Prof. Dr. İlhan İLKILIÇ (Prof. Dr. Fatma Arın NAMAL,INTRODUCTION TO MEDICINE / TIP TARİHİ VE ETİK AD.,FAKÜLTEMİZ WEB SİTESİ ÖĞRENCİ AĞI AMFİ PROGRAMINA BAKINIZ,,,,,,,,,,,,,,,,,,,
Time Table 1,13 Ekim 2025 Pazartesi,15:10,15:50,4-First Aid for sprains - fractures and dislocations / Prof.Dr.Turgut Akgül (Dr.Öğrt.Üyesi Murat Korkmaz),INTRODUCTION TO MEDICINE / ORTOPEDİ VE TRAVMATOLOJİ AD.,FAKÜLTEMİZ WEB SİTESİ ÖĞRENCİ AĞI AMFİ PROGRAMINA BAKINIZ,,,,,,,,,,,,,,,,,,,
Time Table 1,13 Ekim 2025 Pazartesi,16:00,16:40,FREE TIME,,,,,,,,,,,,,,,,,,,,,
Time Table 1,14 Ekim 2025 Salı,08:30,10:20,LABORATORY SKILLS (Basic life support) İ1 - (Injured Transport) İ2 -,INTRODUCTION TO MEDICINE,,,,,,,,,,,,,,,,,,,,
Time Table 1,14 Ekim 2025 Salı,10:30,11:10,15- Personality - Trait - Character - PsychoanalyticPersonality /  Doç.Dr. Dilek ANUK (Dr. Öğr. Üyesi Ezgi İnce GULİYEV),INTRODUCTION TO MEDICINE / RUH SAĞLIĞI VE HASTALIKLARI AD.,FAKÜLTEMİZ WEB SİTESİ ÖĞRENCİ AĞI AMFİ PROGRAMINA BAKINIZ,,,,,,,,,,,,,,,,,,,
Time Table 1,14 Ekim 2025 Salı,11:20,12:00,16- Psychoanalytic Personality Theory - Personality Tests /  Doç.Dr. Dilek ANUK (Dr. Öğr. Üyesi Ezgi İnce GULİYEV),INTRODUCTION TO MEDICINE / RUH SAĞLIĞI VE HASTALIKLARI AD.,FAKÜLTEMİZ WEB SİTESİ ÖĞRENCİ AĞI AMFİ PROGRAMINA BAKINIZ,,,,,,,,,,,,,,,,,,,
Time Table 1,14 Ekim 2025 Salı,13:30,15:20,LABORATORY SKILLS (Basic life support) İ3 - (Injured Transport) İ1,INTRODUCTION TO MEDICINE,,,,,,,,,,,,,,,,,,,,
Time Table 1,15 Ekim 2025 Çarşamba,08:30,09:10,17- Stress Concept - Biopsychosocial Dimensions of Stress /  Doç.Dr. Dilek ANUK (Dr. Öğr. Üyesi Ezgi İnce GULİYEV),INTRODUCTION TO MEDICINE / RUH SAĞLIĞI VE HASTALIKLARI AD.,FAKÜLTEMİZ WEB SİTESİ ÖĞRENCİ AĞI AMFİ PROGRAMINA BAKINIZ,,,,,,,,,,,,,,,,,,,
Time Table 1,15 Ekim 2025 Çarşamba,09:20,10:00,18- Stress Concept - Biopsychosocial Dimensions of Stress / Doç.Dr. Dilek ANUK (Dr. Öğr. Üyesi Ezgi İnce GULİYEV),INTRODUCTION TO MEDICINE / RUH SAĞLIĞI VE HASTALIKLARI AD.,FAKÜLTEMİZ WEB SİTESİ ÖĞRENCİ AĞI AMFİ PROGRAMINA BAKINIZ,,,,,,,,,,,,,,,,,,,
Time Table 1,15 Ekim 2025 Çarşamba,10:30,12:20,LABORATORY SKILLS (Microscope Skill Practice) İ1 +   (First aid in fracture-dislocation) İ2 + İ3,INTRODUCTION TO MEDICINE,,,,,,,,,,,,,,,,,,,,
Time Table 1,15 Ekim 2025 Çarşamba,13:30,14:10,Elective Courses - 3,,FAKÜLTEMİZ WEB SİTESİ ÖĞRENCİ AĞI SEÇMELİ DERS AMFİ PROGRAMINA BAKINIZ,,,,,,,,,,,,,,,,,,,
Time Table 1,15 Ekim 2025 Çarşamba,14:20,15:00,Elective Courses - 3,,FAKÜLTEMİZ WEB SİTESİ ÖĞRENCİ AĞI SEÇMELİ DERS AMFİ PROGRAMINA BAKINIZ,,,,,,,,,,,,,,,,,,,
Time Table 1,15 Ekim 2025 Çarşamba,15:10,15:50,Elective Courses - 3,,FAKÜLTEMİZ WEB SİTESİ ÖĞRENCİ AĞI SEÇMELİ DERS AMFİ PROGRAMINA BAKINIZ,,,,,,,,,,,,,,,,,,,
Time Table 1,16 Ekim 2025 Perşembe,08:30,10:20,LABORATORY SKILLS REPEAT (Basic life support) İ2 - (First aid in fracture-dislocation) İ1(Compensation),INTRODUCTION TO MEDICINE,,,,,,,,,,,,,,,,,,,,
Time Table 1,16 Ekim 2025 Perşembe,10:30,11:10,1- Smoking as a Public Health Pest / Prof.Dr. Züleyha BİNGÖL,INTRODUCTION TO MEDICINE / GÖĞÜS HASTALIKLARI AD.,FAKÜLTEMİZ WEB SİTESİ ÖĞRENCİ AĞI AMFİ PROGRAMINA BAKINIZ,,,,,,,,,,,,,,,,,,,
Time Table 1,16 Ekim 2025 Perşembe,13:30,15:20,FREE TIME,,,,,,,,,,,,,,,,,,,,,
Time Table 1,16 Ekim 2025 Perşembe,15:30,16:10,FREE TIME,,,,,,,,,,,,,,,,,,,,,
Time Table 1,17 Ekim 2025 Cuma,08:30,10:20,LABORATORY SKILLS (Microscope Skill Practice) İ2,INTRODUCTION TO MEDICINE,,,,,,,,,,,,,,,,,,,,
Time Table 1,17 Ekim 2025 Cuma,11:00,12:30,INTEGRATED SESSION Considering Human Being as a Bio-Psycho-Social Whole / Prof.Dr. Selma KARABEY (Prof.Dr. Gülsüm Nurhan İNCE)  / Dr. Öğr. Üyesi Hacer Ayşen YAVRU Prof. Dr. İlhan İLKILIÇ (Türkçe TIp ile ortak ders),INTRODUCTION TO MEDICINE / HALK SAĞLIĞI AD. - RUH SAĞLIĞI VE HASTALIKLARI AD. - ANESTEZİYOLOJİ VE REANİMASYON AD. - TIP TARİHİ VE ETİK AD.,FAKÜLTEMİZ WEB SİTESİ ÖĞRENCİ AĞI AMFİ PROGRAMINA BAKINIZ,,,,,,,,,,,,,,,,,,,
Time Table 1,17 Ekim 2025 Cuma,14:00,15:50,LABORATORY SKILLS (Microscope Skill Practice) İ1-(First aid in fracture-dislocation) İ2-İ3,INTRODUCTION TO MEDICINE,,,,,,,,,,,,,,,,,,,,
Time Table 1,20 Ekim 2025 Pazartesi,08:30,12:20,FREE TIME,,,,,,,,,,,,,,,,,,,,,
Time Table 1,20 Ekim 2025 Pazartesi,13:00,14:00,EXAMINATION,INTRODUCTION TO MEDICINE,FAKÜLTEMİZ WEB SİTESİ ÖĞRENCİ AĞI AMFİ PROGRAMINA BAKINIZ,,,,,,,,,,,,,,,,,,,
Time Table 1,20 Ekim 2025 Pazartesi,15:00,16:00,FREE TIME,,FAKÜLTEMİZ WEB SİTESİ ÖĞRENCİ AĞI AMFİ PROGRAMINA BAKINIZ,,,,,,,,,,,,,,,,,,,
Time Table 1,21 Ekim 2025 Salı,08:30,09:10,FREE TIME,,,,,,,,,,,,,,,,,,,,,
Time Table 1,21 Ekim 2025 Salı,09:20,10:00,1-Scale science in biological systems / Doç.Dr. Bilge ÖZERMAN EDİS (Doç.Dr. Başak GÜNÇER),MOLECULAR BASIS OF LIFE / BİYOFİZİK AD.,FAKÜLTEMİZ WEB SİTESİ ÖĞRENCİ AĞI AMFİ PROGRAMINA BAKINIZ,,,,,,,,,,,,,,,,,,,
Time Table 1,21 Ekim 2025 Salı,10:10,10:50,FREE TIME,,,,,,,,,,,,,,,,,,,,,
Time Table 1,21 Ekim 2025 Salı,11:00,11:40,1-Structure of water / Prof.Dr. Nihal SALMAYENLİ (Prof.Dr. Şule SEÇKİN),MOLECULAR BASIS OF LIFE / TIBBİ BİYOKİMYA AD.,FAKÜLTEMİZ WEB SİTESİ ÖĞRENCİ AĞI AMFİ PROGRAMINA BAKINIZ,,,,,,,,,,,,,,,,,,,
Time Table 1,21 Ekim 2025 Salı,11:50,12:30,2-Solution and Concentration / Prof.Dr. Nihal SALMAYENLİ (Prof.Dr. Şule SEÇKİN),MOLECULAR BASIS OF LIFE / TIBBİ BİYOKİMYA AD.,FAKÜLTEMİZ WEB SİTESİ ÖĞRENCİ AĞI AMFİ PROGRAMINA BAKINIZ,,,,,,,,,,,,,,,,,,,
Time Table 1,21 Ekim 2025 Salı,13:30,14:10,COMMUNICATION SKILLS 1-1 First Meeting - Orientation - Course Objectives / Dr.Öğr.Üyesi Ezgi İnce GULİYEV (Doç.Dr. Dilek ANUK),MEDICAL SKILLS LABORATORY / RUH SAĞLIĞI VE HASTALIKLARI AD.,FAKÜLTEMİZ WEB SİTESİ ÖĞRENCİ AĞI AMFİ PROGRAMINA BAKINIZ,,,,,,,,,,,,,,,,,,,
Time Table 1,21 Ekim 2025 Salı,14:20,15:00,COMMUNICATION SKILLS 1-2 Basic Concepts of Communication /  Dr.Öğr.Üyesi Ezgi İnce GULİYEV (Doç.Dr. Dilek ANUK),MEDICAL SKILLS LABORATORY / RUH SAĞLIĞI VE HASTALIKLARI AD.,FAKÜLTEMİZ WEB SİTESİ ÖĞRENCİ AĞI AMFİ PROGRAMINA BAKINIZ,,,,,,,,,,,,,,,,,,,
Time Table 1,21 Ekim 2025 Salı,15:10,15:50,FREE TIME,,,,,,,,,,,,,,,,,,,,,
Time Table 1,21 Ekim 2025 Salı,16:00,16:40,FREE TIME,,,,,,,,,,,,,,,,,,,,,
Time Table 1,22 Ekim 2025 Çarşamba,08:30,09:10,3-İonization of water / Prof.Dr. Nihal SALMAYENLİ (Prof.Dr. Şule SEÇKİN),MOLECULAR BASIS OF LIFE / TIBBİ BİYOKİMYA AD.,FAKÜLTEMİZ WEB SİTESİ ÖĞRENCİ AĞI AMFİ PROGRAMINA BAKINIZ,,,,,,,,,,,,,,,,,,,
Time Table 1,22 Ekim 2025 Çarşamba,09:20,10:00,4-Acids and Bases and Concept of pH / Prof.Dr. Nihal SALMAYENLİ (Prof.Dr. Şule SEÇKİN),MOLECULAR BASIS OF LIFE / TIBBİ BİYOKİMYA AD.,FAKÜLTEMİZ WEB SİTESİ ÖĞRENCİ AĞI AMFİ PROGRAMINA BAKINIZ,,,,,,,,,,,,,,,,,,,
Time Table 1,22 Ekim 2025 Çarşamba,10:30,12:20,LABORATORY SKILLS (BIOCHEMISTY 1) İ1,MOLECULAR BASIS OF LIFE,,,,,,,,,,,,,,,,,,,,
Time Table 1,22 Ekim 2025 Çarşamba,13:30,14:10,Elective Courses - 4,,FAKÜLTEMİZ WEB SİTESİ ÖĞRENCİ AĞI SEÇMELİ DERS AMFİ PROGRAMINA BAKINIZ,,,,,,,,,,,,,,,,,,,
Time Table 1,22 Ekim 2025 Çarşamba,14:20,15:00,Elective Courses - 4,,FAKÜLTEMİZ WEB SİTESİ ÖĞRENCİ AĞI SEÇMELİ DERS AMFİ PROGRAMINA BAKINIZ,,,,,,,,,,,,,,,,,,,
Time Table 1,22 Ekim 2025 Çarşamba,15:10,15:50,Elective Courses - 4,,FAKÜLTEMİZ WEB SİTESİ ÖĞRENCİ AĞI SEÇMELİ DERS AMFİ PROGRAMINA BAKINIZ,,,,,,,,,,,,,,,,,,,
Time Table 1,23 Ekim 2025 Perşembe,08:30,09:10,FREE TIME,,,,,,,,,,,,,,,,,,,,,
Time Table 1,23 Ekim 2025 Perşembe,09:20,10:00,FREE TIME,,,,,,,,,,,,,,,,,,,,,
Time Table 1,23 Ekim 2025 Perşembe,10:10,10:50,FREE TIME,,,,,,,,,,,,,,,,,,,,,
Time Table 1,23 Ekim 2025 Perşembe,11:00,11:40,5-Buffers / Prof.Dr. Nihal SALMAYENLİ (Prof.Dr. Şule SEÇKİN),MOLECULAR BASIS OF LIFE / TIBBİ BİYOKİMYA AD.,FAKÜLTEMİZ WEB SİTESİ ÖĞRENCİ AĞI AMFİ PROGRAMINA BAKINIZ,,,,,,,,,,,,,,,,,,,
Time Table 1,23 Ekim 2025 Perşembe,11:50,12:30,6-Structure and classification of carbohydrates / Prof.Dr. Nihal SALMAYENLİ (Prof.Dr. Evin ADEMOĞLU),MOLECULAR BASIS OF LIFE / TIBBİ BİYOKİMYA AD.,FAKÜLTEMİZ WEB SİTESİ ÖĞRENCİ AĞI AMFİ PROGRAMINA BAKINIZ,,,,,,,,,,,,,,,,,,,
Time Table 1,23 Ekim 2025 Perşembe,13:30,15:20,LABORATORY SKILLS (BIOPHYSICS 1) İ2 - (BIOCHEMISTY 2) İ1,MOLECULAR BASIS OF LIFE ,,,,,,,,,,,,,,,,,,,,
Time Table 1,23 Ekim 2025 Perşembe,15:30,16:30,FREE TIME,,,,,,,,,,,,,,,,,,,,,
Time Table 1,24 Ekim 2025 Cuma,08:30,09:10,2-Importance of water / Prof.Dr. Leman YALÇINTEPE GÜNEŞTUTAR (Doç.Dr. Başak GÜNÇER),MOLECULAR BASIS OF LIFE / BİYOFİZİK AD.,FAKÜLTEMİZ WEB SİTESİ ÖĞRENCİ AĞI AMFİ PROGRAMINA BAKINIZ,,,,,,,,,,,,,,,,,,,
Time Table 1,24 Ekim 2025 Cuma,09:20,10:00,3-Biomolecules in the biological internal environment-physical properties and methods of investigation / Doç.Dr. Başak GÜNÇER (Prof.Dr. Leman YALÇINTEPE GÜNEŞTUTAR),MOLECULAR BASIS OF LIFE / BİYOFİZİK AD.,FAKÜLTEMİZ WEB SİTESİ ÖĞRENCİ AĞI AMFİ PROGRAMINA BAKINIZ,,,,,,,,,,,,,,,,,,,
Time Table 1,24 Ekim 2025 Cuma,10:10,10:50,4-Stucture and function of biomolecules / Doç.Dr. Başak GÜNÇER (Prof.Dr. Leman YALÇINTEPE GÜNEŞTUTAR),MOLECULAR BASIS OF LIFE / BİYOFİZİK AD.,FAKÜLTEMİZ WEB SİTESİ ÖĞRENCİ AĞI AMFİ PROGRAMINA BAKINIZ,,,,,,,,,,,,,,,,,,,
Time Table 1,24 Ekim 2025 Cuma,11:00,11:40,7-Biochemical properties of carbohydrates / Prof.Dr. Nihal SALMAYENLİ (Prof.Dr. Evin ADEMOĞLU),MOLECULAR BASIS OF LIFE / TIBBİ BİYOKİMYA AD.,FAKÜLTEMİZ WEB SİTESİ ÖĞRENCİ AĞI AMFİ PROGRAMINA BAKINIZ,,,,,,,,,,,,,,,,,,,
Time Table 1,24 Ekim 2025 Cuma,11:50,12:30,8-Monosaccharides and monosaccharide derivatives / Prof.Dr. Nihal SALMAYENLİ (Prof.Dr. Evin ADEMOĞLU),MOLECULAR BASIS OF LIFE / TIBBİ BİYOKİMYA AD.,FAKÜLTEMİZ WEB SİTESİ ÖĞRENCİ AĞI AMFİ PROGRAMINA BAKINIZ,,,,,,,,,,,,,,,,,,,
Time Table 1,24 Ekim 2025 Cuma,14:00,15:50,LABORATORY SKILLS - (Injured Transport) İ1- (Microscope Skill Practice) İ3,MOLECULAR BASIS OF LIFE ,,,,,,,,,,,,,,,,,,,,
Time Table 1,27 Ekim 2025 Pazartesi,08:30,10:20, LABORATORY SKILLS- (First aid in fracture-dislocation) İ2-İ3,MOLECULAR BASIS OF LIFE ,,,,,,,,,,,,,,,,,,,,
Time Table 1,27 Ekim 2025 Pazartesi,10:30,12:30,FREE TIME,,,,,,,,,,,,,,,,,,,,,
Time Table 1,27 Ekim 2025 Pazartesi,13:30,16:20,FREE TIME,,,,,,,,,,,,,,,,,,,,,
Time Table 1,28 Ekim 2025 Salı,08:30,12:30,FREE TIME,,,,,,,,,,,,,,,,,,,,,
Time Table 1,28 Ekim 2025 Salı,13:30,16:30,CUMHURİYET BAYRAMI AREFESİ,,,,,,,,,,,,,,,,,,,,,
Time Table 1,29 Ekim 2025 Çarşamba,,,CUMHURİYET BAYRAMI,,,,,,,,,,,,,,,,,,,,,
Time Table 1,30 Ekim 2025 Perşembe,08:30,09:10,FREE TIME,,,,,,,,,,,,,,,,,,,,,
Time Table 1,30 Ekim 2025 Perşembe,09:20,10:00,COMMUNICATION SKILLS 1-3 Verbal Communication /  Dr.Öğr.Üyesi Ezgi İnce GULİYEV (Doç.Dr. Dilek ANUK),MEDICAL SKILLS LABORATORY / RUH SAĞLIĞI VE HASTALIKLARI AD.,FAKÜLTEMİZ WEB SİTESİ ÖĞRENCİ AĞI AMFİ PROGRAMINA BAKINIZ,,,,,,,,,,,,,,,,,,,
Time Table 1,30 Ekim 2025 Perşembe,10:10,10:50,COMMUNICATION SKILLS 1-4 Verbal Communication (two -way communication and feedback) /  Dr.Öğr.Üyesi Ezgi İnce GULİYEV (Doç.Dr. Dilek ANUK),MEDICAL SKILLS LABORATORY / RUH SAĞLIĞI VE HASTALIKLARI AD.,FAKÜLTEMİZ WEB SİTESİ ÖĞRENCİ AĞI AMFİ PROGRAMINA BAKINIZ,,,,,,,,,,,,,,,,,,,
Time Table 1,30 Ekim 2025 Perşembe,11:00,11:40,FREE TIME,,,,,,,,,,,,,,,,,,,,,
Time Table 1,30 Ekim 2025 Perşembe,11:50,12:30,FREE TIME,,,,,,,,,,,,,,,,,,,,,
Time Table 1,30 Ekim 2025 Perşembe,13:30,14:10,"5-Introduction to biophysics-basic concepts, biophysics internal environments-basic structure of living systems / Prof.Dr. Leman YALÇINTEPE GÜNEŞTUTAR (Doç.Dr. Başak GÜNÇER)",MOLECULAR BASIS OF LIFE / BİYOFİZİK AD.,FAKÜLTEMİZ WEB SİTESİ ÖĞRENCİ AĞI AMFİ PROGRAMINA BAKINIZ,,,,,,,,,,,,,,,,,,,
Time Table 1,30 Ekim 2025 Perşembe,14:20,15:00,6-Atomic structure-chemical bonds-exlaining according to the quantum model-molecular hierarchy / Prof.Dr. Leman YALÇINTEPE GÜNEŞTUTAR (Doç.Dr. Başak GÜNÇER),MOLECULAR BASIS OF LIFE / BİYOFİZİK AD.,FAKÜLTEMİZ WEB SİTESİ ÖĞRENCİ AĞI AMFİ PROGRAMINA BAKINIZ,,,,,,,,,,,,,,,,,,,
Time Table 1,30 Ekim 2025 Perşembe,15:10,16:20,FREE TIME,,,,,,,,,,,,,,,,,,,,,
Time Table 1,31 Ekim 2025 Cuma,08:30,10:20,LABORATORY SKILLS (BIOPHYSICS 1) İ1-(BIOCHEMISTY 1) İ2 ,MOLECULAR BASIS OF LIFE,,,,,,,,,,,,,,,,,,,,
Time Table 1,31 Ekim 2025 Cuma,11:00,11:40,9-Disaccharides and oligosaccharides / Prof.Dr. Nihal SALMAYENLİ (Prof.Dr. Evin ADEMOĞLU),MOLECULAR BASIS OF LIFE / TIBBİ BİYOKİMYA AD.,FAKÜLTEMİZ WEB SİTESİ ÖĞRENCİ AĞI AMFİ PROGRAMINA BAKINIZ,,,,,,,,,,,,,,,,,,,
Time Table 1,31 Ekim 2025 Cuma,11:50,12:30,FREE TIME,,,,,,,,,,,,,,,,,,,,,
Time Table 1,31 Ekim 2025 Cuma,14:00,14:40,FREE TIME,,,,,,,,,,,,,,,,,,,,,
Time Table 1,31 Ekim 2025 Cuma,14:50,15:30,FREE TIME,,,,,,,,,,,,,,,,,,,,,
Time Table 1,31 Ekim 2025 Cuma,15:40,16:20,FREE TIME,,,,,,,,,,,,,,,,,,,,,
Time Table 1,3 Kasım 2025 Pazartesi,08:30,09:10,FREE TIME,,,,,,,,,,,,,,,,,,,,,
Time Table 1,3 Kasım 2025 Pazartesi,09:20,10:00,1-Moleculer Eveolution and life / Doç.Dr. Hayriye Şentürk ÇİFTÇİ (Prof. Dr. Fatma OĞUZ),MOLECULAR BASIS OF LIFE / TIBBİ BİYOLOJİ AD.,FAKÜLTEMİZ WEB SİTESİ ÖĞRENCİ AĞI AMFİ PROGRAMINA BAKINIZ,,,,,,,,,,,,,,,,,,,
Time Table 1,3 Kasım 2025 Pazartesi,10:10,10:50,2-Biological properties of the cell membrane / Doç.Dr. Hayriye Şentürk ÇİFTÇİ (Prof. Dr. Fatma OĞUZ),MOLECULAR BASIS OF LIFE / TIBBİ BİYOLOJİ AD.,FAKÜLTEMİZ WEB SİTESİ ÖĞRENCİ AĞI AMFİ PROGRAMINA BAKINIZ,,,,,,,,,,,,,,,,,,,
Time Table 1,3 Kasım 2025 Pazartesi,11:00,11:40,"13-Important roles of glycolipids, phospholipids / Prof.Dr. Şule SEÇKİN (Doç.Dr. İlknur BİNGÜL)",MOLECULAR BASIS OF LIFE / TIBBİ BİYOKİMYA AD.,FAKÜLTEMİZ WEB SİTESİ ÖĞRENCİ AĞI AMFİ PROGRAMINA BAKINIZ,,,,,,,,,,,,,,,,,,,
Time Table 1,3 Kasım 2025 Pazartesi,11:50,12:30,"14-Functions of fatty acids, triglycerides / Prof.Dr. Şule SEÇKİN (Doç.Dr. İlknur BİNGÜL)",MOLECULAR BASIS OF LIFE / TIBBİ BİYOKİMYA AD.,FAKÜLTEMİZ WEB SİTESİ ÖĞRENCİ AĞI AMFİ PROGRAMINA BAKINIZ,,,,,,,,,,,,,,,,,,,
Time Table 1,3 Kasım 2025 Pazartesi,13:30,14:10,"7-Moleculer Intraction (protein-protein, Protein-ligant,Protein-DNA), moleküler dynamics (MD) simulation / Doç.Dr. Başak GÜNÇER (Prof.Dr. Leman YALÇINTEPE GÜNEŞTUTAR)",MOLECULAR BASIS OF LIFE / BİYOFİZİK AD.,FAKÜLTEMİZ WEB SİTESİ ÖĞRENCİ AĞI AMFİ PROGRAMINA BAKINIZ,,,,,,,,,,,,,,,,,,,
Time Table 1,3 Kasım 2025 Pazartesi,14:20,15:00,"8-Introduction to Bioenergetic, concept and terms, thermodynamic laws / Prof.Dr. Leman YALÇINTEPE GÜNEŞTUTAR (Doç.Dr. Başak GÜNÇER)",MOLECULAR BASIS OF LIFE / BİYOFİZİK AD.,FAKÜLTEMİZ WEB SİTESİ ÖĞRENCİ AĞI AMFİ PROGRAMINA BAKINIZ,,,,,,,,,,,,,,,,,,,
Time Table 1,3 Kasım 2025 Pazartesi,15:10,15:50,1-Acid-base regulation / Prof. Dr. Tamer DEMİRALP (Prof. Dr. Müge DEVRİM ÜÇOK),MOLECULAR BASIS OF LIFE / FİZYOLOJİ AD.,FAKÜLTEMİZ WEB SİTESİ ÖĞRENCİ AĞI AMFİ PROGRAMINA BAKINIZ,,,,,,,,,,,,,,,,,,,
Time Table 1,3 Kasım 2025 Pazartesi,16:00,16:40,2-Transport of substances through the cell membrane / Prof. Dr. Tamer DEMİRALP (Prof. Dr. Müge DEVRİM ÜÇOK),MOLECULAR BASIS OF LIFE / FİZYOLOJİ AD.,FAKÜLTEMİZ WEB SİTESİ ÖĞRENCİ AĞI AMFİ PROGRAMINA BAKINIZ,,,,,,,,,,,,,,,,,,,
Time Table 1,4 Kasım 2025 Salı,08:30,10:20,LABORATORY SKILLS (BIOCHEMISTY 2) İ2,MOLECULAR BASIS OF LIFE - MEDICAL SKILLS LABORATORY,,,,,,,,,,,,,,,,,,,,
Time Table 1,4 Kasım 2025 Salı,10:30,11:10,FREE TIME,,,,,,,,,,,,,,,,,,,,,
Time Table 1,4 Kasım 2025 Salı,11:20,12:00,18-Biochemical Structure of Amino Acids / Doç.Dr. Ayşe Gül Sündüs TELCİ (Doç.Dr. İlknur BİNGÜL),MOLECULAR BASIS OF LIFE / TIBBİ BİYOKİMYA AD.,FAKÜLTEMİZ WEB SİTESİ ÖĞRENCİ AĞI AMFİ PROGRAMINA BAKINIZ,,,,,,,,,,,,,,,,,,,
Time Table 1,4 Kasım 2025 Salı,13:30,14:10,3-Cell Surface and lateral face Specializations / Prof. Dr. Fatma OĞUZ (Doç.Dr. Hayriye Şentürk ÇİFTÇİ),MOLECULAR BASIS OF LIFE / TIBBİ BİYOLOJİ AD.,FAKÜLTEMİZ WEB SİTESİ ÖĞRENCİ AĞI AMFİ PROGRAMINA BAKINIZ,,,,,,,,,,,,,,,,,,,
Time Table 1,4 Kasım 2025 Salı,14:20,15:00,4-Extracellularmatrix - Cell Adhesion / Prof. Dr. Fatma OĞUZ (Doç.Dr. Hayriye Şentürk ÇİFTÇİ),MOLECULAR BASIS OF LIFE / TIBBİ BİYOLOJİ AD.,FAKÜLTEMİZ WEB SİTESİ ÖĞRENCİ AĞI AMFİ PROGRAMINA BAKINIZ,,,,,,,,,,,,,,,,,,,
Time Table 1,4 Kasım 2025 Salı,15:10,15:50,Clinical pracitce of water / Prof. Dr. Arif DÖNMEZ (Prof.Dr. Mine KARAGÜLLE ),MOLECULAR BASIS OF LIFE / TIBBİ EKOLOJİ VE HİDROKLİMATOLOJİ AD.,FAKÜLTEMİZ WEB SİTESİ ÖĞRENCİ AĞI AMFİ PROGRAMINA BAKINIZ,,,,,,,,,,,,,,,,,,,
Time Table 1,4 Kasım 2025 Salı,16:00,16:40,11-Biochemical structure of lipids / Prof.Dr. Şule SEÇKİN (Doç.Dr. İlknur BİNGÜL),MOLECULAR BASIS OF LIFE / TIBBİ BİYOKİMYA AD.,FAKÜLTEMİZ WEB SİTESİ ÖĞRENCİ AĞI AMFİ PROGRAMINA BAKINIZ,,,,,,,,,,,,,,,,,,,
Time Table 1,5 Kasım 2025 Çarşamba,08:30,12:30,"WHITE COAT CEREMONY
",,,,,,,,,,,,,,,,,,,,,
Time Table 1,5 Kasım 2025 Çarşamba,13:30,14:10,Elective Courses - 5,,FAKÜLTEMİZ WEB SİTESİ ÖĞRENCİ AĞI SEÇMELİ DERS AMFİ PROGRAMINA BAKINIZ,,,,,,,,,,,,,,,,,,,
Time Table 1,5 Kasım 2025 Çarşamba,14:20,15:00,Elective Courses - 5,,FAKÜLTEMİZ WEB SİTESİ ÖĞRENCİ AĞI SEÇMELİ DERS AMFİ PROGRAMINA BAKINIZ,,,,,,,,,,,,,,,,,,,
Time Table 1,5 Kasım 2025 Çarşamba,15:10,15:50,Elective Courses - 5,,FAKÜLTEMİZ WEB SİTESİ ÖĞRENCİ AĞI SEÇMELİ DERS AMFİ PROGRAMINA BAKINIZ,,,,,,,,,,,,,,,,,,,
Time Table 1,6 Kasım 2025 Perşembe,08:30,09:10,12-Clinical importance eicosanoids / Prof.Dr. Şule SEÇKİN (Doç.Dr. İlknur BİNGÜL),MOLECULAR BASIS OF LIFE / TIBBİ BİYOKİMYA AD.,FAKÜLTEMİZ WEB SİTESİ ÖĞRENCİ AĞI AMFİ PROGRAMINA BAKINIZ,,,,,,,,,,,,,,,,,,,
Time Table 1,6 Kasım 2025 Perşembe,09:20,10:00,10-Homopolysaccharides and heteropolysaccharides / Prof.Dr. Nihal SALMAYENLİ (Prof.Dr. Evin ADEMOĞLU),MOLECULAR BASIS OF LIFE / TIBBİ BİYOKİMYA AD.,FAKÜLTEMİZ WEB SİTESİ ÖĞRENCİ AĞI AMFİ PROGRAMINA BAKINIZ,,,,,,,,,,,,,,,,,,,
Time Table 1,6 Kasım 2025 Perşembe,10:10,10:50,17-Chemical properties of DNA and RNA / Prof.Dr. Nihal SALMAYENLİ (Prof.Dr. Şule SEÇKİN),MOLECULAR BASIS OF LIFE / TIBBİ BİYOKİMYA AD.,FAKÜLTEMİZ WEB SİTESİ ÖĞRENCİ AĞI AMFİ PROGRAMINA BAKINIZ,,,,,,,,,,,,,,,,,,,
Time Table 1,6 Kasım 2025 Perşembe,11:00,11:40,19-Properties and Biochemical Functions of Amino Acids / Doç.Dr. Ayşe Gül Sündüs TELCİ (Doç.Dr. İlknur BİNGÜL),MOLECULAR BASIS OF LIFE / TIBBİ BİYOKİMYA AD.,FAKÜLTEMİZ WEB SİTESİ ÖĞRENCİ AĞI AMFİ PROGRAMINA BAKINIZ,,,,,,,,,,,,,,,,,,,
Time Table 1,6 Kasım 2025 Perşembe,11:50,12:30,20-Biochemical Mechanism of the Synthesis of the Peptide Bond / Doç.Dr. Ayşe Gül Sündüs TELCİ (Doç.Dr. İlknur BİNGÜL),MOLECULAR BASIS OF LIFE / TIBBİ BİYOKİMYA AD.,FAKÜLTEMİZ WEB SİTESİ ÖĞRENCİ AĞI AMFİ PROGRAMINA BAKINIZ,,,,,,,,,,,,,,,,,,,
Time Table 1,6 Kasım 2025 Perşembe,13:30,14:10,COMMUNICATION SKILLS 1-5 Nonverbal Communication / Dr.Öğr.Üyesi Irmak POLAT (Doç.Dr. Dilek ANUK),MEDICAL SKILLS LABORATORY / RUH SAĞLIĞI VE HASTALIKLARI AD.,FAKÜLTEMİZ WEB SİTESİ ÖĞRENCİ AĞI AMFİ PROGRAMINA BAKINIZ,,,,,,,,,,,,,,,,,,,
Time Table 1,6 Kasım 2025 Perşembe,14:20,15:00,COMMUNICATION SKILLS 1-6 Body Language / Dr.Öğr.Üyesi Irmak POLAT (Doç.Dr. Dilek ANUK),MEDICAL SKILLS LABORATORY / RUH SAĞLIĞI VE HASTALIKLARI AD.,FAKÜLTEMİZ WEB SİTESİ ÖĞRENCİ AĞI AMFİ PROGRAMINA BAKINIZ,,,,,,,,,,,,,,,,,,,
Time Table 1,6 Kasım 2025 Perşembe,15:10,15:50,15-Functions of steroids and waxes / Prof.Dr. Şule SEÇKİN (Doç.Dr. İlknur BİNGÜL),MOLECULAR BASIS OF LIFE / TIBBİ BİYOKİMYA AD.,FAKÜLTEMİZ WEB SİTESİ ÖĞRENCİ AĞI AMFİ PROGRAMINA BAKINIZ,,,,,,,,,,,,,,,,,,,
Time Table 1,6 Kasım 2025 Perşembe,16:00,16:40,FREE TIME,,,,,,,,,,,,,,,,,,,,,
Time Table 1,7 Kasım 2025 Cuma,08:30,10:20,Problem-Based Learning) (PBL) İ1-1 / İ1-2 / İ1-3 / İ1-4,MOLECULAR BASIS OF LIFE,,,,,,,,,,,,,,,,,,,,
Time Table 1,7 Kasım 2025 Cuma,11:00,11:40,"9-Transmission of biological energy, free energy and entropy / Prof.Dr. Leman YALÇINTEPE GÜNEŞTUTAR (Doç.Dr. Başak GÜNÇER)",MOLECULAR BASIS OF LIFE / BİYOFİZİK AD.,FAKÜLTEMİZ WEB SİTESİ ÖĞRENCİ AĞI AMFİ PROGRAMINA BAKINIZ,,,,,,,,,,,,,,,,,,,
Time Table 1,7 Kasım 2025 Cuma,11:50,12:30,10-Biological Reactions and Molecular Basis of Enzyme Action Mechanism - Enzyme Kinetics / Doç.Dr. Başak GÜNÇER (Prof.Dr. Leman YALÇINTEPE GÜNEŞTUTAR),MOLECULAR BASIS OF LIFE / BİYOFİZİK AD.,FAKÜLTEMİZ WEB SİTESİ ÖĞRENCİ AĞI AMFİ PROGRAMINA BAKINIZ,,,,,,,,,,,,,,,,,,,
Time Table 1,7 Kasım 2025 Cuma,14:00,14:40,21-Protein Primary Structure / Doç.Dr. Ayşe Gül Sündüs TELCİ (Doç.Dr. İlknur BİNGÜL),MOLECULAR BASIS OF LIFE / TIBBİ BİYOKİMYA AD.,FAKÜLTEMİZ WEB SİTESİ ÖĞRENCİ AĞI AMFİ PROGRAMINA BAKINIZ,,,,,,,,,,,,,,,,,,,
Time Table 1,7 Kasım 2025 Cuma,14:50,15:30,22-Protein Secondary Structure / Doç.Dr. Ayşe Gül Sündüs TELCİ (Doç.Dr. İlknur BİNGÜL),MOLECULAR BASIS OF LIFE / TIBBİ BİYOKİMYA AD.,FAKÜLTEMİZ WEB SİTESİ ÖĞRENCİ AĞI AMFİ PROGRAMINA BAKINIZ,,,,,,,,,,,,,,,,,,,
Time Table 1,10 Kasım 2025 Pazartesi,08:30,09:10,FREE TIME,,,,,,,,,,,,,,,,,,,,,
Time Table 1,10 Kasım 2025 Pazartesi,09:20,10:00,11-Enzymes - Physical Principles - Regulation of Enzyme Activity / Doç.Dr. Başak GÜNÇER (Prof.Dr. Leman YALÇINTEPE GÜNEŞTUTAR),MOLECULAR BASIS OF LIFE / BİYOFİZİK AD.,FAKÜLTEMİZ WEB SİTESİ ÖĞRENCİ AĞI AMFİ PROGRAMINA BAKINIZ,,,,,,,,,,,,,,,,,,,
Time Table 1,10 Kasım 2025 Pazartesi,10:10,10:50,12-Biophycdical properties of cell membrane / Prof.Dr. Leman YALÇINTEPE GÜNEŞTUTAR (Doç.Dr. Başak GÜNÇER),MOLECULAR BASIS OF LIFE / BİYOFİZİK AD.,FAKÜLTEMİZ WEB SİTESİ ÖĞRENCİ AĞI AMFİ PROGRAMINA BAKINIZ,,,,,,,,,,,,,,,,,,,
Time Table 1,10 Kasım 2025 Pazartesi,11:00,11:40,23-Protein Tertiary and Quaternary Structures / Doç.Dr. Ayşe Gül Sündüs TELCİ (Doç.Dr. İlknur BİNGÜL),MOLECULAR BASIS OF LIFE / TIBBİ BİYOKİMYA AD.,FAKÜLTEMİZ WEB SİTESİ ÖĞRENCİ AĞI AMFİ PROGRAMINA BAKINIZ,,,,,,,,,,,,,,,,,,,
Time Table 1,10 Kasım 2025 Pazartesi,11:50,12:30,24-Fibrous Proteins / Doç.Dr. Ayşe Gül Sündüs TELCİ (Doç.Dr. İlknur BİNGÜL),MOLECULAR BASIS OF LIFE / TIBBİ BİYOKİMYA AD.,FAKÜLTEMİZ WEB SİTESİ ÖĞRENCİ AĞI AMFİ PROGRAMINA BAKINIZ,,,,,,,,,,,,,,,,,,,
Time Table 1,10 Kasım 2025 Pazartesi,13:30,15:20,LABORATORY SKILLS Problem-Based Learning) (PBL) İ1-1 / İ1-2 / İ1-3 / İ1-4- (Injured Transport) İ2,MOLECULAR BASIS OF LIFE ,,,,,,,,,,,,,,,,,,,,
Time Table 1,11 Kasım 2025 Salı,08:30,10:20,LABORATORY SKILLS (Problem-Based Learning) (PBL) İ2-1 / İ2-2 / İ2-3 / İ2-4 ,MOLECULAR BASIS OF LIFE,,,,,,,,,,,,,,,,,,,,
Time Table 1,11 Kasım 2025 Salı,11:00,11:40,25-Globular Proteins / Doç.Dr. Ayşe Gül Sündüs TELCİ (Doç.Dr. İlknur BİNGÜL),MOLECULAR BASIS OF LIFE / TIBBİ BİYOKİMYA AD.,FAKÜLTEMİZ WEB SİTESİ ÖĞRENCİ AĞI AMFİ PROGRAMINA BAKINIZ,,,,,,,,,,,,,,,,,,,
Time Table 1,11 Kasım 2025 Salı,11:50,12:30,26-Synthesis of purine nucleotides / Prof.Dr. Nihal SALMAYENLİ (Prof.Dr. Şule SEÇKİN),MOLECULAR BASIS OF LIFE / TIBBİ BİYOKİMYA AD.,FAKÜLTEMİZ WEB SİTESİ ÖĞRENCİ AĞI AMFİ PROGRAMINA BAKINIZ,,,,,,,,,,,,,,,,,,,
Time Table 1,11 Kasım 2025 Salı,13:30,15:20,LABORATORY SKILLS (BIOCHEMISTY 3) İ2 - (PHYSIOLOGY) İ1,MOLECULAR BASIS OF LIFE ,,,,,,,,,,,,,,,,,,,,
Time Table 1,11 Kasım 2025 Salı,15:30,16:10,FREE TIME,,,,,,,,,,,,,,,,,,,,,
Time Table 1,12 Kasım 2025 Çarşamba,08:30,09:10,FREE TIME,,,,,,,,,,,,,,,,,,,,,
Time Table 1,12 Kasım 2025 Çarşamba,09:20,10:00,FREE TIME,,,,,,,,,,,,,,,,,,,,,
Time Table 1,12 Kasım 2025 Çarşamba,10:10,10:50,13-Membrane potential-Electrical equivalent curcuit and models / Prof.Dr. Leman YALÇINTEPE GÜNEŞTUTAR (Doç.Dr. Başak GÜNÇER),MOLECULAR BASIS OF LIFE / BİYOFİZİK AD.,FAKÜLTEMİZ WEB SİTESİ ÖĞRENCİ AĞI AMFİ PROGRAMINA BAKINIZ,,,,,,,,,,,,,,,,,,,
Time Table 1,12 Kasım 2025 Çarşamba,11:00,11:40,27-Synthesis of pyrimidine nucleotides / Prof.Dr. Nihal SALMAYENLİ (Prof.Dr. Şule SEÇKİN),MOLECULAR BASIS OF LIFE / TIBBİ BİYOKİMYA AD.,FAKÜLTEMİZ WEB SİTESİ ÖĞRENCİ AĞI AMFİ PROGRAMINA BAKINIZ,,,,,,,,,,,,,,,,,,,
Time Table 1,12 Kasım 2025 Çarşamba,11:50,12:30,28-Degradation of purine and pyrimidine nucleotides / Prof.Dr. Nihal SALMAYENLİ (Prof.Dr. Şule SEÇKİN),MOLECULAR BASIS OF LIFE / TIBBİ BİYOKİMYA AD.,FAKÜLTEMİZ WEB SİTESİ ÖĞRENCİ AĞI AMFİ PROGRAMINA BAKINIZ,,,,,,,,,,,,,,,,,,,
Time Table 1,12 Kasım 2025 Çarşamba,13:30,14:10,Elective Courses - 6,,FAKÜLTEMİZ WEB SİTESİ ÖĞRENCİ AĞI SEÇMELİ DERS AMFİ PROGRAMINA BAKINIZ,,,,,,,,,,,,,,,,,,,
Time Table 1,12 Kasım 2025 Çarşamba,14:20,15:00,Elective Courses - 6,,FAKÜLTEMİZ WEB SİTESİ ÖĞRENCİ AĞI SEÇMELİ DERS AMFİ PROGRAMINA BAKINIZ,,,,,,,,,,,,,,,,,,,
Time Table 1,12 Kasım 2025 Çarşamba,15:10,15:50,Elective Courses - 6,,FAKÜLTEMİZ WEB SİTESİ ÖĞRENCİ AĞI SEÇMELİ DERS AMFİ PROGRAMINA BAKINIZ,,,,,,,,,,,,,,,,,,,
Time Table 1,13 Kasım 2025 Perşembe,09:00,10:00,INTEGRATED SESSION - Inside the Cell Membrane... / Prof.Dr. Fatma OĞUZ -Doç. Dr. Elif KERVANCIOĞLU DEMİRCİ (Türkçe Tıp ile ortak ders),MOLECULAR BASIS OF LIFE / TIBBİ BİYOLOJİ AD. - HİSTOLOJİ VE EMBİRİYOLOJİ AD.,,,,,,,,,,,,,,,,,,,,
Time Table 1,13 Kasım 2025 Perşembe,10:10,10:50,15-The laws of diffusion and the importance of diffusion of biological systems / Doç.Dr. Bilge ÖZERMAN EDİS (Doç.Dr. Başak GÜNÇER),MOLECULAR BASIS OF LIFE / BİYOFİZİK AD.,FAKÜLTEMİZ WEB SİTESİ ÖĞRENCİ AĞI AMFİ PROGRAMINA BAKINIZ,,,,,,,,,,,,,,,,,,,
Time Table 1,13 Kasım 2025 Perşembe,11:00,11:40,29-Biochemical properties and classifications of enzymes / Doç.Dr. İlknur BİNGÜL (Prof.Dr. Seldağ BEKPINAR),MOLECULAR BASIS OF LIFE / TIBBİ BİYOKİMYA AD.,FAKÜLTEMİZ WEB SİTESİ ÖĞRENCİ AĞI AMFİ PROGRAMINA BAKINIZ,,,,,,,,,,,,,,,,,,,
Time Table 1,13 Kasım 2025 Perşembe,11:50,12:30,30-Biochemical factors affecting the rate of enzyme-catalyzed reactions / Doç.Dr. İlknur BİNGÜL (Prof.Dr. Seldağ BEKPINAR),MOLECULAR BASIS OF LIFE / TIBBİ BİYOKİMYA AD.,FAKÜLTEMİZ WEB SİTESİ ÖĞRENCİ AĞI AMFİ PROGRAMINA BAKINIZ,,,,,,,,,,,,,,,,,,,
Time Table 1,13 Kasım 2025 Perşembe,13:30,14:10,16-Chemical structure of nucleic acids / Prof.Dr. Nihal SALMAYENLİ (Prof.Dr. Şule SEÇKİN),MOLECULAR BASIS OF LIFE / TIBBİ BİYOKİMYA AD.,FAKÜLTEMİZ WEB SİTESİ ÖĞRENCİ AĞI AMFİ PROGRAMINA BAKINIZ,,,,,,,,,,,,,,,,,,,
Time Table 1,13 Kasım 2025 Perşembe,14:20,15:00,Ek Ders (Prof. Dr. Nihal SALMANYELİ),MOLECULAR BASIS OF LIFE / TIBBİ BİYOKİMYA AD.,FAKÜLTEMİZ WEB SİTESİ ÖĞRENCİ AĞI AMFİ PROGRAMINA BAKINIZ,,,,,,,,,,,,,,,,,,,
Time Table 1,13 Kasım 2025 Perşembe,15:10,15:50,FREE TIME,,FAKÜLTEMİZ WEB SİTESİ ÖĞRENCİ AĞI AMFİ PROGRAMINA BAKINIZ,,,,,,,,,,,,,,,,,,,
Time Table 1,13 Kasım 2025 Perşembe,16:00,16:40,FREE TIME,,FAKÜLTEMİZ WEB SİTESİ ÖĞRENCİ AĞI AMFİ PROGRAMINA BAKINIZ,,,,,,,,,,,,,,,,,,,
Time Table 1,14 Kasım 2025 Cuma,08:30,10:20,Problem-Based Learning  (PBL) İ2-1 / İ2-2 / İ2-3 / İ2-4,MOLECULAR BASIS OF LIFE,,,,,,,,,,,,,,,,,,,,
Time Table 1,14 Kasım 2025 Cuma,11:00,11:40,31-Enzyme inhibition / Doç.Dr. İlknur BİNGÜL (Prof.Dr. Seldağ BEKPINAR),MOLECULAR BASIS OF LIFE / TIBBİ BİYOKİMYA AD.,FAKÜLTEMİZ WEB SİTESİ ÖĞRENCİ AĞI AMFİ PROGRAMINA BAKINIZ,,,,,,,,,,,,,,,,,,,
Time Table 1,14 Kasım 2025 Cuma,11:50,12:30,32-Biochemical basis of regulation of enzyme activity / Doç.Dr. İlknur BİNGÜL (Prof.Dr. Seldağ BEKPINAR),MOLECULAR BASIS OF LIFE / TIBBİ BİYOKİMYA AD.,FAKÜLTEMİZ WEB SİTESİ ÖĞRENCİ AĞI AMFİ PROGRAMINA BAKINIZ,,,,,,,,,,,,,,,,,,,
Time Table 1,14 Kasım 2025 Cuma,14:00,16:00,LABORATORY SKILLS ( Communication Skills İ2-1 )- ,,,,,,,,,,,,,,,,,,,,,
Time Table 1,17 Kasım 2025 Pazartesi,08:30,10:20,LABORATORY SKILLS (BIOCHEMISTY 3) İ1 - (BIOPHYSICS 2) İ2,MOLECULAR BASIS OF LIFE,,,,,,,,,,,,,,,,,,,,
Time Table 1,17 Kasım 2025 Pazartesi,10:30,12:20,LABORATORY SKILLS (BIOCHEMISTY 4) İ2  - (BIOPHYSICS 2) İ1 ,MOLECULAR BASIS OF LIFE,,,,,,,,,,,,,,,,,,,,
Time Table 1,17 Kasım 2025 Pazartesi,10:00,12:45,FREE TIME (Time Table 3 Examination),,,,,,,,,,,,,,,,,,,,,
Time Table 1,17 Kasım 2025 Pazartesi,13:30,15:20,LABORATORY SKILLS (BIOCHEMISTY 4) İ1-Here and Now i2,MOLECULAR BASIS OF LIFE,,,,,,,,,,,,,,,,,,,,
Time Table 1,18 Kasım 2025 Salı,08:30,09:10,FREE TIME,,,,,,,,,,,,,,,,,,,,,
Time Table 1,18 Kasım 2025 Salı,09:20,10:00,FREE TIME,,,,,,,,,,,,,,,,,,,,,
Time Table 1,18 Kasım 2025 Salı,10:10,10:50,"14-In terms of bionergetics, the transmission of molecules across the membrane / Prof.Dr. Leman YALÇINTEPE GÜNEŞTUTAR (Doç.Dr. Başak GÜNÇER)",MOLECULAR BASIS OF LIFE / BİYOFİZİK AD.,FAKÜLTEMİZ WEB SİTESİ ÖĞRENCİ AĞI AMFİ PROGRAMINA BAKINIZ,,,,,,,,,,,,,,,,,,,
Time Table 1,18 Kasım 2025 Salı,11:00,11:40,33-Importance of transport through biological membranes / Prof.Dr. Evin ADEMOĞLU (Doç.Dr. İlknur BİNGÜL),MOLECULAR BASIS OF LIFE  / TIBBİ BİYOKİMYA AD.,FAKÜLTEMİZ WEB SİTESİ ÖĞRENCİ AĞI AMFİ PROGRAMINA BAKINIZ,,,,,,,,,,,,,,,,,,,
Time Table 1,18 Kasım 2025 Salı,11:50,12:30,34-Transport mechanism througuh biological membranes / Prof.Dr. Evin ADEMOĞLU (Doç.Dr. İlknur BİNGÜL),MOLECULAR BASIS OF LIFE  / TIBBİ BİYOKİMYA AD.,FAKÜLTEMİZ WEB SİTESİ ÖĞRENCİ AĞI AMFİ PROGRAMINA BAKINIZ,,,,,,,,,,,,,,,,,,,
Time Table 1,18 Kasım 2025 Salı,13:30,14:10,5-Structures and Dynamics of Microtubules   / Prof. Dr. Fatma OĞUZ (Doç.Dr. Hayriye Şentürk ÇİFTÇİ),MOLECULAR BASIS OF LIFE / TIBBİ BİYOLOJİ AD.,FAKÜLTEMİZ WEB SİTESİ ÖĞRENCİ AĞI AMFİ PROGRAMINA BAKINIZ,,,,,,,,,,,,,,,,,,,
Time Table 1,18 Kasım 2025 Salı,14:20,15:00,6-Structures and Dynamics of Microfilaments and İntermediate filaments / Prof. Dr. Fatma OĞUZ (Doç.Dr. Hayriye Şentürk ÇİFTÇİ),MOLECULAR BASIS OF LIFE / TIBBİ BİYOLOJİ AD.,FAKÜLTEMİZ WEB SİTESİ ÖĞRENCİ AĞI AMFİ PROGRAMINA BAKINIZ,,,,,,,,,,,,,,,,,,,
Time Table 1,18 Kasım 2025 Salı,15:10,15:50,FREE TIME,,,,,,,,,,,,,,,,,,,,,
Time Table 1,18 Kasım 2025 Salı,16:00,16:40,FREE TIME,,,,,,,,,,,,,,,,,,,,,
Time Table 1,19 Kasım 2025 Çarşamba,08:30,09:10,FREE TIME,,,,,,,,,,,,,,,,,,,,,
Time Table 1,19 Kasım 2025 Çarşamba,09:20,10:00,1-Biochemical functions of organelles I / Prof.Dr. Evin ADEMOĞLU (Doç.Dr. İlknur BİNGÜL),CELL / TIBBİ BİYOKİMYA AD.,FAKÜLTEMİZ WEB SİTESİ ÖĞRENCİ AĞI AMFİ PROGRAMINA BAKINIZ,,,,,,,,,,,,,,,,,,,
Time Table 1,19 Kasım 2025 Çarşamba,10:10,10:50,2-Biochemical functions of organelles II / Prof.Dr. Evin ADEMOĞLU (Doç.Dr. İlknur BİNGÜL),CELL / TIBBİ BİYOKİMYA AD.,FAKÜLTEMİZ WEB SİTESİ ÖĞRENCİ AĞI AMFİ PROGRAMINA BAKINIZ,,,,,,,,,,,,,,,,,,,
Time Table 1,19 Kasım 2025 Çarşamba,11:00,11:30,1-The Structure and Function of Endoplasmic Reticulum-ER Stress / Prof. Dr. Fatma OĞUZ (Doç.Dr. Hayriye Şentürk ÇİFTÇİ),CELL / TIBBİ BİYOLOJİ AD.,FAKÜLTEMİZ WEB SİTESİ ÖĞRENCİ AĞI AMFİ PROGRAMINA BAKINIZ,,,,,,,,,,,,,,,,,,,
Time Table 1,19 Kasım 2025 Çarşamba,11:30,12:00,2-Golgi Complex and Intracellular Membrane Traffics / Prof. Dr. Fatma OĞUZ (Doç.Dr. Hayriye Şentürk ÇİFTÇİ),CELL / TIBBİ BİYOLOJİ AD.,FAKÜLTEMİZ WEB SİTESİ ÖĞRENCİ AĞI AMFİ PROGRAMINA BAKINIZ,,,,,,,,,,,,,,,,,,,
Time Table 1,19 Kasım 2025 Çarşamba,12.00,12.30,3-The Structure and Function of Lysosome and Peroxisome / Prof. Dr. Fatma OĞUZ (Doç.Dr. Hayriye Şentürk ÇİFTÇİ),CELL / TIBBİ BİYOLOJİ AD.,FAKÜLTEMİZ WEB SİTESİ ÖĞRENCİ AĞI AMFİ PROGRAMINA BAKINIZ,,,,,,,,,,,,,,,,,,,
Time Table 1,19 Kasım 2025 Çarşamba,13:30,14:10,Elective Courses - 7,,FAKÜLTEMİZ WEB SİTESİ ÖĞRENCİ AĞI SEÇMELİ DERS AMFİ PROGRAMINA BAKINIZ,,,,,,,,,,,,,,,,,,,
Time Table 1,19 Kasım 2025 Çarşamba,14:20,15:00,Elective Courses - 7,,FAKÜLTEMİZ WEB SİTESİ ÖĞRENCİ AĞI SEÇMELİ DERS AMFİ PROGRAMINA BAKINIZ,,,,,,,,,,,,,,,,,,,
Time Table 1,19 Kasım 2025 Çarşamba,15:10,15:50,Elective Courses - 7,,FAKÜLTEMİZ WEB SİTESİ ÖĞRENCİ AĞI SEÇMELİ DERS AMFİ PROGRAMINA BAKINIZ,,,,,,,,,,,,,,,,,,,
Time Table 1,20 Kasım 2025 Perşembe,08:30,09:10,FREE TIME,,,,,,,,,,,,,,,,,,,,,
Time Table 1,20 Kasım 2025 Perşembe,09:20,10:00,FREE TIME,,,,,,,,,,,,,,,,,,,,,
Time Table 1,20 Kasım 2025 Perşembe,10:10,10:50,FREE TIME,,,,,,,,,,,,,,,,,,,,,
Time Table 1,20 Kasım 2025 Perşembe,11:00,11:40,FREE TIME,,,,,,,,,,,,,,,,,,,,,
Time Table 1,20 Kasım 2025 Perşembe,11:50,12:30,Blood pressure measurement /Prof.Dr. Ayşe PALANDUZ,MEDICAL SKILLS LABORATORY / AİLE HEKİMLİĞİ AD.,FAKÜLTEMİZ WEB SİTESİ ÖĞRENCİ AĞI AMFİ PROGRAMINA BAKINIZ,,,,,,,,,,,,,,,,,,,
Time Table 1,20 Kasım 2025 Perşembe,13:30,14:10,COMMUNICATION SKILLS 1-9 Empathy / Dr.Öğr.Üyesi Irmak POLAT (Doç.Dr. Dilek ANUK),MEDICAL SKILLS LABORATORY / RUH SAĞLIĞI VE HASTALIKLARI AD.,FAKÜLTEMİZ WEB SİTESİ ÖĞRENCİ AĞI AMFİ PROGRAMINA BAKINIZ,,,,,,,,,,,,,,,,,,,
Time Table 1,20 Kasım 2025 Perşembe,14:20,15:00,COMMUNICATION SKILLS 1-10 Empathy / DDr.Öğr.Üyesi Irmak POLAT (Doç.Dr. Dilek ANUK),MEDICAL SKILLS LABORATORY / RUH SAĞLIĞI VE HASTALIKLARI AD.,FAKÜLTEMİZ WEB SİTESİ ÖĞRENCİ AĞI AMFİ PROGRAMINA BAKINIZ,,,,,,,,,,,,,,,,,,,
Time Table 1,20 Kasım 2025 Perşembe,15:10,15:50,COMMUNICATION SKILLS 1-7 Active Listening / Doç. Dr. Müge BOZKURT (Dr. Öğr. Üyesi Irmak POLAT),MEDICAL SKILLS LABORATORY / RUH SAĞLIĞI VE HASTALIKLARI AD.,FAKÜLTEMİZ WEB SİTESİ ÖĞRENCİ AĞI AMFİ PROGRAMINA BAKINIZ,,,,,,,,,,,,,,,,,,,
Time Table 1,20 Kasım 2025 Perşembe,16:00,16:40,COMMUNICATION SKILLS 1-8 Active Listening / Doç. Dr. Müge BOZKURT (Dr. Öğr. Üyesi Irmak POLAT),MEDICAL SKILLS LABORATORY / RUH SAĞLIĞI VE HASTALIKLARI AD.,FAKÜLTEMİZ WEB SİTESİ ÖĞRENCİ AĞI AMFİ PROGRAMINA BAKINIZ,,,,,,,,,,,,,,,,,,,
Time Table 1,21 Kasım 2025 Cuma,08:30,09:10,FREE TIME,,,,,,,,,,,,,,,,,,,,,
Time Table 1,21 Kasım 2025 Cuma,09:20,10:00,"1-Morphology of bacteria, structure of bacterial cell-1 / Prof.Dr. Yaşar NAKİPOĞLU (Doç.Dr. Gonca ERKÖSE GENÇ)",CELL / TIBBİ MİKROBİYOLOJİ AD.,FAKÜLTEMİZ WEB SİTESİ ÖĞRENCİ AĞI AMFİ PROGRAMINA BAKINIZ,,,,,,,,,,,,,,,,,,,
Time Table 1,21 Kasım 2025 Cuma,10:10,10:50,"2-Morphology of bacteria, structure of bacterial cell-2 /Prof.Dr.Yaşar NAKİPOĞLU (Doç.Dr. Gonca ERKÖSE GENÇ)",CELL / TIBBİ MİKROBİYOLOJİ AD.,FAKÜLTEMİZ WEB SİTESİ ÖĞRENCİ AĞI AMFİ PROGRAMINA BAKINIZ,,,,,,,,,,,,,,,,,,,
Time Table 1,21 Kasım 2025 Cuma,11:00,11:40,3-Biochemical codes of DNA synthesis / Prof.Dr. Nihal SALMAYENLİ (Prof.Dr. Şule SEÇKİN),CELL / TIBBİ BİYOKİMYA AD.,FAKÜLTEMİZ WEB SİTESİ ÖĞRENCİ AĞI AMFİ PROGRAMINA BAKINIZ,,,,,,,,,,,,,,,,,,,
Time Table 1,21 Kasım 2025 Cuma,11:50,12:30,"4-RNA structure, synthesis and posttranscriptional modification of RNA / Prof.Dr. Şule SEÇKİN (Doç.Dr. İlknur BİNGÜL)",CELL / TIBBİ BİYOKİMYA AD.,FAKÜLTEMİZ WEB SİTESİ ÖĞRENCİ AĞI AMFİ PROGRAMINA BAKINIZ,,,,,,,,,,,,,,,,,,,
Time Table 1,21 Kasım 2025 Cuma,14:00,14:40,FREE TIME,,,,,,,,,,,,,,,,,,,,,
Time Table 1,21 Kasım 2025 Cuma,14:50,15:30,FREE TIME,,,,,,,,,,,,,,,,,,,,,
Time Table 1,21 Kasım 2025 Cuma,15:40,16:20,FREE TIME,,,,,,,,,,,,,,,,,,,,,
Time Table 1,24 Kasım 2025 Pazartesi,08:30,09:10,4-Proteasome and chaperons / Prof. Dr. Fatma OĞUZ (Doç.Dr. Hayriye Şentürk ÇİFTÇİ),CELL / TIBBİ BİYOLOJİ AD.,FAKÜLTEMİZ WEB SİTESİ ÖĞRENCİ AĞI AMFİ PROGRAMINA BAKINIZ,,,,,,,,,,,,,,,,,,,
Time Table 1,24 Kasım 2025 Pazartesi,09:20,10:00,5-Endocytosis and Ekzositosis - Exosomes / Prof. Dr. Fatma OĞUZ (Doç.Dr. Hayriye Şentürk ÇİFTÇİ),CELL / TIBBİ BİYOLOJİ AD.,FAKÜLTEMİZ WEB SİTESİ ÖĞRENCİ AĞI AMFİ PROGRAMINA BAKINIZ,,,,,,,,,,,,,,,,,,,
Time Table 1,24 Kasım 2025 Pazartesi,10:30,12:20,LABORATORY SKILLS (MEDICAL BIOLOGY 1) İ2 - (BIOPHYSICS 3) İ1,MOLECULAR BASIS OF LIFE ,,,,,,,,,,,,,,,,,,,,
Time Table 1,24 Kasım 2025 Pazartesi,13:30,15:20,LABORATORY SKILLS (MEDICAL BIOLOGY 1) İ1 - (PHYSIOLOGY) İ2,MOLECULAR BASIS OF LIFE ,,,,,,,,,,,,,,,,,,,,
Time Table 1,25 Kasım 2025 Salı,08:30,10:20,LABORATORY SKILLS (BIOPHYSICS 3) İ2-Here and Now İ1,MEDICAL SKILLS LABORATORY,,,,,,,,,,,,,,,,,,,,
Time Table 1,25 Kasım 2025 Salı,11:00,11:40,FREE TIME,,,,,,,,,,,,,,,,,,,,,
Time Table 1,25 Kasım 2025 Salı,11:50,12:30,FREE TIME,,,,,,,,,,,,,,,,,,,,,
Time Table 1,25 Kasım 2025 Salı,13:30,15:20,FREE TIME,CELL,,,,,,,,,,,,,,,,,,,,
Time Table 1,25 Kasım 2025 Salı,14:30,16:20,LABORATORY SKILLS - Communication Skills i3-1,MEDICAL SKILLS LABORATORY,,,,,,,,,,,,,,,,,,,,
Time Table 1,26 Kasım 2025 Çarşamba,08:30,09:30,INTEGRATED SESSION - Functional Disorders of Organelles and Clinical Reflections / Prof.Dr. Fatma OĞUZ - Dr.Öğr. Üyesi Mehmet Cihan BALCI (Türkçe Tıp ile ortak ders),CELL / TIBBİ BİYOLOJİ AD. - ÇOCUK SAĞLIĞI VE HASTALIKLARI AD.,FAKÜLTEMİZ WEB SİTESİ ÖĞRENCİ AĞI AMFİ PROGRAMINA BAKINIZ,,,,,,,,,,,,,,,,,,,
Time Table 1,26 Kasım 2025 Çarşamba,09:40,10:40,FREE TIME,,,,,,,,,,,,,,,,,,,,,
Time Table 1,26 Kasım 2025 Çarşamba,10:50,12:30,LABORATORY SKILLS  -   (BIOCHEMISTY ) İ1,MEDICAL SKILLS LABORATORY,,,,,,,,,,,,,,,,,,,,
Time Table 1,26 Kasım 2025 Çarşamba,13:30,14:10,Elective Courses - 8,,FAKÜLTEMİZ WEB SİTESİ ÖĞRENCİ AĞI SEÇMELİ DERS AMFİ PROGRAMINA BAKINIZ,,,,,,,,,,,,,,,,,,,
Time Table 1,26 Kasım 2025 Çarşamba,14:20,15:00,Elective Courses - 8,,FAKÜLTEMİZ WEB SİTESİ ÖĞRENCİ AĞI SEÇMELİ DERS AMFİ PROGRAMINA BAKINIZ,,,,,,,,,,,,,,,,,,,
Time Table 1,26 Kasım 2025 Çarşamba,15:10,15:50,Elective Courses - 8,,FAKÜLTEMİZ WEB SİTESİ ÖĞRENCİ AĞI SEÇMELİ DERS AMFİ PROGRAMINA BAKINIZ,,,,,,,,,,,,,,,,,,,
Time Table 1,27 Kasım 2025 Perşembe,08:30,10:20,LABORATORY SKILLS (Microbiology 1) i2,CELL,,,,,,,,,,,,,,,,,,,,
Time Table 1,27 Kasım 2025 Perşembe,10:30,12:20,FREE TIME,,,,,,,,,,,,,,,,,,,,,
Time Table 1,27 Kasım 2025 Perşembe,13:30,14:10,3-General Characteristics of Viruses / Prof.Dr. Ali AĞAÇFİDAN (Doç.Dr. Hayriye KIRKOYUN UYSAL),CELL / TIBBİ MİKROBİYOLOJİ AD.,FAKÜLTEMİZ WEB SİTESİ ÖĞRENCİ AĞI AMFİ PROGRAMINA BAKINIZ,,,,,,,,,,,,,,,,,,,
Time Table 1,27 Kasım 2025 Perşembe,14:20,15:00,4-General Information about Parasites / Doç.Dr. Gonca ERKÖSE GENÇ (Doç.Dr. Bahar AKGÜN KARAPINAR),CELL / TIBBİ MİKROBİYOLOJİ AD.,FAKÜLTEMİZ WEB SİTESİ ÖĞRENCİ AĞI AMFİ PROGRAMINA BAKINIZ,,,,,,,,,,,,,,,,,,,
Time Table 1,27 Kasım 2025 Perşembe,15:10,15:50,COMMUNICATION SKILLS 1-11 Communication Barriers / Doç.Dr. Dilek ANUK (Dr.Öğr.Üyesi Ezgi İnce GULİYEV),MEDICAL SKILLS LABORATORY / RUH SAĞLIĞI VE HASTALIKLARI AD.,FAKÜLTEMİZ WEB SİTESİ ÖĞRENCİ AĞI AMFİ PROGRAMINA BAKINIZ,,,,,,,,,,,,,,,,,,,
Time Table 1,27 Kasım 2025 Perşembe,16:00,16:40,COMMUNICATION SKILLS 1-12 Communication Barriers / Doç.Dr. Dilek ANUK (Dr.Öğr.Üyesi Ezgi İnce GULİYEV),MEDICAL SKILLS LABORATORY / RUH SAĞLIĞI VE HASTALIKLARI AD.,FAKÜLTEMİZ WEB SİTESİ ÖĞRENCİ AĞI AMFİ PROGRAMINA BAKINIZ,,,,,,,,,,,,,,,,,,,
Time Table 1,28 Kasım 2025 Cuma,08:30,10:20,LABORATORY SKILLS (Microbiology 1) i1 -   (MEDICAL BIOLOGY 1) İ2 ,CELL - MEDICAL SKILLS LABORATORY,,,,,,,,,,,,,,,,,,,,
Time Table 1,28 Kasım 2025 Cuma,10:30,11:10,5-Electron Transfer Reactions in the Mitochondria / Doç.Dr. Ayşe Gül Sündüs TELCİ (Doç.Dr. İlknur BİNGÜL),CELL / TIBBİ BİYOKİMYA AD.,FAKÜLTEMİZ WEB SİTESİ ÖĞRENCİ AĞI AMFİ PROGRAMINA BAKINIZ,,,,,,,,,,,,,,,,,,,
Time Table 1,28 Kasım 2025 Cuma,11:20,12:00,6-Electron Carriers / Doç.Dr. Ayşe Gül Sündüs TELCİ (Doç.Dr. İlknur BİNGÜL),CELL / TIBBİ BİYOKİMYA AD.,FAKÜLTEMİZ WEB SİTESİ ÖĞRENCİ AĞI AMFİ PROGRAMINA BAKINIZ,,,,,,,,,,,,,,,,,,,
Time Table 1,28 Kasım 2025 Cuma,14:00,14:40,COMMUNICATION SKILLS 1-13 Basic Concepts of Physician-Patient Communication / Doç.Dr. Dilek ANUK (Dr.Öğr.Üyesi Ezgi İnce GULİYEV),MEDICAL SKILLS LABORATORY / RUH SAĞLIĞI VE HASTALIKLARI AD.,FAKÜLTEMİZ WEB SİTESİ ÖĞRENCİ AĞI AMFİ PROGRAMINA BAKINIZ,,,,,,,,,,,,,,,,,,,
Time Table 1,28 Kasım 2025 Cuma,14:50,15:30,COMMUNICATION SKILLS 1-14 Basic Concepts of Physician-Patient Communication / Doç.Dr. Dilek ANUK (Dr.Öğr.Üyesi Ezgi İnce GULİYEV),MEDICAL SKILLS LABORATORY / RUH SAĞLIĞI VE HASTALIKLARI AD.,FAKÜLTEMİZ WEB SİTESİ ÖĞRENCİ AĞI AMFİ PROGRAMINA BAKINIZ,,,,,,,,,,,,,,,,,,,
Time Table 1,28 Kasım 2025 Cuma,15:40,16:40, ÖLÇME DEĞERLENDİRME BİLGİLENDİRME TOPLANMASI  (Türkçe Tıp ile ortak ders),,FAKÜLTEMİZ WEB SİTESİ ÖĞRENCİ AĞI AMFİ PROGRAMINA BAKINIZ,,,,,,,,,,,,,,,,,,,
Time Table 1,1 Aralık 2025 Pazartesi,08:30,10:20,LABORATORY SKILLS  (BIOCHEMISTY 1) İ2 ,MEDICAL SKILLS LABORATORY,,,,,,,,,,,,,,,,,,,,
Time Table 1,1 Aralık 2025 Pazartesi,11:00,11:40,6-Structure and Function of Nucleus - Nucleolus / Prof. Dr. Fatma OĞUZ (Doç.Dr. Hayriye Şentürk ÇİFTÇİ),CELL / TIBBİ BİYOLOJİ AD.,FAKÜLTEMİZ WEB SİTESİ ÖĞRENCİ AĞI AMFİ PROGRAMINA BAKINIZ,,,,,,,,,,,,,,,,,,,
Time Table 1,1 Aralık 2025 Pazartesi,11:50,12:30,7-Chromation Structure and Chromosomes / Prof. Dr. Fatma OĞUZ (Doç.Dr. Hayriye Şentürk ÇİFTÇİ),CELL / TIBBİ BİYOLOJİ AD.,FAKÜLTEMİZ WEB SİTESİ ÖĞRENCİ AĞI AMFİ PROGRAMINA BAKINIZ,,,,,,,,,,,,,,,,,,,
Time Table 1,1 Aralık 2025 Pazartesi,13:30,15:20,LABORATORY SKILLS (Nutrition and Healthy Diet)  İ1-İ2-İ3,MEDICAL SKILLS LABORATORY,FAKÜLTEMİZ WEB SİTESİ ÖĞRENCİ AĞI AMFİ PROGRAMINA BAKINIZ,,,,,,,,,,,,,,,,,,,
Time Table 1,2 Aralık 2025 Salı,08:30,10:20,LABORATORY SKILLS (Blood pressure measurement) İ2 -Communication Skills İ1-2,MEDICAL SKILLS LABORATORY,,,,,,,,,,,,,,,,,,,,
Time Table 1,2 Aralık 2025 Salı,11:00,11:40,FREE TIME,,,,,,,,,,,,,,,,,,,,,
Time Table 1,2 Aralık 2025 Salı,11:50,12:30,FREE TIME,,,,,,,,,,,,,,,,,,,,,
Time Table 1,2 Aralık 2025 Salı,13:30,14:10,7-ATP Synthesis / Doç.Dr. Ayşe Gül Sündüs TELCİ (Doç.Dr. İlknur BİNGÜL),CELL / TIBBİ BİYOKİMYA AD.,FAKÜLTEMİZ WEB SİTESİ ÖĞRENCİ AĞI AMFİ PROGRAMINA BAKINIZ,,,,,,,,,,,,,,,,,,,
Time Table 1,2 Aralık 2025 Salı,14:20,15:00,8-Regulation of Oxidative Phosphorylation / Doç.Dr. Ayşe Gül Sündüs TELCİ (Doç.Dr. İlknur BİNGÜL),CELL / TIBBİ BİYOKİMYA AD.,FAKÜLTEMİZ WEB SİTESİ ÖĞRENCİ AĞI AMFİ PROGRAMINA BAKINIZ,,,,,,,,,,,,,,,,,,,
Time Table 1,3 Aralık 2025 Çarşamba,08:30,10:20,"LABORATORY SKILLS (Blood pressure measurement) İ1, ( Communication Skills İ3-2 )",MEDICAL SKILLS LABORATORY,,,,,,,,,,,,,,,,,,,,
Time Table 1,3 Aralık 2025 Çarşamba,11:00,11:40,5-General Information about fungi / Prof.Dr. Zayre ERTURAN (Doç.Dr. Gonca ERKÖSE GENÇ),CELL / TIBBİ MİKROBİYOLOJİ AD.,FAKÜLTEMİZ WEB SİTESİ ÖĞRENCİ AĞI AMFİ PROGRAMINA BAKINIZ,,,,,,,,,,,,,,,,,,,
Time Table 1,3 Aralık 2025 Çarşamba,11:50,12:30,6-General information on Archaea Bacteria / Prof. Dr. Yaşar NAKİPOĞLU (Doç.Dr. Bahar AKGÜN KARAPINAR),CELL / TIBBİ MİKROBİYOLOJİ AD.,FAKÜLTEMİZ WEB SİTESİ ÖĞRENCİ AĞI AMFİ PROGRAMINA BAKINIZ,,,,,,,,,,,,,,,,,,,
Time Table 1,3 Aralık 2025 Çarşamba,13:30,14:10,Elective Courses - 9,,FAKÜLTEMİZ WEB SİTESİ ÖĞRENCİ AĞI SEÇMELİ DERS AMFİ PROGRAMINA BAKINIZ,,,,,,,,,,,,,,,,,,,
Time Table 1,3 Aralık 2025 Çarşamba,14:20,15:00,Elective Courses - 9,,FAKÜLTEMİZ WEB SİTESİ ÖĞRENCİ AĞI SEÇMELİ DERS AMFİ PROGRAMINA BAKINIZ,,,,,,,,,,,,,,,,,,,
Time Table 1,3 Aralık 2025 Çarşamba,15:10,15:50,Elective Courses - 9,,FAKÜLTEMİZ WEB SİTESİ ÖĞRENCİ AĞI SEÇMELİ DERS AMFİ PROGRAMINA BAKINIZ,,,,,,,,,,,,,,,,,,,
Time Table 1,4 Aralık 2025 Perşembe,08:30,10:20,LABORATORY SKILLS (MEDICAL BIOLOGY 1) i1 -  (Blood pressure measurement) İ3,CELL,,,,,,,,,,,,,,,,,,,,
Time Table 1,4 Aralık 2025 Perşembe,11:00,11:40,COMMUNICATION SKILLS 1-15 Patient Psychology / Doç.Dr. Dilek ANUK (Dr.Öğr.Üyesi Ezgi İnce GULİYEV),MEDICAL SKILLS LABORATORY / RUH SAĞLIĞI VE HASTALIKLARI AD.,FAKÜLTEMİZ WEB SİTESİ ÖĞRENCİ AĞI AMFİ PROGRAMINA BAKINIZ,,,,,,,,,,,,,,,,,,,
Time Table 1,4 Aralık 2025 Perşembe,11:50,12:30,COMMUNICATION SKILLS 1-16 Physician and Patient Rights - Medical Ethics and Communication / Doç.Dr. Dilek ANUK (Dr.Öğr.Üyesi Ezgi İnce GULİYEV),MEDICAL SKILLS LABORATORY / RUH SAĞLIĞI VE HASTALIKLARI AD.,FAKÜLTEMİZ WEB SİTESİ ÖĞRENCİ AĞI AMFİ PROGRAMINA BAKINIZ,,,,,,,,,,,,,,,,,,,
Time Table 1,4 Aralık 2025 Perşembe,13:30,15:00,FREE TIME,,,,,,,,,,,,,,,,,,,,,
Time Table 1,4 Aralık 2025 Perşembe,16:00,16:40,FREE TIME,,,,,,,,,,,,,,,,,,,,,
Time Table 1,5 Aralık 2025 Cuma,08:30,10:20,LABORATORY SKILLS (MEDICAL BIOLOGY 2) İ2 -,CELL ,,,,,,,,,,,,,,,,,,,,
Time Table 1,5 Aralık 2025 Cuma,10:30,11:50,INTEGRATED SESSION - Mitochondria and Diseases / Prof.Dr. Çiğdem KEKİK ÇINAR - Prof.Dr. Semra ABBASOĞLU - Prof.Dr. Asuman GEDİKBAŞI - Prof.Dr. Handan AKÇAKAYA (Türkçe Tıp ile ortak ders),CELL / TIBBİ BİYOLOJİ AD. - TIBBİ BİYOKİMYA AD. - ÇOCUK SAĞLIĞI VE HASTALIKLARI GENETİK BD. - BİYOFİZİK AD.,FAKÜLTEMİZ WEB SİTESİ ÖĞRENCİ AĞI AMFİ PROGRAMINA BAKINIZ,,,,,,,,,,,,,,,,,,,
Time Table 1,5 Aralık 2025 Cuma,14:00,14:40,7-Host / microorganism relationships and Microbiota / Prof. Dr. Yaşar NAKİPOĞLU (Doç.Dr. Bahar AKGÜN KARAPINAR),CELL / TIBBİ MİKROBİYOLOJİ AD.,FAKÜLTEMİZ WEB SİTESİ ÖĞRENCİ AĞI AMFİ PROGRAMINA BAKINIZ,,,,,,,,,,,,,,,,,,,
Time Table 1,5 Aralık 2025 Cuma,14:50,15:30,"1-Introduction to molecular biophysics (gen,genome, proteomics) / Doç.Dr. Başak GÜNÇER (Prof.Dr. Leman YALÇINTEPE GÜNEŞTUTAR)",CELL / BİYOFİZİK AD.,FAKÜLTEMİZ WEB SİTESİ ÖĞRENCİ AĞI AMFİ PROGRAMINA BAKINIZ,,,,,,,,,,,,,,,,,,,
Time Table 1,5 Aralık 2025 Cuma,15:40,16:20,8-Biology of DNA replication / Prof.Dr. Selçuk DAŞDEMİR (Prof. Dr. Fatma OĞUZ),CELL / TIBBİ BİYOLOJİ AD.,FAKÜLTEMİZ WEB SİTESİ ÖĞRENCİ AĞI AMFİ PROGRAMINA BAKINIZ,,,,,,,,,,,,,,,,,,,
Time Table 1,5 Aralık 2025 Cuma,16:30,17:10,9-DNA Damages and Repair Mechanisms / Prof.Dr. Selçuk DAŞDEMİR (Prof. Dr. Fatma OĞUZ),CELL / TIBBİ BİYOLOJİ AD.,FAKÜLTEMİZ WEB SİTESİ ÖĞRENCİ AĞI AMFİ PROGRAMINA BAKINIZ,,,,,,,,,,,,,,,,,,,
Time Table 1,8 Aralık 2025 Pazartesi,08:30,10:20,LABORATORY SKILLS (MEDICAL BIOLOGY 2) İ1  LABORATORY SKILLS (Learning ) i2 ,CELL / MEDICAL SKILLS LABORATORY ,,,,,,,,,,,,,,,,,,,,
Time Table 1,8 Aralık 2025 Pazartesi,11:00,11:40,The structure of nucleic acids - characteristic features of DNA and steroids: Examples for clinical reflections / Prof.Dr. Gülşah YENİDÜNYA YALIN (Prof. Dr. Ayşe Kubat ÜZÜM),CELL / İÇ HASTALIKLARI AD. (ENDOKRİNOLOJİ BD.),FAKÜLTEMİZ WEB SİTESİ ÖĞRENCİ AĞI AMFİ PROGRAMINA BAKINIZ,,,,,,,,,,,,,,,,,,,
Time Table 1,8 Aralık 2025 Pazartesi,11:50,12:30,"2-3D structure of macromolecules (crystallogtaphy, NMR, Protein tomography) / Doç.Dr. Başak GÜNÇER (Prof.Dr. Leman YALÇINTEPE GÜNEŞTUTAR)",CELL / BİYOFİZİK AD.,FAKÜLTEMİZ WEB SİTESİ ÖĞRENCİ AĞI AMFİ PROGRAMINA BAKINIZ,,,,,,,,,,,,,,,,,,,
Time Table 1,8 Aralık 2025 Pazartesi,13:30,15:20,LABORATORY SKILLS ( Microbiology 1)  İ2  - (Learning ) i1,CELL / MEDICAL SKILLS LABORATORY ,,,,,,,,,,,,,,,,,,,,
Time Table 1,9 Aralık 2025 Salı,08:30,10:20,LABORATORY SKILLS Communication Skills İ2-2,CELL / MEDICAL SKILLS LABORATORY ,,,,,,,,,,,,,,,,,,,,
Time Table 1,9 Aralık 2025 Salı,11:00,11:40,10-RNA Molecules / Prof.Dr. Selçuk DAŞDEMİR (Prof. Dr. Fatma OĞUZ),CELL / TIBBİ BİYOLOJİ AD.,FAKÜLTEMİZ WEB SİTESİ ÖĞRENCİ AĞI AMFİ PROGRAMINA BAKINIZ,,,,,,,,,,,,,,,,,,,
Time Table 1,9 Aralık 2025 Salı,11:50,12:30,11-Transcription / Prof.Dr. Selçuk DAŞDEMİR (Prof. Dr. Fatma OĞUZ),CELL / TIBBİ BİYOLOJİ AD.,FAKÜLTEMİZ WEB SİTESİ ÖĞRENCİ AĞI AMFİ PROGRAMINA BAKINIZ,,,,,,,,,,,,,,,,,,,
Time Table 1,9 Aralık 2025 Salı,13:30,14:10,12-Non coding RNA / Prof.Dr. Selçuk DAŞDEMİR (Prof. Dr. Fatma OĞUZ),CELL / TIBBİ BİYOLOJİ AD.,FAKÜLTEMİZ WEB SİTESİ ÖĞRENCİ AĞI AMFİ PROGRAMINA BAKINIZ,,,,,,,,,,,,,,,,,,,
Time Table 1,9 Aralık 2025 Salı,14:20,15:00,13-The structure and genome of mitochondria and inheritance in mitochondrial diseases / Prof.Dr. Selçuk DAŞDEMİR (Prof. Dr. Fatma OĞUZ),CELL / TIBBİ BİYOLOJİ AD.,FAKÜLTEMİZ WEB SİTESİ ÖĞRENCİ AĞI AMFİ PROGRAMINA BAKINIZ,,,,,,,,,,,,,,,,,,,
Time Table 1,9 Aralık 2025 Salı,15:30,16:30,INTEGRATED SESSION - Life and Change / Prof.Dr. Zeynep SOLAKOĞLU - Doç. Dr. Elif KERVANCIOĞLU DEMİRCİ(Türkçe Tıp ile ortak ders),CELL / TIP EĞİTİMİ AD. - HİSTOLOJİ VE EMBİRİYOLOJİ AD.,,,,,,,,,,,,,,,,,,,,
Time Table 1,9 Aralık 2025 Salı,16.40,17.20,Introductory Lesson / Prof.Dr. Zeynep Olcay SOLAKOĞLU (Türkçe Tıp ile ortak ders),MOLECULAR BASIS OF LIFE - CELL - TISSUE,,,,,,,,,,,,,,,,,,,,
Time Table 1,10 Aralık 2025 Çarşamba,08:30,10:20,LABORATORY SKILLS (Microbiology 2) İ1 - (BIOPHYSICS 1) İ2,CELL ,,,,,,,,,,,,,,,,,,,,
Time Table 1,10 Aralık 2025 Çarşamba,10:30,11:10,"14-Ribosome Structure and Function, Translation and Genetic Code / Prof.Dr. Fatma OĞUZ (Doç.Dr. Hayriye Şentürk ÇİFTÇİ)",CELL / TIBBİ BİYOLOJİ AD.,FAKÜLTEMİZ WEB SİTESİ ÖĞRENCİ AĞI AMFİ PROGRAMINA BAKINIZ,,,,,,,,,,,,,,,,,,,
Time Table 1,10 Aralık 2025 Çarşamba,11:20,12:00,15-Regulation of Gene Expression in Eukaryotes / Prof.Dr. Fatma OĞUZ (Doç.Dr. Hayriye Şentürk ÇİFTÇİ),CELL / TIBBİ BİYOLOJİ AD.,FAKÜLTEMİZ WEB SİTESİ ÖĞRENCİ AĞI AMFİ PROGRAMINA BAKINIZ,,,,,,,,,,,,,,,,,,,
Time Table 1,10 Aralık 2025 Çarşamba,13:30,14:10,Elective Courses - 10,,FAKÜLTEMİZ WEB SİTESİ ÖĞRENCİ AĞI SEÇMELİ DERS AMFİ PROGRAMINA BAKINIZ,,,,,,,,,,,,,,,,,,,
Time Table 1,10 Aralık 2025 Çarşamba,14:20,15:00,Elective Courses - 10,,FAKÜLTEMİZ WEB SİTESİ ÖĞRENCİ AĞI SEÇMELİ DERS AMFİ PROGRAMINA BAKINIZ,,,,,,,,,,,,,,,,,,,
Time Table 1,10 Aralık 2025 Çarşamba,15:10,15:50,Elective Courses - 10,,FAKÜLTEMİZ WEB SİTESİ ÖĞRENCİ AĞI SEÇMELİ DERS AMFİ PROGRAMINA BAKINIZ,,,,,,,,,,,,,,,,,,,
Time Table 1,11 Aralık 2025 Perşembe,08:30,09:10,BLOOD PRESSURE MEASUEREMENT EXAM /Prof.Dr. Ayşe PALANDUZ,,,,,,,,,,,,,,,,,,,,,
Time Table 1,11 Aralık 2025 Perşembe,09:20,10:00,FREE TIME,,,,,,,,,,,,,,,,,,,,,
Time Table 1,11 Aralık 2025 Perşembe,10:10,10:50,FREE TIME,,,,,,,,,,,,,,,,,,,,,
Time Table 1,11 Aralık 2025 Perşembe,11:00,11:40,"16-lntracellular Signal Molecules, Receptors and Cellular Response / Prof.Dr. Fatma OĞUZ (Doç.Dr. Hayriye ŞENTÜRK ÇİFTÇİ)",CELL / TIBBİ BİYOLOJİ AD.,FAKÜLTEMİZ WEB SİTESİ ÖĞRENCİ AĞI AMFİ PROGRAMINA BAKINIZ,,,,,,,,,,,,,,,,,,,
Time Table 1,11 Aralık 2025 Perşembe,11:50,12:30,17-lntracellular Signal Response / Prof.Dr. Fatma OĞUZ (Doç.Dr. Hayriye ŞENTÜRK ÇİFTÇİ),CELL / TIBBİ BİYOLOJİ AD.,FAKÜLTEMİZ WEB SİTESİ ÖĞRENCİ AĞI AMFİ PROGRAMINA BAKINIZ,,,,,,,,,,,,,,,,,,,
Time Table 1,11 Aralık 2025 Perşembe,13:30,14:10,FREE TIME,,,,,,,,,,,,,,,,,,,,,
Time Table 1,11 Aralık 2025 Perşembe,14:20,15:00,BLOOD PRESSURE MEASUEREMENT EXAM /Prof.Dr. Ayşe PALANDUZ,,,,,,,,,,,,,,,,,,,,,
Time Table 1,11 Aralık 2025 Perşembe,15:10,15:50,BLOOD PRESSURE MEASUEREMENT EXAM /Prof.Dr. Ayşe PALANDUZ,,,,,,,,,,,,,,,,,,,,,
Time Table 1,11 Aralık 2025 Perşembe,16:00,16:40,FREE TIME,,,,,,,,,,,,,,,,,,,,,
Time Table 1,12 Aralık 2025 Cuma,08:30,10:20,LABORATORY SKILLS (Microbiology 2) İ2  - (BIOPHYSICS 1) İ1,CELL,,,,,,,,,,,,,,,,,,,,
Time Table 1,12 Aralık 2025 Cuma,11:00,11:40,18-Mitosis and Chromosomal Movements / Prof.Dr. Selçuk DAŞDEMİR (Prof.Dr. Fatma OĞUZ),CELL / TIBBİ BİYOLOJİ AD.,FAKÜLTEMİZ WEB SİTESİ ÖĞRENCİ AĞI AMFİ PROGRAMINA BAKINIZ,,,,,,,,,,,,,,,,,,,
Time Table 1,12 Aralık 2025 Cuma,11:50,12:30,19-Meiosis and recombinations / Prof.Dr. Selçuk DAŞDEMİR (Prof.Dr. Fatma OĞUZ),CELL / TIBBİ BİYOLOJİ AD.,FAKÜLTEMİZ WEB SİTESİ ÖĞRENCİ AĞI AMFİ PROGRAMINA BAKINIZ,,,,,,,,,,,,,,,,,,,
Time Table 1,12 Aralık 2025 Cuma,14:00,16:20,LABORATORY SKILLS - Communication Skills İ1-1  ,,,,,,,,,,,,,,,,,,,,,
Time Table 1,15 Aralık 2025 Pazartesi,08:30,09:10,BLOOD PRESSURE MEASUEREMENT EXAM /Prof.Dr. Ayşe PALANDUZ,,,,,,,,,,,,,,,,,,,,,
Time Table 1,15 Aralık 2025 Pazartesi,09:20,10:00,BLOOD PRESSURE MEASUEREMENT EXAM /Prof.Dr. Ayşe PALANDUZ,,,,,,,,,,,,,,,,,,,,,
Time Table 1,15 Aralık 2025 Pazartesi,10:30,12:20,LABORATORY SKILLS (BIOPHYSICS 2) İ1 - (Microbiology 3) İ2,CELL ,,,,,,,,,,,,,,,,,,,,
Time Table 1,15 Aralık 2025 Pazartesi,13:30,15:20,LABORATORY SKILLS (MEDICAL BIOLOGY 3) İ1 - (BIOPHYSICS 2) İ2,CELL ,,,,,,,,,,,,,,,,,,,,
Time Table 1,16 Aralık 2025 Salı,08:30,10:20,LABORATORY SKILLS (MEDICAL BIOLOGY 3) İ2,CELL,,,,,,,,,,,,,,,,,,,,
Time Table 1,16 Aralık 2025 Salı,11:00,11:40,8-Phenotypic change and mutation in bacteria /Doç.Dr. Bahar AKGÜN KARAPINAR (Prof.Dr. Zerrin AKTAŞ),CELL / TIBBİ MİKROBİYOLOJİ AD.,FAKÜLTEMİZ WEB SİTESİ ÖĞRENCİ AĞI AMFİ PROGRAMINA BAKINIZ,,,,,,,,,,,,,,,,,,,
Time Table 1,16 Aralık 2025 Salı,11:50,12:30,"9-Transformation, transduction and conjugation in bacteria / Doç.Dr. Bahar AKGÜN KARAPINAR (Prof.Dr. Zerrin AKTAŞ)",CELL / TIBBİ MİKROBİYOLOJİ AD.,FAKÜLTEMİZ WEB SİTESİ ÖĞRENCİ AĞI AMFİ PROGRAMINA BAKINIZ,,,,,,,,,,,,,,,,,,,
Time Table 1,16 Aralık 2025 Salı,13:30,14:10,9-Protein synthesis and posttranslational modifications / Prof.Dr. Şule SEÇKİN (Prof.Dr. Nihal SALMAYENLİ),CELL / TIBBİ BİYOKİMYA AD.,FAKÜLTEMİZ WEB SİTESİ ÖĞRENCİ AĞI AMFİ PROGRAMINA BAKINIZ,,,,,,,,,,,,,,,,,,,
Time Table 1,16 Aralık 2025 Salı,14:20,15:00,10-Biochemical codes of regulation of genetic processes / Prof. Dr. Abdurrahman Fatih AYDIN (Prof.Dr. Şule SEÇKİN),CELL / TIBBİ BİYOKİMYA AD.,FAKÜLTEMİZ WEB SİTESİ ÖĞRENCİ AĞI AMFİ PROGRAMINA BAKINIZ,,,,,,,,,,,,,,,,,,,
Time Table 1,16 Aralık 2025 Salı,15:10,15:50,FREE TIME,,,,,,,,,,,,,,,,,,,,,
Time Table 1,17 Aralık 2025 Çarşamba,08:30,10:20,BLOOD PRESSURE MEASUEREMENT EXAM /Prof.Dr. Ayşe PALANDUZ,,,,,,,,,,,,,,,,,,,,,
Time Table 1,17 Aralık 2025 Çarşamba,10:30,11:10,"5-ATP and chemical energy transfer-Bioenergetic of cellular respiration, biological work, chemical work, osmotic work / Prof.Dr. Leman YALÇINTEPE GÜNEŞTUTAR (Doç.Dr. Başak GÜNÇER)",CELL / BİYOFİZİK AD.,FAKÜLTEMİZ WEB SİTESİ ÖĞRENCİ AĞI AMFİ PROGRAMINA BAKINIZ,,,,,,,,,,,,,,,,,,,
Time Table 1,17 Aralık 2025 Çarşamba,11:20,12:00,6-Molecular mechanism of mechanical work / Prof.Dr. Leman YALÇINTEPE GÜNEŞTUTAR (Doç.Dr. Başak GÜNÇER),CELL / BİYOFİZİK AD.,FAKÜLTEMİZ WEB SİTESİ ÖĞRENCİ AĞI AMFİ PROGRAMINA BAKINIZ,,,,,,,,,,,,,,,,,,,
Time Table 1,17 Aralık 2025 Çarşamba,13:30,14:10,Elective Courses - 11,,FAKÜLTEMİZ WEB SİTESİ ÖĞRENCİ AĞI SEÇMELİ DERS AMFİ PROGRAMINA BAKINIZ,,,,,,,,,,,,,,,,,,,
Time Table 1,17 Aralık 2025 Çarşamba,14:20,15:00,Elective Courses - 11,,FAKÜLTEMİZ WEB SİTESİ ÖĞRENCİ AĞI SEÇMELİ DERS AMFİ PROGRAMINA BAKINIZ,,,,,,,,,,,,,,,,,,,
Time Table 1,17 Aralık 2025 Çarşamba,15:10,15:50,Elective Courses - 11,,FAKÜLTEMİZ WEB SİTESİ ÖĞRENCİ AĞI SEÇMELİ DERS AMFİ PROGRAMINA BAKINIZ,,,,,,,,,,,,,,,,,,,
Time Table 1,18 Aralık 2025 Perşembe,08:30,09:10,13-Bioenergetics of aging / Prof.Dr. Leman YALÇINTEPE GÜNEŞTUTAR (Doç.Dr. Başak GÜNÇER),CELL / BİYOFİZİK AD.,İNGİLİZCE TIP BİNASI HALL 1,,,,,,,,,,,,,,,,,,,
Time Table 1,18 Aralık 2025 Perşembe,09:20,10:00,20-Choromosomal Abnormalities / Prof.Dr. Selçuk DAŞDEMİR (Prof.Dr. Fatma OĞUZ),CELL / TIBBİ BİYOLOJİ AD.,FAKÜLTEMİZ WEB SİTESİ ÖĞRENCİ AĞI AMFİ PROGRAMINA BAKINIZ,,,,,,,,,,,,,,,,,,,
Time Table 1,18 Aralık 2025 Perşembe,10:10,10:50,21-Gene and Genome / Prof.Dr. Fatma OĞUZ (Doç.Dr. Hayriye ŞENTÜRK ÇİFTÇİ),CELL / TIBBİ BİYOLOJİ AD.,FAKÜLTEMİZ WEB SİTESİ ÖĞRENCİ AĞI AMFİ PROGRAMINA BAKINIZ,,,,,,,,,,,,,,,,,,,
Time Table 1,18 Aralık 2025 Perşembe,11:00,11:40,FREE TIME,,,,,,,,,,,,,,,,,,,,,
Time Table 1,18 Aralık 2025 Perşembe,11:50,12:30,Clinical phenotype associated with mitochondrial genome variation / Prof. Dr. Asuman Gedikbaşı (Doç.Dr. Ayça ASLANGER),CELL / TIBBİ GENETİK AD.,FAKÜLTEMİZ WEB SİTESİ ÖĞRENCİ AĞI AMFİ PROGRAMINA BAKINIZ,,,,,,,,,,,,,,,,,,,
Time Table 1,18 Aralık 2025 Perşembe,13:30,15:20,LABORATORY SKILLS (MEDICAL BIOLOGY 4) İ1,CELL ,,,,,,,,,,,,,,,,,,,,
Time Table 1,19 Aralık 2025 Cuma,08:30,10:20,LABORATORY SKILLS (MEDICAL BIOLOGY 4) İ2 - (Microbiology 3) İ1,CELL ,,,,,,,,,,,,,,,,,,,,
Time Table 1,19 Aralık 2025 Cuma,11:00,11:40,22-Human genom project and genom databases/ Prof.Dr. Fatma OĞUZ (Prof. Dr. Selçuk DAŞDEMİR),CELL / TIBBİ BİYOLOJİ AD.,FAKÜLTEMİZ WEB SİTESİ ÖĞRENCİ AĞI AMFİ PROGRAMINA BAKINIZ,,,,,,,,,,,,,,,,,,,
Time Table 1,19 Aralık 2025 Cuma,11:50,12:30,23-Gene Mutations / Prof.Dr. Fatma OĞUZ (Doç.Dr. Hayriye ŞENTÜRK ÇİFTÇİ),CELL / TIBBİ BİYOLOJİ AD.,FAKÜLTEMİZ WEB SİTESİ ÖĞRENCİ AĞI AMFİ PROGRAMINA BAKINIZ,,,,,,,,,,,,,,,,,,,
Time Table 1,19 Aralık 2025 Cuma,14:00,14:40,11-Protein targeting / Prof. Dr. Abdurrahman Fatih AYDIN (Prof.Dr. Şule SEÇKİN),CELL / TIBBİ BİYOKİMYA AD.,FAKÜLTEMİZ WEB SİTESİ ÖĞRENCİ AĞI AMFİ PROGRAMINA BAKINIZ,,,,,,,,,,,,,,,,,,,
Time Table 1,19 Aralık 2025 Cuma,14:50,15:30,12-Biochemisty of the cell cycle / Dr. Hande Karpuzoğlu (Doç.Dr. İlknur BİNGÜL),CELL / TIBBİ BİYOKİMYA AD.,FAKÜLTEMİZ WEB SİTESİ ÖĞRENCİ AĞI AMFİ PROGRAMINA BAKINIZ,,,,,,,,,,,,,,,,,,,
Time Table 1,19 Aralık 2025 Cuma,15:40,16:20,ATP - RNA proteins and amino acids / Doç.Dr. Asuman GEDİKBAŞI (Öğr.Gör.Dr. Mehmet Cihan BALCI),CELL / ÇOCUK SAĞLIĞI VE HASTALIKLARI AD.,FAKÜLTEMİZ WEB SİTESİ ÖĞRENCİ AĞI AMFİ PROGRAMINA BAKINIZ,,,,,,,,,,,,,,,,,,,
Time Table 1,22 Aralık 2025 Pazartesi,08:30,10:20, (Microbiology 4) İ1 ,CELL,,,,,,,,,,,,,,,,,,,,
Time Table 1,22 Aralık 2025 Pazartesi,11:00,11:40,FREE TIME,,,,,,,,,,,,,,,,,,,,,
Time Table 1,22 Aralık 2025 Pazartesi,11:50,12:30,25-Cell Eyeles and controlproteins in eukaryot / Prof.Dr. Selçuk DAŞDEMİR (Doç. Dr. Hayriye Şentürk ÇİFTÇİ),CELL / TIBBİ BİYOLOJİ AD.,FAKÜLTEMİZ WEB SİTESİ ÖĞRENCİ AĞI AMFİ PROGRAMINA BAKINIZ,,,,,,,,,,,,,,,,,,,
Time Table 1,22 Aralık 2025 Pazartesi,13:30,15:20,LABORATORY SKILLS (Microbiology 5) İ2 ,CELL,,,,,,,,,,,,,,,,,,,,
Time Table 1,23 Aralık 2025 Salı,08:30,09.10,FREE TIME,,,,,,,,,,,,,,,,,,,,,
Time Table 1,23 Aralık 2025 Salı,09:30,10:20,"INTEGRATED SESSION - Stem Cells and Medicine in the Past, Present and Future / Prof.Dr. Işıl ALBENİZ - Prof.Dr. Fatma OĞUZ - Prof.Dr. Sevgi KALAYOĞLU BEŞIŞIK (Türkçe Tıp ile ortak ders)",CELL / BİYOFİZİK AD. - TIBBİ BİYOLOJİ AD. - İÇ HASTALIKLARI HEMATOLOJİ,FAKÜLTEMİZ WEB SİTESİ ÖĞRENCİ AĞI AMFİ PROGRAMINA BAKINIZ,,,,,,,,,,,,,,,,,,,
Time Table 1,23 Aralık 2025 Salı,11:00,11:40,26-Molecular Mechanisms of Cell Differentiations and Epigenetic / Prof.Dr. Selçuk DAŞDEMİR (Doç.Dr. Hayriye ŞENTÜRK ÇİFTÇİ),CELL / TIBBİ BİYOLOJİ AD.,FAKÜLTEMİZ WEB SİTESİ ÖĞRENCİ AĞI AMFİ PROGRAMINA BAKINIZ,,,,,,,,,,,,,,,,,,,
Time Table 1,23 Aralık 2025 Salı,11:50,12:30,27-Cellular Aging / Prof.Dr. Fatma OĞUZ (Doç.Dr. Hayriye ŞENTÜRK ÇİFTÇİ),CELL / TIBBİ BİYOLOJİ AD.,FAKÜLTEMİZ WEB SİTESİ ÖĞRENCİ AĞI AMFİ PROGRAMINA BAKINIZ,,,,,,,,,,,,,,,,,,,
Time Table 1,23 Aralık 2025 Salı,13:30,14:10,COMMUNICATION SKILLS 1-17 Communication with Special Needs Patients (visual - speech and/or hearing impairments - elders - children) / Doç.Dr. Dilek ANUK (Dr.Öğr.Üyesi Ezgi İnce GULİYEV),MEDICAL SKILLS LABORATORY / RUH SAĞLIĞI VE HASTALIKLARI AD.,FAKÜLTEMİZ WEB SİTESİ ÖĞRENCİ AĞI AMFİ PROGRAMINA BAKINIZ,,,,,,,,,,,,,,,,,,,
Time Table 1,23 Aralık 2025 Salı,14:20,15:00,COMMUNICATION SKILLS 1-18 Communication with Special Needs Patients (visual - speech and/or hearing impairments - elders - children) / Doç.Dr. Dilek ANUK (Dr.Öğr.Üyesi Ezgi İnce GULİYEV),MEDICAL SKILLS LABORATORY / RUH SAĞLIĞI VE HASTALIKLARI AD.,FAKÜLTEMİZ WEB SİTESİ ÖĞRENCİ AĞI AMFİ PROGRAMINA BAKINIZ,,,,,,,,,,,,,,,,,,,
Time Table 1,23 Aralık 2025 Salı,15:10,15:50,24-Mutagenic factors and mutation determination methods /Doç.Dr. Hayriye ŞENTÜRK ÇİFTÇİ  (Prof. Dr. Fatma SAVRAN),CELL / TIBBİ BİYOLOJİ AD.,FAKÜLTEMİZ WEB SİTESİ ÖĞRENCİ AĞI AMFİ PROGRAMINA BAKINIZ,,,,,,,,,,,,,,,,,,,
Time Table 1,23 Aralık 2025 Salı,16:00,16:40,FREE TIME,,,,,,,,,,,,,,,,,,,,,
Time Table 1,24 Aralık 2025 Çarşamba,08:30,09:10,7-Cell Proliferation Factors and Signal Transduction / Doç.Dr. Başak GÜNÇER (Prof.Dr. Leman YALÇINTEPE GÜNEŞTUTAR),CELL / BİYOFİZİK AD.,FAKÜLTEMİZ WEB SİTESİ ÖĞRENCİ AĞI AMFİ PROGRAMINA BAKINIZ,,,,,,,,,,,,,,,,,,,
Time Table 1,24 Aralık 2025 Çarşamba,09:20,10:00,8-Cellular response to enviromental changes. Post translational modifications / Doç.Dr. Başak GÜNÇER (Prof.Dr. Leman YALÇINTEPE GÜNEŞTUTAR),CELL / BİYOFİZİK AD.,FAKÜLTEMİZ WEB SİTESİ ÖĞRENCİ AĞI AMFİ PROGRAMINA BAKINIZ,,,,,,,,,,,,,,,,,,,
Time Table 1,24 Aralık 2025 Çarşamba,10:10,10:50,1-Embriyolological Terminology / Prof.Dr. Sibel KÖKTÜRK (Doç.Dr. Tuğba KOTİL),CELL / HİSTOLOJİ VE EMBİRİYOLOJİ AD.,FAKÜLTEMİZ WEB SİTESİ ÖĞRENCİ AĞI AMFİ PROGRAMINA BAKINIZ,,,,,,,,,,,,,,,,,,,
Time Table 1,24 Aralık 2025 Çarşamba,11:00,11:40,2-Molecular mechanism regulating human embriyo development and organogenesis / Prof.Dr. Sibel KÖKTÜRK (Doç.Dr. Tuğba KOTİL),CELL / HİSTOLOJİ VE EMBİRİYOLOJİ AD.,FAKÜLTEMİZ WEB SİTESİ ÖĞRENCİ AĞI AMFİ PROGRAMINA BAKINIZ,,,,,,,,,,,,,,,,,,,
Time Table 1,24 Aralık 2025 Çarşamba,11:50,12:30,28-Cell Death Mechanisms (Apoptosis and The Other Cell Death Types) / Prof.Dr. Fatma OĞUZ (Prof.Dr. Selçuk DAŞDEMİR),CELL / TIBBİ BİYOLOJİ AD.,FAKÜLTEMİZ WEB SİTESİ ÖĞRENCİ AĞI AMFİ PROGRAMINA BAKINIZ,,,,,,,,,,,,,,,,,,,
Time Table 1,24 Aralık 2025 Çarşamba,13:30,14:10,Elective Courses - 12,,FAKÜLTEMİZ WEB SİTESİ ÖĞRENCİ AĞI SEÇMELİ DERS AMFİ PROGRAMINA BAKINIZ,,,,,,,,,,,,,,,,,,,
Time Table 1,24 Aralık 2025 Çarşamba,14:20,15:00,Elective Courses - 12,,FAKÜLTEMİZ WEB SİTESİ ÖĞRENCİ AĞI SEÇMELİ DERS AMFİ PROGRAMINA BAKINIZ,,,,,,,,,,,,,,,,,,,
Time Table 1,24 Aralık 2025 Çarşamba,15:10,15:50,Elective Courses - 12,,FAKÜLTEMİZ WEB SİTESİ ÖĞRENCİ AĞI SEÇMELİ DERS AMFİ PROGRAMINA BAKINIZ,,,,,,,,,,,,,,,,,,,
Time Table 1,25 Aralık 2025 Perşembe,12:00,13:30,DISTANT EXAMINATION,TÜRK DİLİ-I + YABANCI UYRUKLULAR İÇİN TÜRK DİLİ-I + ATATÜRK İLKELERİ VE İNKLAP TARİHİ-I + YABANCI UYRUKLULAR İÇİN ATATÜRK İLKELERİ VE İNKLAP TARİHİ-I,,,,,,,,,,,,,,,,,,,,
Time Table 1,26 Aralık 2025 Cuma,08:30,10:20,LABORATORY SKILLS  (Microbiology 5) İ1,CELL,,,,,,,,,,,,,,,,,,,,
Time Table 1,26 Aralık 2025 Cuma,11:00,11:40,FREE TIME,,,,,,,,,,,,,,,,,,,,,
Time Table 1,26 Aralık 2025 Cuma,11:50,12:30,FREE TIME,,,,,,,,,,,,,,,,,,,,,
Time Table 1,26 Aralık 2025 Cuma,14:00,14:40,FREE TIME,,,,,,,,,,,,,,,,,,,,,
Time Table 1,26 Aralık 2025 Cuma,14:50,15:30,FREE TIME,,,,,,,,,,,,,,,,,,,,,
Time Table 1,29 Aralık 2025 Pazartesi,08:30,09:10,3-DNA Sequence Analysis - Recombinant DNA / Doç.Dr. Başak GÜNÇER (Prof.Dr. Leman YALÇINTEPE GÜNEŞTUTAR),CELL / BİYOFİZİK AD.,FAKÜLTEMİZ WEB SİTESİ ÖĞRENCİ AĞI AMFİ PROGRAMINA BAKINIZ,,,,,,,,,,,,,,,,,,,
Time Table 1,29 Aralık 2025 Pazartesi,09:10,10:00,4-Nanobiotechnology CRISPR / Doç.Dr. Başak GÜNÇER (Prof.Dr. Leman YALÇINTEPE GÜNEŞTUTAR),CELL / BİYOFİZİK AD.,FAKÜLTEMİZ WEB SİTESİ ÖĞRENCİ AĞI AMFİ PROGRAMINA BAKINIZ,,,,,,,,,,,,,,,,,,,
Time Table 1,29 Aralık 2025 Pazartesi,10:30,12:20,LABORATORY SKILLS (MEDICAL BIOLOGY 5) İ1 -  (Microbiology 6) İ2,CELL,İNGİLİZCE TIP BİNASI HALL 1,,,,,,,,,,,,,,,,,,,
Time Table 1,29 Aralık 2025 Pazartesi,13:30,14:10,4-Gamet cells 1 Spermatozon maturation (Oogenesis) / Dr. Öğr. Üyesi Tuğba EKİZ YILMAZ (Doç. Dr. Elif KERVANCIOĞLU DEMİRCİ),CELL / HİSTOLOJİ VE EMBİRİYOLOJİ AD.,,,,,,,,,,,,,,,,,,,,
Time Table 1,29 Aralık 2025 Pazartesi,14:20,15:00,5-Fertilization and its basic regulators / Doç.Dr. Tuğba KOTİL (Doç. Dr. Elif KERVANCIOĞLU DEMİRCİ),CELL / HİSTOLOJİ VE EMBİRİYOLOJİ AD.,,,,,,,,,,,,,,,,,,,,
Time Table 1,29 Aralık 2025 Pazartesi,15:30,17:20,LABORATORY SKILLS (MEDICAL BIOLOGY 5) İ2 ,CELL,,,,,,,,,,,,,,,,,,,,
Time Table 1,30 Aralık 2025 Salı,08:30,10:20,LABORATORY SKILLS (Microbiology 6) İ1,CELL,,,,,,,,,,,,,,,,,,,,
Time Table 1,30 Aralık 2025 Salı,10:30,11:10,6-Segmentation and implantation /Doç. Dr. Tuğba KOTİL (Doç. Dr. Elif KERVANCIOĞLU DEMİRCİ),CELL / HİSTOLOJİ VE EMBİRİYOLOJİ AD.,İNGİLİZCE TIP BİNASI HALL 1,,,,,,,,,,,,,,,,,,,
Time Table 1,30 Aralık 2025 Salı,11:20,12:00,7-Gastrulation / Prof.Dr. Sibel KÖKTÜRK (Doç. Dr. Elif KERVANCIOĞLU DEMİRCİ),CELL / HİSTOLOJİ VE EMBİRİYOLOJİ AD.,İNGİLİZCE TIP BİNASI HALL 1,,,,,,,,,,,,,,,,,,,
Time Table 1,30 Aralık 2025 Salı,13:30,14:10,8-Differentiatin of germ layers / Prof.Dr. Sibel KÖKTÜRK (Doç. Dr. Elif KERVANCIOĞLU DEMİRCİ),CELL / HİSTOLOJİ VE EMBİRİYOLOJİ AD.,İNGİLİZCE TIP BİNASI HALL 1,,,,,,,,,,,,,,,,,,,
Time Table 1,30 Aralık 2025 Salı,14:20,15:00,COMMUNICATION SKILLS 1-19 Breaking Bad News in Medicine / Doç.Dr. Dilek ANUK (Dr.Öğr.Üyesi Ezgi İnce GULİYEV),MEDICAL SKILLS LABORATORY / RUH SAĞLIĞI VE HASTALIKLARI AD.,İNGİLİZCE TIP BİNASI HALL 1,,,,,,,,,,,,,,,,,,,
Time Table 1,30 Aralık 2025 Salı,15:10,15:50,COMMUNICATION SKILLS 1-20 Protocols of Breaking bad News in Medicine / Doç.Dr. Dilek ANUK (Dr.Öğr.Üyesi Ezgi İnce GULİYEV),MEDICAL SKILLS LABORATORY / RUH SAĞLIĞI VE HASTALIKLARI AD.,İNGİLİZCE TIP BİNASI HALL 1,,,,,,,,,,,,,,,,,,,
Time Table 1,30 Aralık 2025 Salı,16:00,16:40,FREE TIME,,,,,,,,,,,,,,,,,,,,,
Time Table 1,31 Aralık 2025 Çarşamba,08:30,12:20,FREE TIME,,,,,,,,,,,,,,,,,,,,,
Time Table 1,31 Aralık 2025 Çarşamba,13:30,16:20,FREE TIME,,,,,,,,,,,,,,,,,,,,,
Time Table 1,1 Ocak 2026 Perşembe,,,YILBAŞI TATİLİ,,,,,,,,,,,,,,,,,,,,,
Time Table 1,2 Ocak 2026 Cuma,08:30,12:20,FREE TIME,,,,,,,,,,,,,,,,,,,,,
Time Table 1,2 Ocak 2026 Cuma,13:30,16:20,FREE TIME,,,,,,,,,,,,,,,,,,,,,
Time Table 1,5 Ocak 2026 Pazartesi,08:30,10:20,LABORATORY SKILLS (Microbiology 7) İ1,CELL,,,,,,,,,,,,,,,,,,,,
Time Table 1,5 Ocak 2026 Pazartesi,10:30,12:20,LABORATORY SKILLS (Microbiology 7) İ2 ,CELL,,,,,,,,,,,,,,,,,,,,
Time Table 1,5 Ocak 2026 Pazartesi,13:30,16:00,FREE TIME,,,,,,,,,,,,,,,,,,,,,
Time Table 1,6 Ocak 2026 Salı,08:30,10:20,Öğrenme Uygulaması TELAFİSİ,,İNGİLİZCE TIP BİNASI HALL 1,,,,,,,,,,,,,,,,,,,
Time Table 1,6 Ocak 2026 Salı,10:00,13.00,FREE TIME (Time Table 2 Examination),,,,,,,,,,,,,,,,,,,,,
Time Table 1,6 Ocak 2026 Salı,13:30,15:50,FREE TIME,,,,,,,,,,,,,,,,,,,,,
Time Table 1,7 Ocak 2026 Çarşamba,08.30,09.10,9-Cell cycle and cyclins / Doç.Dr. Başak GÜNÇER (Prof.Dr. Leman YALÇINTEPE GÜNEŞTUTAR),CELL / BİYOFİZİK AD.,FAKÜLTEMİZ WEB SİTESİ ÖĞRENCİ AĞI AMFİ PROGRAMINA BAKINIZ,,,,,,,,,,,,,,,,,,,
Time Table 1,7 Ocak 2026 Çarşamba,09.20,10.00,11-Molecular basis of cell differantiation / Doç.Dr. Başak GÜNÇER (Doç.Dr. Bilge Özerman Edis),CELL / BİYOFİZİK AD.,FAKÜLTEMİZ WEB SİTESİ ÖĞRENCİ AĞI AMFİ PROGRAMINA BAKINIZ,,,,,,,,,,,,,,,,,,,
Time Table 1,7 Ocak 2026 Çarşamba,10.10,10.50,10-Immunobiophysics-Lymphocyte model in terms of cell differentiation / Doç.Dr. Bilge Özerman Edis (Doç.Dr. Başak GÜNÇER),CELL / BİYOFİZİK AD.,FAKÜLTEMİZ WEB SİTESİ ÖĞRENCİ AĞI AMFİ PROGRAMINA BAKINIZ,,,,,,,,,,,,,,,,,,,
Time Table 1,7 Ocak 2026 Çarşamba,11.00,11.40,3-Gamete cells 1 Oocyte maturation (Oogenesis) / Dr. Öğr. Üyesi Tuğba EKİZ YILMAZ (Doç.Dr. Tuğba KOTİL),CELL / HİSTOLOJİ VE EMBİRİYOLOJİ AD.,İNGİLİZCE TIP BİNASI HALL 1,,,,,,,,,,,,,,,,,,,
Time Table 1,7 Ocak 2026 Çarşamba,11:50,12:30,FREE TIME,,,,,,,,,,,,,,,,,,,,,
Time Table 1,7 Ocak 2026 Çarşamba,13:30,15:20,TELAFİ-Tıbbi Biyokimya(YMT+Hücre dilimi),,,,,,,,,,,,,,,,,,,,,
Time Table 1,8 Ocak 2026 Perşembe,08:30,10:20,FREE TIME,,,,,,,,,,,,,,,,,,,,,
Time Table 1,8 Ocak 2026 Perşembe,10:30,12:20,FREE TIME,,,,,,,,,,,,,,,,,,,,,
Time Table 1,8 Ocak 2026 Perşembe,13:30,16:20,FREE TIME (dönem2 histoloji uygulama),,,,,,,,,,,,,,,,,,,,,
Time Table 1,9 Ocak 2026 Cuma,10.00,12.00,TELAFİ -Tıbbi Biyoloji (YMT+Hücre dilimi),MOLECULER BASIS OF LIFE/CELL,,,,,,,,,,,,,,,,,,,,
Time Table 1,9 Ocak 2026 Cuma,08:30,09:30,FREE TIME (dönem2 fizyoloji uygulama),,,,,,,,,,,,,,,,,,,,,
Time Table 1,9 Ocak 2026 Cuma,10:00,12:00,FREE TIME (Time Table 3 Examination),,,,,,,,,,,,,,,,,,,,,
Time Table 1,12 Ocak 2026 Pazartesi,12:00,13:30,DISTANT EDUCATION REPEAT EXAMINATION,TÜRK DİLİ-I + YABANCI UYRUKLULAR İÇİN TÜRK DİLİ-I + ATATÜRK İLKELERİ VE İNKLAP TARİHİ-I + YABANCI UYRUKLULAR İÇİN ATATÜRK İLKELERİ VE İNKLAP TARİHİ-I + FİNE ARTS-I,,,,,,,,,,,,,,,,,,,,
Time Table 1,13 Ocak 2026 Salı,10:00,12:30,EXAMINATION,MOLECULER BASIS OF LIFE + CELL + MEDICAL SKILLS LABORATORY (COMMUNICATION I),FAKÜLTEMİZ WEB SİTESİ ÖĞRENCİ AĞI AMFİ PROGRAMINA BAKINIZ,,,,,,,,,,,,,,,,,,,
Time Table 1,14 Ocak 2026 Çarşamba,10:00,12:00,FREE TIME,,,,,,,,,,,,,,,,,,,,,
Time Table 1,15 Ocak 2026 Perşembe,10:00,12:00,FREE TIME (Time Table 3 Examination),,,,,,,,,,,,,,,,,,,,,
Time Table 1,16 Ocak 2026 Cuma,10:00,12:00,FREE TIME (Time Table 3 Examination),,,,,,,,,,,,,,,,,,,,,
Time Table 1,19 Ocak 2026 Pazartesi,08:30,16:00,MEDICAL BIOLOGY PRACTICAL TERM EXAMINATION,MOLECULER BASIS OF LIFE + CELL,TIBBİ BİYOLOJİ ANABİLİM DALI UYGULAMA SALONU,,,,,,,,,,,,,,,,,,,
Time Table 1,19 Ocak 2026 Pazartesi,15:00,16:00,BIOCHEMISTRY PRACTICAL TERM EXAMINATION (ONLY FOR UNDER BUYERS),MOLECULER BASIS OF LIFE + CELL,TEMEL BİLİMLER BİNASI BİYOKİMYA UYGULAMA LABORATUVARI,,,,,,,,,,,,,,,,,,,
Time Table 1,20 Ocak 2026 Salı,09:00,10:00,TERM-1 INTRODUCTION TO MEDICINE (WOUNDED HANDLING TECHNIQUES APPLICATION EXAM) (for TRANSFER and UNDERGRADUATES),Prof.Dr. Yavuz BOZFAKIOĞLU (Hulusi Behçet Kütüphanesi Giriş Kat),,,,,,,,,,,,,,,,,,,,
Time Table 1,20 Ocak 2026 Salı,10:00,11:00,TERM-1 INTRODUCTION TO MEDICINE (FOR FRACTURE DISPLOCATIONS FIRST AID APPLICATION EXAM) (for TRANSFER and UNDERGRADUATES),Ortopedi Ve Travmatoloji Anabilim Dalı - Ortopedi Dershanesi,,,,,,,,,,,,,,,,,,,,
Time Table 1,20 Ocak 2026 Salı,11:00,12:00,,,,,,,,,,,,,,,,,,,,,,
Time Table 1,20 Ocak 2026 Salı,13:00,14:00,TERM-1 INTRODUCTION TO MEDICINE (BASIC LIFE SUPPORT APPLICATION EXAM ) (for TRANSFER and UNDERGRADUATES),Prof.Dr. Yavuz BOZFAKIOĞLU (Hulusi Behçet Kütüphanesi Giriş Kat),,,,,,,,,,,,,,,,,,,,
Time Table 1,20 Ocak 2026 Salı,14:00,15:00,TERM-1 INTRODUCTION TO MEDICINE (MICROSCOPE USE SKILL PRACTICE EVALUATION) (for TRANSFER and UNDERGRADUATES),Tıbbi Biyoloji AD Uygulama Salonu Temel Bilimler 2.kat ,,,,,,,,,,,,,,,,,,,,
Time Table 1,21 Ocak 2026 Çarşamba,13:00,16:00,MICROBIOLOGY PRACTICAL TERM EXAMINATION,CELL,AZİZ SANCAR AMFİSİ,,,,,,,,,,,,,,,,,,,
Time Table 1,22 Ocak 2026 Perşembe,11:00,12:30,BIOPHYSICS PRACTICAL TERM EXAMINATION /PHYSIOLOGY LABORATORY SKILLS EXAMINATION,MOLECULER BASIS OF LIFE + CELL / MOLECULER BASIS OF LIFE ,FAKÜLTEMİZ WEB SİTESİ ÖĞRENCİ AĞI AMFİ PROGRAMINA BAKINIZ,,,,,,,,,,,,,,,,,,,
Time Table 1,23 Ocak 2026 Cuma,10:00,12:30,EXAMINATION,INTRODUCTION TO MEDICINE + MOLECULAR BASIS OF LIFE + CELL + MEDICAL SKILLS LABORATORY (COMMUNICATION I),FAKÜLTEMİZ WEB SİTESİ ÖĞRENCİ AĞI AMFİ PROGRAMINA BAKINIZ,,,,,,,,,,,,,,,,,,,
Time Table 1,23 Ocak 2026 Cuma,14:00,16:00,DISTANCE EDUCATION SUPPLEMENTARY EXAMS,TÜRK DİLİ-I + YABANCI UYRUKLULAR İÇİN TÜRK DİLİ-I + ATATÜRK İLKELERİ VE İNKLAP TARİHİ-I + YABANCI UYRUKLULAR İÇİN ATATÜRK İLKELERİ VE İNKLAP TARİHİ-I + FİNE ARTS-I,FAKÜLTEMİZ WEB SİTESİ ÖĞRENCİ AĞI AMFİ PROGRAMINA BAKINIZ,,,,,,,,,,,,,,,,,,,
Time Table 1,26 Ocak 2026 Pazartesi,08:30,16:20,SEMESTER HOLIDAY,,,,,,,,,,,,,,,,,,,,,
Time Table 1,27 Ocak 2026 Salı,08:30,16:20,SEMESTER HOLIDAY,,,,,,,,,,,,,,,,,,,,,
Time Table 1,28 Ocak 2026 Çarşamba,08:30,16:20,SEMESTER HOLIDAY,,,,,,,,,,,,,,,,,,,,,
Time Table 1,29 Ocak 2026 Perşembe,08:30,16:20,SEMESTER HOLIDAY,,,,,,,,,,,,,,,,,,,,,
Time Table 1,30 Ocak 2026 Cuma,08:30,16:20,SEMESTER HOLIDAY,,,,,,,,,,,,,,,,,,,,,
Time Table 1,2 Şubat 2026 Pazartesi,08:30,16:20,SEMESTER HOLIDAY,,,,,,,,,,,,,,,,,,,,,
Time Table 1,3 Şubat 2026 Salı,08:30,16:20,SEMESTER HOLIDAY,,,,,,,,,,,,,,,,,,,,,
Time Table 1,4 Şubat 2026 Çarşamba,08:30,16:20,SEMESTER HOLIDAY,,,,,,,,,,,,,,,,,,,,,
Time Table 1,5 Şubat 2026 Perşembe,08:30,16:20,SEMESTER HOLIDAY,,,,,,,,,,,,,,,,,,,,,
Time Table 1,6 Şubat 2026 Cuma,08:30,16:20,SEMESTER HOLIDAY,,,,,,,,,,,,,,,,,,,,,
Time Table 1,9 Şubat 2026 Pazartesi,08:30,16:20,FREE TIME,,,,,,,,,,,,,,,,,,,,,
Time Table 1,10 Şubat 2026 Salı,08:30,16:20,FREE TIME,,,,,,,,,,,,,,,,,,,,,
Time Table 1,11 Şubat 2026 Çarşamba,08:30,16:20,FREE TIME,,,,,,,,,,,,,,,,,,,,,
Time Table 1,12 Şubat 2026 Perşembe,08:30,16:20,FREE TIME,,,,,,,,,,,,,,,,,,,,,
Time Table 1,13 Şubat 2026 Cuma,08:30,16:20,FREE TIME,,,,,,,,,,,,,,,,,,,,,
Time Table 1,16 Şubat 2026 Pazartesi,09.30,15.20,BİLGİ KURAMI ve BİLİMSEL DÜŞÜNMEYE GİRİŞ İ1-İ2 GRUBU -  (Türkçe Tıp ile Ortak Ders),DİKEY KORİDOR I / TIP EĞİTİMİ AD.,FAKÜLTEMİZ WEB SİTESİ ÖĞRENCİ AĞI AMFİ PROGRAMINA BAKINIZ,,,,,,,,,,,,,,,,,,,
Time Table 1,17 Şubat 2026 Salı,09.30,15.20,BİLGİ KURAMI ve BİLİMSEL DÜŞÜNMEYE GİRİŞ İ1-İ2 GRUBU -  (Türkçe Tıp ile Ortak Ders),DİKEY KORİDOR I / TIP EĞİTİMİ AD.,FAKÜLTEMİZ WEB SİTESİ ÖĞRENCİ AĞI AMFİ PROGRAMINA BAKINIZ,,,,,,,,,,,,,,,,,,,
Time Table 1,18 Şubat 2026 Çarşamba,09.30,15.20,BİLGİ KURAMI ve BİLİMSEL DÜŞÜNMEYE GİRİŞ İ1-İ2 GRUBU -  (Türkçe Tıp ile Ortak Ders),DİKEY KORİDOR I / TIP EĞİTİMİ AD.,FAKÜLTEMİZ WEB SİTESİ ÖĞRENCİ AĞI AMFİ PROGRAMINA BAKINIZ,,,,,,,,,,,,,,,,,,,
Time Table 1,19 Şubat 2026 Perşembe,09.30,15.20,BİLGİ KURAMI ve BİLİMSEL DÜŞÜNMEYE GİRİŞ İ1-İ2 GRUBU -  (Türkçe Tıp ile Ortak Ders),DİKEY KORİDOR I / TIP EĞİTİMİ AD.,FAKÜLTEMİZ WEB SİTESİ ÖĞRENCİ AĞI AMFİ PROGRAMINA BAKINIZ,,,,,,,,,,,,,,,,,,,
Time Table 1,20 Şubat 2026 Cuma,09.30,15.20,BİLGİ KURAMI ve BİLİMSEL DÜŞÜNMEYE GİRİŞ İ1-İ2 GRUBU -  (Türkçe Tıp ile Ortak Ders),DİKEY KORİDOR I / TIP EĞİTİMİ AD.,FAKÜLTEMİZ WEB SİTESİ ÖĞRENCİ AĞI AMFİ PROGRAMINA BAKINIZ,,,,,,,,,,,,,,,,,,,
Time Table 1,23 Şubat 2026 Pazartesi,08:30,09:10,1-Molecular Biophysical Methods /Doç.Dr.  Bilge ÖZERMAN EDİS (Prof.Dr. Leman YALÇINTEPE GÜNEŞTUTAR),TISSUE / BİYOFİZİK AD.,FAKÜLTEMİZ WEB SİTESİ ÖĞRENCİ AĞI AMFİ PROGRAMINA BAKINIZ,,,,,,,,,,,,,,,,,,,
Time Table 1,23 Şubat 2026 Pazartesi,09:20,10:00,2-Biomolecules in Biological Environment - Physical Examination Methods / Doç.Dr. Bilge ÖZERMAN EDİS (Prof.Dr. Leman YALÇINTEPE GÜNEŞTUTAR),TISSUE / BİYOFİZİK AD.,FAKÜLTEMİZ WEB SİTESİ ÖĞRENCİ AĞI AMFİ PROGRAMINA BAKINIZ,,,,,,,,,,,,,,,,,,,
Time Table 1,23 Şubat 2026 Pazartesi,10:10,10:50,1- Introduction to Anatomy and Anatomy of Locomotor System / Dr. Öğr.Üyesi Osman COŞKUN  (Doç.Dr. Özcan GAYRETLİ),MOVEMENT / ANATOMİ AD.,FAKÜLTEMİZ WEB SİTESİ ÖĞRENCİ AĞI AMFİ PROGRAMINA BAKINIZ,,,,,,,,,,,,,,,,,,,
Time Table 1,23 Şubat 2026 Pazartesi,11:00,11:40,5- Clavicula-scapula-humerus / Dr. Öğr.Üyesi Osman COŞKUN (Doç.Dr. Özcan GAYRETLİ),MOVEMENT / ANATOMİ AD.,FAKÜLTEMİZ WEB SİTESİ ÖĞRENCİ AĞI AMFİ PROGRAMINA BAKINIZ,,,,,,,,,,,,,,,,,,,
Time Table 1,23 Şubat 2026 Pazartesi,11:50,12:30,FREE TIME,,,,,,,,,,,,,,,,,,,,,
Time Table 1,23 Şubat 2026 Pazartesi,12:30,13.30,ÖĞLE ARASI,,,,,,,,,,,,,,,,,,,,,
Time Table 1,23 Şubat 2026 Pazartesi,13:30,14:10,1-Investigation of the cell / Prof.Dr. Selçuk DAŞDEMİR (Prof.Dr. Fatma SAVRAN OĞUZ),TISSUE / TIBBİ BİYOLOJİ AD.,FAKÜLTEMİZ WEB SİTESİ ÖĞRENCİ AĞI AMFİ PROGRAMINA BAKINIZ,,,,,,,,,,,,,,,,,,,
Time Table 1,23 Şubat 2026 Pazartesi,14:20,15:00,2-Epigenetic analysis methods and applications / Doç.Dr. Hayriye ŞENTÜRK ÇİFTÇİ (Prof.Dr. Fatma  OĞUZ),TISSUE / TIBBİ BİYOLOJİ AD.,FAKÜLTEMİZ WEB SİTESİ ÖĞRENCİ AĞI AMFİ PROGRAMINA BAKINIZ,,,,,,,,,,,,,,,,,,,
Time Table 1,23 Şubat 2026 Pazartesi,15.10,15.50,FREE TIME,,,,,,,,,,,,,,,,,,,,,
Time Table 1,24 Şubat 2026 Salı,08:30,09:10,FREE TIME,,,,,,,,,,,,,,,,,,,,,
Time Table 1,24 Şubat 2026 Salı,09:20,10:00,FREE TIME,,,,,,,,,,,,,,,,,,,,,
Time Table 1,24 Şubat 2026 Salı,10:10,10:50,FREE TIME,,,,,,,,,,,,,,,,,,,,,
Time Table 1,24 Şubat 2026 Salı,11:00,11:40,3-Recombinant DNA technology and applications in medicine / Prof.Dr. Selçuk DAŞDEMİR (Doç.Dr. Hayriye ŞENTÜRK ÇİFTÇİ),TISSUE / TIBBİ BİYOLOJİ AD.,FAKÜLTEMİZ WEB SİTESİ ÖĞRENCİ AĞI AMFİ PROGRAMINA BAKINIZ,,,,,,,,,,,,,,,,,,,
Time Table 1,24 Şubat 2026 Salı,11:50,12:30,4-Molecular Basis of Single Gene Diseases / Prof.Dr. Selçuk DAŞDEMİR (Prof.Dr. Fatma  OĞUZ),TISSUE / TIBBİ BİYOLOJİ AD.,FAKÜLTEMİZ WEB SİTESİ ÖĞRENCİ AĞI AMFİ PROGRAMINA BAKINIZ,,,,,,,,,,,,,,,,,,,
Time Table 1,24 Şubat 2026 Salı,12:30,13.30,ÖĞLE ARASI,,,,,,,,,,,,,,,,,,,,,
Time Table 1,24 Şubat 2026 Salı,13:30,15:20,LABORATORY SKILLS ( Suturing Techniques ) İ2,MEDICAL SKILLS LABORATORY,,,,,,,,,,,,,,,,,,,,
Time Table 1,24 Şubat 2026 Salı,15:20,16:20,FREE TIME,,,,,,,,,,,,,,,,,,,,,
Time Table 1,25 Şubat 2026 Çarşamba,08:30,09:10,6-Autosomal Dominant and Recessive Inheritance / Prof.Dr. Selçuk DAŞDEMİR (Doç.Dr. Hayriye ŞENTÜRK ÇİFTÇİ),TISSUE / TIBBİ BİYOLOJİ AD.,FAKÜLTEMİZ WEB SİTESİ ÖĞRENCİ AĞI AMFİ PROGRAMINA BAKINIZ,,,,,,,,,,,,,,,,,,,
Time Table 1,25 Şubat 2026 Çarşamba,09:20,10:00,5-Dominant and Recessive Inheritance due to X Chromosome / Doç.Dr. Hayriye ŞENTÜRK ÇİFTÇİ (Prof.Dr. Selçuk DAŞDEMİR),TISSUE / TIBBİ BİYOLOJİ AD.,FAKÜLTEMİZ WEB SİTESİ ÖĞRENCİ AĞI AMFİ PROGRAMINA BAKINIZ,,,,,,,,,,,,,,,,,,,
Time Table 1,25 Şubat 2026 Çarşamba,10:10,10:50,FREE TIME,,,,,,,,,,,,,,,,,,,,,
Time Table 1,25 Şubat 2026 Çarşamba,11:00,11:40,5- Clavicula-scapula-humerus / Dr. Öğr.Üyesi Osman COŞKUN (Doç.Dr. Özcan GAYRETLİ),MOVEMENT / ANATOMİ AD.,FAKÜLTEMİZ WEB SİTESİ ÖĞRENCİ AĞI AMFİ PROGRAMINA BAKINIZ,,,,,,,,,,,,,,,,,,,
Time Table 1,25 Şubat 2026 Çarşamba,11:50,12:30,"4- Vertebral column , Bones of thorax - Bones of pelvis / Dr. Öğr.Üyesi Osman COŞKUN (Doç.Dr. Özcan GAYRETLİ)",MOVEMENT / ANATOMİ AD.,FAKÜLTEMİZ WEB SİTESİ ÖĞRENCİ AĞI AMFİ PROGRAMINA BAKINIZ,,,,,,,,,,,,,,,,,,,
Time Table 1,25 Şubat 2026 Çarşamba,12:30,13.30,ÖĞLE ARASI,,,,,,,,,,,,,,,,,,,,,
Time Table 1,25 Şubat 2026 Çarşamba,13:30,14:10,Elective Courses - 1,,FAKÜLTEMİZ WEB SİTESİ ÖĞRENCİ AĞI SEÇMELİ DERS AMFİ PROGRAMINA BAKINIZ,,,,,,,,,,,,,,,,,,,
Time Table 1,25 Şubat 2026 Çarşamba,14:20,15:00,Elective Courses - 1,,FAKÜLTEMİZ WEB SİTESİ ÖĞRENCİ AĞI SEÇMELİ DERS AMFİ PROGRAMINA BAKINIZ,,,,,,,,,,,,,,,,,,,
Time Table 1,25 Şubat 2026 Çarşamba,15:10,15:50,Elective Courses - 1,,FAKÜLTEMİZ WEB SİTESİ ÖĞRENCİ AĞI SEÇMELİ DERS AMFİ PROGRAMINA BAKINIZ,,,,,,,,,,,,,,,,,,,
Time Table 1,26 Şubat 2026 Perşembe,08:30,09:10,FREE TIME,,,,,,,,,,,,,,,,,,,,,
Time Table 1,26 Şubat 2026 Perşembe,09:20,10:00,7-Non Mendelian Genetics and Its Inheritance /Prof.Dr. Selçuk DAŞDEMİR (Doç.Dr. Hayriye ŞENTÜRK ÇİFTÇİ),TISSUE / TIBBİ BİYOLOJİ AD.,FAKÜLTEMİZ WEB SİTESİ ÖĞRENCİ AĞI AMFİ PROGRAMINA BAKINIZ,,,,,,,,,,,,,,,,,,,
Time Table 1,26 Şubat 2026 Perşembe,10:10,10:50,8-Molecular Diagnosis in the Study of Genetic Diseases Methods and Its Applications / Prof.Dr. Selçuk DAŞDEMİR (Prof.Dr. Fatma SAVRAN OĞUZ),TISSUE / TIBBİ BİYOLOJİ AD.,FAKÜLTEMİZ WEB SİTESİ ÖĞRENCİ AĞI AMFİ PROGRAMINA BAKINIZ,,,,,,,,,,,,,,,,,,,
Time Table 1,26 Şubat 2026 Perşembe,11:00,11:40,Carcinogenesis and new approaches to cancer / Doç.Dr. Başak GÜNÇER (Doç.Dr. Bilge Özerman Edis),TISSUE / BİYOFİZİK AD.,FAKÜLTEMİZ WEB SİTESİ ÖĞRENCİ AĞI AMFİ PROGRAMINA BAKINIZ,3-Molecular Biophysical Methods / Öğr.Gör.Dr. Bilge ÖZERMAN EDİS (Prof.Dr. Leman YALÇINTEPE GÜNEŞTUTAR),,,,,,,,,,,,,,,,,,
Time Table 1,26 Şubat 2026 Perşembe,11:50,12:30,FREE TIME,,,,,,,,,,,,,,,,,,,,,
Time Table 1,26 Şubat 2026 Perşembe,12:30,13.30,ÖĞLE ARASI,,,,,,,,,,,,,,,,,,,,,
Time Table 1,26 Şubat 2026 Perşembe,13:30,15:20,LABORATORY SKILLS (BIOPHYSICS 1) İ1- (MEDICAL BIOLOGY 1 )i2,TISSUE,,,,,,,,,,,,,,,,,,,,
Time Table 1,26 Şubat 2026 Perşembe,15:30,16:10,FREE TIME,,,,,,,,,,,,,,,,,,,,,
Time Table 1,27 Şubat 2026 Cuma,08:30,09.10,FREE TIME,,,,,,,,,,,,,,,,,,,,,
Time Table 1,27 Şubat 2026 Cuma,09.20,10.00,FREE TIME,,,,,,,,,,,,,,,,,,,,,
Time Table 1,27 Şubat 2026 Cuma,11:00,11:40,"1-Medicine in Prehistory, Mesopotamia, Ancient Egypt, lndian and Chinese Civilzations / Prof. Dr. İlhan İLKILIÇ (Prof. Dr. Fatma Arın NAMAL)",MEDICAL SKILLS LABORATORY / TIP TARİHİ VE ETİK AD.,FAKÜLTEMİZ WEB SİTESİ ÖĞRENCİ AĞI AMFİ PROGRAMINA BAKINIZ,,,,,,,,,,,,,,,,,,,
Time Table 1,27 Şubat 2026 Cuma,11:50,12:30,2-Medicine in Ancient Greece and Rome / Prof. Dr. İlhan İLKILIÇ (Prof. Dr. Fatma Arın NAMAL,MEDICAL SKILLS LABORATORY / TIP TARİHİ VE ETİK AD.,FAKÜLTEMİZ WEB SİTESİ ÖĞRENCİ AĞI AMFİ PROGRAMINA BAKINIZ,,,,,,,,,,,,,,,,,,,
Time Table 1,27 Şubat 2026 Cuma,12:30,14:00,ÖĞLE ARASI,,,,,,,,,,,,,,,,,,,,,
Time Table 1,27 Şubat 2026 Cuma,14:00,15:50,LABORATORY SKILLS (BIOPHYSICS 1) İ2  Discussion İ1,TISSUE/ DİKEY KORİDOR,FAKÜLTEMİZ WEB SİTESİ ÖĞRENCİ AĞI AMFİ PROGRAMINA BAKINIZ,,,,,,,,,,,,,,,,,,,
Time Table 1,2 Mart 2026 Pazartesi,08:30,09:10,FREE TIME,,,,,,,,,,,,,,,,,,,,,
Time Table 1,2 Mart 2026 Pazartesi,09:20,10:00,FREE TIME,,,,,,,,,,,,,,,,,,,,,
Time Table 1,2 Mart 2026 Pazartesi,10:10,10:50,FREE TIME,,,,,,,,,,,,,,,,,,,,,
Time Table 1,2 Mart 2026 Pazartesi,11:00,11:40,COMMUNICATION SKILLS 2 Orientation to the course - aim and learning objectives / Doç. Dr. Müge BOZKURT (Dr. Öğr. Üyesi Irmak POLAT),MEDICAL SKILLS LABORATORY / RUH SAĞLIĞI VE HASTALIKLARI AD.,FAKÜLTEMİZ WEB SİTESİ ÖĞRENCİ AĞI AMFİ PROGRAMINA BAKINIZ,,,,,,,,,,,,,,,,,,,
Time Table 1,2 Mart 2026 Pazartesi,11:50,12:30,COMMUNICATION SKILLS 2 Movie 1 Doç. Dr. Müge BOZKURT (Dr. Öğr. Üyesi Irmak POLAT),MEDICAL SKILLS LABORATORY / RUH SAĞLIĞI VE HASTALIKLARI AD.,FAKÜLTEMİZ WEB SİTESİ ÖĞRENCİ AĞI AMFİ PROGRAMINA BAKINIZ,,,,,,,,,,,,,,,,,,,
Time Table 1,2 Mart 2026 Pazartesi,11:50,12:30,COMMUNICATION SKILLS 2 Discussion 1 / Doç. Dr. Müge BOZKURT (Dr. Öğr. Üyesi Irmak POLAT),MEDICAL SKILLS LABORATORY / RUH SAĞLIĞI VE HASTALIKLARI AD.,FAKÜLTEMİZ WEB SİTESİ ÖĞRENCİ AĞI AMFİ PROGRAMINA BAKINIZ,,,,,,,,,,,,,,,,,,,
Time Table 1,2 Mart 2026 Pazartesi,12:30,13.30,ÖĞLE ARASI,,,,,,,,,,,,,,,,,,,,,
Time Table 1,2 Mart 2026 Pazartesi,13:30,16:20,Anatomy Laboratory 1/21 (Türkçe Tıp ile ortak ders),MOVEMENT / ANATOMİ AD.,,,,,,,,,,,,,,,,,,,,
Time Table 1,3 Mart 2026 Salı,08:30,09:10,FREE TIME,,,,,,,,,,,,,,,,,,,,,
Time Table 1,3 Mart 2026 Salı,09:20,10:00,FREE TIME,,,,,,,,,,,,,,,,,,,,,
Time Table 1,3 Mart 2026 Salı,10:10,10:50,FREE TIME,,,,,,,,,,,,,,,,,,,,,
Time Table 1,3 Mart 2026 Salı,11:00,11:40,FREE TIME,,,,,,,,,,,,,,,,,,,,,
Time Table 1,3 Mart 2026 Salı,11:50,12:30,9-Immunobiology / Prof.Dr. Fatma OĞUZ (Doç.Dr. Hayriye ŞENTÜRK ÇİFTÇİ),TISSUE / TIBBİ BİYOLOJİ AD.,FAKÜLTEMİZ WEB SİTESİ ÖĞRENCİ AĞI AMFİ PROGRAMINA BAKINIZ,,,,,,,,,,,,,,,,,,,
Time Table 1,3 Mart 2026 Salı,12:30,13.30,ÖĞLE ARASI,,,,,,,,,,,,,,,,,,,,,
Time Table 1,3 Mart 2026 Salı,13:30,14:10,10-Immunogenetics / Prof.Dr. Fatma OĞUZ (Doç.Dr. Hayriye ŞENTÜRK ÇİFTÇİ),TISSUE / TIBBİ BİYOLOJİ AD.,FAKÜLTEMİZ WEB SİTESİ ÖĞRENCİ AĞI AMFİ PROGRAMINA BAKINIZ,,,,,,,,,,,,,,,,,,,
Time Table 1,3 Mart 2026 Salı,14:20,15:00,COMMUNICATION SKILLS 2 Movie 2 / Dr. Öğr. Üyesi Irmak POLAT  (Doç. Dr. Dilek ANUK),MEDICAL SKILLS LABORATORY / RUH SAĞLIĞI VE HASTALIKLARI AD.,FAKÜLTEMİZ WEB SİTESİ ÖĞRENCİ AĞI AMFİ PROGRAMINA BAKINIZ,,,,,,,,,,,,,,,,,,,
Time Table 1,3 Mart 2026 Salı,15:10,15:50,COMMUNICATION SKILLS 2 Discussion 2 / Dr. Öğr. Üyesi Irmak POLAT  (Doç. Dr. Dilek ANUK),MEDICAL SKILLS LABORATORY / RUH SAĞLIĞI VE HASTALIKLARI AD.,FAKÜLTEMİZ WEB SİTESİ ÖĞRENCİ AĞI AMFİ PROGRAMINA BAKINIZ,,,,,,,,,,,,,,,,,,,
Time Table 1,3 Mart 2026 Salı,16:00,16:40,FREE TIME,,,,,,,,,,,,,,,,,,,,,
Time Table 1,4 Mart 2026 Çarşamba,08:30,09:10,INTEGRATED SESSION - Carcinogenesis / Prof.Dr. Fatma OĞUZ - Prof.Dr. Handan AKÇAKAYA (Prof. Dr.Işıl ALBENİZ) (Türkçe Tıp ile ortak ders),TISSUE / TIBBİ BİYOLOJİ AD. - BİYOFİZİK AD.,AZİZ SANCAR AMFİSİ,,,,,,,,,,,,,,,,,,,
Time Table 1,4 Mart 2026 Çarşamba,09:20,10:00,11-Stem Cell Biology / Prof.Dr. Fatma OĞUZ (Doç.Dr. Hayriye ŞENTÜRK ÇİFTÇİ),TISSUE / TIBBİ BİYOLOJİ AD.,FAKÜLTEMİZ WEB SİTESİ ÖĞRENCİ AĞI AMFİ PROGRAMINA BAKINIZ,,,,,,,,,,,,,,,,,,,
Time Table 1,4 Mart 2026 Çarşamba,10:10,10:50,12-Molecular and Cellular Treatment Modalites and Gene Therapy / Prof.Dr. Fatma OĞUZ (Doç.Dr. Hayriye ŞENTÜRK ÇİFTÇİ),TISSUE / TIBBİ BİYOLOJİ AD.,FAKÜLTEMİZ WEB SİTESİ ÖĞRENCİ AĞI AMFİ PROGRAMINA BAKINIZ,,,,,,,,,,,,,,,,,,,
Time Table 1,4 Mart 2026 Çarşamba,11:00,11:40,FREE TIME,,,,,,,,,,,,,,,,,,,,,
Time Table 1,4 Mart 2026 Çarşamba,11:50,12:30,FREE TIME,,,,,,,,,,,,,,,,,,,,,
Time Table 1,4 Mart 2026 Çarşamba,12:30,13:30,GÜZ DÖNEMİ DÖNEM DEĞERLİNDİRME TOPLANMASI (İngilizce Tıp ile ortak ders),,FAKÜLTEMİZ WEB SİTESİ ÖĞRENCİ AĞI AMFİ PROGRAMINA BAKINIZ,,,,,,,,,,,,,,,,,,,
Time Table 1,4 Mart 2026 Çarşamba,13:30,14:10,Elective Courses - 2,,FAKÜLTEMİZ WEB SİTESİ ÖĞRENCİ AĞI SEÇMELİ DERS AMFİ PROGRAMINA BAKINIZ,,,,,,,,,,,,,,,,,,,
Time Table 1,4 Mart 2026 Çarşamba,14:20,15:00,Elective Courses - 2,,FAKÜLTEMİZ WEB SİTESİ ÖĞRENCİ AĞI SEÇMELİ DERS AMFİ PROGRAMINA BAKINIZ,,,,,,,,,,,,,,,,,,,
Time Table 1,4 Mart 2026 Çarşamba,15:10,15:50,Elective Courses - 2,,FAKÜLTEMİZ WEB SİTESİ ÖĞRENCİ AĞI SEÇMELİ DERS AMFİ PROGRAMINA BAKINIZ,,,,,,,,,,,,,,,,,,,
Time Table 1,5 Mart 2026 Perşembe,08:30,10:20,LABORATORY SKILLS (MEDICAL BIOLOGY 1) İ1 Discussion İ2,TISSUE/DİKEY KORİDOR,FAKÜLTEMİZ WEB SİTESİ ÖĞRENCİ AĞI SEÇMELİ DERS AMFİ PROGRAMINA BAKINIZ,,,,,,,,,,,,,,,,,,,
Time Table 1,5 Mart 2026 Perşembe,11:00,11:40,1-Development and structure of epithelial tissue / Prof.Dr. Sibel KÖKTÜRK (Doç. Dr. Elif KERVANCIOĞLU DEMİRCİ),TISSUE / HİSTOLOJİ VE EMBİRİYOLOJİ AD.,FAKÜLTEMİZ WEB SİTESİ ÖĞRENCİ AĞI AMFİ PROGRAMINA BAKINIZ,,,,,,,,,,,,,,,,,,,
Time Table 1,5 Mart 2026 Perşembe,11:50,12:30,2-Types of epithelia / Prof.Dr. Sibel KÖKTÜRK (Doç. Dr. Elif KERVANCIOĞLU DEMİRCİ),TISSUE / HİSTOLOJİ VE EMBİRİYOLOJİ AD.,FAKÜLTEMİZ WEB SİTESİ ÖĞRENCİ AĞI AMFİ PROGRAMINA BAKINIZ,,,,,,,,,,,,,,,,,,,
Time Table 1,5 Mart 2026 Perşembe,12:30,13:30,ÖĞLE ARASI,,,,,,,,,,,,,,,,,,,,,
Time Table 1,5 Mart 2026 Perşembe,13:30,14:10,3-Medicine in Byzantium and the western Middle Ages / Prof. Dr. İlhan İLKILIÇ (Prof. Dr. Fatma Arın NAMAL),MEDICAL SKILLS LABORATORY / TIP TARİHİ VE ETİK AD.,FAKÜLTEMİZ WEB SİTESİ ÖĞRENCİ AĞI AMFİ PROGRAMINA BAKINIZ,,,,,,,,,,,,,,,,,,,
Time Table 1,5 Mart 2026 Perşembe,14:20,15:00,4-lslamic Medicine in the Middle Ages /Prof. Dr. İlhan İLKILIÇ (Prof. Dr. Fatma Arın NAMAL),MEDICAL SKILLS LABORATORY / TIP TARİHİ VE ETİK AD.,FAKÜLTEMİZ WEB SİTESİ ÖĞRENCİ AĞI AMFİ PROGRAMINA BAKINIZ,,,,,,,,,,,,,,,,,,,
Time Table 1,5 Mart 2026 Perşembe,15:10,15:50,5- Clavicula-scapula-humerus / Dr. Öğr.Üyesi Osman COŞKUN (Doç.Dr. Özcan GAYRETLİ),MOVEMENT / ANATOMİ AD.,FAKÜLTEMİZ WEB SİTESİ ÖĞRENCİ AĞI AMFİ PROGRAMINA BAKINIZ,,,,,,,,,,,,,,,,,,,
Time Table 1,5 Mart 2026 Perşembe,16:00,16:40,6- Radius - ulna - bones of hand / Doç.Dr. Özcan GAYRETLİ (Dr. Öğr.Üyesi Osman COŞKUN) ,MOVEMENT / ANATOMİ AD.,FAKÜLTEMİZ WEB SİTESİ ÖĞRENCİ AĞI AMFİ PROGRAMINA BAKINIZ,,,,,,,,,,,,,,,,,,,
Time Table 1,6 Mart 2026 Cuma,08:30,10:20,LABORATORY SKILLS (HISTOLOGY AND EMBRYOLOGY 1) İ1 - (MEDICAL BIOLOGY 2) İ2,TISSUE,,,,,,,,,,,,,,,,,,,,
Time Table 1,6 Mart 2026 Cuma,11:00,11:40,FREE TIME,,,,,,,,,,,,,,,,,,,,,
Time Table 1,6 Mart 2026 Cuma,11:50,12:30,FREE TIME,,,,,,,,,,,,,,,,,,,,,
Time Table 1,6 Mart 2026 Cuma,12:30,14:00,ÖĞLE ARASI,,,,,,,,,,,,,,,,,,,,,
Time Table 1,6 Mart 2026 Cuma,14:00,14:40,7- Cranial bones I / Doç.Dr. Özcan GAYRETLİ (Dr. Öğr.Üyesi Osman COŞKUN) (Türkçe Tıp ile Ortak Ders),MOVEMENT / ANATOMİ AD.,,,,,,,,,,,,,,,,,,,,
Time Table 1,6 Mart 2026 Cuma,14:50,15:30,8- Cranial bones II / Doç.Dr. Özcan GAYRETLİ (Dr. Öğr.Üyesi Osman COŞKUN) (Türkçe Tıp ile Ortak Ders),MOVEMENT / ANATOMİ AD.,,,,,,,,,,,,,,,,,,,,
Time Table 1,6 Mart 2026 Cuma,15:40,16:20,FREE TIME,,,,,,,,,,,,,,,,,,,,,
Time Table 1,9 Mart 2026 Pazartesi,08:30,09:10,4-Elektromagnetic spectrum and radiation / Doç.Dr. Leyla TÜRKER ŞENER (Doç.Dr. Bilgi ÖZERMAN EDİS),TISSUE / BİYOFİZİK AD.,FAKÜLTEMİZ WEB SİTESİ ÖĞRENCİ AĞI AMFİ PROGRAMINA BAKINIZ,,,,,,,,,,,,,,,,,,,
Time Table 1,9 Mart 2026 Pazartesi,09:20,10:00,5-Medical use of radiation and radiation protection / Doç.Dr. Leyla TÜRKER ŞENER (Doç.Dr. Bilgi ÖZERMAN EDİS),TISSUE / BİYOFİZİK AD.,FAKÜLTEMİZ WEB SİTESİ ÖĞRENCİ AĞI AMFİ PROGRAMINA BAKINIZ,,,,,,,,,,,,,,,,,,,
Time Table 1,9 Mart 2026 Pazartesi,10:30,12:20,LABORATORY SKILLS ( Suturing Techniques ) İ1,MEDICAL SKILLS LABORATORY,,,,,,,,,,,,,,,,,,,,
Time Table 1,9 Mart 2026 Pazartesi,10:00,12:00,FREE TIME (Time Table 2 Examination),,,,,,,,,,,,,,,,,,,,,
Time Table 1,9 Mart 2026 Pazartesi,12:30,13:30,ÖĞLE ARASI,,,,,,,,,,,,,,,,,,,,,
Time Table 1,9 Mart 2026 Pazartesi,13:30,16:20,Anatomy Laboratory 3/21 (Türkçe Tıp ile ortak ders),MOVEMENT / ANATOMİ AD.,,,,,,,,,,,,,,,,,,,,
Time Table 1,10 Mart 2026 Salı,08:30,09:10,FREE TIME,,,,,,,,,,,,,,,,,,,,,
Time Table 1,10 Mart 2026 Salı,09:20,10:00,FREE TIME,,,,,,,,,,,,,,,,,,,,,
Time Table 1,10 Mart 2026 Salı,10:30,12:20,LABORATORY SKILLS (Practical Exam Suturing Techniques) İ2-(MEDICAL BIOLOGY 2) İ1 ,MEDICAL SKILLS LABORATORY,,,,,,,,,,,,,,,,,,,,
Time Table 1,10 Mart 2026 Salı,12:30,13:30,ÖĞLE ARASI,,,,,,,,,,,,,,,,,,,,,
Time Table 1,10 Mart 2026 Salı,13:30,14:10,FREE TIME,,,,,,,,,,,,,,,,,,,,,
Time Table 1,10 Mart 2026 Salı,14:20,15:00,FREE TIME,,,,,,,,,,,,,,,,,,,,,
Time Table 1,10 Mart 2026 Salı,15:10,15:50,FREE TIME,,,,,,,,,,,,,,,,,,,,,
Time Table 1,11 Mart 2026 Çarşamba,08:30,10:20,LABORATORY SKILLS  (HISTOLOGY AND EMBRYOLOGY 1) İ2,TISSUE,,,,,,,,,,,,,,,,,,,,
Time Table 1,11 Mart 2026 Çarşamba,11:00,11:40,"3-Protective, lining and secretory epithelia / Prof.Dr. Sibel KÖKTÜRK (Doç. Dr. Elif KERVANCIOĞLU DEMİRCİ)",TISSUE / HİSTOLOJİ VE EMBİRİYOLOJİ AD.,FAKÜLTEMİZ WEB SİTESİ ÖĞRENCİ AĞI AMFİ PROGRAMINA BAKINIZ,,,,,,,,,,,,,,,,,,,
Time Table 1,11 Mart 2026 Çarşamba,11:50,12:30,4-Sensory epithelium / Prof.Dr. Sibel KÖKTÜRK (Doç. Dr. Elif KERVANCIOĞLU DEMİRCİ),TISSUE / HİSTOLOJİ VE EMBİRİYOLOJİ AD.,FAKÜLTEMİZ WEB SİTESİ ÖĞRENCİ AĞI AMFİ PROGRAMINA BAKINIZ,,,,,,,,,,,,,,,,,,,
Time Table 1,11 Mart 2026 Çarşamba,12:30,13:30,ÖĞLE ARASI,,,,,,,,,,,,,,,,,,,,,
Time Table 1,11 Mart 2026 Çarşamba,13:30,14:10,Elective Courses - 3,,FAKÜLTEMİZ WEB SİTESİ ÖĞRENCİ AĞI SEÇMELİ DERS AMFİ PROGRAMINA BAKINIZ,,,,,,,,,,,,,,,,,,,
Time Table 1,11 Mart 2026 Çarşamba,14:20,15:00,Elective Courses - 3,,FAKÜLTEMİZ WEB SİTESİ ÖĞRENCİ AĞI SEÇMELİ DERS AMFİ PROGRAMINA BAKINIZ,,,,,,,,,,,,,,,,,,,
Time Table 1,11 Mart 2026 Çarşamba,15:10,15:50,Elective Courses - 3,,FAKÜLTEMİZ WEB SİTESİ ÖĞRENCİ AĞI SEÇMELİ DERS AMFİ PROGRAMINA BAKINIZ,,,,,,,,,,,,,,,,,,,
Time Table 1,12 Mart 2026 Perşembe,08:30,10:20,LABORATORY SKILLS (HISTOLOGY AND EMBRYOLOGY 2) İ1 - (MEDICAL BIOLOGY 3) İ2,TISSUE,,,,,,,,,,,,,,,,,,,,
Time Table 1,12 Mart 2026 Perşembe,11:00,11:40,5-Mesenchyme and adult connective tissues / Doç. Dr. Tuğba KOTİL (Prof. Dr. Sibel KÖKTÜRK),TISSUE / HİSTOLOJİ VE EMBİRİYOLOJİ AD.,FAKÜLTEMİZ WEB SİTESİ ÖĞRENCİ AĞI AMFİ PROGRAMINA BAKINIZ,,,,,,,,,,,,,,,,,,,
Time Table 1,12 Mart 2026 Perşembe,11:50,12:30,6-Extracellular matrix of connective tissue / Doç. Dr. Tuğba KOTİL (Prof. Dr. Sibel KÖKTÜRK),TISSUE / HİSTOLOJİ VE EMBİRİYOLOJİ AD.,FAKÜLTEMİZ WEB SİTESİ ÖĞRENCİ AĞI AMFİ PROGRAMINA BAKINIZ,,,,,,,,,,,,,,,,,,,
Time Table 1,12 Mart 2026 Perşembe,12:30,13:30,ÖĞLE ARASI,,,,,,,,,,,,,,,,,,,,,
Time Table 1,12 Mart 2026 Perşembe,13:30,15:20,LABORATORY SKILLS (HISTOLOGY AND EMBRYOLOGY 2) İ2 (Practical Exam Suturing Techniques) İ1,TISSUE/MEDICAL SKILLS LABORATORY,,,,,,,,,,,,,,,,,,,,
Time Table 1,12 Mart 2026 Perşembe,15:30,16:10,FREE TIME,,,,,,,,,,,,,,,,,,,,,
Time Table 1,13 Mart 2026 Cuma,08:30,10:20,LABORATORY SKILLS (BIOPHYSICS 2) İ1,,,,,,,,,,,,,,,,,,,,,
Time Table 1,13 Mart 2026 Cuma,10:30,11:10,FREE TIME,,,,,,,,,,,,,,,,,,,,,
Time Table 1,13 Mart 2026 Cuma,11:20,12:00,FREE TIME,,,,,,,,,,,,,,,,,,,,,
Time Table 1,13 Mart 2026 Cuma,12:30,13:30,ÖĞLE ARASI,,,,,,,,,,,,,,,,,,,,,
Time Table 1,13 Mart 2026 Cuma,14:00,16:50,Anatomy Laboratory 4/21 (Türkçe Tıp ile ortak ders),MOVEMENT / ANATOMİ AD.,,,,,,,,,,,,,,,,,,,,
Time Table 1,16 Mart 2026 Pazartesi,08:30,10:20,LABORATORY SKILLS (MEDICAL BIOLOGY 3) İ1 ,TISSUE,,,,,,,,,,,,,,,,,,,,
Time Table 1,16 Mart 2026 Pazartesi,11:00,11:40,FREE TIME,,,,,,,,,,,,,,,,,,,,,
Time Table 1,16 Mart 2026 Pazartesi,11:50,12:30,10- Joints general information / Doç.Dr. Özcan GAYRETLİ (Dr. Öğr.Üyesi Osman COŞKUN) ,MOVEMENT / ANATOMİ AD.,FAKÜLTEMİZ WEB SİTESİ ÖĞRENCİ AĞI AMFİ PROGRAMINA BAKINIZ,,,,,,,,,,,,,,,,,,,
Time Table 1,16 Mart 2026 Pazartesi,12:30,13:30,ÖĞLE ARASI,,,,,,,,,,,,,,,,,,,,,
Time Table 1,16 Mart 2026 Pazartesi,13:30,16:20,Anatomy Laboratory 5/21 (Türkçe Tıp ile ortak ders),MOVEMENT / ANATOMİ AD.,,,,,,,,,,,,,,,,,,,,
Time Table 1,17 Mart 2026 Salı,08:30,09:10,FREE TIME,,,,,,,,,,,,,,,,,,,,,
Time Table 1,17 Mart 2026 Salı,09:20,10:00,5-Medicine in central Asian Turks and Seljuks / Prof. Dr. İlhan İLKILIÇ (Prof. Dr. Fatma Arın NAMAL),MEDICAL SKILLS LABORATORY / TIP TARİHİ VE ETİK AD.,FAKÜLTEMİZ WEB SİTESİ ÖĞRENCİ AĞI AMFİ PROGRAMINA BAKINIZ,,,,,,,,,,,,,,,,,,,
Time Table 1,17 Mart 2026 Salı,10:10,10:50,6-Renaissance and Medicine / Prof. Dr. İlhan İLKILIÇ (Prof. Dr. Fatma Arın NAMAL),MEDICAL SKILLS LABORATORY / TIP TARİHİ VE ETİK AD.,FAKÜLTEMİZ WEB SİTESİ ÖĞRENCİ AĞI AMFİ PROGRAMINA BAKINIZ,,,,,,,,,,,,,,,,,,,
Time Table 1,17 Mart 2026 Salı,11:00,11:40,COMMUNICATION SKILLS 2 Movie 3 / Dr. Öğr. Üyesi Irmak POLAT  (Doç. Dr. Dilek ANUK),MEDICAL SKILLS LABORATORY / RUH SAĞLIĞI VE HASTALIKLARI AD.,FAKÜLTEMİZ WEB SİTESİ ÖĞRENCİ AĞI AMFİ PROGRAMINA BAKINIZ,,,,,,,,,,,,,,,,,,,
Time Table 1,17 Mart 2026 Salı,11:50,12:30,COMMUNICATION SKILLS 2 Discussion 3 / Dr. Öğr. Üyesi Irmak POLAT  (Doç. Dr. Dilek ANUK),MEDICAL SKILLS LABORATORY / RUH SAĞLIĞI VE HASTALIKLARI AD.,FAKÜLTEMİZ WEB SİTESİ ÖĞRENCİ AĞI AMFİ PROGRAMINA BAKINIZ,,,,,,,,,,,,,,,,,,,
Time Table 1,17 Mart 2026 Salı,12:30,13:30,ÖĞLE ARASI,,,,,,,,,,,,,,,,,,,,,
Time Table 1,17 Mart 2026 Salı,13:30,15:20,LABORATORY SKILLS (HISTOLOGY AND EMBRYOLOGY 3) İ1 -(BIOPHYSICS 2) İ2,TISSUE,,,,,,,,,,,,,,,,,,,,
Time Table 1,17 Mart 2026 Salı,15:30,16:10,FREE TIME,,,,,,,,,,,,,,,,,,,,,
Time Table 1,18 Mart 2026 Çarşamba,08:30,09:10,FREE TIME,,,,,,,,,,,,,,,,,,,,,
Time Table 1,18 Mart 2026 Çarşamba,09:20,10:00,FREE TIME,,,,,,,,,,,,,,,,,,,,,
Time Table 1,18 Mart 2026 Çarşamba,10:10,10:50,FREE TIME,,,,,,,,,,,,,,,,,,,,,
Time Table 1,18 Mart 2026 Çarşamba,11:00,11:40,6-Medical imaging / Doç.Dr. Leyla TÜRKER ŞENER (Doç.Dr. Bilgi ÖZERMAN EDİS),TISSUE / BİYOFİZİK AD.,FAKÜLTEMİZ WEB SİTESİ ÖĞRENCİ AĞI AMFİ PROGRAMINA BAKINIZ,,Time Table 1,18 Mart 2026 Çarşamba,Time Table 1,18 Mart 2026 Çarşamba,Time Table 1,18 Mart 2026 Çarşamba,Time Table 1,18 Mart 2026 Çarşamba,Time Table 1,18 Mart 2026 Çarşamba,Time Table 1,18 Mart 2026 Çarşamba,Time Table 1,18 Mart 2026 Çarşamba,Time Table 1,18 Mart 2026 Çarşamba,Time Table 1,18 Mart 2026 Çarşamba
Time Table 1,18 Mart 2026 Çarşamba,11:50,12:30,9- Facial bones  / Doç.Dr. Özcan GAYRETLİ (Dr. Öğr.Üyesi Osman COŞKUN) ,MOVEMENT / ANATOMİ AD.,FAKÜLTEMİZ WEB SİTESİ ÖĞRENCİ AĞI AMFİ PROGRAMINA BAKINIZ,,,,,,,,,,,,,,,,,,,
Time Table 1,18 Mart 2026 Çarşamba,12:30,13:30,ÖĞLE ARASI,,,,,,,,,,,,,,,,,,,,,
Time Table 1,18 Mart 2026 Çarşamba,13:30,14:10,Elective Courses - 4,,FAKÜLTEMİZ WEB SİTESİ ÖĞRENCİ AĞI SEÇMELİ DERS AMFİ PROGRAMINA BAKINIZ,,,,,,,,,,,,,,,,,,,
Time Table 1,18 Mart 2026 Çarşamba,14:20,15:00,Elective Courses - 4,,FAKÜLTEMİZ WEB SİTESİ ÖĞRENCİ AĞI SEÇMELİ DERS AMFİ PROGRAMINA BAKINIZ,,,,,,,,,,,,,,,,,,,
Time Table 1,18 Mart 2026 Çarşamba,15:10,15:50,Elective Courses - 4,,FAKÜLTEMİZ WEB SİTESİ ÖĞRENCİ AĞI SEÇMELİ DERS AMFİ PROGRAMINA BAKINIZ,,,,,,,,,,,,,,,,,,,
19 Mart 2026 Perşembe,19 Mart 2026 Perşembe,08:30,09:10,FREE TIME,,,,,,,,,,,,,,,,,,,,,
19 Mart 2026 Perşembe,19 Mart 2026 Perşembe,09:20,10:00,FREE TIME,,,,,,,,,,,,,,,,,,,,,
19 Mart 2026 Perşembe,19 Mart 2026 Perşembe,10:10,10:50,FREE TIME,,,,,,,,,,,,,,,,,,,,,
19 Mart 2026 Perşembe,19 Mart 2026 Perşembe,11:00,11:40,FREE TIME,,,,,,,,,,,,,,,,,,,,,
19 Mart 2026 Perşembe,19 Mart 2026 Perşembe,11:50,12:30,FREE TIME,,,,,,,,,,,,,,,,,,,,,
Time Table 1,19 Mart 2026 Perşembe,,,RAMAZAN BAYRAMI AREFESİ,,,,,,,,,,,,,,,,,,,,,
Time Table 1,20 Mart 2026 Cuma,,,RAMAZAN BAYRAMI ,,,,,,,,,,,,,,,,,,,,,
Time Table 1,23 Mart 2026 Pazartesi,08:30,09:10,FREE TIME,,,,,,,,,,,,,,,,,,,,,
Time Table 1,23 Mart 2026 Pazartesi,09:20,10:00,FREE TIME,,,,,,,,,,,,,,,,,,,,,
Time Table 1,23 Mart 2026 Pazartesi,10:10,10:50,7-Cybernetics and Information Theory / Doç.Dr. Başak GÜNÇER (Prof.Dr. Leman YALÇINTEPE GÜNEŞTUTAR),TISSUE / BİYOFİZİK AD.,,,,,,,,,,,,,,,,,,,,
Time Table 1,23 Mart 2026 Pazartesi,11:00,11:40,11- Joints of lower extremities I / Dr. Öğr.Üyesi Osman COŞKUN Doç.Dr. Özcan GAYRETLİ),MOVEMENT / ANATOMİ AD.,FAKÜLTEMİZ WEB SİTESİ ÖĞRENCİ AĞI AMFİ PROGRAMINA BAKINIZ,,,,,,,,,,,,,,,,,,,
Time Table 1,23 Mart 2026 Pazartesi,11:50,12:30,12- Joints of lower extremities II / Dr. Öğr.Üyesi Osman COŞKUN (Doç.Dr. Özcan GAYRETLİ),MOVEMENT / ANATOMİ AD.,FAKÜLTEMİZ WEB SİTESİ ÖĞRENCİ AĞI AMFİ PROGRAMINA BAKINIZ,,,,,,,,,,,,,,,,,,,
Time Table 1,23 Mart 2026 Pazartesi,12:30,13:30,ÖĞLE ARASI,,,,,,,,,,,,,,,,,,,,,
Time Table 1,23 Mart 2026 Pazartesi,13:30,16.20,Anatomy Laboratory 6/21 (Türkçe Tıp ile ortak ders),MOVEMENT / ANATOMİ AD.,,,,,,,,,,,,,,,,,,,,
Time Table 1,24 Mart 2026 Salı,08:30,09:10,FREE TIME,,,,,,,,,,,,,,,,,,,,,
Time Table 1,24 Mart 2026 Salı,09:20,10:00,1-Introduction to Physiology and homeostasis / Prof.Dr. Tamer DEMİRALP (Prof.Dr. Müge Devrim ÜÇOK),TISSUE / FİZYOLOJİ AD.,FAKÜLTEMİZ WEB SİTESİ ÖĞRENCİ AĞI AMFİ PROGRAMINA BAKINIZ,,,,,,,,,,,,,,,,,,,
Time Table 1,24 Mart 2026 Salı,10:10,10:50,2-Control systems of the body / Prof.Dr. Tamer DEMİRALP (Prof.Dr. Müge Devrim ÜÇOK),TISSUE / FİZYOLOJİ AD.,FAKÜLTEMİZ WEB SİTESİ ÖĞRENCİ AĞI AMFİ PROGRAMINA BAKINIZ,,,,,,,,,,,,,,,,,,,
Time Table 1,24 Mart 2026 Salı,11:00,11:40,7-Medicine in the Ottomans 1 (from the found ation to the 19th century) /Prof. Dr. İlhan İLKILIÇ (Prof. Dr. Fatma Arın NAMAL),MEDICAL SKILLS LABORATORY / TIP TARİHİ VE ETİK AD.,FAKÜLTEMİZ WEB SİTESİ ÖĞRENCİ AĞI AMFİ PROGRAMINA BAKINIZ,,,,,,,,,,,,,,,,,,,
Time Table 1,24 Mart 2026 Salı,11:50,12:30,8-Medicine in the West in the 18th and 19th centuries / Prof. Dr. İlhan İLKILIÇ (Prof. Dr. Fatma Arın NAMAL),MEDICAL SKILLS LABORATORY / TIP TARİHİ VE ETİK AD.,FAKÜLTEMİZ WEB SİTESİ ÖĞRENCİ AĞI AMFİ PROGRAMINA BAKINIZ,,,,,,,,,,,,,,,,,,,
Time Table 1,24 Mart 2026 Salı,12:30,13:30,ÖĞLE ARASI,,,,,,,,,,,,,,,,,,,,,
Time Table 1,24 Mart 2026 Salı,13:30,14:10,COMMUNICATION SKILLS 2 Movie 4 / Doç.Dr. Dilek ANUK (Dr.Öğr.Üyesi Irmak POLAT),MEDICAL SKILLS LABORATORY / RUH SAĞLIĞI VE HASTALIKLARI AD.,FAKÜLTEMİZ WEB SİTESİ ÖĞRENCİ AĞI AMFİ PROGRAMINA BAKINIZ,,,,,,,,,,,,,,,,,,,
Time Table 1,24 Mart 2026 Salı,14:20,15:00,COMMUNICATION SKILLS 2 Discussion 4 / Doç.Dr. Dilek ANUK (Dr.Öğr.Üyesi Irmak POLAT),MEDICAL SKILLS LABORATORY / RUH SAĞLIĞI VE HASTALIKLARI AD.,FAKÜLTEMİZ WEB SİTESİ ÖĞRENCİ AĞI AMFİ PROGRAMINA BAKINIZ,,,,,,,,,,,,,,,,,,,
Time Table 1,24 Mart 2026 Salı,15:10,15:50,FREE TIME,,,,,,,,,,,,,,,,,,,,,
Time Table 1,25 Mart 2026 Çarşamba,08:30,10:20,LABORATORY SKILLS  (BIOPHYSICS 3) İ2 ,TISSUE,,,,,,,,,,,,,,,,,,,,
Time Table 1,25 Mart 2026 Çarşamba,11:00,11:40,7-Cells of connective tissue / Doç. Dr. Tuğba KOTİL (Prof. Dr. Sibel KÖKTÜRK),TISSUE / HİSTOLOJİ VE EMBİRİYOLOJİ AD.,İNGİLİZCE TIP BİNASI HALL 1,,,,,,,,,,,,,,,,,,,
Time Table 1,25 Mart 2026 Çarşamba,11:50,12:30,8-Conrol Theory in Biologycal System / Doç.Dr. Başak GÜNÇER (Prof.Dr. Leman YALÇINTEPE GÜNEŞTUTAR),TISSUE / BİYOFİZİK AD.,FAKÜLTEMİZ WEB SİTESİ ÖĞRENCİ AĞI AMFİ PROGRAMINA BAKINIZ,,,,,,,,,,,,,,,,,,,
Time Table 1,25 Mart 2026 Çarşamba,12:30,13:30,ÖĞLE ARASI,,,,,,,,,,,,,,,,,,,,,
Time Table 1,25 Mart 2026 Çarşamba,13:30,14:10,Elective Courses - 5,,FAKÜLTEMİZ WEB SİTESİ ÖĞRENCİ AĞI SEÇMELİ DERS AMFİ PROGRAMINA BAKINIZ,,,,,,,,,,,,,,,,,,,
Time Table 1,25 Mart 2026 Çarşamba,14:20,15:00,Elective Courses - 5,,FAKÜLTEMİZ WEB SİTESİ ÖĞRENCİ AĞI SEÇMELİ DERS AMFİ PROGRAMINA BAKINIZ,,,,,,,,,,,,,,,,,,,
Time Table 1,25 Mart 2026 Çarşamba,15:10,15:50,Elective Courses - 5,,FAKÜLTEMİZ WEB SİTESİ ÖĞRENCİ AĞI SEÇMELİ DERS AMFİ PROGRAMINA BAKINIZ,,,,,,,,,,,,,,,,,,,
Time Table 1,26 Mart 2026 Perşembe,08:30,09:10,FREE TIME,,,,,,,,,,,,,,,,,,,,,
Time Table 1,26 Mart 2026 Perşembe,09:20,10:00,FREE TIME,,,,,,,,,,,,,,,,,,,,,
Time Table 1,26 Mart 2026 Perşembe,10:10,10:50,FREE TIME,,,,,,,,,,,,,,,,,,,,,
Time Table 1,26 Mart 2026 Perşembe,11:00,11:40,9-Medicine in the Ottomans 2 (19th century and onwards) / Prof. Dr. İlhan İLKILIÇ (Prof. Dr. Fatma Arın NAMAL),MEDICAL SKILLS LABORATORY / TIP TARİHİ VE ETİK AD.,FAKÜLTEMİZ WEB SİTESİ ÖĞRENCİ AĞI AMFİ PROGRAMINA BAKINIZ,,,,,,,,,,,,,,,,,,,
Time Table 1,26 Mart 2026 Perşembe,11:50,12:30,10-Medicine in the west in the 20th century / Prof. Dr. İlhan İLKILIÇ (Prof. Dr. Fatma Arın NAMAL),MEDICAL SKILLS LABORATORY / TIP TARİHİ VE ETİK AD.,FAKÜLTEMİZ WEB SİTESİ ÖĞRENCİ AĞI AMFİ PROGRAMINA BAKINIZ,,,,,,,,,,,,,,,,,,,
Time Table 1,26 Mart 2026 Perşembe,12:30,13:30,ÖĞLE ARASI,,,,,,,,,,,,,,,,,,,,,
Time Table 1,26 Mart 2026 Perşembe,13:30,14:10,8-Blood tissue / Dr.Öğr.Üyesi Tuğba EKİZ YILMAZ (Prof.Dr. Sibel KÖKTÜRK),TISSUE / HİSTOLOJİ VE EMBİRİYOLOJİ AD.,FAKÜLTEMİZ WEB SİTESİ ÖĞRENCİ AĞI AMFİ PROGRAMINA BAKINIZ,,,,,,,,,,,,,,,,,,,
Time Table 1,26 Mart 2026 Perşembe,14:20,15:00,9-Types of muscle tissue - Skletal muscle / Dr.Öğr.Üyesi Tuğba EKİZ YILMAZ (Prof.Dr. Sibel KÖKTÜRK),TISSUE / HİSTOLOJİ VE EMBİRİYOLOJİ AD.,FAKÜLTEMİZ WEB SİTESİ ÖĞRENCİ AĞI AMFİ PROGRAMINA BAKINIZ,,,,,,,,,,,,,,,,,,,
Time Table 1,26 Mart 2026 Perşembe,15:10,15:50,FREE TIME,,,,,,,,,,,,,,,,,,,,,
Time Table 1,27 Mart 2026 Cuma,08:30,10:20,LABORATORY SKILLS (BIOPHYSICS 3) İ1  (HISTOLOGY AND EMBRYOLOGY 3) İ2 ,TISSUE,,,,,,,,,,,,,,,,,,,,
Time Table 1,27 Mart 2026 Cuma,11:00,11:40,13-Joints of lower extremities III / Dr. Öğr.Üyesi Osman COŞKUN  (Doç.Dr. Özcan GAYRETLİ),MOVEMENT / ANATOMİ AD.,FAKÜLTEMİZ WEB SİTESİ ÖĞRENCİ AĞI AMFİ PROGRAMINA BAKINIZ,,,,,,,,,,,,,,,,,,,
Time Table 1,27 Mart 2026 Cuma,11:50,12:30,14- Trunk joints / Dr. Öğr.Üyesi Osman COŞKUN (Doç.Dr. Özcan GAYRETLİ),MOVEMENT / ANATOMİ AD.,FAKÜLTEMİZ WEB SİTESİ ÖĞRENCİ AĞI AMFİ PROGRAMINA BAKINIZ,,,,,,,,,,,,,,,,,,,
Time Table 1,27 Mart 2026 Cuma,12:30,14:00,ÖĞLE ARASI,,,,,,,,,,,,,,,,,,,,,
Time Table 1,27 Mart 2026 Cuma,14:00,16:50,Anatomy Laboratory 7/21 (Türkçe Tıp ile ortak ders),MOVEMENT / ANATOMİ AD.,,,,,,,,,,,,,,,,,,,,
Time Table 1,30 Mart 2026 Pazartesi,08:30,09:10,FREE TIME,,,,,,,,,,,,,,,,,,,,,
Time Table 1,30 Mart 2026 Pazartesi,09:20,10:00,FREE TIME,,,,,,,,,,,,,,,,,,,,,
Time Table 1,30 Mart 2026 Pazartesi,10:10,10:50,FREE TIME,,,,,,,,,,,,,,,,,,,,,
Time Table 1,30 Mart 2026 Pazartesi,11:00,11:40,FREE TIME,,,,,,,,,,,,,,,,,,,,,
Time Table 1,30 Mart 2026 Pazartesi,11:50,12:30,FREE TIME,,,,,,,,,,,,,,,,,,,,,
Time Table 1,30 Mart 2026 Pazartesi,11:50,12:30,ÖĞLE ARASI,,,,,,,,,,,,,,,,,,,,,
Time Table 1,30 Mart 2026 Pazartesi,13:30,16:20,Anatomy Laboratory 8/21 (Türkçe Tıp ile ortak ders),MOVEMENT / ANATOMİ AD.,,,,,,,,,,,,,,,,,,,,
Time Table 1,31 Mart 2026 Salı,08:30,10:20,LABORATORY SKILLS (BIOPHYSICS 4) İ2 ,TISSUE,,,,,,,,,,,,,,,,,,,,
Time Table 1,31 Mart 2026 Salı,11:00,11:40,12-Developmental features and cellular composition of nerve tissue / Doç.Dr. Tuğba KOTİL (Prof.Dr. Sibel KÖKTÜRK),TISSUE / HİSTOLOJİ VE EMBİRİYOLOJİ AD.,,,,,,,,,,,,,,,,,,,,
Time Table 1,31 Mart 2026 Salı,11:50,12:30,13-Morphologic classification of neurons /  Doç. Dr. Tuğba KOTİL(Prof.Dr. Sibel KÖKTÜRK),TISSUE / HİSTOLOJİ VE EMBİRİYOLOJİ AD.,,,,,,,,,,,,,,,,,,,,
Time Table 1,31 Mart 2026 Salı,12:30,13:30,ÖĞLE ARASI,,,,,,,,,,,,,,,,,,,,,
Time Table 1,31 Mart 2026 Salı,13:30,14:10,18- Functional anatomy of head - neck - and trunk / Prof. Dr. Ayşin KALE  (Doç.Dr. Özcan GAYRETLİ),MOVEMENT / ANATOMİ AD.,FAKÜLTEMİZ WEB SİTESİ ÖĞRENCİ AĞI AMFİ PROGRAMINA BAKINIZ,,,,,,,,,,,,,,,,,,,
Time Table 1,31 Mart 2026 Salı,14:20,15:00,19- Functional anatomy of upper and lower extremities / Prof. Dr. Ayşin KALE  (Doç.Dr. Özcan GAYRETLİ),MOVEMENT / ANATOMİ AD.,FAKÜLTEMİZ WEB SİTESİ ÖĞRENCİ AĞI AMFİ PROGRAMINA BAKINIZ,,,,,,,,,,,,,,,,,,,
Time Table 1,31 Mart 2026 Salı,15:10,15:50,FREE TIME,,,,,,,,,,,,,,,,,,,,,
Time Table 1,1 Nisan 2026 Çarşamba,08:30,09:10,FREE TIME,,,,,,,,,,,,,,,,,,,,,
Time Table 1,1 Nisan 2026 Çarşamba,09:20,10:00,10-Cardiac muscle / Dr.Öğr.Üyesi Tuğba EKİZ YILMAZ (Prof.Dr. Sibel KÖKTÜRK),TISSUE / HİSTOLOJİ VE EMBİRİYOLOJİ AD.,FAKÜLTEMİZ WEB SİTESİ ÖĞRENCİ AĞI AMFİ PROGRAMINA BAKINIZ,,,,,,,,,,,,,,,,,,,
Time Table 1,1 Nisan 2026 Çarşamba,10:10,10:50,11-Smooth muscle / Dr.Öğr.Üyesi Tuğba EKİZ YILMAZ (Prof.Dr. Sibel KÖKTÜRK),TISSUE / HİSTOLOJİ VE EMBİRİYOLOJİ AD.,FAKÜLTEMİZ WEB SİTESİ ÖĞRENCİ AĞI AMFİ PROGRAMINA BAKINIZ,,,,,,,,,,,,,,,,,,,
Time Table 1,1 Nisan 2026 Çarşamba,11:00,11:40,15-Joints of upper extremities I /Doç.Dr. Özcan GAYRETLİ (Dr. Öğr.Üyesi Osman COŞKUN),MOVEMENT / ANATOMİ AD.,FAKÜLTEMİZ WEB SİTESİ ÖĞRENCİ AĞI AMFİ PROGRAMINA BAKINIZ,,,,,,,,,,,,,,,,,,,
Time Table 1,1 Nisan 2026 Çarşamba,11:50,12:30,16-Joints of upper extremities II / Doç.Dr. Özcan GAYRETLİ (Dr. Öğr.Üyesi Osman COŞKUN),MOVEMENT / ANATOMİ AD.,FAKÜLTEMİZ WEB SİTESİ ÖĞRENCİ AĞI AMFİ PROGRAMINA BAKINIZ,,,,,,,,,,,,,,,,,,,
Time Table 1,1 Nisan 2026 Çarşamba,12:30,13:30,ÖĞLE ARASI,,,,,,,,,,,,,,,,,,,,,
Time Table 1,1 Nisan 2026 Çarşamba,13:30,14:10,Elective Courses - 6,,FAKÜLTEMİZ WEB SİTESİ ÖĞRENCİ AĞI SEÇMELİ DERS AMFİ PROGRAMINA BAKINIZ,,,,,,,,,,,,,,,,,,,
Time Table 1,1 Nisan 2026 Çarşamba,14:20,15:00,Elective Courses - 6,,FAKÜLTEMİZ WEB SİTESİ ÖĞRENCİ AĞI SEÇMELİ DERS AMFİ PROGRAMINA BAKINIZ,,,,,,,,,,,,,,,,,,,
Time Table 1,1 Nisan 2026 Çarşamba,15:10,15:50,Elective Courses - 6,,FAKÜLTEMİZ WEB SİTESİ ÖĞRENCİ AĞI SEÇMELİ DERS AMFİ PROGRAMINA BAKINIZ,,,,,,,,,,,,,,,,,,,
Time Table 1,2 Nisan 2026 Perşembe,08:30,09:10,FREE TIME,,,,,,,,,,,,,,,,,,,,,
Time Table 1,2 Nisan 2026 Perşembe,09:20,10:00,FREE TIME,,,,,,,,,,,,,,,,,,,,,
Time Table 1,2 Nisan 2026 Perşembe,10:10,10:50,FREE TIME,,,,,,,,,,,,,,,,,,,,,
Time Table 1,2 Nisan 2026 Perşembe,11:00,11:40,FREE TIME,,,,,,,,,,,,,,,,,,,,,
Time Table 1,2 Nisan 2026 Perşembe,11:50,12:30,FREE TIME,,,,,,,,,,,,,,,,,,,,,
Time Table 1,2 Nisan 2026 Perşembe,13:30,15:20,FREE TIME,,,,,,,,,,,,,,,,,,,,,
Time Table 1,2 Nisan 2026 Perşembe,14:20,15:00,FREE TIME,,,,,,,,,,,,,,,,,,,,,
Time Table 1,2 Nisan 2026 Perşembe,15:10,15:50,FREE TIME,,,,,,,,,,,,,,,,,,,,,
Time Table 1,3 Nisan 2026 Cuma,08:30,10:20,Telafi (Dikiş Düğüm Uygulaması),MEDICAL SKILLS LABORATORY,,,,,,,,,,,,,,,,,,,,
Time Table 1,3 Nisan 2026 Cuma,11:00,11:40,FREE TIME,,,,,,,,,,,,,,,,,,,,,
Time Table 1,3 Nisan 2026 Cuma,11:50,12:30,FREE TIME,,,,,,,,,,,,,,,,,,,,,
Time Table 1,3 Nisan 2026 Cuma,12:30,14:00,ÖĞLE ARASI,,,,,,,,,,,,,,,,,,,,,
Time Table 1,3 Nisan 2026 Cuma,14:00,16:50,Anatomy Laboratory 9/21 (Türkçe Tıp ile ortak ders),MOVEMENT / ANATOMİ AD.,,,,,,,,,,,,,,,,,,,,
Time Table 1,6 Nisan 2026 Pazartesi,08:30,09:10,FREE TIME,,,,,,,,,,,,,,,,,,,,,
Time Table 1,6 Nisan 2026 Pazartesi,09:30,10:20,INTEGRATED SESSION - The journey of blood from donor to patient / Prof. Dr. Sevgi BEŞIŞIK KALAYOĞLU - Prof. Dr. Çiğdem KEKİK ÇINAR  (Türkçe Tıp ile ortak ders),TISSUE / TIBBİ BİYOLOJİ AD.,,,,,,,,,,,,,,,,,,,,
Time Table 1,6 Nisan 2026 Pazartesi,11:00,11:40,11-1933 Turkish University Reform and the History of our Faculty / Prof. Dr. İlhan İLKILIÇ (Prof. Dr. Fatma Arın NAMAL),MEDICAL SKILLS LABORATORY / TIP TARİHİ VE ETİK AD.,FAKÜLTEMİZ WEB SİTESİ ÖĞRENCİ AĞI AMFİ PROGRAMINA BAKINIZ,,,,,,,,,,,,,,,,,,,
Time Table 1,6 Nisan 2026 Pazartesi,11:50,12:30,12-History of Pandemics and Epidemics /Prof. Dr. İlhan İLKILIÇ (Prof. Dr. Fatma Arın NAMAL),MEDICAL SKILLS LABORATORY / TIP TARİHİ VE ETİK AD.,FAKÜLTEMİZ WEB SİTESİ ÖĞRENCİ AĞI AMFİ PROGRAMINA BAKINIZ,,,,,,,,,,,,,,,,,,,
Time Table 1,6 Nisan 2026 Pazartesi,12:30,13:30,ÖĞLE ARASI,,,,,,,,,,,,,,,,,,,,,
Time Table 1,6 Nisan 2026 Pazartesi,13:30,16:20,Anatomy Laboratory 10/21 (Türkçe Tıp ile ortak ders),MOVEMENT / ANATOMİ AD.,,,,,,,,,,,,,,,,,,,,
Time Table 1,7 Nisan 2026 Salı,08:30,10:20,LABORATORY SKILLS  (MEDICAL BIOLOGY 4) İ2,TISSUE ,,,,,,,,,,,,,,,,,,,,
Time Table 1,7 Nisan 2026 Salı,11:00,11:40,13-History of the Fight against Epidemic Diseases in Turkey / Prof. Dr. İlhan İLKILIÇ (Prof. Dr. Fatma Arın NAMAL),MEDICAL SKILLS LABORATORY / TIP TARİHİ VE ETİK AD.,FAKÜLTEMİZ WEB SİTESİ ÖĞRENCİ AĞI AMFİ PROGRAMINA BAKINIZ,,,,,,,,,,,,,,,,,,,
Time Table 1,7 Nisan 2026 Salı,11:50,12:30,14-Research and Paradigms in the History of Medicine / Prof. Dr. İlhan İLKILIÇ (Prof. Dr. Fatma Arın NAMAL),MEDICAL SKILLS LABORATORY / TIP TARİHİ VE ETİK AD.,FAKÜLTEMİZ WEB SİTESİ ÖĞRENCİ AĞI AMFİ PROGRAMINA BAKINIZ,,,,,,,,,,,,,,,,,,,
Time Table 1,7 Nisan 2026 Salı,12:30,13:30,ÖĞLE ARASI,,,,,,,,,,,,,,,,,,,,,
Time Table 1,7 Nisan 2026 Salı,13:30,15:20,LABORATORY SKILLS (BIOPHYSICS 4) İ1 ,TISSUE ,,,MEDICAL SKILLS LABORATORY,,,,,,,,,,,,,,,,,
Time Table 1,7 Nisan 2026 Salı,15:30,16:10,FREE TIME,,,,,,,,,,,,,,,,,,,,,
Time Table 1,8 Nisan 2026 Çarşamba,08:30,09:10,FREE TIME,,,,,,,,,,,,,,,,,,,,,
Time Table 1,8 Nisan 2026 Çarşamba,09:20,10:00,FREE TIME,,,,,,,,,,,,,,,,,,,,,
Time Table 1,8 Nisan 2026 Çarşamba,10:10,10:50,FREE TIME,,,,,,,,,,,,,,,,,,,,,
Time Table 1,8 Nisan 2026 Çarşamba,11:00,11:40,3-Body fluid compartments / Prof.Dr. Tamer DEMİRALP (Prof.Dr. Müge Devrim ÜÇOK),TISSUE / FİZYOLOJİ AD.,FAKÜLTEMİZ WEB SİTESİ ÖĞRENCİ AĞI AMFİ PROGRAMINA BAKINIZ,,,,,,,,,,,,,,,,,,,
Time Table 1,8 Nisan 2026 Çarşamba,11:50,12:30,4-Clinical abnormalities of the body fluids / Prof.Dr. Tamer DEMİRALP (Prof.Dr. Müge Devrim ÜÇOK),TISSUE / FİZYOLOJİ AD.,FAKÜLTEMİZ WEB SİTESİ ÖĞRENCİ AĞI AMFİ PROGRAMINA BAKINIZ,,,,,,,,,,,,,,,,,,,
Time Table 1,8 Nisan 2026 Çarşamba,12:30,13:30,ÖĞLE ARASI,,,,,,,,,,,,,,,,,,,,,
Time Table 1,8 Nisan 2026 Çarşamba,13:30,14:10,Elective Courses - 7,,FAKÜLTEMİZ WEB SİTESİ ÖĞRENCİ AĞI SEÇMELİ DERS AMFİ PROGRAMINA BAKINIZ,,,,,,,,,,,,,,,,,,,
Time Table 1,8 Nisan 2026 Çarşamba,14:20,15:00,Elective Courses - 7,,FAKÜLTEMİZ WEB SİTESİ ÖĞRENCİ AĞI SEÇMELİ DERS AMFİ PROGRAMINA BAKINIZ,,,,,,,,,,,,,,,,,,,
Time Table 1,8 Nisan 2026 Çarşamba,15:10,15:50,Elective Courses - 7,,FAKÜLTEMİZ WEB SİTESİ ÖĞRENCİ AĞI SEÇMELİ DERS AMFİ PROGRAMINA BAKINIZ,,,,,,,,,,,,,,,,,,,
Time Table 1,9 Nisan 2026 Perşembe,08:30,09:10,Dental Health in Children-1 / Doç. Dr. Yelda Kasımoğlu KARIKSIZ (Doç.Dr. Yeliz GÜVEN),LIFE STAGES / DİŞ HEKİMLİĞİ FAKÜLTESİ,FAKÜLTEMİZ WEB SİTESİ ÖĞRENCİ AĞI AMFİ PROGRAMINA BAKINIZ,,,,,,,,,,,,,,,,,,,
Time Table 1,9 Nisan 2026 Perşembe,09:20,10:00,Dental Health in Children-2 /  Doç. Dr. Yelda Kasımoğlu KARIKSIZ (Doç.Dr. Yeliz GÜVEN),LIFE STAGES / DİŞ HEKİMLİĞİ FAKÜLTESİ,FAKÜLTEMİZ WEB SİTESİ ÖĞRENCİ AĞI AMFİ PROGRAMINA BAKINIZ,,,,,,,,,,,,,,,,,,,
Time Table 1,9 Nisan 2026 Perşembe,10:10,10:50,FREE TIME,,,,,,,,,,,,,,,,,,,,,
Time Table 1,9 Nisan 2026 Perşembe,11:00,11:40,2-Population Genetics (Linkage and chromosome maps) / Doç.Dr. Hayriye ŞENTÜRK ÇİFTÇİ (Prof.Dr. Fatma OĞUZ),LIFE STAGES / TIBBİ BİYOLOJİ AD.,FAKÜLTEMİZ WEB SİTESİ ÖĞRENCİ AĞI AMFİ PROGRAMINA BAKINIZ,,,,,,,,,,,,,,,,,,,
Time Table 1,9 Nisan 2026 Perşembe,11:50,12:30,5-Biological rhythms / Prof.Dr. Tamer DEMİRALP (Prof.Dr. Müge Devrim ÜÇOK),TISSUE / FİZYOLOJİ AD.,FAKÜLTEMİZ WEB SİTESİ ÖĞRENCİ AĞI AMFİ PROGRAMINA BAKINIZ,,,,,,,,,,,,,,,,,,,
Time Table 1,9 Nisan 2026 Perşembe,12:30,13:30,ÖĞLE ARASI,,,,,,,,,,,,,,,,,,,,,
Time Table 1,9 Nisan 2026 Perşembe,13:30,14:10,17- Head and neck joints / Doç.Dr. Özcan GAYRETLİ (Dr. Öğr.Üyesi Osman COŞKUN),MOVEMENT / ANATOMİ AD.,FAKÜLTEMİZ WEB SİTESİ ÖĞRENCİ AĞI AMFİ PROGRAMINA BAKINIZ,,,,,,,,,,,,,,,,,,,
Time Table 1,9 Nisan 2026 Perşembe,14:20,15:00,14-Axons and dendirites / Doç. Dr. Tuğba KOTİL(Prof.Dr. Sibel KÖKTÜRK),TISSUE / HİSTOLOJİ VE EMBİRİYOLOJİ AD.,FAKÜLTEMİZ WEB SİTESİ ÖĞRENCİ AĞI AMFİ PROGRAMINA BAKINIZ,,,,,,,,,,,,,,,,,,,
Time Table 1,9 Nisan 2026 Perşembe,15:10,15:50,15-Neuroglial cells / Doç. Dr. Tuğba KOTİL(Prof.Dr. Sibel KÖKTÜRK),TISSUE / HİSTOLOJİ VE EMBİRİYOLOJİ AD.,FAKÜLTEMİZ WEB SİTESİ ÖĞRENCİ AĞI AMFİ PROGRAMINA BAKINIZ,,,,,,,,,,,,,,,,,,,
Time Table 1,9 Nisan 2026 Perşembe,16:00,16:40,FREE TIME,,,,,,,,,,,,,,,,,,,,,
Time Table 1,10 Nisan 2026 Cuma,08:30,09:10,FREE TIME,,,,,,,,,,,,,,,,,,,,,
Time Table 1,10 Nisan 2026 Cuma,09:20,10:00,FREE TIME,,,,,,,,,,,,,,,,,,,,,
Time Table 1,10 Nisan 2026 Cuma,10:10,10:50,FREE TIME,,,,,,,,,,,,,,,,,,,,,
Time Table 1,10 Nisan 2026 Cuma,11:00,11:40,20- Muscles general information / Dr. Öğr.Üyesi Osman COŞKUN (Doç.Dr. Özcan GAYRETLİ),MOVEMENT / ANATOMİ AD.,FAKÜLTEMİZ WEB SİTESİ ÖĞRENCİ AĞI AMFİ PROGRAMINA BAKINIZ,,,,,,,,,,,,,,,,,,,
Time Table 1,10 Nisan 2026 Cuma,11:50,12:30,21- Hip and thigh muscles / Dr. Öğr.Üyesi Osman COŞKUN (Doç.Dr. Özcan GAYRETLİ),MOVEMENT / ANATOMİ AD.,FAKÜLTEMİZ WEB SİTESİ ÖĞRENCİ AĞI AMFİ PROGRAMINA BAKINIZ,,,,,,,,,,,,,,,,,,,
Time Table 1,10 Nisan 2026 Cuma,12:30,14:00,ÖĞLE ARASI,,,,,,,,,,,,,,,,,,,,,
Time Table 1,10 Nisan 2026 Cuma,14:00,16:50,Anatomy Laboratory 11/21 (Türkçe Tıp ile ortak ders),MOVEMENT / ANATOMİ AD.,,,,,,,,,,,,,,,,,,,,
Time Table 1,13 Nisan 2026 Pazartesi,08:30,15:50,İntroduction to Medicine Applications / Dr. Öğr. Üyesi Hacer Ayşen YAVRU,ZORUNLU SEÇMELİ,FAKÜLTEMİZ WEB SİTESİ ÖĞRENCİ AĞI SEÇMELİ DERS AMFİ PROGRAMINA BAKINIZ,,,,,,,,,,,,,,,,,,,
Time Table 1,14 Nisan 2026 Salı,08:30,15:50,İntroduction to Medicine Applications / Dr. Öğr. Üyesi Hacer Ayşen YAVRU,ZORUNLU SEÇMELİ,FAKÜLTEMİZ WEB SİTESİ ÖĞRENCİ AĞI SEÇMELİ DERS AMFİ PROGRAMINA BAKINIZ,,,,,,,,,,,,,,,,,,,
Time Table 1,15 Nisan 2026 Çarşamba,08:30,09:10,1-Stages of Women's Life / Prof.Dr. Süleyman Engin AKHAN (Dr.Öğr.Üyesi İpek Merve EVRÜKE),LIFE STAGES / KADIN HASTALIKLARI VE DOĞUM AD.,FAKÜLTEMİZ WEB SİTESİ ÖĞRENCİ AĞI AMFİ PROGRAMINA BAKINIZ,,,,,,,,,,,,,,,,,,,
Time Table 1,15 Nisan 2026 Çarşamba,09:20,10:00,COMMUNICATION SKILLS 2 Movie 5 / Dr. Öğr. Üyesi Irmak POLAT  (Doç. Dr. Dilek ANUK),MEDICAL SKILLS LABORATORY / RUH SAĞLIĞI VE HASTALIKLARI AD.,FAKÜLTEMİZ WEB SİTESİ ÖĞRENCİ AĞI AMFİ PROGRAMINA BAKINIZ,,,,,,,,,,,,,,,,,,,
Time Table 1,15 Nisan 2026 Çarşamba,10:10,10:50,COMMUNICATION SKILLS 2 Discussion 5 / Dr. Öğr. Üyesi Irmak POLAT  (Doç. Dr. Dilek ANUK),MEDICAL SKILLS LABORATORY / RUH SAĞLIĞI VE HASTALIKLARI AD.,FAKÜLTEMİZ WEB SİTESİ ÖĞRENCİ AĞI AMFİ PROGRAMINA BAKINIZ,,,,,,,,,,,,,,,,,,,
Time Table 1,15 Nisan 2026 Çarşamba,11:00,11:40,FREE TIME,,,,,,,,,,,,,,,,,,,,,
Time Table 1,15 Nisan 2026 Çarşamba,11:50,12:30,FREE TIME,,,,,,,,,,,,,,,,,,,,,
Time Table 1,15 Nisan 2026 Çarşamba,12:30,13:30,ÖĞLE ARASI,,,,,,,,,,,,,,,,,,,,,
Time Table 1,15 Nisan 2026 Çarşamba,13:30,14:10,Elective Courses - 8,,FAKÜLTEMİZ WEB SİTESİ ÖĞRENCİ AĞI SEÇMELİ DERS AMFİ PROGRAMINA BAKINIZ,,,,,,,,,,,,,,,,,,,
Time Table 1,15 Nisan 2026 Çarşamba,14:20,15:00,Elective Courses - 8,,FAKÜLTEMİZ WEB SİTESİ ÖĞRENCİ AĞI SEÇMELİ DERS AMFİ PROGRAMINA BAKINIZ,,,,,,,,,,,,,,,,,,,
Time Table 1,15 Nisan 2026 Çarşamba,15:10,15:50,Elective Courses - 8,,FAKÜLTEMİZ WEB SİTESİ ÖĞRENCİ AĞI SEÇMELİ DERS AMFİ PROGRAMINA BAKINIZ,,,,,,,,,,,,,,,,,,,
Time Table 1,16 Nisan 2026 Perşembe,08:30,15:50,İntroduction to Medicine Applications / Dr. Öğr. Üyesi Hacer Ayşen YAVRU,ZORUNLU SEÇMELİ,FAKÜLTEMİZ WEB SİTESİ ÖĞRENCİ AĞI SEÇMELİ DERS AMFİ PROGRAMINA BAKINIZ,,,,,,,,,,,,,,,,,,,
Time Table 1,17 Nisan 2026 Cuma,08:30,15:50,İntroduction to Medicine Applications / Dr. Öğr. Üyesi Hacer Ayşen YAVRU,ZORUNLU SEÇMELİ,FAKÜLTEMİZ WEB SİTESİ ÖĞRENCİ AĞI SEÇMELİ DERS AMFİ PROGRAMINA BAKINIZ,,,,,,,,,,,,,,,,,,,
Time Table 1,20 Nisan 2026 Pazartesi,08:30,09:10,FREE TIME,,,,,,,,,,,,,,,,,,,,,
Time Table 1,20 Nisan 2026 Pazartesi,09:20,10:00,FREE TIME,,,,,,,,,,,,,,,,,,,,,
Time Table 1,20 Nisan 2026 Pazartesi,10:10,10:50,FREE TIME,,,,,,,,,,,,,,,,,,,,,
Time Table 1,20 Nisan 2026 Pazartesi,11:00,11:40,COMMUNICATION SKILLS 2 Movie 6 / Doç.Dr. Dilek ANUK (Dr.Öğr.Üyesi Irmak POLAT),MEDICAL SKILLS LABORATORY / RUH SAĞLIĞI VE HASTALIKLARI AD.,FAKÜLTEMİZ WEB SİTESİ ÖĞRENCİ AĞI AMFİ PROGRAMINA BAKINIZ,,,,,,,,,,,,,,,,,,,
Time Table 1,20 Nisan 2026 Pazartesi,11:50,12:30,COMMUNICATION SKILLS 2 Discussion 6 / Doç.Dr. Dilek ANUK (Dr.Öğr.Üyesi Irmak POLAT),MEDICAL SKILLS LABORATORY / RUH SAĞLIĞI VE HASTALIKLARI AD.,FAKÜLTEMİZ WEB SİTESİ ÖĞRENCİ AĞI AMFİ PROGRAMINA BAKINIZ,,,,,,,,,,,,,,,,,,,
Time Table 1,20 Nisan 2026 Pazartesi,12:30,13:30,ÖĞLE ARASI,,,,,,,,,,,,,,,,,,,,,
Time Table 1,20 Nisan 2026 Pazartesi,13:30,14:10,9-Transduction and Psychophysics in Receptors / Doç.Dr. Bilge Özerman Edis (Doç.Dr. Başak GÜNÇER),TISSUE / BİYOFİZİK AD.,FAKÜLTEMİZ WEB SİTESİ ÖĞRENCİ AĞI AMFİ PROGRAMINA BAKINIZ,,,,,,,,,,,,,,,,,,,
Time Table 1,20 Nisan 2026 Pazartesi,14:20,15:00,10-Biolectrical potantial in tissues / Prof.Dr.Leman Yalçıntepe Güneştutar (Doç.Dr. Başak GÜNÇER),TISSUE / BİYOFİZİK AD.,FAKÜLTEMİZ WEB SİTESİ ÖĞRENCİ AĞI AMFİ PROGRAMINA BAKINIZ,,,,,,,,,,,,,,,,,,,
Time Table 1,20 Nisan 2026 Pazartesi,15:10,15:50,1- Gender Identification and Chromosomes / Prof.Dr. Fatma OĞUZ (Prof.Dr. Selçuk DAŞDEMİR),LIFE STAGES / TIBBİ BİYOLOJİ AD.,FAKÜLTEMİZ WEB SİTESİ ÖĞRENCİ AĞI AMFİ PROGRAMINA BAKINIZ,,,,,,,,,,,,,,,,,,,
Time Table 1,21 Nisan 2026 Salı,08:30,09:10,FREE TIME,,,,,,,,,,,,,,,,,,,,,
Time Table 1,21 Nisan 2026 Salı,09:20,10:00,FREE TIME,,,,,,,,,,,,,,,,,,,,,
Time Table 1,21 Nisan 2026 Salı,10:10,10:50,FREE TIME,,,,,,,,,,,,,,,,,,,,,
Time Table 1,21 Nisan 2026 Salı,11:00,11:40,FREE TIME,,,,,,,,,,,,,,,,,,,,,
Time Table 1,21 Nisan 2026 Salı,12:00,13:00,UZAKTAN EĞİTİM DERSLERİ DİLİM SINAVLARI,ATATÜRK İLKELERİ VE İNKLAP TARİHİ-II + TÜRK DİLİ-II + YABANCI UYRUKLULAR İÇİN ATATÜRK İLKELERİ VE İNKLAP TARİHİ-II + TÜRK DİLİ-II ,FAKÜLTEMİZ WEB SİTESİ ÖĞRENCİ AĞI AMFİ PROGRAMINA BAKINIZ,,,,,,,,,,,,,,,,,,,
Time Table 1,21 Nisan 2026 Salı,14:45,15:10,KARİYER PLANLAMA  VİZE SINAVI,,FAKÜLTEMİZ WEB SİTESİ ÖĞRENCİ AĞI AMFİ PROGRAMINA BAKINIZ,,,,,,,,,,,,,,,,,,,
Time Table 1,21 Nisan 2026 Salı,15:10,15:50,FREE TIME,,,,,,,,,,,,,,,,,,,,,
Time Table 1,22 Nisan 2026 Çarşamba,08:30,10:20,LABORATORY SKILLS (MEDICAL BIOLOGY 4) İ1,TISSUE,,,,,,,,,,,,,,,,,,,,
Time Table 1,22 Nisan 2026 Çarşamba,11:00,11:40,The Role Of Environment in Life / Prof.Dr. Mine KARAGÜLLE,LIFE STAGES / TIBBİ EKOLOJİ VE HİDROKLİMATOLOJİ AD.,FAKÜLTEMİZ WEB SİTESİ ÖĞRENCİ AĞI AMFİ PROGRAMINA BAKINIZ,,,,,,,,,,,,,,,,,,,
Time Table 1,22 Nisan 2026 Çarşamba,11:50,12:30,FREE TIME,,,,,,,,,,,,,,,,,,,,,
Time Table 1,22 Nisan 2026 Çarşamba,12:30,13:30,ÖĞLE ARASI,,,,,,,,,,,,,,,,,,,,,
Time Table 1,22 Nisan 2026 Çarşamba,13:30,14:10,Elective Courses - 9,,FAKÜLTEMİZ WEB SİTESİ ÖĞRENCİ AĞI SEÇMELİ DERS AMFİ PROGRAMINA BAKINIZ,,,,,,,,,,,,,,,,,,,
Time Table 1,22 Nisan 2026 Çarşamba,14:20,15:00,Elective Courses - 9,,FAKÜLTEMİZ WEB SİTESİ ÖĞRENCİ AĞI SEÇMELİ DERS AMFİ PROGRAMINA BAKINIZ,,,,,,,,,,,,,,,,,,,
Time Table 1,22 Nisan 2026 Çarşamba,15:10,15:50,Elective Courses - 9,,FAKÜLTEMİZ WEB SİTESİ ÖĞRENCİ AĞI SEÇMELİ DERS AMFİ PROGRAMINA BAKINIZ,,,,,,,,,,,,,,,,,,,
Time Table 1,22 Nisan 2026 Çarşamba,16:00,16:40,6-Membrane potential / Prof.Dr. Tamer DEMİRALP (Prof.Dr. Müge Devrim ÜÇOK),TISSUE / FİZYOLOJİ AD.,FAKÜLTEMİZ WEB SİTESİ ÖĞRENCİ AĞI AMFİ PROGRAMINA BAKINIZ,,,,,,,,,,,,,,,,,,,
Time Table 1,23 Nisan 2026 Perşembe,,,ULUSAL EGEMENLİK VE ÇOCUK BAYRAMI,,,,,,,,,,,,,,,,,,,,,
Time Table 1,24 Nisan 2026 Cuma,08:30,10:20,"LABORATORY SKILLS Problem-Based Learning) (PBL) İ1-1,i1-2,i1-3",TISSUE ,,,,,,,,,,,,,,,,,,,,
Time Table 1,24 Nisan 2026 Cuma,11:00,11:40,22- Leg and foot muscles / Dr. Öğr.Üyesi Osman COŞKUN (Doç.Dr. Özcan GAYRETLİ),MOVEMENT / ANATOMİ AD.,FAKÜLTEMİZ WEB SİTESİ ÖĞRENCİ AĞI AMFİ PROGRAMINA BAKINIZ,,,,,,,,,,,,,,,,,,,
Time Table 1,24 Nisan 2026 Cuma,11:50,12:30,23-Trunk muscles / Dr. Öğr.Üyesi Osman COŞKUN (Doç.Dr. Özcan GAYRETLİ),MOVEMENT / ANATOMİ AD.,FAKÜLTEMİZ WEB SİTESİ ÖĞRENCİ AĞI AMFİ PROGRAMINA BAKINIZ,,,,,,,,,,,,,,,,,,,
Time Table 1,24 Nisan 2026 Cuma,12:30,14:00,ÖĞLE ARASI,,,,,,,,,,,,,,,,,,,,,
Time Table 1,24 Nisan 2026 Cuma,14:00,16:50,Anatomy Laboratory 12/21 (Türkçe Tıp ile ortak ders),MOVEMENT / ANATOMİ AD.,,,,,,,,,,,,,,,,,,,,
Time Table 1,27 Nisan 2026 Pazartesi,08:30,09:10,24-Trunk muscles II / Dr. Öğr.Üyesi Osman COŞKUN (Doç.Dr. Özcan GAYRETLİ),MOVEMENT / ANATOMİ AD.,FAKÜLTEMİZ WEB SİTESİ ÖĞRENCİ AĞI AMFİ PROGRAMINA BAKINIZ,,,,,,,,,,,,,,,,,,,
Time Table 1,27 Nisan 2026 Pazartesi,09:20,10:00,Membrane potential and signal propagation / (Doç.Dr.Nermin Görkem ŞİRİN İNAN (Doç. Dr. Tuncay GÜNDÜZ),TISSUE / NÖROLOJİ AD.,FAKÜLTEMİZ WEB SİTESİ ÖĞRENCİ AĞI AMFİ PROGRAMINA BAKINIZ,,,,,,,,,,,,,,,,,,,
Time Table 1,27 Nisan 2026 Pazartesi,10:10,10:50,8-Propagation of the action potential and action potentials in various tissues / Prof.Dr. Tamer DEMİRALP (Prof.Dr. Müge Devrim ÜÇOK),TISSUE / FİZYOLOJİ AD.,FAKÜLTEMİZ WEB SİTESİ ÖĞRENCİ AĞI AMFİ PROGRAMINA BAKINIZ,,,,,,,,,,,,,,,,,,,
Time Table 1,27 Nisan 2026 Pazartesi,11:00,11:40,9-Synaptic transmission / Prof.Dr. Tamer DEMİRALP (Prof.Dr. Müge Devrim ÜÇOK),TISSUE / FİZYOLOJİ AD.,FAKÜLTEMİZ WEB SİTESİ ÖĞRENCİ AĞI AMFİ PROGRAMINA BAKINIZ,,,,,,,,,,,,,,,,,,,
Time Table 1,27 Nisan 2026 Pazartesi,11:50,12:30,1-Genital system and anatomy of breast / Prof.Dr. Ayşin KALE (Dr. Öğr.Üyesi Osman COŞKUN),LIFE STAGES / ANATOMİ AD.,FAKÜLTEMİZ WEB SİTESİ ÖĞRENCİ AĞI AMFİ PROGRAMINA BAKINIZ,,,,,,,,,,,,,,,,,,,
Time Table 1,27 Nisan 2026 Pazartesi,12:30,13:30,ÖĞLE ARASI,,,,,,,,,,,,,,,,,,,,,
Time Table 1,27 Nisan 2026 Pazartesi,13:30,15:20,"LABORATORY SKILLS (BIOPHYSICS 5) İ1/ Problem-Based Learning) (PBL) İ2-5,i2-6,i2-7,i2-8",TISSUE,,,,,,,,,,,,,,,,,,,,
Time Table 1,27 Nisan 2026 Pazartesi,15:30,17:00,LABORATORY SKILLS (Parenteral Drug Administration)  İ1,MEDICAL SKILLS LABORATORY,,,,,,,,,,,,,,,,,,,,
Time Table 1,28 Nisan 2026 Salı,08:30,09:10,FREE TIME,,,,,,,,,,,,,,,,,,,,,
Time Table 1,28 Nisan 2026 Salı,09:20,10:00,FREE TIME,,,,,,,,,,,,,,,,,,,,,
Time Table 1,28 Nisan 2026 Salı,10:10,10:50,Healthy Nutrition / Prof.Dr. Bülent SAKA (Prof.Dr. Gülistan BAHAT ÖZTÜRK),LIFE STAGES / İÇ HASTALIKLARI AD.,FAKÜLTEMİZ WEB SİTESİ ÖĞRENCİ AĞI AMFİ PROGRAMINA BAKINIZ,,,,,,,,,,,,,,,,,,,
Time Table 1,28 Nisan 2026 Salı,11:00,11:40,ek ders- Prof. Dr. Tamer DEMİRALP,TISSUE / FİZYOLOJİ AD.,FAKÜLTEMİZ WEB SİTESİ ÖĞRENCİ AĞI AMFİ PROGRAMINA BAKINIZ,,,,,,,,,,,,,,,,,,,
Time Table 1,28 Nisan 2026 Salı,11:50,12:30,2-Pregnancy - Birth and Puerperium Overiew / Doç.Dr. İbrahim Halil KALELİOĞLU (Dr.Öğr.Üyesi İnci Sema TAŞ),LIFE STAGES / KADIN HASTALIKLARI VE DOĞUM AD.,FAKÜLTEMİZ WEB SİTESİ ÖĞRENCİ AĞI AMFİ PROGRAMINA BAKINIZ,,,,,,,,,,,,,,,,,,,
Time Table 1,28 Nisan 2026 Salı,12:30,13:30,ÖĞLE ARASI,,,,,,,,,,,,,,,,,,,,,
Time Table 1,28 Nisan 2026 Salı,13:30,14:10,12-Specific characteristics of the synpatic transmission / Prof.Dr. Tamer DEMİRALP (Prof.Dr. Müge Devrim ÜÇOK),TISSUE / FİZYOLOJİ AD.,FAKÜLTEMİZ WEB SİTESİ ÖĞRENCİ AĞI AMFİ PROGRAMINA BAKINIZ,,,,,,,,,,,,,,,,,,,
Time Table 1,28 Nisan 2026 Salı,14:30,16:00,LABORATORY SKILLS (Parenteral Drug Administration)  İ2,MEDICAL SKILLS LABORATORY,,,,,,,,,,,,,,,,,,,,
Time Table 1,29 Nisan 2026 Çarşamba,08:30,10:20,"LABORATORY SKILLS (BIOPHYSICS 5) İ2/ Problem-Based Learning) (PBL) İ1-1,i1-2,i1-3,i1-4",TISSUE,,,,,,,,,,,,,,,,,,,,
Time Table 1,29 Nisan 2026 Çarşamba,11:00,11:40,FREE TIME,,,,,,,,,,,,,,,,,,,,,
Time Table 1,29 Nisan 2026 Çarşamba,11:50,12:20,Maternal mental health - 1/  Doç.Dr. Dilek ANUK (Dr. Öğr. Üyesi Irmak POLAT),LIFE STAGES / RUH SAĞLIĞI VE HASTALIKLARI AD.,FAKÜLTEMİZ WEB SİTESİ ÖĞRENCİ AĞI AMFİ PROGRAMINA BAKINIZ,,,,,,,,,,,,,,,,,,,
Time Table 1,29 Nisan 2026 Çarşamba,13:30,14:10,Elective Courses - 10,,FAKÜLTEMİZ WEB SİTESİ ÖĞRENCİ AĞI SEÇMELİ DERS AMFİ PROGRAMINA BAKINIZ,,,,,,,,,,,,,,,,,,,
Time Table 1,29 Nisan 2026 Çarşamba,14:20,15:00,Elective Courses - 10,,FAKÜLTEMİZ WEB SİTESİ ÖĞRENCİ AĞI SEÇMELİ DERS AMFİ PROGRAMINA BAKINIZ,,,,,,,,,,,,,,,,,,,
Time Table 1,29 Nisan 2026 Çarşamba,15:10,15:50,Elective Courses - 10,,FAKÜLTEMİZ WEB SİTESİ ÖĞRENCİ AĞI SEÇMELİ DERS AMFİ PROGRAMINA BAKINIZ,,,,,,,,,,,,,,,,,,,
Time Table 1,29 Nisan 2026 Çarşamba,16:00,16:40,7-Generation of the action potential / Prof.Dr. Tamer DEMİRALP (Prof.Dr. Müge Devrim ÜÇOK),TISSUE / FİZYOLOJİ AD.,FAKÜLTEMİZ WEB SİTESİ ÖĞRENCİ AĞI AMFİ PROGRAMINA BAKINIZ,,,,,,,,,,,,,,,,,,,
Time Table 1,30 Nisan 2026 Perşembe,08:30,09:10,10-Specific characteristics  / Prof.Dr. Tamer DEMİRALP (Prof.Dr. Müge Devrim ÜÇOK),TISSUE / FİZYOLOJİ AD.,FAKÜLTEMİZ WEB SİTESİ ÖĞRENCİ AĞI AMFİ PROGRAMINA BAKINIZ,,,,,,,,,,,,,,,,,,,
Time Table 1,30 Nisan 2026 Perşembe,09:20,10:00,25- Head and neck muscles I / Doç.Dr. Özcan GAYRETLİ (Dr. Öğr.Üyesi Osman COŞKUN),MOVEMENT / ANATOMİ AD.,FAKÜLTEMİZ WEB SİTESİ ÖĞRENCİ AĞI AMFİ PROGRAMINA BAKINIZ,,,,,,,,,,,,,,,,,,,
Time Table 1,30 Nisan 2026 Perşembe,10:30,12:20,"LABORATORY SKILLS (Problem-Based Learning) (PBL) İ2-5,i2-6,i2-7",TISSUE,FAKÜLTEMİZ WEB SİTESİ ÖĞRENCİ AĞI AMFİ PROGRAMINA BAKINIZ,,,,,,,,,,,,,,,,,,,
Time Table 1,30 Nisan 2026 Perşembe,12:30,13:30,ÖĞLE ARASI,,,,,,,,,,,,,,,,,,,,,
Time Table 1,30 Nisan 2026 Perşembe,13:30,15:20,LABORATORY SKILLS (Problem-Based Learning) (PBL) i2-8,TISSUE,FAKÜLTEMİZ WEB SİTESİ ÖĞRENCİ AĞI AMFİ PROGRAMINA BAKINIZ,,,,,,,,,,,,,,,,,,,
Time Table 1,30 Nisan 2026 Perşembe,15:10,15:50,11-Neurotransmitters - neuropeptides / Prof.Dr. Tamer DEMİRALP (Prof.Dr. Müge Devrim ÜÇOK),TISSUE / FİZYOLOJİ AD.,FAKÜLTEMİZ WEB SİTESİ ÖĞRENCİ AĞI AMFİ PROGRAMINA BAKINIZ,,,,,,,,,,,,,,,,,,,
Time Table 1,1 Mayıs 2026 Cuma,,,LABOR DAY,,,,,,,,,,,,,,,,,,,,,
Time Table 1,4 Mayıs 2026 Pazartesi,08:30,10:20,RESEARCH ACTIVITIES,LIFE STAGES,,,,,,,,,,,,,,,,,,,,
Time Table 1,4 Mayıs 2026 Pazartesi,11:00,11:40,1-Exercise During Childhood / Dr. Öğr. Üyesi Sergen DEVRAN (Prof.Dr.Bülent BAYRAKTAR),LIFE STAGES / SPOR HEKİMLİĞİ AD.,FAKÜLTEMİZ WEB SİTESİ ÖĞRENCİ AĞI AMFİ PROGRAMINA BAKINIZ,,,,,,,,,,,,,,,,,,,
Time Table 1,4 Mayıs 2026 Pazartesi,11:50,12:30,2-Exercise with Aging / Dr. Öğr. Üyesi Sergen DEVRAN (Prof.Dr.Gökhan METİN),LIFE STAGES / SPOR HEKİMLİĞİ AD.,FAKÜLTEMİZ WEB SİTESİ ÖĞRENCİ AĞI AMFİ PROGRAMINA BAKINIZ,,,,,,,,,,,,,,,,,,,
Time Table 1,4 Mayıs 2026 Pazartesi,12:30,13:30,ÖĞLE ARASI,,,,,,,,,,,,,,,,,,,,,
Time Table 1,4 Mayıs 2026 Pazartesi,13:30,15:20,LABORATORY SKILLS (Parenteral Drug Administration / Practical Exam Injections) i2 (Problem-Based Learning) i1-4,MEDICAL SKILLS LABORATORY,,,,,,,,,,,,,,,,,,,,
Time Table 1,4 Mayıs 2026 Pazartesi,13:00,15:00,FREE TIME (Time Table 2 Examination),,,,,,,,,,,,,,,,,,,,,
Time Table 1,5 Mayıs 2026 Salı,08:30,10:20,LABORATORY SKILLS (Parenteral Drug Administration / Practical Exam Injections) İ1,MEDICAL SKILLS LABORATORY,,,,,,,,,,,,,,,,,,,,
Time Table 1,5 Mayıs 2026 Salı,10:30,11:10,Family Counseling and Guideness in Children and Adolescents / Doç.Dr.Abdurrahman Cahid ÖRENGÜL (Dr.Öğr.Üyesi Zeynep Nur KARADOĞAN),LIFE STAGES / ÇOCUK VE ERGEN RUH SAĞLIĞI VE HASTALIKLARI AD.,FAKÜLTEMİZ WEB SİTESİ ÖĞRENCİ AĞI AMFİ PROGRAMINA BAKINIZ,,,,,,,,,,,,,,,,,,,
Time Table 1,5 Mayıs 2026 Salı,11:20,12:00,Preventive Mental Health and Resilience in Children and Adolescents / Prof.Dr. Murat COŞKUN (Dr.Öğr.Üyesi İlyas KAYA),LIFE STAGES / ÇOCUK VE ERGEN RUH SAĞLIĞI VE HASTALIKLARI AD.,FAKÜLTEMİZ WEB SİTESİ ÖĞRENCİ AĞI AMFİ PROGRAMINA BAKINIZ,,,,,,,,,,,,,,,,,,,
Time Table 1,5 Mayıs 2026 Salı,12:30,13:30,ÖĞLE ARASI,,,,,,,,,,,,,,,,,,,,,
Time Table 1,5 Mayıs 2026 Salı,13:30,16:20,Anatomy Laboratory 13/21 (Türkçe Tıp ile ortak ders),MOVEMENT / ANATOMİ AD.,,,,,,,,,,,,,,,,,,,,
Time Table 1,6 Mayıs 2026 Çarşamba,08:30,10:20,RESEARCH ACTIVITIES,LIFE STAGES,,,,,,,,,,,,,,,,,,,,
Time Table 1,6 Mayıs 2026 Çarşamba,11:00,11:40,FREE TIME,,,,,,,,,,,,,,,,,,,,,
Time Table 1,6 Mayıs 2026 Çarşamba,10:30,12.20,LABORATORY SKILLS (Parenteral Drug Administration / Practical Exam Injections) i2,,,,,,,,,,,,,,,,,,,,,
Time Table 1,6 Mayıs 2026 Çarşamba,12:30,13:30,ÖĞLE ARASI,,,,,,,,,,,,,,,,,,,,,
Time Table 1,6 Mayıs 2026 Çarşamba,13:30,14:10,Elective Courses - 11,,FAKÜLTEMİZ WEB SİTESİ ÖĞRENCİ AĞI SEÇMELİ DERS AMFİ PROGRAMINA BAKINIZ,,,,,,,,,,,,,,,,,,,
Time Table 1,6 Mayıs 2026 Çarşamba,14:20,15:00,Elective Courses - 11,,FAKÜLTEMİZ WEB SİTESİ ÖĞRENCİ AĞI SEÇMELİ DERS AMFİ PROGRAMINA BAKINIZ,,,,,,,,,,,,,,,,,,,
Time Table 1,6 Mayıs 2026 Çarşamba,15:10,15:50,Elective Courses - 11,,FAKÜLTEMİZ WEB SİTESİ ÖĞRENCİ AĞI SEÇMELİ DERS AMFİ PROGRAMINA BAKINIZ,,,,,,,,,,,,,,,,,,,
Time Table 1,7 Mayıs 2026 Perşembe,08:30,09:10,FREE TIME,,,,,,,,,,,,,,,,,,,,,
Time Table 1,7 Mayıs 2026 Perşembe,09:20,10:00,26- Head and neck muscles II /Doç.Dr. Özcan GAYRETLİ (Dr. Öğr.Üyesi Osman COŞKUN),MOVEMENT / ANATOMİ AD.,FAKÜLTEMİZ WEB SİTESİ ÖĞRENCİ AĞI AMFİ PROGRAMINA BAKINIZ,,,,,,,,,,,,,,,,,,,
Time Table 1,7 Mayıs 2026 Perşembe,10:10,10:50,1- Characteristics and requirements of newborns / Doç.Dr. Beril ÖZALP YAŞA (Prof.Dr. Leyla BİLGİN),LIFE STAGES / ÇOCUK SAĞLIĞI VE HASTALIKLARI AD.,FAKÜLTEMİZ WEB SİTESİ ÖĞRENCİ AĞI AMFİ PROGRAMINA BAKINIZ,,,,,,,,,,,,,,,,,,,
Time Table 1,7 Mayıs 2026 Perşembe,10:30,12:20,Telafi (Enjeksiyon),,,,,,,,,,,,,,,,,,,,,
Time Table 1,7 Mayıs 2026 Perşembe,12:30,13:30,ÖĞLE ARASI,,,,,,,,,,,,,,,,,,,,,
Time Table 1,7 Mayıs 2026 Perşembe,13:30,16:20,Anatomy Laboratory 14/21 (Türkçe Tıp ile ortak ders),MOVEMENT / ANATOMİ AD.,,,,,,,,,,,,,,,,,,,,
Time Table 1,8 Mayıs 2026 Cuma,08:30,09:10,2- Lactating mother /   Prof.Dr. Gonca KESKİNDEMİRCİ(Prof. Dr. Ayşe KILIÇ),LIFE STAGES / ÇOCUK SAĞLIĞI VE HASTALIKLARI AD.,FAKÜLTEMİZ WEB SİTESİ ÖĞRENCİ AĞI AMFİ PROGRAMINA BAKINIZ,,,,,,,,,,,,,,,,,,,
Time Table 1,8 Mayıs 2026 Cuma,09:20,10:00,FREE TIME,,,,,,,,,,,,,,,,,,,,,
Time Table 1,8 Mayıs 2026 Cuma,10:10,10:50,3-Embryotoxicity  / Doç. Dr. Elif KERVANCIOĞLU DEMİRCİ (Dr. Öğr. Üyesi Tuğba EKİZ YILMAZ),LIFE STAGES / HİSTOLOJİ VE EMBRİYOLOJİ AD.,FAKÜLTEMİZ WEB SİTESİ ÖĞRENCİ AĞI AMFİ PROGRAMINA BAKINIZ,,,,,,,,,,,,,,,,,,,
Time Table 1,8 Mayıs 2026 Cuma,11:00,11:40,FREE TIME,,,,,,,,,,,,,,,,,,,,,
Time Table 1,8 Mayıs 2026 Cuma,11:50,12:30,FREE TIME,,,,,,,,,,,,,,,,,,,,,
Time Table 1,8 Mayıs 2026 Cuma,12:30,14:00,ÖĞLE ARASI,,,,,,,,,,,,,,,,,,,,,
Time Table 1,8 Mayıs 2026 Cuma,14:00,14:40,1-Pregnancy Prevention Methods / Prof.Dr. Ayşe Emel ÖNAL (Dr. Öğr. Üye. Emine Şeyma Karaketir),LIFE STAGES / HALK SAĞLIĞI AD.,FAKÜLTEMİZ WEB SİTESİ ÖĞRENCİ AĞI AMFİ PROGRAMINA BAKINIZ,,,,,,,,,,,,,,,,,,,
Time Table 1,8 Mayıs 2026 Cuma,15:00,16:00,BAHAR DÖNEMİ DÖNEM DEĞERLENDİRME TOPLANMASI (Türkçe Tıp ile ortak ders),,FAKÜLTEMİZ WEB SİTESİ ÖĞRENCİ AĞI AMFİ PROGRAMINA BAKINIZ,,,,,,,,,,,,,,,,,,,
Time Table 1,11 Mayıs 2026 Pazartesi,08:30,09:10,2- Sexual Health-Reproductive Health / Prof.Dr. Selma KARABEY (Prof. Dr. Gülsüm Nurhan İNCE),LIFE STAGES / HALK SAĞLIĞI AD.,FAKÜLTEMİZ WEB SİTESİ ÖĞRENCİ AĞI AMFİ PROGRAMINA BAKINIZ,,,,,,,,,,,,,,,,,,,
Time Table 1,11 Mayıs 2026 Pazartesi,09:20,10:00,3-Social Aging / Prof.Dr. Ayşe Emel ÖNAL (Doç. Dr. M. Merve ÖREN ÇELİK),LIFE STAGES / HALK SAĞLIĞI AD.,FAKÜLTEMİZ WEB SİTESİ ÖĞRENCİ AĞI AMFİ PROGRAMINA BAKINIZ,,,,,,,,,,,,,,,,,,,
Time Table 1,11 Mayıs 2026 Pazartesi,10:10,10:50,3- Characteristics and requirements of infants /   Prof.Dr. Gonca KESKİNDEMİRCİ(Prof. Dr. Ayşe KILIÇ ),LIFE STAGES / ÇOCUK SAĞLIĞI VE HASTALIKLARI AD.,FAKÜLTEMİZ WEB SİTESİ ÖĞRENCİ AĞI AMFİ PROGRAMINA BAKINIZ,,,,,,,,,,,,,,,,,,,
Time Table 1,11 Mayıs 2026 Pazartesi,11:00,11:40,4- Characteristics and requirements of toddlers and and school children (1-10 years) /Prof.Dr. Ayşe KILIÇ (Prof.Dr. Gonca KESKİNDEMİRCİ),LIFE STAGES / ÇOCUK SAĞLIĞI VE HASTALIKLARI AD.,FAKÜLTEMİZ WEB SİTESİ ÖĞRENCİ AĞI AMFİ PROGRAMINA BAKINIZ,,,,,,,,,,,,,,,,,,,
Time Table 1,11 Mayıs 2026 Pazartesi,11:50,12:30,27- Shoulder and arm muscles / Doç.Dr. Özcan GAYRETLİ (Dr. Öğr.Üyesi Osman COŞKUN),MOVEMENT / ANATOMİ AD.,FAKÜLTEMİZ WEB SİTESİ ÖĞRENCİ AĞI AMFİ PROGRAMINA BAKINIZ,,,,,,,,,,,,,,,,,,,
Time Table 1,11 Mayıs 2026 Pazartesi,12:30,13:30,ÖĞLE ARASI,,,,,,,,,,,,,,,,,,,,,
Time Table 1,11 Mayıs 2026 Pazartesi,13:30,15:20,INTEGRATED SESSION - Human in the Integrity of the Environment / Prof. Dr. Arif DÖNMEZ/Prof.Dr. Işıl ALBENİZ - Prof.Dr. Dilek ŞATANA (Türkçe Tıp ile ortak ders),TISSUE /  TIBBİ EKOLOJİ AD. - BİYOFİZİK AD. -  TIBBİ MİKROBİYOLOJİ AD.,FAKÜLTEMİZ WEB SİTESİ ÖĞRENCİ AĞI AMFİ PROGRAMINA BAKINIZ,,,,,,,,,,,,,,,,,,,
Time Table 1,11 Mayıs 2026 Pazartesi,15:30,16:10,Ek Ders (Prof. Dr. Ayşin KALE )  Türkçe ve İngilizce Ortak,LIFE STAGES/ANATOMİ AD.,FAKÜLTEMİZ WEB SİTESİ ÖĞRENCİ AĞI AMFİ PROGRAMINA BAKINIZ,,,,,,,,,,,,,,,,,,,
Time Table 1,11 Mayıs 2026 Pazartesi,16:20,17.00,Ek Ders (Prof. Dr. Ayşin Kale),MOVEMENT/ANATOMİ AD.,FAKÜLTEMİZ WEB SİTESİ ÖĞRENCİ AĞI AMFİ PROGRAMINA BAKINIZ,,,,,,,,,,,,,,,,,,,
Time Table 1,12 Mayıs 2026 Salı,08:30,10:20,RESEARCH ACTIVITIES,LIFE STAGES,,,,,,,,,,,,,,,,,,,,
Time Table 1,12 Mayıs 2026 Salı,11:00,11:40,4-Malformations / Doç. Dr. Elif KERVANCIOĞLU DEMİRCİ (Dr. Öğr. Üyesi Tuğba EKİZ YILMAZ),LIFE STAGES / HİSTOLOJİ VE EMBRİYOLOJİ AD.,İNGİLİZCE TIP BİNASI HALL 1,,,,,,,,,,,,,,,,,,,
Time Table 1,12 Mayıs 2026 Salı,11:50,12:30,Development of Body Flora and Effects on Health / Prof. Dr. Yaşar NAKİPOĞLU (Doç.Dr. Bahar AKGÜN KARAPINAR),LIFE STAGES / TIBBİ MİKROBİYOLOJİ AD.,FAKÜLTEMİZ WEB SİTESİ ÖĞRENCİ AĞI AMFİ PROGRAMINA BAKINIZ,,,,,,,,,,,,,,,,,,,
Time Table 1,12 Mayıs 2026 Salı,12:30,13:30,ÖĞLE ARASI,,,,,,,,,,,,,,,,,,,,,
Time Table 1,12 Mayıs 2026 Salı,13:30,16:20,Anatomy Laboratory 15/21 (Türkçe Tıp ile ortak ders),MOVEMENT / ANATOMİ AD.,,,,,,,,,,,,,,,,,,,,
Time Table 1,13 Mayıs 2026 Çarşamba,08:30,09:10,4-Genetıc Counseling /Prof.Dr.Selçuk DAŞDEMİR  (Prof.Dr.Fatma OĞUZ ),LIFE STAGES / TIBBİ BİYOLOJİ AD.,FAKÜLTEMİZ WEB SİTESİ ÖĞRENCİ AĞI AMFİ PROGRAMINA BAKINIZ,,,,,,,,,,,,,,,,,,,
Time Table 1,13 Mayıs 2026 Çarşamba,09:20,10:00,3- Developmental Genetıcs /Prof.Dr. Selçuk DAŞDEMİR (Doç.Dr. Hayriye ŞENTÜRK ÇİFTÇİ),LIFE STAGES / TIBBİ BİYOLOJİ AD.,FAKÜLTEMİZ WEB SİTESİ ÖĞRENCİ AĞI AMFİ PROGRAMINA BAKINIZ,,,,,,,,,,,,,,,,,,,
Time Table 1,13 Mayıs 2026 Çarşamba,10:10,10:50,28- Forearm and hand muscles / Doç.Dr. Özcan GAYRETLİ (Dr. Öğr.Üyesi Osman COŞKUN),MOVEMENT / ANATOMİ AD.,FAKÜLTEMİZ WEB SİTESİ ÖĞRENCİ AĞI AMFİ PROGRAMINA BAKINIZ,,,,,,,,,,,,,,,,,,,
Time Table 1,13 Mayıs 2026 Çarşamba,11:00,11:40,FREE TIME,,,,,,,,,,,,,,,,,,,,,
Time Table 1,13 Mayıs 2026 Çarşamba,11:50,12:30,FREE TIME,,,,,,,,,,,,,,,,,,,,,
Time Table 1,13 Mayıs 2026 Çarşamba,12:30,13:30,ÖĞLE ARASI,,,,,,,,,,,,,,,,,,,,,
Time Table 1,13 Mayıs 2026 Çarşamba,13:30,14:10,Elective Courses - 12,,FAKÜLTEMİZ WEB SİTESİ ÖĞRENCİ AĞI SEÇMELİ DERS AMFİ PROGRAMINA BAKINIZ,,,,,,,,,,,,,,,,,,,
Time Table 1,13 Mayıs 2026 Çarşamba,14:20,15:00,Elective Courses - 12,,FAKÜLTEMİZ WEB SİTESİ ÖĞRENCİ AĞI SEÇMELİ DERS AMFİ PROGRAMINA BAKINIZ,,,,,,,,,,,,,,,,,,,
Time Table 1,13 Mayıs 2026 Çarşamba,15:10,15:50,Elective Courses - 12,,FAKÜLTEMİZ WEB SİTESİ ÖĞRENCİ AĞI SEÇMELİ DERS AMFİ PROGRAMINA BAKINIZ,,,,,,,,,,,,,,,,,,,
Time Table 2,13 Mayıs 2026 Çarşamba,16:00,16:40,,,,,,,,,,,,,,,,,,,,,,
Time Table 1,14 Mayıs 2026 Perşembe,08:30,09:10,1-The embryological period / Dr. Öğr. Üyesi Tuğba EKİZ YILMAZ (Doç. Dr. Elif KERVANCIOĞLU DEMİRCİ),LIFE STAGES / HİSTOLOJİ VE EMBRİYOLOJİ AD.,FAKÜLTEMİZ WEB SİTESİ ÖĞRENCİ AĞI AMFİ PROGRAMINA BAKINIZ,,,,,,,,,,,,,,,,,,,
Time Table 1,14 Mayıs 2026 Perşembe,09:20,10:00,2-The fetal period /Dr. Öğr. Üyesi Tuğba EKİZ YILMAZ (Doç. Dr. Elif KERVANCIOĞLU DEMİRCİ),LIFE STAGES / HİSTOLOJİ VE EMBRİYOLOJİ AD.,FAKÜLTEMİZ WEB SİTESİ ÖĞRENCİ AĞI AMFİ PROGRAMINA BAKINIZ,,,,,,,,,,,,,,,,,,,
Time Table 1,14 Mayıs 2026 Perşembe,10:10,10:50,1-Urology and the stages of life / Dr.Öğr.Üyesi Şenol TONYALI (Prof.Dr. Ateş KADIOĞLU),LIFE STAGES / ÜROLOJİ AD.,FAKÜLTEMİZ WEB SİTESİ ÖĞRENCİ AĞI AMFİ PROGRAMINA BAKINIZ,,,,,,,,,,,,,,,,,,,
Time Table 1,14 Mayıs 2026 Perşembe,11:00,11:40,5- Child health protections during emergency situations /Prof. Dr. Gonca KESKİNDEMİRCİ  (Prof. Dr. Ayşe KILIÇ ),LIFE STAGES / ÇOCUK SAĞLIĞI VE HASTALIKLARI AD.,FAKÜLTEMİZ WEB SİTESİ ÖĞRENCİ AĞI AMFİ PROGRAMINA BAKINIZ,,,,,,,,,,,,,,,,,,,
Time Table 1,14 Mayıs 2026 Perşembe,11:50,12:30,6- Characteristics and requirements of Adolescents / Dr. Öğr. Üyesi Melike Tuğrul AKSAKAL (Prof.Dr. Firdevs BAŞ),LIFE STAGES / ÇOCUK SAĞLIĞI VE HASTALIKLARI AD.,FAKÜLTEMİZ WEB SİTESİ ÖĞRENCİ AĞI AMFİ PROGRAMINA BAKINIZ,,,,,,,,,,,,,,,,,,,
Time Table 1,14 Mayıs 2026 Perşembe,12:30,13:30,ÖĞLE ARASI,,,,,,,,,,,,,,,,,,,,,
Time Table 1,14 Mayıs 2026 Perşembe,13:30,16:40,Anatomy Laboratory 16/21 (Türkçe Tıp ile ortak ders),MOVEMENT / ANATOMİ AD.,,,,,,,,,,,,,,,,,,,,
Time Table 1,15 Mayıs 2026 Cuma,09:00,10:50,FİZYOLOJİ UYGULAMA (Amfide yapılacak Türkçe Tıp ile ortak ders),TISSUE / FİZYOLOJİ AD.,FAKÜLTEMİZ WEB SİTESİ ÖĞRENCİ AĞI AMFİ PROGRAMINA BAKINIZ,,,,,,,,,,,,,,,,,,,
Time Table 1,15 Mayıs 2026 Cuma,11:00,11:40,Adult Mental Health-1 / Prof. Dr. Neşe DİREK (Sr. Öğr. Üyesi Ezgi İnce GULİYEV),LIFE STAGES / RUH SAĞLIĞI VE HASTALIKLARI AD.,FAKÜLTEMİZ WEB SİTESİ ÖĞRENCİ AĞI AMFİ PROGRAMINA BAKINIZ,,,,,,,,,,,,,,,,,,,
Time Table 1,15 Mayıs 2026 Cuma,11:50,12:30,Adult Mental Health-2 / Prof. Dr. Neşe DİREK (Sr. Öğr. Üyesi Ezgi İnce GULİYEV),LIFE STAGES / RUH SAĞLIĞI VE HASTALIKLARI AD.,FAKÜLTEMİZ WEB SİTESİ ÖĞRENCİ AĞI AMFİ PROGRAMINA BAKINIZ,,,,,,,,,,,,,,,,,,,
Time Table 1,15 Mayıs 2026 Cuma,12:30,14:00,ÖĞLE ARASI,,,,,,,,,,,,,,,,,,,,,
Time Table 1,15 Mayıs 2026 Cuma,14:00,14:40,3- Relationship between Cell Senescence and Telomerase - Apoptosis and Death / Doç.Dr. Başak GÜNÇER (Prof.Dr. Leman YALÇINTEPE GÜNEŞTUTAR),LIFE STAGES / BİYOFİZİK AD.,FAKÜLTEMİZ WEB SİTESİ ÖĞRENCİ AĞI AMFİ PROGRAMINA BAKINIZ,,,,,,,,,,,,,,,,,,,
Time Table 1,15 Mayıs 2026 Cuma,14:50,15:30,FREE TIME,,,,,,,,,,,,,,,,,,,,,
Time Table 1,15 Mayıs 2026 Cuma,15:40,16:20,1- Transition from Cell to Cell (Life Concept - Nucleus (eukaryote) Cell and Genome) / Doç.Dr. Başak VAROL (Prof.Dr. Leman YALÇINTEPE GÜNEŞTUTAR),LIFE STAGES / BİYOFİZİK AD.,FAKÜLTEMİZ WEB SİTESİ ÖĞRENCİ AĞI AMFİ PROGRAMINA BAKINIZ,,,,,,,,,,,,,,,,,,,
Time Table 1,15 Mayıs 2026 Cuma,16:40,17:20,2- High-Frequency Transition From the Cell (Molecula Mechanisms of Embryonic Development) - Homeogens and Their Developing roles / Doç.Dr. Başak VAROL (Prof.Dr. Leman YALÇINTEPE GÜNEŞTUTAR),LIFE STAGES / BİYOFİZİK AD.,FAKÜLTEMİZ WEB SİTESİ ÖĞRENCİ AĞI AMFİ PROGRAMINA BAKINIZ,,,,,,,,,,,,,,,,,,,
Time Table 1,18 Mayıs 2026 Pazartesi,08:30,09:10,3-Reproductive health and contraception / Dr. Öğr. Üyesi İpek Merve EVRÜKE (Dr. Öğr. Üyesi İnci Sema TAŞ),LIFE STAGES / KADIN HASTALIKLARI VE DOĞUM AD.,FAKÜLTEMİZ WEB SİTESİ ÖĞRENCİ AĞI AMFİ PROGRAMINA BAKINIZ,,,,,,,,,,,,,,,,,,,
Time Table 1,18 Mayıs 2026 Pazartesi,09:20,10:00,FREE TIME,,,,,,,,,,,,,,,,,,,,,
Time Table 1,18 Mayıs 2026 Pazartesi,10:10,10:50,FREE TIME,,,,,,,,,,,,,,,,,,,,,
Time Table 1,18 Mayıs 2026 Pazartesi,11:00,11:40,Healthy Aging-1 / Prof.Dr. Gülistan BAHAT ÖZTÜRK (Doç. Dr. Tuğba ERDOĞAN  ),LIFE STAGES / İÇ HASTALIKLARI AD. (GERİATRİ BD),FAKÜLTEMİZ WEB SİTESİ ÖĞRENCİ AĞI AMFİ PROGRAMINA BAKINIZ,,,,,,,,,,,,,,,,,,,
Time Table 1,18 Mayıs 2026 Pazartesi,11:50,12:30,Healthy Aging-2 / Prof.Dr. Gülistan BAHAT ÖZTÜRK (Doç. Dr. Tuğba ERDOĞAN ),LIFE STAGES / İÇ HASTALIKLARI AD. (GERİATRİ BD),FAKÜLTEMİZ WEB SİTESİ ÖĞRENCİ AĞI AMFİ PROGRAMINA BAKINIZ,,,,,,,,,,,,,,,,,,,
Time Table 1,18 Mayıs 2026 Pazartesi,12:30,13:30,ÖĞLE ARASI,,,,,,,,,,,,,,,,,,,,,
Time Table 1,18 Mayıs 2026 Pazartesi,13:30,15:20,Telafi (PDÖ-a2)+ Biyofizik,TISSUE,,,,,,,,,,,,,,,,,,,,
Time Table 1,18 Mayıs 2026 Pazartesi,15.00,16:50,Telafi (PDÖ- a1),,,,,,,,,,,,,,,,,,,,,
Time Table 1,19 Mayıs 2026 Salı,,,"ATATÜRK'Ü ANMA, GENÇLİK VE SPOR BAYRAMI",,,,,,,,,,,,,,,,,,,,,
Time Table 1,20 Mayıs 2026 Çarşamba,08:30,09:10,FREE TIME,,,,,,,,,,,,,,,,,,,,,
Time Table 1,20 Mayıs 2026 Çarşamba,09:20,10:00,FREE TIME,,,,,,,,,,,,,,,,,,,,,
Time Table 1,20 Mayıs 2026 Çarşamba,10:00,12:00,EXAMINATION,TISSUE + LIFE STAGES + MEDICAL SKILLS LABORATORY (COMMUNICATION II-MEDICAL HISTORY),FAKÜLTEMİZ WEB SİTESİ ÖĞRENCİ AĞI AMFİ PROGRAMINA BAKINIZ,,,,,,,,,,,,,,,,,,,
Time Table 1,20 Mayıs 2026 Çarşamba,13:30,15:20,Telafi (PDÖ),,,,,,,,,,,,,,,,,,,,,
15:30,20 Mayıs 2026 Çarşamba,15:10,16.10,FREE TIME,,,,,,,,,,,,,,,,,,,,,
Time Table 1,21 Mayıs 2026 Perşembe,09:00,09:30,1- Physiology of the peripheral nerves / Prof.Dr. Tamer DEMİRALP (Prof.Dr. Güher SARUHAN DİRESKENELİ  (Türkçe Tıp ile ortak),MOVEMENT / FİZYOLOJİ AD.,FAKÜLTEMİZ WEB SİTESİ ÖĞRENCİ AĞI AMFİ PROGRAMINA BAKINIZ,,,,,,,,,,,,,,,,,,,
Time Table 1,21 Mayıs 2026 Perşembe,09:40,10:20,2-Skeletal musclecontraction - molecular mechanismis / Prof.Dr. Tamer DEMİRALP (Prof.Dr. Güher SARUHAN DİRESKENELİ) (Türkçe Tıp ile ortak),MOVEMENT / FİZYOLOJİ AD.,FAKÜLTEMİZ WEB SİTESİ ÖĞRENCİ AĞI AMFİ PROGRAMINA BAKINIZ,,MOVEMENT / HİSTOLOJİ VE EMBRİYOLOJİ AD.,,,,,,,,,,,,,,,,,
Time Table 1,21 Mayıs 2026 Perşembe,10:30,12:20,FİZYOLOJİ UYGULAMA (Amfide yapılacak Türkçe Tıp ile ortak ders),MOVEMENT,FAKÜLTEMİZ WEB SİTESİ ÖĞRENCİ AĞI AMFİ PROGRAMINA BAKINIZ,,MOVEMENT / HİSTOLOJİ VE EMBRİYOLOJİ AD.,,,,,,,,,,,,,,,,,
Time Table 1,21 Mayıs 2026 Perşembe,12:30,13:30,ÖĞLE ARASI,,,,,,,,,,,,,,,,,,,,,
Time Table 1,21 Mayıs 2026 Perşembe,13:30,16:20,Anatomy Laboratory 17/21 (Türkçe Tıp ile ortak ders),MOVEMENT / ANATOMİ AD.,,,,,,,,,,,,,,,,,,,,
Time Table 1,22 Mayıs 2026 Cuma,08:30,09:10,FREE TIME,,,,,,,,,,,,,,,,,,,,,
Time Table 1,22 Mayıs 2026 Cuma,09:20,10:00,1- The importance of Biomechanics in Medicine - Bone Formation - Mechanical Properties - Joints / Prof.Dr. Leman YALÇINTEPE GÜNEŞTUTAR (Doç.Dr. Başak VAROL),MOVEMENT / BİYOFİZİK AD.,FAKÜLTEMİZ WEB SİTESİ ÖĞRENCİ AĞI AMFİ PROGRAMINA BAKINIZ,,,,,,,,,,,,,,,,,,,
Time Table 1,22 Mayıs 2026 Cuma,10:10,10:50,2- Mechanical Properties of Muscle: Muscle Mechanical Strength - Cross-Bridge Dynamics and Hill / Prof.Dr. Leman YALÇINTEPE GÜNEŞTUTAR (Doç.Dr. Başak VAROL),MOVEMENT / BİYOFİZİK AD.,FAKÜLTEMİZ WEB SİTESİ ÖĞRENCİ AĞI AMFİ PROGRAMINA BAKINIZ,,,,,,,,,,,,,,,,,,,
Time Table 1,22 Mayıs 2026 Cuma,11:00,11:40,1- Biochemistry of connective tissue / Doç.Dr. İlknur BİNGÜL (Doç.Dr. Ayşe Gül Sündüs TELCİ),MOVEMENT / TIBBİ BİYOKİMYA AD.,FAKÜLTEMİZ WEB SİTESİ ÖĞRENCİ AĞI AMFİ PROGRAMINA BAKINIZ,,,,,,,,,,,,,,,,,,,
Time Table 1,22 Mayıs 2026 Cuma,11:50,12:30,2- Biochemistry of bone tissue / Doç.Dr. İlknur BİNGÜL (Doç.Dr. Ayşe Gül Sündüs TELCİ),MOVEMENT / TIBBİ BİYOKİMYA AD.,FAKÜLTEMİZ WEB SİTESİ ÖĞRENCİ AĞI AMFİ PROGRAMINA BAKINIZ,,,,,,,,,,,,,,,,,,,
Time Table 1,22 Mayıs 2026 Cuma,12:40,13:20,3- Metabolic reactions of calcium and phosphorus /Dr. Öğrt. Üyesi Fatma Hande Karpuzoğlu(Doç.Dr. Ayşe Gül Sündüs TELCİ),MOVEMENT / TIBBİ BİYOKİMYA AD.,FAKÜLTEMİZ WEB SİTESİ ÖĞRENCİ AĞI AMFİ PROGRAMINA BAKINIZ,,,,,,,,,,,,,,,,,,,
Time Table 1,22 Mayıs 2026 Cuma,12:30,14.00,ÖĞLE ARASI,,,,,,,,,,,,,,,,,,,,,
Time Table 1,22 Mayıs 2026 Cuma,14:00,16:20,Anatomy Laboratory 18/21 (Türkçe Tıp ile ortak ders),MOVEMENT / ANATOMİ AD.,FAKÜLTEMİZ WEB SİTESİ ÖĞRENCİ AĞI AMFİ PROGRAMINA BAKINIZ,,,,,,,,,,,,,,,,,,,
Time Table 1,25 Mayıs 2026 Pazartesi,08:30,09:10,FREE TIME,,,,,,,,,,,,,,,,,,,,,
Time Table 1,25 Mayıs 2026 Pazartesi,09:20,10:00,FREE TIME,,,,,,,,,,,,,,,,,,,,,
Time Table 1,25 Mayıs 2026 Pazartesi,10:10,10:50,FREE TIME,,,,,,,,,,,,,,,,,,,,,
Time Table 1,25 Mayıs 2026 Pazartesi,11:00,11:40,FREE TIME,,,,,,,,,,,,,,,,,,,,,
Time Table 1,25 Mayıs 2026 Pazartesi,11:50,12:30,FREE TIME,,,,,,,,,,,,,,,,,,,,,
Time Table 1,25 Mayıs 2026 Pazartesi,12:30,13:30,ÖĞLE ARASI,,,,,,,,,,,,,,,,,,,,,
Time Table 1,25 Mayıs 2026 Pazartesi,13:30,14:10,FREE TIME,,,,,,,,,,,,,,,,,,,,,
Time Table 1,25 Mayıs 2026 Pazartesi,14:20,15:00,FREE TIME,,,,,,,,,,,,,,,,,,,,,
Time Table 1,25 Mayıs 2026 Pazartesi,15:10,15:50,FREE TIME,,,,,,,,,,,,,,,,,,,,,
Time Table 1,26 Mayıs 2026 Salı,08:30,09:10,FREE TIME,,,,,,,,,,,,,,,,,,,,,
Time Table 1,26 Mayıs 2026 Salı,09:20,10:00,FREE TIME,,,,,,,,,,,,,,,,,,,,,
Time Table 1,26 Mayıs 2026 Salı,10:10,10:50,FREE TIME,,,,,,,,,,,,,,,,,,,,,
Time Table 1,26 Mayıs 2026 Salı,11:00,11:40,FREE TIME,,,,,,,,,,,,,,,,,,,,,
Time Table 1,26 Mayıs 2026 Salı,11:50,12:30,FREE TIME,,,,,,,,,,,,,,,,,,,,,
Time Table 1,26 Mayıs 2026 Salı,,,KURBAN BAYRAMI ARİFESİ,,,,,,,,,,,,,,,,,,,,,
Time Table 1,27 Mayıs 2026 Çarşamba,,,KURBAN BAYRAMI,,,,,,,,,,,,,,,,,,,,,
Time Table 1,28 Mayıs 2026 Perşembe,,,KURBAN BAYRAMI,,,,,,,,,,,,,,,,,,,,,
Time Table 1,29 Mayıs 2026 Cuma,,,KURBAN BAYRAMI,,,,,,,,,,,,,,,,,,,,,
Time Table 1,1 Haziran 2026 Pazartesi,08:30,09:10,ek ders- Prof. Dr. Tamer DEMİRALP,MOVEMENT / FİZYOLOJİ AD.,FAKÜLTEMİZ WEB SİTESİ ÖĞRENCİ AĞI AMFİ PROGRAMINA BAKINIZ,,,,,,,,,,,,,,,,,,,
Time Table 1,1 Haziran 2026 Pazartesi,09:20,10:00,3- Kinematics - Energy - Work - Power - Momentum and Energy Conservation / Prof.Dr. Leman YALÇINTEPE GÜNEŞTUTAR (Doç.Dr. Başak VAROL),MOVEMENT / BİYOFİZİK AD.,FAKÜLTEMİZ WEB SİTESİ ÖĞRENCİ AĞI AMFİ PROGRAMINA BAKINIZ,,,,,,,,,,,,,,,,,,,
Time Table 1,1 Haziran 2026 Pazartesi,10:10,10:50,4- Biophysical Function of Skeletal Muscle - Contraction with Sliding Filament Model / Prof.Dr. Leman YALÇINTEPE GÜNEŞTUTAR (Doç.Dr. Başak VAROL),MOVEMENT / BİYOFİZİK AD.,FAKÜLTEMİZ WEB SİTESİ ÖĞRENCİ AĞI AMFİ PROGRAMINA BAKINIZ,,,,,,,,,,,,,,,,,,,
Time Table 1,1 Haziran 2026 Pazartesi,11:00,11:40,FREE TIME,,,,,,,,,,,,,,,,,,,,,
Time Table 1,1 Haziran 2026 Pazartesi,11:50,12:30,4- Biochemistry of Muscle / Doç.Dr. İlknur BİNGÜL (Doç.Dr. Ayşe Gül Sündüs TELCİ),MOVEMENT / TIBBİ BİYOKİMYA AD.,FAKÜLTEMİZ WEB SİTESİ ÖĞRENCİ AĞI AMFİ PROGRAMINA BAKINIZ,,,,,,,,,,,,,,,,,,,
Time Table 1,1 Haziran 2026 Pazartesi,12:30,13:30,ÖĞLE ARASI,,,,,,,,,,,,,,,,,,,,,
Time Table 1,1 Haziran 2026 Pazartesi,13:30,16:20,Anatomy Laboratory 19/21 (Türkçe Tıp ile ortak ders),MOVEMENT / ANATOMİ AD.,FAKÜLTEMİZ WEB SİTESİ ÖĞRENCİ AĞI AMFİ PROGRAMINA BAKINIZ,,,,,,,,,,,,,,,,,,,
Time Table 1,2 Haziran 2026 Salı,08:30,09:10,1-Cartilage tissue structure and cells / Prof.Dr. Sibel KÖKTÜRK (Doç. Dr. Elif KERVANCIOĞLU DEMİRCİ),MOVEMENT / HİSTOLOJİ VE EMBRİYOLOJİ AD,FAKÜLTEMİZ WEB SİTESİ ÖĞRENCİ AĞI AMFİ PROGRAMINA BAKINIZ,,,,,,,,,,,,,,,,,,,
Time Table 1,2 Haziran 2026 Salı,09:20,10:00,2-Cartilage tissue matrix and types / Prof.Dr. Sibel KÖKTÜRK (Doç. Dr. Elif KERVANCIOĞLU DEMİRCİ),MOVEMENT / HİSTOLOJİ VE EMBRİYOLOJİ AD,FAKÜLTEMİZ WEB SİTESİ ÖĞRENCİ AĞI AMFİ PROGRAMINA BAKINIZ,,,,,,,,,,,,,,,,,,,
Time Table 1,2 Haziran 2026 Salı,10.10,10.50,3-Bone tissue structure and types / Prof.Dr. Sibel KÖKTÜRK (Doç. Dr. Elif KERVANCIOĞLU DEMİRCİ),MOVEMENT / HİSTOLOJİ VE EMBRİYOLOJİ AD.,FAKÜLTEMİZ WEB SİTESİ ÖĞRENCİ AĞI AMFİ PROGRAMINA BAKINIZ,,,,,,,,,,,,,,,,,,,
Time Table 1,2 Haziran 2026 Salı,10:00,12:30,FREE TIME ( Dönem 3 Sınav ),,,,,,,,,,,,,,,,,,,,,
Time Table 1,2 Haziran 2026 Salı,12:30,13:30,ÖĞLE ARASI,,,,,,,,,,,,,,,,,,,,,
Time Table 1,2 Haziran 2026 Salı,13:30,16:20,Anatomy Laboratory 20/21 (Türkçe Tıp ile ortak ders), ,FAKÜLTEMİZ WEB SİTESİ ÖĞRENCİ AĞI AMFİ PROGRAMINA BAKINIZ,,,,,,,,,,,,,,,,,,,
Time Table 1,3 Haziran 2026 Çarşamba,08:30,09:10,FREE TIME,,,,,,,,,,,,,,,,,,,,,
Time Table 1,3 Haziran 2026 Çarşamba,09:20,10:00,3-Bone and soft tissue healing / Doç.Dr.Yavuz Sağlam (Dr.Öğrt.Üyesi Serkan Bayram),MOVEMENT / ORTOPEDİ VE TRAVMATOLOJİ AD.,FAKÜLTEMİZ WEB SİTESİ ÖĞRENCİ AĞI AMFİ PROGRAMINA BAKINIZ,,,,,,,,,,,,,,,,,,,
Time Table 1,3 Haziran 2026 Çarşamba,10:10,10:50,FREE TIME,,,,,,,,,,,,,,,,,,,,,
Time Table 1,3 Haziran 2026 Çarşamba,11:00,11:40,3- Energetics of the skeletal muscle contraction / Prof.Dr. Tamer DEMİRALP (Prof.Dr. Güher SARUHAN DİRESKENELİ),MOVEMENT / FİZYOLOJİ AD.,FAKÜLTEMİZ WEB SİTESİ ÖĞRENCİ AĞI AMFİ PROGRAMINA BAKINIZ,,,,,,,,,,,,,,,,,,,
Time Table 1,3 Haziran 2026 Çarşamba,11:50,12:30,4- Mechanical properties of the skeletal mucle contraction / Prof.Dr. Tamer DEMİRALP (Prof.Dr. Güher SARUHAN DİRESKENELİ),MOVEMENT / FİZYOLOJİ AD.,FAKÜLTEMİZ WEB SİTESİ ÖĞRENCİ AĞI AMFİ PROGRAMINA BAKINIZ,,,,,,,,,,,,,,,,,,,
Time Table 1,3 Haziran 2026 Çarşamba,12:30,13:30,ÖĞLE ARASI,,,,,,,,,,,,,,,,,,,,,
Time Table 1,3 Haziran 2026 Çarşamba,13:30,15:20,Telafi (Tıbbi Biyoloji),TISSUE,,,,,,,,,,,,,,,,,,,,
Time Table 1,3 Haziran 2026 Çarşamba,13:30,14:10,1-Musculoskeletal Pain / Prof.Dr.Demirhan DIRAÇOĞLU (Dr.Öğr.Üyesi Fatma Merih AKPINAR),MOVEMENT / FİZİKSEL TIP VE REHABİLİTASYON AD.,FAKÜLTEMİZ WEB SİTESİ ÖĞRENCİ AĞI AMFİ PROGRAMINA BAKINIZ,,,,,,,,,,,,,,,,,,,
Time Table 1,3 Haziran 2026 Çarşamba,15:30,16:10,FREE TIME,,,,,,,,,,,,,,,,,,,,,
Time Table 1,4 Haziran 2026 Perşembe,08:30,10:20,LABORATORY SKILLS (HISTOLOGY AND EMBRYOLOGY 1) - i2,MOVEMENT,,,,,,,,,,,,,,,,,,,,
Time Table 1,4 Haziran 2026 Perşembe,11:00,11:40,1- Introduction to  Orthopaedics and Traumatology  / Prof.Dr.Halil İ. Balcı (Dr.Öğrt.Üyesi Alper Ş. Kendirci),MOVEMENT / ORTOPEDİ VE TRAVMATOLOJİ AD.,FAKÜLTEMİZ WEB SİTESİ ÖĞRENCİ AĞI AMFİ PROGRAMINA BAKINIZ,,,,,,,,,,,,,,,,,,,
Time Table 1,4 Haziran 2026 Perşembe,11:50,12:30,2-Principles and Biomechanics of the Musculoskeletal System / Prof.Dr. Cengiz ŞEN  (Dr.Öğrt.Üyesi Mehmet Demirel),MOVEMENT / ORTOPEDİ VE TRAVMATOLOJİ AD.,FAKÜLTEMİZ WEB SİTESİ ÖĞRENCİ AĞI AMFİ PROGRAMINA BAKINIZ,,,,,,,,,,,,,,,,,,,
Time Table 1,4 Haziran 2026 Perşembe,12:30,13:30,ÖĞLE ARASI,,,,,,,,,,,,,,,,,,,,,
Time Table 1,4 Haziran 2026 Perşembe,13:30,16:20,Anatomy Laboratory 21/21 (Türkçe Tıp ile ortak ders),MOVEMENT / ANATOMİ AD.,FAKÜLTEMİZ WEB SİTESİ ÖĞRENCİ AĞI AMFİ PROGRAMINA BAKINIZ,,,,,,,,,,,,,,,,,,,
Time Table 1,5 Haziran 2026 Cuma,08:30,10:20,LABORATORY SKILLS (HISTOLOGY AND EMBRYOLOGY 1) - i1,MOVEMENT,FAKÜLTEMİZ WEB SİTESİ ÖĞRENCİ AĞI AMFİ PROGRAMINA BAKINIZ,,,,,,,,,,,,,,,,,,,
Time Table 1,5 Haziran 2026 Cuma,11:00,11:40,4-Osteogenesis and joint tissue / Prof.Dr. Sibel KÖKTÜRK (Doç. Dr. Elif KERVANCIOĞLU DEMİRCİ),MOVEMENT / HİSTOLOJİ VE EMBRİYOLOJİ AD.,FAKÜLTEMİZ WEB SİTESİ ÖĞRENCİ AĞI AMFİ PROGRAMINA BAKINIZ,,,,,,,,,,,,,,,,,,,
Time Table 1,5 Haziran 2026 Cuma,11:50,12:30,5-Development of the skeletal system / Prof.Dr. Sibel KÖKTÜRK (Doç. Dr. Elif KERVANCIOĞLU DEMİRCİ),MOVEMENT / HİSTOLOJİ VE EMBRİYOLOJİ AD.,FAKÜLTEMİZ WEB SİTESİ ÖĞRENCİ AĞI AMFİ PROGRAMINA BAKINIZ,,,,,,,,,,,,,,,,,,,
Time Table 1,5 Haziran 2026 Cuma,12:30,14:00,ÖĞLE ARASI,,,,,,,,,,,,,,,,,,,,,
Time Table 1,5 Haziran 2026 Cuma,14:00,14:40,5-Neuromuscular junction and excitation-contraction coupling in skeletal muscles / Prof.Dr. Tamer DEMİRALP (Prof.Dr. Güher SARUHAN DİRESKENELİ),MOVEMENT / FİZYOLOJİ AD.,FAKÜLTEMİZ WEB SİTESİ ÖĞRENCİ AĞI AMFİ PROGRAMINA BAKINIZ,,,,,,,,,,,,,,,,,,,
Time Table 1,5 Haziran 2026 Cuma,14:50,15:30,6- Snooth musce contraction / Prof.Dr. Tamer DEMİRALP (Prof.Dr. Güher SARUHAN DİRESKENELİ),MOVEMENT / FİZYOLOJİ AD.,FAKÜLTEMİZ WEB SİTESİ ÖĞRENCİ AĞI AMFİ PROGRAMINA BAKINIZ,,,,,,,,,,,,,,,,,,,
Time Table 1,5 Haziran 2026 Cuma,15:40,16:20,7- Electrophysiology of smooth muscle and heart muscle / Prof.Dr. Tamer DEMİRALP (Prof.Dr. Güher SARUHAN DİRESKENELİ),MOVEMENT / FİZYOLOJİ AD.,FAKÜLTEMİZ WEB SİTESİ ÖĞRENCİ AĞI AMFİ PROGRAMINA BAKINIZ,,,,,,,,,,,,,,,,,,,
Time Table 1,5 Haziran 2026 Cuma,16:30,17:10,Motor System / Doç. Dr. Tuncay GNDÜZ (Doç.Dr.Nermin Görkem ŞİRİN İNAN),MOVEMENT / NÖROLOJİ AD.,FAKÜLTEMİZ WEB SİTESİ ÖĞRENCİ AĞI AMFİ PROGRAMINA BAKINIZ,,,,,,,,,,,,,,,,,,,
Time Table 1,8 Haziran 2026 Pazartesi,08:30,09:10,FREE TIME,,,,,,,,,,,,,,,,,,,,,
Time Table 1,8 Haziran 2026 Pazartesi,09:20,10:00,FREE TIME,,,,,,,,,,,,,,,,,,,,,
Time Table 1,8 Haziran 2026 Pazartesi,10:10,10:50,FREE TIME,,,,,,,,,,,,,,,,,,,,,
Time Table 1,8 Haziran 2026 Pazartesi,11:00,11:40,FREE TIME,,,,,,,,,,,,,,,,,,,,,
Time Table 1,8 Haziran 2026 Pazartesi,11:50,12:30,FREE TIME,,,,,,,,,,,,,,,,,,,,,
Time Table 1,8 Haziran 2026 Pazartesi,12:30,13:30,ÖĞLE ARASI,,,,,,,,,,,,,,,,,,,,,
Time Table 1,8 Haziran 2026 Pazartesi,13:30,14:10,FREE TIME,,,,,,,,,,,,,,,,,,,,,
Time Table 1,8 Haziran 2026 Pazartesi,14:20,15:00,FREE TIME,,,,,,,,,,,,,,,,,,,,,
Time Table 1,8 Haziran 2026 Pazartesi,15:10,15:50,FREE TIME,,,,,,,,,,,,,,,,,,,,,
Time Table 1,9 Haziran 2026 Salı,14:00,15:30,EXAMINATION,MOVEMENT,FAKÜLTEMİZ WEB SİTESİ ÖĞRENCİ AĞI AMFİ PROGRAMINA BAKINIZ,,,,,,,,,,,,,,,,,,,
Time Table 1,10 Haziran 2026 Çarşamba,08:30,16:20,FREE TIME,,,,,,,,,,,,,,,,,,,,,
Time Table 1,10 Haziran 2026 Çarşamba,08:30,09:10,FREE TIME,,,,,,,,,,,,,,,,,,,,,
Time Table 1,10 Haziran 2026 Çarşamba,09:20,10:00,FREE TIME,,,,,,,,,,,,,,,,,,,,,
Time Table 1,10 Haziran 2026 Çarşamba,10:10,10:50,FREE TIME,,,,,,,,,,,,,,,,,,,,,
Time Table 1,10 Haziran 2026 Çarşamba,11:00,11:40,FREE TIME,,,,,,,,,,,,,,,,,,,,,
Time Table 1,10 Haziran 2026 Çarşamba,11:50,12:30,FREE TIME,,,,,,,,,,,,,,,,,,,,,
Time Table 1,10 Haziran 2026 Çarşamba,12:30,13:30,ÖĞLE ARASI,,,,,,,,,,,,,,,,,,,,,
Time Table 1,10 Haziran 2026 Çarşamba,12:45,13:10,KARİYER PLANLAMA FİNAL SINAVI,,FAKÜLTEMİZ WEB SİTESİ ÖĞRENCİ AĞI AMFİ PROGRAMINA BAKINIZ,,,,,,,,,,,,,,,,,,,
Time Table 1,10 Haziran 2026 Çarşamba,13:30,14:10,FREE TIME,,,,,,,,,,,,,,,,,,,,,
Time Table 1,10 Haziran 2026 Çarşamba,14:20,15:00,FREE TIME,,,,,,,,,,,,,,,,,,,,,
Time Table 1,10 Haziran 2026 Çarşamba,15:10,15:50,FREE TIME,,,,,,,,,,,,,,,,,,,,,
Time Table 1,11 Haziran 2026 Perşembe,08:30,16:20,FREE TIME,,,,,,,,,,,,,,,,,,,,,
Time Table 1,12 Haziran 2026 Cuma,08:30,16:20,FREE TIME,,,,,,,,,,,,,,,,,,,,,
Time Table 1,15 Haziran 2026 Pazartesi,10:00,12:00,BIOPHYSICS LABORATORY SKILLS EXAMINATION+MEDICAL BIOLOGY LABORATORY SKILLS EXAMINATION,TISSUE,FAKÜLTEMİZ WEB SİTESİ ÖĞRENCİ AĞI AMFİ PROGRAMINA BAKINIZ,,,,,,,,,,,,,,,,,,,
Time Table 1,16 Haziran 2026 Salı,09:00,10:00,HISTOLOGY LABORATORY SKILLS EXAMINATION,TISSUE + MOVEMENT,FAKÜLTEMİZ WEB SİTESİ ÖĞRENCİ AĞI AMFİ PROGRAMINA BAKINIZ,,,,,,,,,,,,,,,,,,,
Time Table 1,16 Haziran 2026 Salı,13:30,14:30,PHYSIOLOGY LABORATORY SKILLS EXAMINATION,TISSUE + MOVEMENT,FAKÜLTEMİZ WEB SİTESİ ÖĞRENCİ AĞI AMFİ PROGRAMINA BAKINIZ,,,,,,,,,,,,,,,,,,,
Time Table 1,17 Haziran 2026 Çarşamba,08:00,16:00,ANATOMY LABORATORY SKILLS EXAMINATION,MOVEMENT,FAKÜLTEMİZ WEB SİTESİ ÖĞRENCİ AĞI AMFİ PROGRAMINA BAKINIZ,,,,,,,,,,,,,,,,,,,
Time Table 1,18 Haziran 2026 Perşembe,09:30,11:00,UZAKTAN EĞİTİM FİNAL SINAVLARI,ATATÜRK İLKELERİ VE İNKLAP TARİHİ-II + TÜRK DİLİ-II + YABANCI UYRUKLULAR İÇİN ATATÜRK İLKELERİ VE İNKLAP TARİHİ-II + TÜRK DİLİ-II + GÜZEL SANATLAR II,FAKÜLTEMİZ WEB SİTESİ ÖĞRENCİ AĞI AMFİ PROGRAMINA BAKINIZ,,,,,,,,,,,,,,,,,,,
Time Table 1,19 Haziran 2026 Cuma,09:00,12:00,EXAMINATON,TISSUE + LIFE STAGES + MOVEMENT + MEDICAL SKILLS LABORATORY (COMMUNICATION II - MEDICAL HISTORY),FAKÜLTEMİZ WEB SİTESİ ÖĞRENCİ AĞI AMFİ PROGRAMINA BAKINIZ,,,,,,,,,,,,,,,,,,,
Time Table 1,26 Haziran 2026 Cuma,10:00,12.00,UZAKTAN EĞİTİM BÜTÜNLEME SINAVI,TÜRK DİLİ-II + YABANCI UYRUKLULAR İÇİN TÜRK DİLİ-II  + ATATÜRK İLKELERİ VE İNKLAP TARİHİ-II  + YABANCI UYRUKLULAR İÇİN ATATÜRK İLKELERİ VE İNKLAP TARİHİ-II + YABANCI DİL II + GÜZEL SANATLAR II,FAKÜLTEMİZ WEB SİTESİ ÖĞRENCİ AĞI AMFİ PROGRAMINA BAKINIZ,,,,,,,,,,,,,,,,,,,
Time Table 1,29 Haziran 2026 Pazartesi,13:30,16:00,MICROBIOLOGY LABORATORY SKILLS REPEAT EXAMINATION,CELL,FAKÜLTEMİZ WEB SİTESİ ÖĞRENCİ AĞI AMFİ PROGRAMINA BAKINIZ,,,,,,,,,,,,,,,,,,,
Time Table 1,30 Haziran 2026 Salı,09:00,10:00,TERM-1 MEDICAL HELLO (FIRST AID APPLICATION EXAM IN FRACTURE AND DISPLOCATIONS,,FAKÜLTEMİZ WEB SİTESİ ÖĞRENCİ AĞI AMFİ PROGRAMINA BAKINIZ,,,,,,,,,,,,,,,,,,,
Time Table 1,30 Haziran 2026 Salı,10:00,11:00,TERM-1 MEDICAL HELLO (BASIC LIFE SUPPORT APPLICATION EXAM ,,FAKÜLTEMİZ WEB SİTESİ ÖĞRENCİ AĞI AMFİ PROGRAMINA BAKINIZ,,,,,,,,,,,,,,,,,,,
Time Table 1,30 Haziran 2026 Salı,11:00,12:00,TERM-1 MEDICAL HELLO (MICROSCOPE USING SKILL PRACTICE EXAM ,,FAKÜLTEMİZ WEB SİTESİ ÖĞRENCİ AĞI AMFİ PROGRAMINA BAKINIZ,,,,,,,,,,,,,,,,,,,
Time Table 1,30 Haziran 2026 Salı,13:00,14:00,BIOCHEMISTRY LABORATORY SKILLS REPEAT EXAMINATION,MOLECULAR BASIS OF LIFE + CELL,FAKÜLTEMİZ WEB SİTESİ ÖĞRENCİ AĞI AMFİ PROGRAMINA BAKINIZ,,,,,,,,,,,,,,,,,,,
Time Table 1,2 Temmuz 2026 Perşembe,13:30,16:00,SUPPLEMENTARY EXAM,INTRODUCTION TO MEDICINE+MOLECULAR OF LIFE + CELL +MEDICAL SKILLS LABORATORY(COMMUNICATION I),FAKÜLTEMİZ WEB SİTESİ ÖĞRENCİ AĞI AMFİ PROGRAMINA BAKINIZ,,,,,,,,,,,,,,,,,,,
Time Table 1,3 Temmuz 2026 Cuma,09:00,10:00,TERM-1 MEDICAL HELLO (WOUNDED HANDLING TECHNIQUES APPLICATION EXAM ,,FAKÜLTEMİZ WEB SİTESİ ÖĞRENCİ AĞI AMFİ PROGRAMINA BAKINIZ,,,,,,,,,,,,,,,,,,,
Time Table 1,6 Temmuz 2026 Pazartesi,09:30,10:30,BIOPHYSICS LABORATORY SKILLS REPEAT EXAMINATION,TISSUE + MOLECULAR BASIS OF LIFE + CELL,FAKÜLTEMİZ WEB SİTESİ ÖĞRENCİ AĞI AMFİ PROGRAMINA BAKINIZ,,,,,,,,,,,,,,,,,,,
Time Table 1,6 Temmuz 2026 Pazartesi,14:00,15:00,MEDICAL BIOLOGY LABORATORY SKILLS REPEAT EXAMINATION,TISSUE + MOLECULAR BASIS OF LIFE + CELL,FAKÜLTEMİZ WEB SİTESİ ÖĞRENCİ AĞI AMFİ PROGRAMINA BAKINIZ,,,,,,,,,,,,,,,,,,,
Time Table 1,10 Temmuz 2026 Cuma,08:30,14:30,ANATOMY LABORATORY SKILLS REPEAT EXAMINATION,MOVEMENT,FAKÜLTEMİZ WEB SİTESİ ÖĞRENCİ AĞI AMFİ PROGRAMINA BAKINIZ,,,,,,,,,,,,,,,,,,,
Time Table 1,10 Temmuz 2026 Cuma,15:00,16:30,PHYSIOLOGY LABORATORY SKILLS REPEAT EXAMINATION,TISSUE + MOVEMENT+MOLECULAR BASIS OF LIFE,FAKÜLTEMİZ WEB SİTESİ ÖĞRENCİ AĞI AMFİ PROGRAMINA BAKINIZ,,,,,,,,,,,,,,,,,,,
Time Table 1,13 Temmuz 2026 Pazartesi,10:00,13:00,SUPPLEMENTARY EXAM,TISSUE + LIFE STAGES + MOVEMENT + MEDICAL SKILLS LABORATORY (COMMUNICATION II - MEDICAL HISTORY),FAKÜLTEMİZ WEB SİTESİ ÖĞRENCİ AĞI AMFİ PROGRAMINA BAKINIZ,,,,,,,,,,,,,,,,,,,
Time Table 1,13 Temmuz 2026 Pazartesi,14:00,14:25,KARİYER PLANLAMA BÜTÜNLEME SINAVI,SEÇMELİ  DERS,FAKÜLTEMİZ WEB SİTESİ ÖĞRENCİ AĞI AMFİ PROGRAMINA BAKINIZ,,,,,,,,,,,,,,,,,,,
Time Table 1,14 Temmuz 2026 Salı,09:00,10:00,HISTOLOGY LABORATORY SKILLS REPEAT EXAMINATION,TISSUE + MOVEMENT,FAKÜLTEMİZ WEB SİTESİ ÖĞRENCİ AĞI AMFİ PROGRAMINA BAKINIZ,,,,,,,,,,,,,,,,,,,