,TARİH,Başlangıç Saati,Bitiş Saati,KONU,DİLİM ADI / ANABİLİM DALI,YER
Dönem 3A Grubu,1 Eylül 2025 Pazartesi,08:30,09:10,3. Sınıf Tanıtımı / Prof.Dr. Hasan KUDAT (İngilizce Tıp ile ortak ders) ,SEMİYOLOJİ DİLİMİ / İÇ HASTALIKLARI AD.,FAKÜLTEMİZ WEB SİTESİ ÖĞRENCİ AĞI AMFİ PROGRAMINA BAKINIZ
Dönem 3A Grubu,1 Eylül 2025 Pazartesi,09:20,10:00,1-Klinik muayeneye giriş hastaya yaklaşım hekimin tutumu anamnez alma ve özellikleri / Prof.Dr. Bülent SAKA,SEMİYOLOJİ DİLİMİ / İÇ HASTALIKLARI AD.,FAKÜLTEMİZ WEB SİTESİ ÖĞRENCİ AĞI AMFİ PROGRAMINA BAKINIZ
Dönem 3A Grubu,1 Eylül 2025 Pazartesi,10:10,10:50,2-Genel durum muayenesi I /  Prof.Dr. Timur Selçuk AKPINAR (Doç.Dr.Mustafa ALTINKAYNAK),SEMİYOLOJİ DİLİMİ / İÇ HASTALIKLARI AD.,FAKÜLTEMİZ WEB SİTESİ ÖĞRENCİ AĞI AMFİ PROGRAMINA BAKINIZ
Dönem 3A Grubu,1 Eylül 2025 Pazartesi,11:00,11:40,3-Genel durum muayenesi II /  Prof.Dr. Timur Selçuk AKPINAR (Doç.Dr.Mustafa ALTINKAYNAK),SEMİYOLOJİ DİLİMİ / İÇ HASTALIKLARI AD.,FAKÜLTEMİZ WEB SİTESİ ÖĞRENCİ AĞI AMFİ PROGRAMINA BAKINIZ
Dönem 3A Grubu,1 Eylül 2025 Pazartesi,11:50,12:30,4-Genel durum muayenesi III /Prof.Dr. Timur Selçuk AKPINAR  (Doç.Dr.Mustafa ALTINKAYNAK),SEMİYOLOJİ DİLİMİ / İÇ HASTALIKLARI AD.,FAKÜLTEMİZ WEB SİTESİ ÖĞRENCİ AĞI AMFİ PROGRAMINA BAKINIZ
Dönem 3A Grubu,1 Eylül 2025 Pazartesi,13:30,14:20,1-Kardiyolojide Anamnez / Prof.Dr. Aytaç ÖNCÜL (Prof.Dr. Cafer ZORKUN ),SEMİYOLOJİ DİLİMİ / İÇ HASTALIKLARI AD.,FAKÜLTEMİZ WEB SİTESİ ÖĞRENCİ AĞI AMFİ PROGRAMINA BAKINIZ
Dönem 3A Grubu,1 Eylül 2025 Pazartesi,14:30,15:10,1-Kardiyolojide Fizik Muayene / Prof.Dr. Aytaç ÖNCÜL( Prof.Dr. Cafer ZORKUN ),SEMİYOLOJİ DİLİMİ / İÇ HASTALIKLARI AD.,FAKÜLTEMİZ WEB SİTESİ ÖĞRENCİ AĞI AMFİ PROGRAMINA BAKINIZ
Dönem 3A Grubu,1 Eylül 2025 Pazartesi,15:20,16:00,SERBEST ÇALIŞMA,,
Dönem 3A Grubu,2 Eylül 2025 Salı,08:30,09:10,SERBEST ÇALIŞMA,,
Dönem 3A Grubu,2 Eylül 2025 Salı,09:20,10:00,5-Endokrin sistem semiyolojisi ve muayene metotları-1 / Prof.Dr. Ayşe KUBAT ÜZÜM (Prof.Dr. Özlem SOYLUK SELÇUKBİRİCİK),SEMİYOLOJİ DİLİMİ / İÇ HASTALIKLARI AD.,FAKÜLTEMİZ WEB SİTESİ ÖĞRENCİ AĞI AMFİ PROGRAMINA BAKINIZ
Dönem 3A Grubu,2 Eylül 2025 Salı,10:10,10:50,6-Endokrin sistem semiyolojisi ve muayene metotları-2 / Prof.Dr. Ayşe KUBAT ÜZÜM (Prof.Dr. Özlem SOYLUK SELÇUKBİRİCİK),SEMİYOLOJİ DİLİMİ / İÇ HASTALIKLARI AD.,FAKÜLTEMİZ WEB SİTESİ ÖĞRENCİ AĞI AMFİ PROGRAMINA BAKINIZ
Dönem 3A Grubu,2 Eylül 2025 Salı,11:00,11:40,1-Solunum sistemi muayenesi / Prof.Dr. Gülfer OKUMUŞ (Doç.Dr. Aylin PIHTILI),SEMİYOLOJİ DİLİMİ / GÖĞÜS HASTALIKLARI AD.,FAKÜLTEMİZ WEB SİTESİ ÖĞRENCİ AĞI AMFİ PROGRAMINA BAKINIZ
Dönem 3A Grubu,2 Eylül 2025 Salı,11:50,12:30,2-Solunum sistemi hastalıklarında anamnez / Doç.Dr. Aylin PIHTILI (Prof.Dr. Gülfer OKUMUŞ),SEMİYOLOJİ DİLİMİ / GÖĞÜS HASTALIKLARI AD.,FAKÜLTEMİZ WEB SİTESİ ÖĞRENCİ AĞI AMFİ PROGRAMINA BAKINIZ
Dönem 3A Grubu,2 Eylül 2025 Salı,13:30,14:20,7-Geriatrik hastada anamnez / Doç.Dr. Tuğba ERDOĞAN (Doç.Dr. Serdar ÖZKÖK),SEMİYOLOJİ DİLİMİ / İÇ HASTALIKLARI AD.,FAKÜLTEMİZ WEB SİTESİ ÖĞRENCİ AĞI AMFİ PROGRAMINA BAKINIZ
Dönem 3A Grubu,2 Eylül 2025 Salı,14:30,15:10,SERBEST ÇALIŞMA,,
Dönem 3A Grubu,2 Eylül 2025 Salı,15:20,16:00,SERBEST ÇALIŞMA,,
Dönem 3A Grubu,3 Eylül 2025 Çarşamba,08:30,09:10,SERBEST ÇALIŞMA,,
Dönem 3A Grubu,3 Eylül 2025 Çarşamba,09:20,10:00,SERBEST ÇALIŞMA,,FAKÜLTEMİZ WEB SİTESİ ÖĞRENCİ AĞI AMFİ PROGRAMINA BAKINIZ
Dönem 3A Grubu,3 Eylül 2025 Çarşamba,10:10,10:50,8-Üriner sistemin semptomatolojisi I / Prof.Dr.Savaş ÖZTÜRK,SEMİYOLOJİ DİLİMİ / İÇ HASTALIKLARI AD.,FAKÜLTEMİZ WEB SİTESİ ÖĞRENCİ AĞI AMFİ PROGRAMINA BAKINIZ
Dönem 3A Grubu,3 Eylül 2025 Çarşamba,11:00,11:40,9-Üriner sistemin semptomatolojisi II / Prof.Dr.Savaş ÖZTÜRK,SEMİYOLOJİ DİLİMİ / İÇ HASTALIKLARI AD.,FAKÜLTEMİZ WEB SİTESİ ÖĞRENCİ AĞI AMFİ PROGRAMINA BAKINIZ
Dönem 3A Grubu,3 Eylül 2025 Çarşamba,11:50,12:30,10-Üriner Sisteminin Muayenesi / Prof.Dr. Savaş ÖZTÜRK,SEMİYOLOJİ DİLİMİ / İÇ HASTALIKLARI AD.,FAKÜLTEMİZ WEB SİTESİ ÖĞRENCİ AĞI AMFİ PROGRAMINA BAKINIZ
Dönem 3A Grubu,3 Eylül 2025 Çarşamba,13:30,14:10,SERBEST ÇALIŞMA,,
Dönem 3A Grubu,3 Eylül 2025 Çarşamba,14:20,15:00,SERBEST ÇALIŞMA,,
Dönem 3A Grubu,3 Eylül 2025 Çarşamba,15:10,15:50,SERBEST ÇALIŞMA,,
Dönem 3A Grubu,4 Eylül 2025 Perşembe,08:30,09:10,SERBEST ÇALIŞMA,,
Dönem 3A Grubu,4 Eylül 2025 Perşembe,09:20,10:00,12-Sindirim sisteminin muayenesi I / Prof.Dr.Aslı ÇİFTÇİBAŞÖRMECİ ( Prof.Dr. Selman Fatih BEŞIŞIK),SEMİYOLOJİ DİLİMİ / İÇ HASTALIKLARI AD.,FAKÜLTEMİZ WEB SİTESİ ÖĞRENCİ AĞI AMFİ PROGRAMINA BAKINIZ
Dönem 3A Grubu,4 Eylül 2025 Perşembe,10:10,10:50,13-Sindirim sisteminin muayenesi II / Prof.Dr.Aslı ÇİFTÇİBAŞÖRMECİ ( Prof.Dr. Selman Fatih BEŞIŞIK),SEMİYOLOJİ DİLİMİ / İÇ HASTALIKLARI AD.,FAKÜLTEMİZ WEB SİTESİ ÖĞRENCİ AĞI AMFİ PROGRAMINA BAKINIZ
Dönem 3A Grubu,4 Eylül 2025 Perşembe,11:00,11:40,SERBEST ÇALIŞMA,,FAKÜLTEMİZ WEB SİTESİ ÖĞRENCİ AĞI AMFİ PROGRAMINA BAKINIZ
Dönem 3A Grubu,4 Eylül 2025 Perşembe,11:50,12:30,SERBEST ÇALIŞMA,,
Dönem 3A Grubu,4 Eylül 2025 Perşembe,13:30,14:10,SERBEST ÇALIŞMA,,
Dönem 3A Grubu,4 Eylül 2025 Perşembe,14:20,15:00,SERBEST ÇALIŞMA,,
Dönem 3A Grubu,4 Eylül 2025 Perşembe,15:10,15:50,SERBEST ÇALIŞMA,,
Dönem 3A Grubu,5 Eylül 2025 Cuma,08:30,09:10,1-Sinir sistemi  I -Anamnez / Doç.Dr.Arzu ÇOBAN/Dr.ÖğrÜyesi Arman ÇAKAR,SEMİYOLOJİ DİLİMİ / NÖROLOJİ AD.,FAKÜLTEMİZ WEB SİTESİ ÖĞRENCİ AĞI AMFİ PROGRAMINA BAKINIZ
Dönem 3A Grubu,5 Eylül 2025 Cuma,09:20,10:00,2-Sinir sistemi  II - Muayene /Doç.Dr.Arzu ÇOBAN/Dr.ÖğrÜyesi Arman ÇAKAR,SEMİYOLOJİ DİLİMİ / NÖROLOJİ AD.,FAKÜLTEMİZ WEB SİTESİ ÖĞRENCİ AĞI AMFİ PROGRAMINA BAKINIZ
Dönem 3A Grubu,5 Eylül 2025 Cuma,10:10,10:50,SERBEST ÇALIŞMA,,
Dönem 3A Grubu,5 Eylül 2025 Cuma,11:00,11:40,4-Anorektal muayene / Prof.Dr. Mehmet Türker BULUT (Prof.Dr. Metin KESKİN),SEMİYOLOJİ DİLİMİ / GENEL CERRAHİ AD.,FAKÜLTEMİZ WEB SİTESİ ÖĞRENCİ AĞI AMFİ PROGRAMINA BAKINIZ
Dönem 3A Grubu,5 Eylül 2025 Cuma,11:50,12:30,5-Travmaya genel yaklaşım ve acil yardım ilkeleri / Doç.Dr.Ali Fuat Kaan GÖK ( Prof.Dr. Hakan Teoman YANAR),SEMİYOLOJİ DİLİMİ / GENEL CERRAHİ AD.,FAKÜLTEMİZ WEB SİTESİ ÖĞRENCİ AĞI AMFİ PROGRAMINA BAKINIZ
Dönem 3A Grubu,5 Eylül 2025 Cuma,14:00,14:40,15-Geriatrik hastada fizik muayene /  Doç.Dr. Tuğba ERDOĞAN (Doç.Dr. Serdar ÖZKÖK),SEMİYOLOJİ DİLİMİ / İÇ HASTALIKLARI AD.,FAKÜLTEMİZ WEB SİTESİ ÖĞRENCİ AĞI AMFİ PROGRAMINA BAKINIZ
Dönem 3A Grubu,5 Eylül 2025 Cuma,14:50,15:30,1-Asepsi antisepsi / Prof.Dr.Süleyman BADEMLER (Prof.Dr. Beyza ÖZÇINAR),SEMİYOLOJİ DİLİMİ / GENEL CERRAHİ AD.,
Dönem 3A Grubu,5 Eylül 2025 Cuma,15:10,15:50,SERBEST ÇALIŞMA,,
Dönem 3A Grubu,5 Eylül 2025 Cuma,15:50,16:30,SERBEST ÇALIŞMA,,
Dönem 3A Grubu,8 Eylül 2025 Pazartesi,08:30,09:10,SERBEST ÇALIŞMA,,
Dönem 3A Grubu,8 Eylül 2025 Pazartesi,09:20,10:00,14-Romatolojik anamnez / Dr.Öğr.Gör.Burak İNCE (Prof.Dr. Yasemin YALÇINKAYA ),SEMİYOLOJİ DİLİMİ / İÇ HASTALIKLARI AD.,FAKÜLTEMİZ WEB SİTESİ ÖĞRENCİ AĞI AMFİ PROGRAMINA BAKINIZ
Dönem 3A Grubu,8 Eylül 2025 Pazartesi,10:10,10:50,16-Eklem muayenesi (Kısa romatolojik muayene) /Dr.öğr.Gör.Burak İNCE ( Prof.Dr. Bahar ARTIM ESEN ),SEMİYOLOJİ DİLİMİ / İÇ HASTALIKLARI AD.,FAKÜLTEMİZ WEB SİTESİ ÖĞRENCİ AĞI AMFİ PROGRAMINA BAKINIZ
Dönem 3A Grubu,8 Eylül 2025 Pazartesi,11:00,11:40,1-Genetik semiyolojisi / Prof.Dr. Kıvanç ÇEFLE(Dr.Öğr.Üyesi Tuğba KALAYCI),SEMİYOLOJİ DİLİMİ / TIBBİ GENETİK AD.,FAKÜLTEMİZ WEB SİTESİ ÖĞRENCİ AĞI AMFİ PROGRAMINA BAKINIZ
Dönem 3A Grubu,8 Eylül 2025 Pazartesi,11:50,12:30,11-Sindirim sistemi hastalıklarında anamnez / Prof.Dr. Selman Fatih BEŞIŞIK (Prof. Dr.Aslı ÇİFTÇİBAŞÖRMECİ),SEMİYOLOJİ DİLİMİ / İÇ HASTALIKLARI AD.,FAKÜLTEMİZ WEB SİTESİ ÖĞRENCİ AĞI AMFİ PROGRAMINA BAKINIZ
Dönem 3A Grubu,8 Eylül 2025 Pazartesi,13:30,14:20,SERBEST ÇALIŞMA,,
Dönem 3A Grubu,8 Eylül 2025 Pazartesi,14:30,15:10,SERBEST ÇALIŞMA,,
Dönem 3A Grubu,8 Eylül 2025 Pazartesi,15:20,16:00,SERBEST ÇALIŞMA,,
Dönem 3A Grubu,9 Eylül 2025 Salı,08:30,09:10,SERBEST ÇALIŞMA,,
Dönem 3A Grubu,9 Eylül 2025 Salı,09:20,10:00,17-Eklem muayenesi (periferik) / Dr.öğr.Gör.Burak İNCE ( Prof.Dr. Bahar ARTIM ESEN ),SEMİYOLOJİ DİLİMİ / İÇ HASTALIKLARI AD.,FAKÜLTEMİZ WEB SİTESİ ÖĞRENCİ AĞI AMFİ PROGRAMINA BAKINIZ
Dönem 3A Grubu,9 Eylül 2025 Salı,10:10,10:50,18-Hematopoetik sistem hastalıklarında anamnez /Dr.Öğr.Üyesi Murat ÖZBALAK( Prof.Dr. Mustafa Nuri YENEREL),SEMİYOLOJİ DİLİMİ / İÇ HASTALIKLARI AD.,FAKÜLTEMİZ WEB SİTESİ ÖĞRENCİ AĞI AMFİ PROGRAMINA BAKINIZ
Dönem 3A Grubu,9 Eylül 2025 Salı,11:00,11:40,19-Hematopoetik sistem hastalıklarında fizik muayene bulguları / Prof.Dr. Sevgi BEŞIŞIK (Dr.Öğr.Üyesi.Metban MASTANZADE),SEMİYOLOJİ DİLİMİ / İÇ HASTALIKLARI AD.,FAKÜLTEMİZ WEB SİTESİ ÖĞRENCİ AĞI AMFİ PROGRAMINA BAKINIZ
Dönem 3A Grubu,9 Eylül 2025 Salı,11:50,12:30,3-Yenidoğanın fizik muayenesi ve özellikleri Yenidoğanın bakımı/ Doç. Dr.Beril ÖZALP YAŞA (Prof.Dr.Leyla BİLGİN),SEMİYOLOJİ DİLİMİ / ÇOCUK SAĞLIĞI VE HASTALIKLARI AD.,
Dönem 3A Grubu,9 Eylül 2025 Salı,13:30,14:20,1-Çocuk ve ergende öykü / Prof.Dr. Ayşe KILIÇ (Prof.Dr.İsmail YILDIZ),SEMİYOLOJİ DİLİMİ / ÇOCUK SAĞLIĞI VE HASTALIKLARI AD.,FAKÜLTEMİZ WEB SİTESİ ÖĞRENCİ AĞI AMFİ PROGRAMINA BAKINIZ
Dönem 3A Grubu,9 Eylül 2025 Salı,14:30,15:10,2-Çocuk ve ergende fizik muayene / Prof.Dr. Ayşe KILIÇ (Prof.Dr.İsmail YILDIZ),SEMİYOLOJİ DİLİMİ / ÇOCUK SAĞLIĞI VE HASTALIKLARI AD.,FAKÜLTEMİZ WEB SİTESİ ÖĞRENCİ AĞI AMFİ PROGRAMINA BAKINIZ
Dönem 3A Grubu,9 Eylül 2025 Salı,15:10,15:50,8-Çocukta sindirim sistemi semiyolojisi / Doç.Dr.Elif TÜRKMEN (Doç.Dr.Zerrin ÖNAL),SEMİYOLOJİ DİLİMİ / ÇOCUK SAĞLIĞI VE HASTALIKLARI AD.,FAKÜLTEMİZ WEB SİTESİ ÖĞRENCİ AĞI AMFİ PROGRAMINA BAKINIZ
Dönem 3A Grubu,10 Eylül 2025 Çarşamba,08:30,09:10,1-Eklem muayanesi (aksiyel) / Dr.Öğr.Üyesi Fatma Merih AKPINAR (Prof.Dr.Ayşe KARAN),SEMİYOLOJİ DİLİMİ / FİZİKSEL TIP VE REHABİLİTASYON AD.,FAKÜLTEMİZ WEB SİTESİ ÖĞRENCİ AĞI AMFİ PROGRAMINA BAKINIZ
Dönem 3A Grubu,10 Eylül 2025 Çarşamba,09:20,10:00,4-Emzirme danışmanlığına giriş / Prof.Dr. Gülbin GÖKÇAY (Prof.Dr. Gonca KESKİNDEMİRCİ),SEMİYOLOJİ DİLİMİ / ÇOCUK SAĞLIĞI VE HASTALIKLARI AD.,FAKÜLTEMİZ WEB SİTESİ ÖĞRENCİ AĞI AMFİ PROGRAMINA BAKINIZ
Dönem 3A Grubu,10 Eylül 2025 Çarşamba,10:10,10:50,5-Çocukta solunum sistemi semiyolojisi / Prof.Dr. İsmail YILDIZ (Prof.Dr. Ayşe KILIÇ),SEMİYOLOJİ DİLİMİ / ÇOCUK SAĞLIĞI VE HASTALIKLARI AD.,FAKÜLTEMİZ WEB SİTESİ ÖĞRENCİ AĞI AMFİ PROGRAMINA BAKINIZ
Dönem 3A Grubu,10 Eylül 2025 Çarşamba,11:00,11:40,6-Çocukta dolaşım sistemi semiyolojisi / Prof.Dr.Mustafa ÖZÇETİN (Prof.Dr. Ayşe KILIÇ),SEMİYOLOJİ DİLİMİ / ÇOCUK SAĞLIĞI VE HASTALIKLARI AD.,FAKÜLTEMİZ WEB SİTESİ ÖĞRENCİ AĞI AMFİ PROGRAMINA BAKINIZ
Dönem 3A Grubu,10 Eylül 2025 Çarşamba,11:50,12:30,7-Kan lenfoid sistem semiyolojisi / Prof.Dr.Ayşegül ÜNÜVAR (Prof.Dr.Deniz TUĞCU),SEMİYOLOJİ DİLİMİ / ÇOCUK SAĞLIĞI VE HASTALIKLARI AD.,FAKÜLTEMİZ WEB SİTESİ ÖĞRENCİ AĞI AMFİ PROGRAMINA BAKINIZ
Dönem 3A Grubu,10 Eylül 2025 Çarşamba,13:30,14:10,1-Jinekolojik Anamnez ve muayene / Prof.Dr.Samet Topuz(Dr.Öğr.Üyesi Yağmur Minareci),SEMİYOLOJİ DİLİMİ / KADIN HASTALIKARI VE DOĞUM AD.,
Dönem 3A Grubu,10 Eylül 2025 Çarşamba,14:20,15:00,SERBEST ÇALIŞMA,,FAKÜLTEMİZ WEB SİTESİ ÖĞRENCİ AĞI AMFİ PROGRAMINA BAKINIZ
Dönem 3A Grubu,11 Eylül 2025 Perşembe,15:10,15:50,SERBEST ÇALIŞMA,,
Dönem 3A Grubu,11 Eylül 2025 Perşembe,09:00,10:00,Fizik muayeneye genel bakış / Prof.Dr. Hasan KUDAT - Prof.Dr. Ahmet Bilge SÖZEN (İngilizce Tıp ile ortak ders) ,SEMİYOLOJİ DİLİMİ / İÇ HASTALIKLARI AD.,FAKÜLTEMİZ WEB SİTESİ ÖĞRENCİ AĞI AMFİ PROGRAMINA BAKINIZ
Dönem 3A Grubu,11 Eylül 2025 Perşembe,10:10,10:50,9-Deri Değerlendirilmesi / Prof.Dr.Ayşe KILIÇ (Prof.Dr.İsmail YILDIZ),SEMİYOLOJİ DİLİMİ / ÇOCUK SAĞLIĞI VE HASTALIKLARI AD.,FAKÜLTEMİZ WEB SİTESİ ÖĞRENCİ AĞI AMFİ PROGRAMINA BAKINIZ
Dönem 3A Grubu,11 Eylül 2025 Perşembe,11:00,11:40,10-Genitoüriner sistem semiyolojisi / Prof.Dr.Mustafa ÖZÇETİN (Prof.Dr.ALEV YILMAZ) ,SEMİYOLOJİ DİLİMİ / ÇOCUK SAĞLIĞI VE HASTALIKLARI AD.,FAKÜLTEMİZ WEB SİTESİ ÖĞRENCİ AĞI AMFİ PROGRAMINA BAKINIZ
Dönem 3A Grubu,11 Eylül 2025 Perşembe,11:50,12:30,11-Çocuk nörolojisinde öykü - normal nörolojik gelişim ve anormal bulguların değerlendirilmesi / Prof.Dr.Edibe PEMBEGÜL YILDIZ (Dr.Öğr.Üyesi Mehmet Akif KILIÇ),SEMİYOLOJİ DİLİMİ / ÇOCUK SAĞLIĞI VE HASTALIKLARI AD.,FAKÜLTEMİZ WEB SİTESİ ÖĞRENCİ AĞI AMFİ PROGRAMINA BAKINIZ
Dönem 3A Grubu,11 Eylül 2025 Perşembe,13:30,14:10,SERBEST ÇALIŞMA,,
Dönem 3A Grubu,11 Eylül 2025 Perşembe,14:20,15:00,SERBEST ÇALIŞMA,,
Dönem 3A Grubu,11 Eylül 2025 Perşembe,15:10,15:50,SERBEST ÇALIŞMA,,
Dönem 3A Grubu,12 Eylül 2025 Cuma,08:30,09:10,3-Meme muayenesi / Prof.Dr.Hasan KARANLIK (Dr.Öğr.üyesi Baran MOLLAVELİOĞLU ),SEMİYOLOJİ DİLİMİ / GENEL CERRAHİ AD.,FAKÜLTEMİZ WEB SİTESİ ÖĞRENCİ AĞI AMFİ PROGRAMINA BAKINIZ
Dönem 3A Grubu,12 Eylül 2025 Cuma,09:20,10:00,12-Lökomotor sistem semiyolojisi / Prof.Dr.Ayşe KILIÇ (Prof.Dr.İsmail YILDIZ),SEMİYOLOJİ DİLİMİ / ÇOCUK SAĞLIĞI VE HASTALIKLARI AD.,FAKÜLTEMİZ WEB SİTESİ ÖĞRENCİ AĞI AMFİ PROGRAMINA BAKINIZ
Dönem 3A Grubu,12 Eylül 2025 Cuma,10:10,10:50,13-Çocuk Endokrin sistem semiyolojisi / Prof.Dr.Mustafa ÖZÇETİN (Prof.Dr.Ayşe KILIÇ),SEMİYOLOJİ DİLİMİ / ÇOCUK SAĞLIĞI VE HASTALIKLARI AD.,FAKÜLTEMİZ WEB SİTESİ ÖĞRENCİ AĞI AMFİ PROGRAMINA BAKINIZ
Dönem 3A Grubu,12 Eylül 2025 Cuma,11:00,12:00,Fizik muayeneye genel bakış / Prof.Dr. Hasan KUDAT) (AHMET BİLGE SÖZEN) (İngilizce Tıp ile ortak ders) ,SEMİYOLOJİ DİLİMİ / İÇ HASTALIKLARI AD.,FAKÜLTEMİZ WEB SİTESİ ÖĞRENCİ AĞI AMFİ PROGRAMINA BAKINIZ
Dönem 3A Grubu,12 Eylül 2025 Cuma,14:00,14:40,2-Obstetrik Anamnez Muayene ve Gebelik Tanısı / Dr.Öğr. Üyesi Yağmur Minareci (Doç.Dr. Hamdullah Sözen),SEMİYOLOJİ DİLİMİ / KADIN HASTALIKLARI VE HASTALIKLARI AD.,FAKÜLTEMİZ WEB SİTESİ ÖĞRENCİ AĞI AMFİ PROGRAMINA BAKINIZ
Dönem 3A Grubu,12 Eylül 2025 Cuma,14:50,15:30,1-Enfeksiyon hastalıklarında genel kavramlar - genel bilgi / Doç.Dr.Seniha BAŞARAN (Prof.Dr. Serap ŞİMŞEK YAVUZ),SEMİYOLOJİ DİLİMİ / ENFEKSİYON HASTALIKLARI VE KLİNİK MİKROBİYOLOJİ AD.,FAKÜLTEMİZ WEB SİTESİ ÖĞRENCİ AĞI AMFİ PROGRAMINA BAKINIZ
Dönem 3A Grubu,15 Eylül 2025 Pazartesi,08:30,16:00,Klinikte Hasta İzlem Uygulaması,DİKEY KORİDOR II / TIP EĞİTİMİ AD.,ANABİLİM DALLARI SERVİSLERİ
Dönem 3A Grubu,16 Eylül 2025 Salı,08:30,16:00,Klinikte Hasta İzlem Uygulaması,DİKEY KORİDOR II / TIP EĞİTİMİ AD.,ANABİLİM DALLARI SERVİSLERİ
Dönem 3A Grubu,17 Eylül 2025 Çarşamba,08:30,16:00,Klinikte Hasta İzlem Uygulaması,DİKEY KORİDOR II / TIP EĞİTİMİ AD.,ANABİLİM DALLARI SERVİSLERİ
Dönem 3A Grubu,18 Eylül 2025 Perşembe,08:30,16:00,Klinikte Hasta İzlem Uygulaması,DİKEY KORİDOR II / TIP EĞİTİMİ AD.,ANABİLİM DALLARI SERVİSLERİ
Dönem 3A Grubu,19 Eylül 2025 Cuma,08:30,16:00,Klinikte Hasta İzlem Uygulaması,DİKEY KORİDOR II / TIP EĞİTİMİ AD.,ANABİLİM DALLARI SERVİSLERİ
Dönem 3A Grubu,22 Eylül 2025 Pazartesi,08:30,09:10,SERBEST ÇALIŞMA,,
Dönem 3A Grubu,22 Eylül 2025 Pazartesi,09:20,10:00,1-Hareket sistemi klinik anatomisi / Dr.Öğr.Üyesi Osman COŞKUN (Doç.Dr.Özcan GAYRETLİ),HAREKET II DİLİMİ / ANATOMİ AD.,FAKÜLTEMİZ WEB SİTESİ ÖĞRENCİ AĞI AMFİ PROGRAMINA BAKINIZ
Dönem 3A Grubu,22 Eylül 2025 Pazartesi,10:10,10:50,1-Romatizmal hastalıklarda epidemiyoloji ve sınıflandırma / Prof.Dr. Murat İNANÇ (Prof.Dr. Ahmet GÜL),HAREKET II DİLİMİ / İÇ HASTALIKLARI AD.,FAKÜLTEMİZ WEB SİTESİ ÖĞRENCİ AĞI AMFİ PROGRAMINA BAKINIZ
Dönem 3A Grubu,22 Eylül 2025 Pazartesi,11:10,12:10,Öğretim üyesi Uygulama 1,HAREKET II DİLİMİ,FAKÜLTEMİZ WEB SİTESİ ÖĞRENCİ AĞI UYGULAMA PROGRAMI VE YERİNE BAKINIZ
Dönem 3A Grubu,22 Eylül 2025 Pazartesi,13:30,14:20,SERBEST ÇALIŞMA,,FAKÜLTEMİZ WEB SİTESİ ÖĞRENCİ AĞI UYGULAMA PROGRAMI VE YERİNE BAKINIZ
Dönem 3A+3B Grubu,22 Eylül 2025 Pazartesi,14:30,15:10,1-Bilimsel Araştırma ve Biyoistatistiğe Giriş / Dr.Öğr.Üyesi Sevda ÖZEL YILDIZ/(Dr.Başak GÜRTEKİN) A + B Grubu Ortak,DİKEY KORİDOR III (A) DİLİMİ / BİYOİSTATİSTİK AD.,FAKÜLTEMİZ WEB SİTESİ ÖĞRENCİ AĞI AMFİ PROGRAMINA BAKINIZ
Dönem 3A+3B Grubu,22 Eylül 2025 Pazartesi,15:20,16:00,2-Ölçme ve kesinlik - başlıca ölçüm düzeyleri / Dr.Öğr.Üyesi Sevda ÖZEL YILDIZ(Dr.Başak GÜRTEKİN) A + B Grubu Ortak,DİKEY KORİDOR III (A) DİLİMİ / BİYOİSTATİSTİK AD.,FAKÜLTEMİZ WEB SİTESİ ÖĞRENCİ AĞI AMFİ PROGRAMINA BAKINIZ
Dönem 3A Grubu,23 Eylül 2025 Salı,08:30,09:10,SERBEST ÇALIŞMA,,
Dönem 3A Grubu,23 Eylül 2025 Salı,09:20,10:00,SERBEST ÇALIŞMA,,
Dönem 3A Grubu,23 Eylül 2025 Salı,10:10,10:50,1-Kemik iltihabı ve sinovya hastalıkları / Doç.Dr. Gökçen ÜNVERENGİL/(Prof.Dr.Bilge BİLGİÇ),HAREKET II DİLİMİ / TIBBİ PATOLOJİ AD.,FAKÜLTEMİZ WEB SİTESİ ÖĞRENCİ AĞI AMFİ PROGRAMINA BAKINIZ
Dönem 3A Grubu,23 Eylül 2025 Salı,11:00,11:40,1-İskelet sistemi malformasyonları / Dr.Öğr.Üyesi Tuğba KALAYCI (Prof.Dr. Kıvanç ÇEFLE),HAREKET II DİLİMİ / TIBBİ GENETİK AD.,FAKÜLTEMİZ WEB SİTESİ ÖĞRENCİ AĞI AMFİ PROGRAMINA BAKINIZ
Dönem 3A Grubu,23 Eylül 2025 Salı,11:50,12:30,1-Psikiyatriye giriş ve anamnez / Öğr.Üyesi Dr. Ezgi İnce GULIYEV(Doç.Dr. Müge BOZKURT ),SEMİYOLOJİ DİLİMİ / RUH SAĞLIĞI VE HASTALIKLARI AD.,FAKÜLTEMİZ WEB SİTESİ ÖĞRENCİ AĞI AMFİ PROGRAMINA BAKINIZ
Dönem 3A Grubu,23 Eylül 2025 Salı,13:30,14:20,SERBEST ÇALIŞMA,,FAKÜLTEMİZ WEB SİTESİ ÖĞRENCİ AĞI UYGULAMA PROGRAMI VE YERİNE BAKINIZ
Dönem 3A Grubu,23 Eylül 2025 Salı,14:30,15:10,2-Fıtık muayenesi / Doç.Dr. Fatih YANAR (Prof.Dr. Hakan Teoman YANAR) A ve B ortak türkçe,SEMİYOLOJİ DİLİMİ / GENEL CERRAHİ AD.,FAKÜLTEMİZ WEB SİTESİ ÖĞRENCİ AĞI UYGULAMA PROGRAMI VE YERİNE BAKINIZ
Dönem 3A Grubu,23 Eylül 2025 Salı,15:10,15:50,SERBEST ÇALIŞMA,,
Dönem 3A Grubu,24 Eylül 2025 Çarşamba,08:30,09:10,SERBEST ÇALIŞMA,,
Dönem 3A Grubu,24 Eylül 2025 Çarşamba,09:20,10:00,SERBEST ÇALIŞMA,,
Dönem 3A Grubu,24 Eylül 2025 Çarşamba,10:10,10:50,1-Kemik metabolizması - osteoporoz / Dr.Öğr.Üyesi Hande KARPUZOĞLU/(Doç.Dr.Ayşe Gül SÜNDÜZ TELCİ),HAREKET II DİLİMİ / TIBBİ BİYOKİMYA AD.,FAKÜLTEMİZ WEB SİTESİ ÖĞRENCİ AĞI AMFİ PROGRAMINA BAKINIZ
Dönem 3A Grubu,24 Eylül 2025 Çarşamba,11:10,12:10,Öğretim üyesi Uygulama 2,HAREKET II DİLİMİ,FAKÜLTEMİZ WEB SİTESİ ÖĞRENCİ AĞI UYGULAMA PROGRAMI VE YERİNE BAKINIZ
Dönem 3A Grubu,24 Eylül 2025 Çarşamba,13:30,14:10,2-Artritli hastaya yaklaşım ve akut artritler / Doç.Dr. Yasemin YALÇINKAYA (Prof.Dr. Murat İNANÇ),HAREKET II DİLİMİ / İÇ HASTALIKLARI AD.,FAKÜLTEMİZ WEB SİTESİ ÖĞRENCİ AĞI AMFİ PROGRAMINA BAKINIZ
Dönem 3A Grubu,24 Eylül 2025 Çarşamba,14:20,15:00,"1-Obstetrik Anemnez ,Muayene ve Gebelik Tanısı / Dr.Öğr.Üyesi Yağmur Minareci/Prof.Dr.Samet TOPUZ",SEMİYOLOJİ DİLİMİ / KADIN HASTALIKLARI VE DOĞUM AD.,FAKÜLTEMİZ WEB SİTESİ ÖĞRENCİ AĞI AMFİ PROGRAMINA BAKINIZ
Dönem 3A Grubu,24 Eylül 2025 Çarşamba,15:10,15:50,3-Kronik artritler / Prof.Dr. Bahar ARTIM ESEN (Prof.Dr. Murat İNANÇ),HAREKET II DİLİMİ / İÇ HASTALIKLARI AD.,FAKÜLTEMİZ WEB SİTESİ ÖĞRENCİ AĞI AMFİ PROGRAMINA BAKINIZ
Dönem 3A Grubu,25 Eylül 2025 Perşembe,08:30,09:10,SERBEST ÇALIŞMA,,
Dönem 3A Grubu,25 Eylül 2025 Perşembe,09:20,10:00,SERBEST ÇALIŞMA,,
Dönem 3A Grubu,25 Eylül 2025 Perşembe,10:10,10:50,SERBEST ÇALIŞMA,,
Dönem 3A Grubu,25 Eylül 2025 Perşembe,11:00,11:40,5-İnflamatuvar kas hastalıklarına yaklaşım ve kas muayenesi / Prof.Dr. Bahar ARTIM ESEN (Prof.Dr. Murat İNANÇ),HAREKET II DİLİMİ / İÇ HASTALIKLARI AD.,FAKÜLTEMİZ WEB SİTESİ ÖĞRENCİ AĞI AMFİ PROGRAMINA BAKINIZ
Dönem 3A Grubu,25 Eylül 2025 Perşembe,11:50,12:30,6-Romatizmal hastalıklarda eklem dışı belirti ve bulgular / Prof.Dr. Murat İNANÇ (Prof.Dr. Bahar ARTIM ESEN),HAREKET II DİLİMİ / İÇ HASTALIKLARI AD.,FAKÜLTEMİZ WEB SİTESİ ÖĞRENCİ AĞI AMFİ PROGRAMINA BAKINIZ
Dönem 3A Grubu,25 Eylül 2025 Perşembe,13:30,14:20,SERBEST ÇALIŞMA,,
Dönem 3A Grubu,25 Eylül 2025 Perşembe,14:30,15:10,SERBEST ÇALIŞMA,,
Dönem 3A Grubu,25 Eylül 2025 Perşembe,15:10,15:50,SERBEST ÇALIŞMA,,
Dönem 3A Grubu,26 Eylül 2025 Cuma,08:30,09:10,SERBEST ÇALIŞMA,,
Dönem 3A Grubu,26 Eylül 2025 Cuma,09:20,10:00,1-Cilt ve Yumuşak  doku enfeksiyonu etkeni bakteriler / Prof.Dr. Lütfiye ÖKSÜZ (Prof.Dr. Zerrin AKTAŞ),HAREKET II DİLİMİ / TIBBİ MİKROBİYOLOJİ AD.,FAKÜLTEMİZ WEB SİTESİ ÖĞRENCİ AĞI AMFİ PROGRAMINA BAKINIZ
Dönem 3A Grubu,26 Eylül 2025 Cuma,10:10,10:50,SERBEST ÇALIŞMA,,
Dönem 3A Grubu,26 Eylül 2025 Cuma,11:00,11:40,1-Ortopedik Hastada Anamnez ve İletişim / Prof.Dr.Ahmet SALDUZ,HAREKET II DİLİMİ / ORTOPEDİ VE TRAVMATOLOJİ AD.,FAKÜLTEMİZ WEB SİTESİ ÖĞRENCİ AĞI AMFİ PROGRAMINA BAKINIZ
Dönem 3A Grubu,26 Eylül 2025 Cuma,11:50,12.30,4-Sarkopeni / Prof.Dr.Bülent SAKA,HAREKET II DİLİMİ / İÇ HASTALIKLARI AD.,FAKÜLTEMİZ WEB SİTESİ ÖĞRENCİ AĞI AMFİ PROGRAMINA BAKINIZ
Dönem 3A Grubu,26 Eylül 2025 Cuma,14:00,14:50,1-Spor Yaralanmalarından Korunma / Prof.Dr. Bülent BAYRAKTAR (Prof.Dr. Gökhan METİN),HAREKET II DİLİMİ / SPOR HEKİMLİĞİ AD.,FAKÜLTEMİZ WEB SİTESİ ÖĞRENCİ AĞI AMFİ PROGRAMINA BAKINIZ
Dönem 3A Grubu,26 Eylül 2025 Cuma,15:00,15:40,2-Üst ekstremite Muayenesi / Prof.Dr.Ali ERŞEN/(Dr.Öğr.Üyesi Alper Ş.KENDİRCİ) ,HAREKET II DİLİMİ / ORTOPEDİ VE TRAVMATOLOJİ AD.,FAKÜLTEMİZ WEB SİTESİ ÖĞRENCİ AĞI AMFİ PROGRAMINA BAKINIZ
Dönem 3A Grubu,26 Eylül 2025 Cuma,15:50,16:30,SERBEST ÇALIŞMA,,
Dönem 3A Grubu,29 Eylül 2025 Pazartesi,08:30,09:10,7-Romatizmal hastalıklarda eklem dışı belirti ve bulgular 2 / Prof.Dr. Murat İNANÇ (Prof.Dr. Bahar ARTIM ESEN),HAREKET II DİLİMİ / İÇ HASTALIKLARI AD.,FAKÜLTEMİZ WEB SİTESİ ÖĞRENCİ AĞI AMFİ PROGRAMINA BAKINIZ
Dönem 3A Grubu,29 Eylül 2025 Pazartesi,09:20,10:00,3-Osteoartritli Hastaya Yaklaşım / Doç.Dr.Ekin İlke ŞEN (Prof.Dr. Ayşe YALIMAN),HAREKET II DİLİMİ / FİZİKSEL TIP VE REHABİLİTASYON AD.,FAKÜLTEMİZ WEB SİTESİ ÖĞRENCİ AĞI AMFİ PROGRAMINA BAKINIZ
Dönem 3A Grubu,29 Eylül 2025 Pazartesi,10:10,10:50,SERBEST ÇALIŞMA,,
Dönem 3A Grubu,29 Eylül 2025 Pazartesi,11:10,12:10,Öğretim üyesi Uygulama 3,HAREKET II DİLİMİ,FAKÜLTEMİZ WEB SİTESİ ÖĞRENCİ AĞI UYGULAMA PROGRAMI VE YERİNE BAKINIZ
Dönem 3A Grubu,29 Eylül 2025 Pazartesi,13:30,14:20,1-Ürolojik açıdan Genitoüriner sistem muayenesi /  Prof.Dr.Tayfun OKTAR,SEMİYOLOJİ DİLİMİ / ÜROLOJİ AD.,FAKÜLTEMİZ WEB SİTESİ ÖĞRENCİ AĞI AMFİ PROGRAMINA BAKINIZ
Dönem 3A+3B Grubu,29 Eylül 2025 Pazartesi,14:30,15:10,3-Verilerin özetlenmesi - sıklık dağılımları ve grafikler / Dr.Öğr.Üyesi Sevda ÖZEL YILDIZ(Dr.Başak GÜRTEKİN,DİKEY KORİDOR III (A) DİLİMİ / BİYOİSTATİSTİK AD.,FAKÜLTEMİZ WEB SİTESİ ÖĞRENCİ AĞI AMFİ PROGRAMINA BAKINIZ
Dönem 3A+3B Grubu,29 Eylül 2025 Pazartesi,15:20,16:00,4-Merkezi eğilim ölçütleri: Aritmetik ortalama - ortanca - tepe değeri - geometrik ortalama / Dr.Öğr.Üyesi Sevda ÖZEL YILDIZ(Dr.Başak GÜRTEKİN,DİKEY KORİDOR III (A) DİLİMİ / BİYOİSTATİSTİK AD.,FAKÜLTEMİZ WEB SİTESİ ÖĞRENCİ AĞI AMFİ PROGRAMINA BAKINIZ
Dönem 3A Grubu,30 Eylül 2025 Salı,08:30,09:10,1-Rehabilitasyonda Egzersiz / Prof.Dr. Ayşe Resa AYDIN (Prof.Dr. Ayşe YALIMAN),HAREKET II DİLİMİ / FİZİKSEL TIP VE REHABİLİTASYON AD.,FAKÜLTEMİZ WEB SİTESİ ÖĞRENCİ AĞI AMFİ PROGRAMINA BAKINIZ
Dönem 3A Grubu,30 Eylül 2025 Salı,09:20,10:00,2-Engellilik ve Evrensel Tasarım  / Prof.Dr. Ayşe Resa AYDIN (Prof.Dr. Ayşe YALIMAN),HAREKET II DİLİMİ / FİZİKSEL TIP VE REHABİLİTASYON AD.,FAKÜLTEMİZ WEB SİTESİ ÖĞRENCİ AĞI AMFİ PROGRAMINA BAKINIZ
Dönem 3A Grubu,30 Eylül 2025 Salı,10:10,10:50,8-İnflamatuar romatizmal hastalıklarda patogenez / Prof.Dr. Ahmet GÜL (Prof.Dr. Murat İNANÇ),HAREKET II DİLİMİ / İÇ HASTALIKLARI AD.,FAKÜLTEMİZ WEB SİTESİ ÖĞRENCİ AĞI AMFİ PROGRAMINA BAKINIZ
Dönem 3A Grubu,30 Eylül 2025 Salı,11:00,11:40,9-Fibromiyalji ve ilişkili sendromlar / Doç.Dr. Yasemin YALÇINKAYA (Prof.Dr. Ahmet GÜL),HAREKET II DİLİMİ / İÇ HASTALIKLARI AD.,FAKÜLTEMİZ WEB SİTESİ ÖĞRENCİ AĞI AMFİ PROGRAMINA BAKINIZ
Dönem 3A Grubu,30 Eylül 2025 Salı,11:50,12:30,10-İnfeksiyonla ilişikli romatizmal hastalıklar / Prof.Dr. Ahmet GÜL (Doç.Dr. Yasemin ŞAHİNKAYA),HAREKET II DİLİMİ / İÇ HASTALIKLARI AD.,FAKÜLTEMİZ WEB SİTESİ ÖĞRENCİ AĞI AMFİ PROGRAMINA BAKINIZ
Dönem 3A Grubu,30 Eylül 2025 Salı,13:30,14:20,SERBEST ÇALIŞMA,,FAKÜLTEMİZ WEB SİTESİ ÖĞRENCİ AĞI UYGULAMA PROGRAMI VE YERİNE BAKINIZ
Dönem 3A Grubu,30 Eylül 2025 Salı,14:30,16:20,SERBEST ÇALIŞMA,,
Dönem 3A Grubu,1 Ekim 2025 Çarşamba,08:30,09:10,11-Akut romatizmal ateş / Prof.Dr. Ahmet GÜL (Doç.Dr. Yasemin YALÇINKAYA),HAREKET II DİLİMİ / İÇ HASTALIKLARI AD.,FAKÜLTEMİZ WEB SİTESİ ÖĞRENCİ AĞI AMFİ PROGRAMINA BAKINIZ
Dönem 3A Grubu,1 Ekim 2025 Çarşamba,09:20,10:00,3-Alt ekstremite Muayenesi / Prof.Dr. Mehmet AŞIK (Dr.Öğr.Üyesi Taha KIZILKURT),HAREKET II DİLİMİ / ORTOPEDİ VE TRAVMATOLOJİ AD.,FAKÜLTEMİZ WEB SİTESİ ÖĞRENCİ AĞI AMFİ PROGRAMINA BAKINIZ
Dönem 3A Grubu,1 Ekim 2025 Çarşamba,10:10,10:50,4-Aksiyel İskelet Muayenesi/Prof.Dr.Turgut AKGÜL/(Dr.Öğr.Üyesi Murat KORKMAZ),HAREKET II DİLİMİ / ORTOPEDİ VE TRAVMATOLOJİ AD.,FAKÜLTEMİZ WEB SİTESİ ÖĞRENCİ AĞI AMFİ PROGRAMINA BAKINIZ
Dönem 3A Grubu,1 Ekim 2025 Çarşamba,11:10,12:10,Öğretim üyesi Uygulama 4,HAREKET II DİLİMİ,FAKÜLTEMİZ WEB SİTESİ ÖĞRENCİ AĞI UYGULAMA PROGRAMI VE YERİNE BAKINIZ
Dönem 3A Grubu,1 Ekim 2025 Çarşamba,13:30,14:10,Seçmeli Dersler - 1,,FAKÜLTEMİZ WEB SİTESİ ÖĞRENCİ AĞI SEÇMELİ DERS AMFİ PROGRAMINA BAKINIZ
Dönem 3A Grubu,1 Ekim 2025 Çarşamba,14:20,15:00,Seçmeli Dersler - 1,,FAKÜLTEMİZ WEB SİTESİ ÖĞRENCİ AĞI SEÇMELİ DERS AMFİ PROGRAMINA BAKINIZ
Dönem 3A Grubu,1 Ekim 2025 Çarşamba,15:10,15:50,Seçmeli Dersler - 1,,FAKÜLTEMİZ WEB SİTESİ ÖĞRENCİ AĞI SEÇMELİ DERS AMFİ PROGRAMINA BAKINIZ
Dönem 3A Grubu,2 Ekim 2025 Perşembe,08:30,09:10,1-Hareket sistemi fizyolojisi / Prof.Dr. Tamer DEMİRALP (Prof.Dr. F. Aytül Uyar),HAREKET II DİLİMİ / FİZYOLOJİ AD.,FAKÜLTEMİZ WEB SİTESİ ÖĞRENCİ AĞI AMFİ PROGRAMINA BAKINIZ
Dönem 3A Grubu,2 Ekim 2025 Perşembe,09:20,10:00,4-Nörolojik Rehabilitasyon Yaklaşımı / Prof.Dr. Ayşe YALIMAN (Doç. Dr. Ekin İlke ŞEN),HAREKET II DİLİMİ / FİZİKSEL TIP VE REHABİLİTASYON AD.,FAKÜLTEMİZ WEB SİTESİ ÖĞRENCİ AĞI AMFİ PROGRAMINA BAKINIZ
Dönem 3A Grubu,2 Ekim 2025 Perşembe,10:10,10:50,5-Ortopedik Hastaya Direkt Radyografi ve Görüntüleme /Prof.Dr.Halil İ.BALCI/(Dr.Öğr.Üyesi Ömer AYIK),HAREKET II DİLİMİ / ORTOPEDİ VE TRAVMATOLOJİ AD.,FAKÜLTEMİZ WEB SİTESİ ÖĞRENCİ AĞI AMFİ PROGRAMINA BAKINIZ
Dönem 3A Grubu,2 Ekim 2025 Perşembe,11:00,11:40,3-Yumuşak doku tümörleri / Prof.Dr. Bilge BİLGİÇ ( Doç.Dr. Gökçen ÜNVERENGİL),HAREKET II DİLİMİ / TIBBİ PATOLOJİ AD.,FAKÜLTEMİZ WEB SİTESİ ÖĞRENCİ AĞI AMFİ PROGRAMINA BAKINIZ
Dönem 3A Grubu,2 Ekim 2025 Perşembe,11:50,12:30,6-Politravmaya Hastaya ortopedik yaklaşım /Prof.Dr.Cengiz ŞEN/Dr.Öğr.Üyesi Serkan BAYRAM),HAREKET II DİLİMİ / ORTOPEDİ VE TRAVMATOLOJİ AD.,FAKÜLTEMİZ WEB SİTESİ ÖĞRENCİ AĞI AMFİ PROGRAMINA BAKINIZ
Dönem 3A Grubu,2 Ekim 2025 Perşembe,13:30,14:20,Hasta Başı Uygulama-1 A Grubu (İç H.) B Grubu (ÇSvH),SEMİYOLOJİ DİLİMİ,FAKÜLTEMİZ WEB SİTESİ ÖĞRENCİ AĞI UYGULAMA PROGRAMI VE YERİNE BAKINIZ
Dönem 3A Grubu,2 Ekim 2025 Perşembe,14:30,15:10,2-Kemiğin metabolik hastalıkları / Doç.Dr. Gökçen ÜNVERENGİL /Prof.Dr. Bilge BİLGİÇ ,HAREKET II DİLİMİ / TIBBİ PATOLOJİ AD.,FAKÜLTEMİZ WEB SİTESİ ÖĞRENCİ AĞI AMFİ PROGRAMINA BAKINIZ
Dönem 3A Grubu,2 Ekim 2025 Perşembe,15:20,16:00,SERBEST ÇALIŞMA,,
Dönem 3A Grubu,3 Ekim 2025 Cuma,08:30,09:10,SERBEST ÇALIŞMA,,
Dönem 3A Grubu,3 Ekim 2025 Cuma,09:20,10:00,2-Enfeksiyon hastalıklarına karşı koruyucu mekanizmalar / Prof.Dr. Serap ŞİMŞEK YAVUZ (Prof.Dr.Halit ÖZSÜT),SEMİYOLOJİ DİLİMİ / ENFEKSİYON HASTALIKLARI VE KLİNİK MİKROBİYOLOJİ AD.,FAKÜLTEMİZ WEB SİTESİ ÖĞRENCİ AĞI AMFİ PROGRAMINA BAKINIZ
Dönem 3A Grubu,3 Ekim 2025 Cuma,10:10,10:50,SERBEST ÇALIŞMA,,
Dönem 3A Grubu,3 Ekim 2025 Cuma,11:00,11:40,7-Çocuk Hastalarda Ortopedik Yaklaşım / Prof.Dr. Fuat BİLGİLİ (Dr.Öğr.Üyesi Mehmet DEMİREL),HAREKET II DİLİMİ / ORTOPEDİ VE TRAVMATOLOJİ AD.,FAKÜLTEMİZ WEB SİTESİ ÖĞRENCİ AĞI AMFİ PROGRAMINA BAKINIZ
Dönem 3A Grubu,3 Ekim 2025 Cuma,14:00,14:50,Hasta Başı Uygulama-1 A Grubu (ÇSvH) B Grubu (İç H.),SEMİYOLOJİ DİLİMİ,FAKÜLTEMİZ WEB SİTESİ ÖĞRENCİ AĞI UYGULAMA PROGRAMI VE YERİNE BAKINIZ
Dönem 3A Grubu,3 Ekim 2025 Cuma,15:00,15:40,SERBEST ÇALIŞMA,,
Dönem 3A Grubu,3 Ekim 2025 Cuma,15:50,16:30,SERBEST ÇALIŞMA,,
Dönem 3A Grubu,6 Ekim 2025 Pazartesi,08:30,09:10,SERBEST ÇALIŞMA,,
Dönem 3A Grubu,6 Ekim 2025 Pazartesi,09:20,10:00,2-Konjental konnektif doku hastalıkları / Prof.Dr. Kıvanç ÇEFLE (Dr.Öğr.Üyesi Tuğba KALAYC),HAREKET II DİLİMİ / TIBBİ GENETİK AD.,FAKÜLTEMİZ WEB SİTESİ ÖĞRENCİ AĞI AMFİ PROGRAMINA BAKINIZ
Dönem 3A Grubu,6 Ekim 2025 Pazartesi,10:10,10:50,5-Kas İskelet Ağrısında Tedavi / Prof.Dr. Ayşe KARAN ((Doç. Dr.Ekin İlke ŞEN),HAREKET II DİLİMİ / FİZİKSEL TIP VE REHABİLİTASYON AD.,FAKÜLTEMİZ WEB SİTESİ ÖĞRENCİ AĞI AMFİ PROGRAMINA BAKINIZ
Dönem 3A Grubu,6 Ekim 2025 Pazartesi,11:10,12:10,Öğretim üyesi Uygulama 5,HAREKET II DİLİMİ,FAKÜLTEMİZ WEB SİTESİ ÖĞRENCİ AĞI UYGULAMA PROGRAMI VE YERİNE BAKINIZ
Dönem 3A Grubu,6 Ekim 2025 Pazartesi,13:30,14:20,Hasta Başı Uygulama-2 A Grubu (İç H.) B Grubu (ÇSvH),SEMİYOLOJİ DİLİMİ,FAKÜLTEMİZ WEB SİTESİ ÖĞRENCİ AĞI UYGULAMA PROGRAMI VE YERİNE BAKINIZ
Dönem 3A+3B Grubu,6 Ekim 2025 Pazartesi,14:30,15:10,5-Değişkenlik kavramı - Değişkenlik ölçüleri: Varyans - standart sapma - Değişim katsayısı - çeyrek sapma / Dr.Öğr.Üyesi Sevda ÖZEL YILDIZ /(Dr.Başak GÜRTEKİN)A + B Grubu Ortak,DİKEY KORİDOR III (A) DİLİMİ / BİYOİSTATİSTİK AD.,FAKÜLTEMİZ WEB SİTESİ ÖĞRENCİ AĞI AMFİ PROGRAMINA BAKINIZ
Dönem 3A+3B Grubu,6 Ekim 2025 Pazartesi,15:20,16:00,6-Olasılık - temel kurallar - tıpta uygulamaları / Dr.Öğr.Üyesi Sevda ÖZEL YILDIZ/(Dr.Başak GÜRTEKİN A + B Grubu Ortak,DİKEY KORİDOR III (A) DİLİMİ / BİYOİSTATİSTİK AD.,FAKÜLTEMİZ WEB SİTESİ ÖĞRENCİ AĞI AMFİ PROGRAMINA BAKINIZ
Dönem 3A Grubu,7 Ekim 2025 Salı,08:30,09:10,SERBEST ÇALIŞMA,,
Dönem 3A Grubu,7 Ekim 2025 Salı,09:20,10:00,SERBEST ÇALIŞMA,,
Dönem 3A Grubu,7 Ekim 2025 Salı,10:10,10:50,SERBEST ÇALIŞMA,,
Dönem 3A Grubu,7 Ekim 2025 Salı,11:00,11:40,SERBEST ÇALIŞMA,,
Dönem 3A Grubu,7 Ekim 2025 Salı,11:50,12:30,SERBEST ÇALIŞMA,,
Dönem 3A Grubu,7 Ekim 2025 Salı,13:30,14:20,Hasta Başı Uygulama-2 A Grubu (ÇSvH) B Grubu (İç H.),SEMİYOLOJİ DİLİMİ,FAKÜLTEMİZ WEB SİTESİ ÖĞRENCİ AĞI UYGULAMA PROGRAMI VE YERİNE BAKINIZ
Dönem 3A Grubu,7 Ekim 2025 Salı,14:30,16:20,Uygulama (Patoloji / Mikrobiyoloji),SEMİYOLOJİ DİLİMİ,FAKÜLTEMİZ WEB SİTESİ ÖĞRENCİ AĞI UYGULAMA PROGRAMI VE YERİNE BAKINIZ
Dönem 3A Grubu,8 Ekim 2025 Çarşamba,08:30,09:10,6-Yumuşak Doku Hastalıklarına Yaklaşım / Prof.Dr. Ayşe KARAN (Dr.Öğr.Üyesi Fatma Merih AKPINAR),HAREKET II DİLİMİ / FİZİKSEL TIP VE REHABİLİTASYON AD.,FAKÜLTEMİZ WEB SİTESİ ÖĞRENCİ AĞI AMFİ PROGRAMINA BAKINIZ
Dönem 3A Grubu,8 Ekim 2025 Çarşamba,09:20,10:00,7-Kemik Sağlığı Koruma ve Rehabilitasyonu / Dr.Öğr.Üyesi Fatma Merih AKPINAR(Prof.Dr.Sina ARMAN),HAREKET II DİLİMİ / FİZİKSEL TIP VE REHABİLİTASYON AD.,FAKÜLTEMİZ WEB SİTESİ ÖĞRENCİ AĞI AMFİ PROGRAMINA BAKINIZ
Dönem 3A Grubu,8 Ekim 2025 Çarşamba,10:10,10:50,8-inflamatuar eklem hastalıklarına yaklaşım / Prof. Dr. Ayşe KARAN (Doç.Dr. Ekin İlke ŞEN),HAREKET II DİLİMİ / FİZİKSEL TIP VE REHABİLİTASYON AD.,FAKÜLTEMİZ WEB SİTESİ ÖĞRENCİ AĞI AMFİ PROGRAMINA BAKINIZ
Dönem 3A Grubu,8 Ekim 2025 Çarşamba,11:10,12:10,Öğretim üyesi Uygulama 6,HAREKET II DİLİMİ,FAKÜLTEMİZ WEB SİTESİ ÖĞRENCİ AĞI UYGULAMA PROGRAMI VE YERİNE BAKINIZ
Dönem 3A Grubu,8 Ekim 2025 Çarşamba,13:30,14:10,Seçmeli Dersler - 2,,FAKÜLTEMİZ WEB SİTESİ ÖĞRENCİ AĞI SEÇMELİ DERS AMFİ PROGRAMINA BAKINIZ
Dönem 3A Grubu,8 Ekim 2025 Çarşamba,14:20,15:00,Seçmeli Dersler - 2,,FAKÜLTEMİZ WEB SİTESİ ÖĞRENCİ AĞI SEÇMELİ DERS AMFİ PROGRAMINA BAKINIZ
Dönem 3A Grubu,8 Ekim 2025 Çarşamba,15:10,15:50,Seçmeli Dersler - 2,,FAKÜLTEMİZ WEB SİTESİ ÖĞRENCİ AĞI SEÇMELİ DERS AMFİ PROGRAMINA BAKINIZ
Dönem 3A Grubu,9 Ekim 2025 Perşembe,08:30,09:10,SERBEST ÇALIŞMA,,
Dönem 3A Grubu,9 Ekim 2025 Perşembe,09:20,10:00,SERBEST ÇALIŞMA,,
Dönem 3A Grubu,9 Ekim 2025 Perşembe,10:10,10:50,SERBEST ÇALIŞMA,,
Dönem 3A Grubu,9 Ekim 2025 Perşembe,11:00,11:40,1-Eikozanoidler - ağrı - antipiretik - analjezik ve antiinflamatuar droglar-I / Prof.Dr. Ali Osman GÜROL ,HAREKET II DİLİMİ / TIBBİ FARMAKOLOJİ AD.,FAKÜLTEMİZ WEB SİTESİ ÖĞRENCİ AĞI AMFİ PROGRAMINA BAKINIZ
Dönem 3A Grubu,9 Ekim 2025 Perşembe,11:50,12:30,2-Eikozanoidler - ağrı - antipiretik - analjezik ve antiinflamatuar droglar-II /  Prof.Dr. Ali Osman GÜROL ,HAREKET II DİLİMİ / TIBBİ FARMAKOLOJİ AD.,FAKÜLTEMİZ WEB SİTESİ ÖĞRENCİ AĞI AMFİ PROGRAMINA BAKINIZ
Dönem 3A Grubu,9 Ekim 2025 Perşembe,13:30,14:20,Hasta Başı Uygulama-3 A Grubu (İç H.) B Grubu (ÇSvH),SEMİYOLOJİ DİLİMİ,FAKÜLTEMİZ WEB SİTESİ ÖĞRENCİ AĞI UYGULAMA PROGRAMI VE YERİNE BAKINIZ
Dönem 3A Grubu,9 Ekim 2025 Perşembe,14:30,16:20,Uygulama (Patoloji / Mikrobiyoloji),SEMİYOLOJİ DİLİMİ,FAKÜLTEMİZ WEB SİTESİ ÖĞRENCİ AĞI UYGULAMA PROGRAMI VE YERİNE BAKINIZ
Dönem 3A Grubu,10 Ekim 2025 Cuma,08:30,09:10,12-Vaskülitli hastaya yaklaşım / Prof.Dr. Ahmet GÜL (Prof.Dr. Murat İNANÇ),HAREKET II DİLİMİ / İÇ HASTALIKLARI AD.,FAKÜLTEMİZ WEB SİTESİ ÖĞRENCİ AĞI AMFİ PROGRAMINA BAKINIZ
Dönem 3A Grubu,10 Ekim 2025 Cuma,09:20,10:00,1-Hareket sistemi hastalıklarında radyolojik değerlendirme / Prof. Dr. Menduh DURSUN (Doç. Dr. Ravza YILMAZ),HAREKET II DİLİMİ / RADYOLOJİ AD.,FAKÜLTEMİZ WEB SİTESİ ÖĞRENCİ AĞI AMFİ PROGRAMINA BAKINIZ
Dönem 3A Grubu,10 Ekim 2025 Cuma,10:10,10:50,4-Kemik tümörleri /Prof.Dr. Bilge BİLGİÇ ( Doç.Dr. Gökçen ÜNVERENGİL),HAREKET II DİLİMİ / TIBBİ PATOLOJİ AD.,FAKÜLTEMİZ WEB SİTESİ ÖĞRENCİ AĞI AMFİ PROGRAMINA BAKINIZ
Dönem 3A Grubu,10 Ekim 2025 Cuma,11:00,11:40,2-AEROBİK VE ANAEROBİK Antrenman Programları / Dr. Öğr.Üyesi Sertaç YAKAL (Dr. Öğr.üyesi Şensu DİNÇER),HAREKET II DİLİMİ / SPOR HEKİMLİĞİ AD.,FAKÜLTEMİZ WEB SİTESİ ÖĞRENCİ AĞI AMFİ PROGRAMINA BAKINIZ
Dönem 3A Grubu,10 Ekim 2025 Cuma,11:50,12:30,SERBEST ÇALIŞMA,,
Dönem 3A Grubu,10 Ekim 2025 Cuma,14:00,14:50,Hasta Başı Uygulama- 3 A Grubu (ÇSvH) B Grubu (İç H.),SEMİYOLOJİ DİLİMİ,FAKÜLTEMİZ WEB SİTESİ ÖĞRENCİ AĞI UYGULAMA PROGRAMI VE YERİNE BAKINIZ
Dönem 3A Grubu,10 Ekim 2025 Cuma,15:00,15:40,SERBEST ÇALIŞMA,,
Dönem 3A Grubu,10 Ekim 2025 Cuma,15:50,16:30,SERBEST ÇALIŞMA,,
Dönem 3A Grubu,13 Ekim 2025 Pazartesi,08:30,10:00,ENTEGRE OTURUM Hareket Sistemi Hastalıklarından Korunma ve Aciller -1/ Prof.Dr. Bülent BAYRAKTAR (Prof.Dr. Gökhan METİN) /Prof.Dr. Demirhan DIRAÇOĞLU   /Dr.Öğr.Üyesi Alper Şükrü KENDİRCİ( Doç. Dr. Ömer Naci ERGİN ) ) -(İngilizce Tıp ile ortak ders) ,HAREKET II DİLİMİ / SPOR HEKİMLİĞİ AD./FİZİKSEL TIP /ORTOPEDİ AD.,
Dönem 3A Grubu,13 Ekim 2025 Pazartesi,10:10,10:50,1-Kas iskelet sistemi infeksiyon hastalıklarının mikrobiyolojik değerlendirmesi / Prof.Dr. Halit ÖZSÜT (Prof.Dr. Arif Atahan ÇAĞATAY),HAREKET II DİLİMİ / ENFEKSİYON HASTALIKLARI VE KLİNİK MİKROBİYOLOJİ AD.,FAKÜLTEMİZ WEB SİTESİ ÖĞRENCİ AĞI AMFİ PROGRAMINA BAKINIZ
Dönem 3A Grubu,13 Ekim 2025 Pazartesi,11:10,12:10,Öğretim üyesi Uygulama 7,HAREKET II DİLİMİ,FAKÜLTEMİZ WEB SİTESİ ÖĞRENCİ AĞI UYGULAMA PROGRAMI VE YERİNE BAKINIZ
Dönem 3A Grubu,13 Ekim 2025 Pazartesi,13:30,14:20,Hasta Başı Uygulama-4 A Grubu (İç H.) B Grubu (ÇSvH),SEMİYOLOJİ DİLİMİ,FAKÜLTEMİZ WEB SİTESİ ÖĞRENCİ AĞI UYGULAMA PROGRAMI VE YERİNE BAKINIZ
Dönem 3A+3B Grubu,13 Ekim 2025 Pazartesi,14:30,15:10,7-Kuramsal dağılımlar: Binom dağılımı - Poisson dağılımı - vb. / Dr.Öğr.Üyesi Sevda ÖZEL YILDIZ/(Dr.Başak GÜRTEKİN),DİKEY KORİDOR III (A) DİLİMİ / BİYOİSTATİSTİK AD.,FAKÜLTEMİZ WEB SİTESİ ÖĞRENCİ AĞI AMFİ PROGRAMINA BAKINIZ
Dönem 3A+3B Grubu,13 Ekim 2025 Pazartesi,15:20,16:00,8-Normal dağılım - Standart normal dağılım / Dr.Öğr.Üyesi Sevda ÖZEL YILDIZ/(Dr.Başak GÜRTEKİN),DİKEY KORİDOR III (A) DİLİMİ / BİYOİSTATİSTİK AD.,FAKÜLTEMİZ WEB SİTESİ ÖĞRENCİ AĞI AMFİ PROGRAMINA BAKINIZ
Dönem 3A Grubu,14 Ekim 2025 Salı,08:30,09:10,SERBEST ÇALIŞMA,,
Dönem 3A Grubu,14 Ekim 2025 Salı,09:20,10:00,SERBEST ÇALIŞMA,,
Dönem 3A Grubu,14 Ekim 2025 Salı,10:10,10:50,SERBEST ÇALIŞMA,,
Dönem 3A Grubu,14 Ekim 2025 Salı,11:00,11:40,3-Egzersiz Testleri / Prof.Dr. Gökhan METİN (Dr.Öğr.Üyesi  Sertaç YAKAL),HAREKET II DİLİMİ / SPOR HEKİMLİĞİ AD.,FAKÜLTEMİZ WEB SİTESİ ÖĞRENCİ AĞI AMFİ PROGRAMINA BAKINIZ
Dönem 3A Grubu,14 Ekim 2025 Salı,11:50,12:30,8-Ortopedik Enfeksiyonları  acillere Yaklaşım / Prof.Dr.Gökhan POLAT (Doç.Dr. Yavuz SAĞLAM),HAREKET II DİLİMİ / ORTOPEDİ VE TRAVMATOLOJİ AD.,FAKÜLTEMİZ WEB SİTESİ ÖĞRENCİ AĞI AMFİ PROGRAMINA BAKINIZ
Dönem 3A Grubu,14 Ekim 2025 Salı,13:30,14:20,Hasta Başı Uygulama-4 A Grubu (ÇSvH) B Grubu (İç H.),SEMİYOLOJİ DİLİMİ,FAKÜLTEMİZ WEB SİTESİ ÖĞRENCİ AĞI UYGULAMA PROGRAMI VE YERİNE BAKINIZ
Dönem 3A Grubu,14 Ekim 2025 Salı,14:30,16:20,Uygulama (Patoloji / Mikrobiyoloji),SEMİYOLOJİ DİLİMİ,FAKÜLTEMİZ WEB SİTESİ ÖĞRENCİ AĞI SEÇMELİ DERS AMFİ PROGRAMINA BAKINIZ
Dönem 3A Grubu,15 Ekim 2025 Çarşamba,08:30,09:10,SERBEST ÇALIŞMA,,
Dönem 3A Grubu,15 Ekim 2025 Çarşamba,09:20,10:00,13-Romatizmal hastalıklarda laboratuvar / Prof.Dr. Bahar ARTIM ESEN (Prof.Dr. Murat İNANÇ),HAREKET II DİLİMİ / İÇ HASTALIKLARI AD.,FAKÜLTEMİZ WEB SİTESİ ÖĞRENCİ AĞI AMFİ PROGRAMINA BAKINIZ
Dönem 3A Grubu,15 Ekim 2025 Çarşamba,10:10,10:50,1-Hareketin nörolojik temelleri / Doç.Dr.Dr.Nermin Görkem ŞİRİN İNAN,HAREKET II DİLİMİ / NÖROLOJİ AD.,FAKÜLTEMİZ WEB SİTESİ ÖĞRENCİ AĞI AMFİ PROGRAMINA BAKINIZ
Dönem 3A Grubu,15 Ekim 2025 Çarşamba,11:10,12:10,Öğretim üyesi Uygulama 8,HAREKET II DİLİMİ,FAKÜLTEMİZ WEB SİTESİ ÖĞRENCİ AĞI UYGULAMA PROGRAMI VE YERİNE BAKINIZ
Dönem 3A Grubu,15 Ekim 2025 Çarşamba,13:30,14:10,Seçmeli Dersler - 3,,FAKÜLTEMİZ WEB SİTESİ ÖĞRENCİ AĞI SEÇMELİ DERS AMFİ PROGRAMINA BAKINIZ
Dönem 3A Grubu,15 Ekim 2025 Çarşamba,14:20,15:00,Seçmeli Dersler - 3,,FAKÜLTEMİZ WEB SİTESİ ÖĞRENCİ AĞI SEÇMELİ DERS AMFİ PROGRAMINA BAKINIZ
Dönem 3A Grubu,15 Ekim 2025 Çarşamba,15:10,15:50,Seçmeli Dersler - 3,,FAKÜLTEMİZ WEB SİTESİ ÖĞRENCİ AĞI SEÇMELİ DERS AMFİ PROGRAMINA BAKINIZ
Dönem 3A Grubu,16 Ekim 2025 Perşembe,08:30,10:00,ENTEGRE OTURUM - Hareket Sistemi Hastalıklarından Korunma ve Aciller -2 Prof.Dr. Gökhan METİN/Dr.Öğr.Üyesi Alper Şükrü KENDİRCİ-( Doç. Dr. Ömer Naci ERGİN) -Prof.Dr.Demirhan DIRAÇOĞLU (İngilizce Tıp ile ortak ders)  ,HAREKET II DİLİMİ / SPOR HEKİMLİĞİ AD. /FİZİKSEL TIP AD. /ORTOPEDİ AD.,FAKÜLTEMİZ WEB SİTESİ ÖĞRENCİ AĞI AMFİ PROGRAMINA BAKINIZ
Dönem 3A Grubu,16 Ekim 2025 Perşembe,11:00,11:40,ÖLÇME DEĞERLENDİRME BİLGİLENDİRME TOPLANTISI (İngilizce Tıp ile ortak ders) ,,
Dönem 3A Grubu,16 Ekim 2025 Perşembe,11:50,12:30,1-Hareket Sistemi Hastalıklarında Kullanılan Hidroklimatolojik Ajanlar ve Yöntemler / Prof.Dr. Mine KARAGÜLLE /Prof.Dr.Arif DÖNMEZ,HAREKET II DİLİMİ / TIBBİ EKOLOJİ VE HİDROKLİMATOLOJİ AD.,FAKÜLTEMİZ WEB SİTESİ ÖĞRENCİ AĞI AMFİ PROGRAMINA BAKINIZ
Dönem 3A Grubu,16 Ekim 2025 Perşembe,13:30,14:20,Hasta Başı Uygulama-5 A Grubu (İç H.) B Grubu (ÇSvH),SEMİYOLOJİ DİLİMİ,FAKÜLTEMİZ WEB SİTESİ ÖĞRENCİ AĞI UYGULAMA PROGRAMI VE YERİNE BAKINIZ
Dönem 3A Grubu,16 Ekim 2025 Perşembe,14:30,16:20,Uygulama (Patoloji / Mikrobiyoloji),SEMİYOLOJİ DİLİMİ,FAKÜLTEMİZ WEB SİTESİ ÖĞRENCİ AĞI UYGULAMA PROGRAMI VE YERİNE BAKINIZ
Dönem 3A Grubu,17 Ekim 2025 Cuma,08:30,09:10,SERBEST ÇALIŞMA,,
Dönem 3A Grubu,17 Ekim 2025 Cuma,09:20,10:00,SERBEST ÇALIŞMA,,
Dönem 3A Grubu,17 Ekim 2025 Cuma,10:10,10:50,Öğretim Üyesi uygulama ( A5 çocuk sağlığı ),,
Dönem 3A Grubu,17 Ekim 2025 Cuma,11:00,11:40,Çocuklarda hareket sistemi hastalıkları / Prof.Dr.Nuray AKTAY AYAZ(Prof.Dr.İsmail YILDIZ),HAREKET II DİLİMİ,FAKÜLTEMİZ WEB SİTESİ ÖĞRENCİ AĞI SEÇMELİ DERS AMFİ PROGRAMINA BAKINIZ
Dönem 3A Grubu,17 Ekim 2025 Cuma,14:00,14:50,Hasta Başı Uygulama-5 A Grubu (ÇSvH) B Grubu (İç H.),SEMİYOLOJİ DİLİMİ,FAKÜLTEMİZ WEB SİTESİ ÖĞRENCİ AĞI UYGULAMA PROGRAMI VE YERİNE BAKINIZ
Dönem 3A Grubu,17 Ekim 2025 Cuma,15:00,15:40,SERBEST ÇALIŞMA,,
Dönem 3A Grubu,17 Ekim 2025 Cuma,15:50,16:30,SERBEST ÇALIŞMA,,
Dönem 3A Grubu,20 Ekim 2025 Pazartesi,11:10,12:10,Öğretim üyesi Uygulama 1,KAN-LENFOİD II DİLİMİ,FAKÜLTEMİZ WEB SİTESİ ÖĞRENCİ AĞI UYGULAMA PROGRAMI VE YERİNE BAKINIZ
Dönem 3A Grubu,20 Ekim 2025 Pazartesi,13:30,14:20,Hasta Başı Uygulama-6 A Grubu (İç H.) B Grubu (ÇSvH),SEMİYOLOJİ DİLİMİ,FAKÜLTEMİZ WEB SİTESİ ÖĞRENCİ AĞI UYGULAMA PROGRAMI VE YERİNE BAKINIZ
Dönem 3A Grubu,20 Ekim 2025 Pazartesi,15:00,16:00,Öğretim üyesi Uygulama 1 ,KAN-LENFOİD II DİLİMİ,FAKÜLTEMİZ WEB SİTESİ ÖĞRENCİ AĞI UYGULAMA PROGRAMI VE YERİNE BAKINIZ
Dönem 3A Grubu,21 Ekim 2025 Salı,08:30,09:10,9-Örnekleme ve Kuramsal örnekleme dağılımı / Dr.Öğr.Üyesi Sevda ÖZEL YILDIZ/(Dr.Başak GÜRTEKİN) A + B Grubu Ortak,DİKEY KORİDOR III (A) DİLİMİ / BİYOİSTATİSTİK AD.,FAKÜLTEMİZ WEB SİTESİ ÖĞRENCİ AĞI AMFİ PROGRAMINA BAKINIZ
Dönem 3A+3B Grubu,21 Ekim 2025 Salı,09:20,10:00,SERBEST ÇALIŞMA,,
Dönem 3A Grubu,21 Ekim 2025 Salı,10:10,10:50,SERBEST ÇALIŞMA,,
Dönem 3A Grubu,21 Ekim 2025 Salı,11:00,11:40,SERBEST ÇALIŞMA,,
Dönem 3A Grubu,21 Ekim 2025 Salı,11:50,12:30,1-Kan ve lenfoid sistem embriyolojisi ve histolojisi / Doç.Dr. Tuğba KOTİL (Dr.Öğr.Üyesi Tuğba EKİZ YILMAZ),KAN-LENFOİD II DİLİMİ / HİSTOLOJİ VE EMBİRİYOLOJİ AD.,FAKÜLTEMİZ WEB SİTESİ ÖĞRENCİ AĞI AMFİ PROGRAMINA BAKINIZ
Dönem 3A Grubu,21 Ekim 2025 Salı,13:30,14:20,Hasta Başı Uygulama-6 A Grubu (ÇSvH)B Grubu (İç H.) ,SEMİYOLOJİ DİLİMİ,FAKÜLTEMİZ WEB SİTESİ ÖĞRENCİ AĞI UYGULAMA PROGRAMI VE YERİNE BAKINIZ
Dönem 3A Grubu,21 Ekim 2025 Salı,14:30,16:20,Uygulama (Patoloji / Mikrobiyoloji),SEMİYOLOJİ DİLİMİ,FAKÜLTEMİZ WEB SİTESİ ÖĞRENCİ AĞI UYGULAMA PROGRAMI VE YERİNE BAKINIZ
Dönem 3A Grubu,22 Ekim 2025 Çarşamba,08:30,09:10,SERBEST ÇALIŞMA,,FAKÜLTEMİZ WEB SİTESİ ÖĞRENCİ AĞI AMFİ PROGRAMINA BAKINIZ
Dönem 3A Grubu,22 Ekim 2025 Çarşamba,09:20,10:00,1-Lenf gangliyonu hastalıkları / Prof.Dr. Gülçin YEGEN / (Dr.Öğr.Üyesi Ali Yılmaz ALTAY),KAN-LENFOİD II DİLİMİ / TIBBİ PATOLOJİ AD.,FAKÜLTEMİZ WEB SİTESİ ÖĞRENCİ AĞI AMFİ PROGRAMINA BAKINIZ
Dönem 3A Grubu,22 Ekim 2025 Çarşamba,10:10,10:50,2-Hodgkin lenfoma /  Prof.Dr. Gülçin YEGEN / (Dr.Öğr.Üyesi Ali Yılmaz ALTAY),KAN-LENFOİD II DİLİMİ / TIBBİ PATOLOJİ AD.,FAKÜLTEMİZ WEB SİTESİ ÖĞRENCİ AĞI AMFİ PROGRAMINA BAKINIZ
Dönem 3A Grubu,22 Ekim 2025 Çarşamba,11:10,12:10,Öğretim üyesi Uygulama 2,KAN-LENFOİD II DİLİMİ,FAKÜLTEMİZ WEB SİTESİ ÖĞRENCİ AĞI SEÇMELİ DERS AMFİ PROGRAMINA BAKINIZ
Dönem 3A Grubu,22 Ekim 2025 Çarşamba,13:30,14:10,Seçmeli Dersler - 4,,
Dönem 3A Grubu,22 Ekim 2025 Çarşamba,14:20,15:00,Seçmeli Dersler - 4,,FAKÜLTEMİZ WEB SİTESİ ÖĞRENCİ AĞI SEÇMELİ DERS AMFİ PROGRAMINA BAKINIZ
Dönem 3A Grubu,22 Ekim 2025 Çarşamba,15:10,15:50,Seçmeli Dersler - 4,,FAKÜLTEMİZ WEB SİTESİ ÖĞRENCİ AĞI SEÇMELİ DERS AMFİ PROGRAMINA BAKINIZ
Dönem 3A Grubu,23 Ekim 2025 Perşembe,08:30,09:10,1-Kan sayımı raporları / Prof. Dr. Pervin VURAL/ (Prof.Dr. Semra ABBASOĞLU),KAN-LENFOİD II DİLİMİ / TIBBİ BİYOKİMYA AD.,FAKÜLTEMİZ WEB SİTESİ ÖĞRENCİ AĞI AMFİ PROGRAMINA BAKINIZ
Dönem 3A Grubu,23 Ekim 2025 Perşembe,09:20,10:00,2-Folik asit metabolizması ve megaloblastik anemiler fizyopatolojisi / Prof. Dr. Pervin VURAL (Prof.Dr. Semra ABBASOĞLU),KAN-LENFOİD II DİLİMİ / TIBBİ BİYOKİMYA AD.,FAKÜLTEMİZ WEB SİTESİ ÖĞRENCİ AĞI AMFİ PROGRAMINA BAKINIZ
Dönem 3A Grubu,23 Ekim 2025 Perşembe,10:10,10:50,SERBEST ÇALIŞMA,,
Dönem 3A Grubu,23 Ekim 2025 Perşembe,11:00,12:30,ENTEGRE OTURUM Adaptif immun yanıtın özellikleri / Prof.Dr. Güher SARUHAN DİRESKENELİ - Prof.Dr.Bahar ARTIM ESEN (İngilizce tıp ile ortak ders) ,KAN-LENFOİD II DİLİMİ / FİZYOLOJİ AD. - İÇ HASTALIKLARI AD.,FAKÜLTEMİZ WEB SİTESİ ÖĞRENCİ AĞI AMFİ PROGRAMINA BAKINIZ
Dönem 3A Grubu,23 Ekim 2025 Perşembe,13:30,14:20,Hasta Başı Uygulama-7 A Grubu (İç H.) B Grubu (ÇSvH),SEMİYOLOJİ DİLİMİ,FAKÜLTEMİZ WEB SİTESİ ÖĞRENCİ AĞI UYGULAMA PROGRAMI VE YERİNE BAKINIZ
Dönem 3A Grubu,23 Ekim 2025 Perşembe,14:30,16:20,Uygulama (Patoloji / Mikrobiyoloji),SEMİYOLOJİ DİLİMİ,FAKÜLTEMİZ WEB SİTESİ ÖĞRENCİ AĞI UYGULAMA PROGRAMI VE YERİNE BAKINIZ
Dönem 3A Grubu,24 Ekim 2025 Cuma,08:30,09:10,SERBEST ÇALIŞMA,,
Dönem 3A Grubu,24 Ekim 2025 Cuma,09:20,10:00,SERBEST ÇALIŞMA,,
Dönem 3A Grubu,24 Ekim 2025 Cuma,10:10,10:50,3-İmmünolojik reaksiyonların genel özellikleri / Dr.Öğr.Üyesi Ali Yılmaz ALTAY/(Prof.Dr. Gülçin YEGEN),KAN-LENFOİD II DİLİMİ / TIBBİ PATOLOJİ AD.,FAKÜLTEMİZ WEB SİTESİ ÖĞRENCİ AĞI AMFİ PROGRAMINA BAKINIZ
Dönem 3A Grubu,24 Ekim 2025 Cuma,11:10,12:10,4-Doku zedelenmesinde immün mekanizmalar / Dr.Öğr.Üyesi Ali Yılmaz ALTAY/(Prof.Dr. Gülçin YEGEN),KAN-LENFOİD II DİLİMİ / TIBBİ PATOLOJİ AD.,FAKÜLTEMİZ WEB SİTESİ ÖĞRENCİ AĞI AMFİ PROGRAMINA BAKINIZ
Dönem 3A Grubu,24 Ekim 2025 Cuma,14:00,14:50,Hasta Başı Uygulama-7 A Grubu (ÇSvH) B Grubu (İç H.),SEMİYOLOJİ DİLİMİ,FAKÜLTEMİZ WEB SİTESİ ÖĞRENCİ AĞI UYGULAMA PROGRAMI VE YERİNE BAKINIZ
Dönem 3A+3B Grubu,24 Ekim 2025 Cuma,15:00,15:40,10-Örnekleme yöntemleri ve Örneklem büyüklüğü / Dr.Öğr.Üyesi Sevda ÖZEL YILDIZ/(Dr.Başak GÜRTEKİN) A + B Grubu Ortak,DİKEY KORİDOR III(A) DİLİMİ / BİYOİSTATİSTİK AD.,FAKÜLTEMİZ WEB SİTESİ ÖĞRENCİ AĞI AMFİ PROGRAMINA BAKINIZ
Dönem 3A+3B Grubu,24 Ekim 2025 Cuma,15:50,16:30,11-Biyoistatistik karşılaştırmaya giriş / Dr.Öğr.Üyesi Sevda ÖZEL YILDIZ/(Dr.Başak GÜRTEKİN) A + B Grubu Ortak,DİKEY KORİDOR III(A) DİLİMİ / BİYOİSTATİSTİK AD.,FAKÜLTEMİZ WEB SİTESİ ÖĞRENCİ AĞI AMFİ PROGRAMINA BAKINIZ
Dönem 3A+3B Grubu,24 Ekim 2025 Cuma,16:40,17:20,12-Hipotez testleri - istatistiksel anlamlılık kavramı / Dr.Öğr.Üyesi Sevda ÖZEL YILDIZ /(Dr.Başak GÜRTEKİN)A + B Grubu Ortak,DİKEY KORİDOR III (A) DİLİMİ / BİYOİSTATİSTİK AD.,FAKÜLTEMİZ WEB SİTESİ ÖĞRENCİ AĞI AMFİ PROGRAMINA BAKINIZ
Dönem 3A Grubu,27 Ekim 2025 Pazartesi,08:30,09:10,SERBEST ÇALIŞMA,,FAKÜLTEMİZ WEB SİTESİ ÖĞRENCİ AĞI AMFİ PROGRAMINA BAKINIZ
Dönem 3A Grubu,27 Ekim 2025 Pazartesi,09:20,10:00,2-Cytomegalovirus ve Epstein-Barr virusu / Dr.Öğr.Üyesi Mustafa ÖNEL (Doç.Dr. Hayriye KIRKOYUN UYSAL),KAN-LENFOİD II DİLİMİ / TIBBİ MİKROBİYOLOJİ AD.,FAKÜLTEMİZ WEB SİTESİ ÖĞRENCİ AĞI AMFİ PROGRAMINA BAKINIZ
Dönem 3A Grubu,27 Ekim 2025 Pazartesi,10:10,10:50,1-İş ve çevre maruziyetleri ile ilişkili kan lenfoid sistem maligniteleri / Prof.Dr. Halim İŞSEVER (Prof.Dr. Ayşe Emel ÖNAL),KAN-LENFOİD II DİLİMİ / HALK SAĞLIĞI AD.,FAKÜLTEMİZ WEB SİTESİ ÖĞRENCİ AĞI AMFİ PROGRAMINA BAKINIZ
Dönem 3A Grubu,27 Ekim 2025 Pazartesi,11:10,12:10,Öğretim üyesi Uygulama 3,KAN-LENFOİD II DİLİMİ,FAKÜLTEMİZ WEB SİTESİ ÖĞRENCİ AĞI SEÇMELİ DERS AMFİ PROGRAMINA BAKINIZ
Dönem 3A Grubu,27 Ekim 2025 Pazartesi,13:30,14:20,2-Bir toplum sağlığı sorunu olarak anemi kontrol programları / Prof.Dr. Ayşe Emel ÖNAL (Prof.Dr. Halim İŞSEVER),KAN-LENFOİD II DİLİMİ / HALK SAĞLIĞI AD.,FAKÜLTEMİZ WEB SİTESİ ÖĞRENCİ AĞI AMFİ PROGRAMINA BAKINIZ
Dönem 3A Grubu,27 Ekim 2025 Pazartesi,14:30,15:10,2-Aşılar ve infeksiyon hastalıkları / Prof.Dr.Ayper SOMER (Prof.Dr.Selda HANCERLİ TÖRÜN),KAN-LENFOİD II DİLİMİ / ÇOCUK SAĞLIĞI VE HASTALIKLARI AD.,FAKÜLTEMİZ WEB SİTESİ ÖĞRENCİ AĞI AMFİ PROGRAMINA BAKINIZ
Dönem 3A Grubu,27 Ekim 2025 Pazartesi,15:20,16:00,SERBEST ÇALIŞMA,,
Dönem 3A Grubu,28 Ekim 2025 Salı,08:30,09:10,SERBEST ÇALIŞMA,,
Dönem 3A Grubu,28 Ekim 2025 Salı,09:20,10:00,3-Hemorajik ateş etkeni viruslar / Doç.Dr. Hayriye KIRKOYUN UYSAL (Dr.Öğr.Üyesi Mustafa ÖNEL),KAN-LENFOİD II DİLİMİ / TIBBİ MİKROBİYOLOJİ AD.,FAKÜLTEMİZ WEB SİTESİ ÖĞRENCİ AĞI AMFİ PROGRAMINA BAKINIZ
Dönem 3A Grubu,28 Ekim 2025 Salı,10:10,10:50,4-Leishmania - Trypanosoma - Toxoplasma gondii ve Babesia spp. / Prof.Dr. Özden BORAL (Prof.Dr. Zayre ERTURAN),KAN-LENFOİD II DİLİMİ / TIBBİ MİKROBİYOLOJİ AD.,FAKÜLTEMİZ WEB SİTESİ ÖĞRENCİ AĞI AMFİ PROGRAMINA BAKINIZ
Dönem 3A Grubu,28 Ekim 2025 Salı,11:00,11:40,5-Plasmodium cinsi / Prof.Dr. Özden BORAL (Prof.Dr. Meltem UZUN),KAN-LENFOİD II DİLİMİ / TIBBİ MİKROBİYOLOJİ AD.,FAKÜLTEMİZ WEB SİTESİ ÖĞRENCİ AĞI AMFİ PROGRAMINA BAKINIZ
Dönem 3A Grubu,28 Ekim 2025 Salı,11:50,12:30,SERBEST ÇALIŞMA,,
Dönem 3A Grubu,28 Ekim 2025 Salı,13:00,16:20,28 EKİM CUMHURİYET BAYRAMI ARİFESİ,,
Dönem 3A Grubu,29 Ekim 2025 Çarşamba,08:30,16:30,29 EKİM CUMHURİYET BAYRAMI,,
Dönem 3A Grubu,30 Ekim 2025 Perşembe,08:30,09:10,1-Temel kavramlar ve kısa tarihçe / Prof.Dr. Ahmet GÜL (Prof.Dr. Murat İNANÇ),KAN-LENFOİD II DİLİMİ / İÇ HASTALIKLARI AD.(ROMATOLOJİ ),FAKÜLTEMİZ WEB SİTESİ ÖĞRENCİ AĞI AMFİ PROGRAMINA BAKINIZ
Dönem 3A Grubu,30 Ekim 2025 Perşembe,09:20,10:00,1-Ayrıcalıklı immun bölge - Nöroimmunoloji / Prof.Dr. Güher SARUHAN DİRESKENELİ,KAN-LENFOİD II DİLİMİ / FİZYOLOJİ AD.,FAKÜLTEMİZ WEB SİTESİ ÖĞRENCİ AĞI AMFİ PROGRAMINA BAKINIZ
Dönem 3A Grubu,30 Ekim 2025 Perşembe,10:10,10:50,2-İnflamasyon ve inflamatuar hastalıklar / Prof.Dr. Ahmet GÜL (Prof.Dr. Murat İNANÇ),KAN-LENFOİD II DİLİMİ / İÇ HASTALIKLARI AD.,FAKÜLTEMİZ WEB SİTESİ ÖĞRENCİ AĞI AMFİ PROGRAMINA BAKINIZ
Dönem 3A Grubu,30 Ekim 2025 Perşembe,11:00,11:40,1-Dalak hastalıkları / Prof.Dr. Mustafa TÜKENMEZ (Prof.Dr. Levent AVTAN),KAN-LENFOİD II DİLİMİ / GENEL CERRAHİ AD.,FAKÜLTEMİZ WEB SİTESİ ÖĞRENCİ AĞI AMFİ PROGRAMINA BAKINIZ
Dönem 3A Grubu,30 Ekim 2025 Perşembe,11:50,12:30,1-Çocuk Hemato-onkolojik hastalıklarda temel kavramlar / Prof.Dr.Rejin KEBUDİ (Prof.Dr.Ayşegül ÜNÜVAR),KAN-LENFOİD II DİLİMİ / ÇOCUK SAĞLIĞI VE HASTALIKLARI AD.,
Dönem 3A Grubu,30 Ekim 2025 Perşembe,13:30,14:20,Hasta Başı Uygulama-8 A Grubu (İç H.) B Grubu (ÇSvH),SEMİYOLOJİ DİLİMİ,FAKÜLTEMİZ WEB SİTESİ ÖĞRENCİ AĞI UYGULAMA PROGRAMI VE YERİNE BAKINIZ
Dönem 3A Grubu,30 Ekim 2025 Perşembe,14:30,16:20,Uygulama (Patoloji / Mikrobiyoloji),SEMİYOLOJİ DİLİMİ,FAKÜLTEMİZ WEB SİTESİ ÖĞRENCİ AĞI UYGULAMA PROGRAMI VE YERİNE BAKINIZ
Dönem 3A Grubu,31 Ekim 2025 Cuma,08:30,09:10,5-Non-Hodgkin lenfomalar I /Prof.Dr. Gülçin YEGEN / (Dr.Öğr.Üyesi Ali Yılmaz ALTAY),KAN-LENFOİD II DİLİMİ / TIBBİ PATOLOJİ AD.,FAKÜLTEMİZ WEB SİTESİ ÖĞRENCİ AĞI AMFİ PROGRAMINA BAKINIZ
Dönem 3A Grubu,31 Ekim 2025 Cuma,09:20,10:00,1-Antimikrobiyal ilaçların temel özellikleri ve direnç gelişimi / Prof.Dr. Ali Osman GÜROL (Prof.Dr. A. Pınar YAMANTÜRK ÇELİK),KAN-LENFOİD II DİLİMİ / TIBBİ FARMAKOLOJİ AD.,FAKÜLTEMİZ WEB SİTESİ ÖĞRENCİ AĞI AMFİ PROGRAMINA BAKINIZ
Dönem 3A Grubu,31 Ekim 2025 Cuma,10:10,10:50,11-Sistemik otoimmün hastalıklar / Prof.Dr. Bahar ARTIM ESEN (Prof.Dr. Murat İNANÇ),KAN-LENFOİD II DİLİMİ / İÇ HASTALIKLARI AD.,
Dönem 3A Grubu,31 Ekim 2025 Cuma,11:00,11:40,Öğretim üyesi Uygulama 4,KAN-LENFOİD II DİLİMİ,FAKÜLTEMİZ WEB SİTESİ ÖĞRENCİ AĞI UYGULAMA PROGRAMI VE YERİNE BAKINIZ
Dönem 3A Grubu,31 Ekim 2025 Cuma,11:50,12:30,1-Kan Tranfüzyonları / Uzm.Dr.Müşerref Beril DİNÇER/(Prof.Dr. Ahmet Kemalettin KOLTKA),KAN-LENFOİD II DİLİMİ / ANESTEZİYOLOJİ VE REANİMASYON AD.,FAKÜLTEMİZ WEB SİTESİ ÖĞRENCİ AĞI AMFİ PROGRAMINA BAKINIZ
Dönem 3A Grubu,31 Ekim 2025 Cuma,14:00,14:50,Hasta Başı Uygulama-8 A Grubu (ÇSvH) B Grubu (İç H.),SEMİYOLOJİ DİLİMİ,FAKÜLTEMİZ WEB SİTESİ ÖĞRENCİ AĞI UYGULAMA PROGRAMI VE YERİNE BAKINIZ
Dönem 3A Grubu,31 Ekim 2025 Cuma,15:00,17:00,Uygulama (Patoloji / Mikrobiyoloji),SEMİYOLOJİ DİLİMİ,
Dönem 3A Grubu,3 Kasım 2025 Pazartesi,08:30,09:10,3-Tolerans mekanizmaları ve otoimmünite / Prof.Dr. Bahar ARTIM ESEN,KAN-LENFOİD II DİLİMİ / İÇ HASTALIKLARI AD.,FAKÜLTEMİZ WEB SİTESİ ÖĞRENCİ AĞI AMFİ PROGRAMINA BAKINIZ
Dönem 3A Grubu,3 Kasım 2025 Pazartesi,09:20,10:00,4-İmmun sistem ve karsinogenez / Dr.Öğr.Üyesi Murat ÖZBALAK(Prof.Dr. Sevgi BEŞIŞIK) ,KAN-LENFOİD II DİLİMİ / İÇ HASTALIKLARI AD.,FAKÜLTEMİZ WEB SİTESİ ÖĞRENCİ AĞI AMFİ PROGRAMINA BAKINIZ
Dönem 3A Grubu,3 Kasım 2025 Pazartesi,10:10,10:50,5-Allerji immunolojisi / Prof.Dr. Aslı AKKOR,KAN-LENFOİD II DİLİMİ / İÇ HASTALIKLARI AD.,FAKÜLTEMİZ WEB SİTESİ ÖĞRENCİ AĞI AMFİ PROGRAMINA BAKINIZ
Dönem 3A Grubu,3 Kasım 2025 Pazartesi,11:10,12:10,Öğretim üyesi Uygulama 5,KAN-LENFOİD II DİLİMİ,FAKÜLTEMİZ WEB SİTESİ ÖĞRENCİ AĞI UYGULAMA PROGRAMI VE YERİNE BAKINIZ
Dönem 3A Grubu,3 Kasım 2025 Pazartesi,13:30,14:20,Hasta Başı Uygulama-9 A Grubu (İç H.) B Grubu (ÇSvH),SEMİYOLOJİ DİLİMİ,FAKÜLTEMİZ WEB SİTESİ ÖĞRENCİ AĞI UYGULAMA PROGRAMI VE YERİNE BAKINIZ
Dönem 3A+3B Grubu,3 Kasım 2025 Pazartesi,14:30,15:10,13-Normallik denetimi / Dr.Öğr.Üyesi Sevda ÖZEL YILDIZ/(Dr.Başak GÜRTEKİN) A + B Grubu Ortak,DİKEY KORİDOR III (A) DİLİMİ / BİYOİSTATİSTİK AD.,FAKÜLTEMİZ WEB SİTESİ ÖĞRENCİ AĞI AMFİ PROGRAMINA BAKINIZ
Dönem 3A+3B Grubu,3 Kasım 2025 Pazartesi,15:20,16:00,14-Ortalamaların karşılaştırılması - güven aralığı tahmini - z testi - student’s t testi / Dr.Öğr.Üyesi Sevda ÖZEL YILDIZ/(Dr.Başak GÜRTEKİN) A + B Grubu Ortak,DİKEY KORİDOR III (A) DİLİMİ / BİYOİSTATİSTİK AD.,FAKÜLTEMİZ WEB SİTESİ ÖĞRENCİ AĞI AMFİ PROGRAMINA BAKINIZ
Dönem 3A Grubu,4 Kasım 2025 Salı,08:30,09:10,2-Hücre duvarı membranına etkili antibiyotikler I / Prof.Dr. A. Pınar YAMANTÜRK ÇELİK (Prof.Dr. A.Yağız ÜRESİN),KAN-LENFOİD II DİLİMİ / TIBBİ FARMAKOLOJİ AD.,FAKÜLTEMİZ WEB SİTESİ ÖĞRENCİ AĞI AMFİ PROGRAMINA BAKINIZ
Dönem 3A Grubu,4 Kasım 2025 Salı,09:20,10:00,6-Erişkinde  primer immün yetersizlikler / Doç.Dr. Semra DEMİR /Doç.Dr. Osman Ozan YEĞİT,KAN-LENFOİD II DİLİMİ / İÇ HASTALIKLARI AD.,FAKÜLTEMİZ WEB SİTESİ ÖĞRENCİ AĞI AMFİ PROGRAMINA BAKINIZ
Dönem 3A Grubu,4 Kasım 2025 Salı,10:10,10:50,6-Non-Hodgkin lenfomalar II / Prof.Dr. Gülçin YEGEN / (Dr.Öğr.Üyesi Ali Yılmaz ALTAY),KAN-LENFOİD II DİLİMİ / TIBBİ PATOLOJİ AD.,FAKÜLTEMİZ WEB SİTESİ ÖĞRENCİ AĞI AMFİ PROGRAMINA BAKINIZ
Dönem 3A Grubu,4 Kasım 2025 Salı,11:00,11:40,7-Organa özgü otoimmun hastalıklar /  Prof.Dr. Ayşe KUBAT ÜZÜM) ( Doç.Dr.Hülya HACIŞAHİNOĞULLARI ),KAN-LENFOİD II DİLİMİ / İÇ HASTALIKLARI AD.,FAKÜLTEMİZ WEB SİTESİ ÖĞRENCİ AĞI AMFİ PROGRAMINA BAKINIZ
Dönem 3A Grubu,4 Kasım 2025 Salı,11:50,12:30,3-Hücre duvarı membranına etkili antibiyotikler II / Prof.Dr. A. Pınar YAMANTÜRK ÇELİK (Prof.Dr. A.Yağız ÜRESİN),KAN-LENFOİD II DİLİMİ / TIBBİ FARMAKOLOJİ AD.,FAKÜLTEMİZ WEB SİTESİ ÖĞRENCİ AĞI AMFİ PROGRAMINA BAKINIZ
Dönem 3A Grubu,4 Kasım 2025 Salı,13:30,14:20,Hasta Başı Uygulama-9 A Grubu (ÇSvH) B Grubu (İç H.),SEMİYOLOJİ DİLİMİ,FAKÜLTEMİZ WEB SİTESİ ÖĞRENCİ AĞI UYGULAMA PROGRAMI VE YERİNE BAKINIZ
Dönem 3A Grubu,4 Kasım 2025 Salı,14:30,16:20,Uygulama (Patoloji / Mikrobiyoloji),SEMİYOLOJİ DİLİMİ,FAKÜLTEMİZ WEB SİTESİ ÖĞRENCİ AĞI UYGULAMA PROGRAMI VE YERİNE BAKINIZ
Dönem 3A Grubu,5 Kasım 2025 Çarşamba,08:30,09:10,4-Hücre duvarı membranına etkili antibiyotikler III / Prof.Dr. A. Pınar YAMANTÜRK ÇELİK (Prof.Dr. A.Yağız ÜRESİN),KAN-LENFOİD II DİLİMİ / TIBBİ FARMAKOLOJİ AD.,FAKÜLTEMİZ WEB SİTESİ ÖĞRENCİ AĞI AMFİ PROGRAMINA BAKINIZ
Dönem 3A Grubu,5 Kasım 2025 Çarşamba,09:20,10:00,"7-Akut lenfoblastik ve akut myeloblastik lösemiler,Myeloproliferatif hastalıklar ve myelodisplastik sendromlar / Prof.Dr. Gülçin YEGEN / (Dr.Öğr.Üyesi Ali Yılmaz ALTAY)",KAN-LENFOİD II DİLİMİ / TIBBİ PATOLOJİ AD.,FAKÜLTEMİZ WEB SİTESİ ÖĞRENCİ AĞI AMFİ PROGRAMINA BAKINIZ
Dönem 3A Grubu,5 Kasım 2025 Çarşamba,10:10,10:50,8-Anemili hastaya yaklaşım / Dr.Öğr.Üyesi Simge ERDEM( Dr.Öğr.Üyesi Metban MASTANZADE),KAN-LENFOİD II DİLİMİ / İÇ HASTALIKLARI AD.,FAKÜLTEMİZ WEB SİTESİ ÖĞRENCİ AĞI AMFİ PROGRAMINA BAKINIZ
Dönem 3A Grubu,5 Kasım 2025 Çarşamba,11:10,12:10,Öğretim üyesi Uygulama 6,KAN-LENFOİD II DİLİMİ,FAKÜLTEMİZ WEB SİTESİ ÖĞRENCİ AĞI UYGULAMA PROGRAMI VE YERİNE BAKINIZ
Dönem 3A Grubu,5 Kasım 2025 Çarşamba,13:30,14:10,Seçmeli Dersler - 5,,FAKÜLTEMİZ WEB SİTESİ ÖĞRENCİ AĞI SEÇMELİ DERS AMFİ PROGRAMINA BAKINIZ
Dönem 3A Grubu,5 Kasım 2025 Çarşamba,14:20,15:00,Seçmeli Dersler - 5,,FAKÜLTEMİZ WEB SİTESİ ÖĞRENCİ AĞI SEÇMELİ DERS AMFİ PROGRAMINA BAKINIZ
Dönem 3A Grubu,5 Kasım 2025 Çarşamba,15:10,15:50,Seçmeli Dersler - 5,,FAKÜLTEMİZ WEB SİTESİ ÖĞRENCİ AĞI SEÇMELİ DERS AMFİ PROGRAMINA BAKINIZ
Dönem 3A Grubu,6 Kasım 2025 Perşembe,08:30,09:10,SERBEST ÇALIŞMA,,
Dönem 3A Grubu,6 Kasım 2025 Perşembe,09:20,10:00,5-Protein sentezini önleyen antibiyotikler-1 / Prof.Dr. A. Pınar YAMANTÜRK ÇELİK (Prof.Dr. A.Yağız ÜRESİN),KAN-LENFOİD II DİLİMİ / TIBBİ FARMAKOLOJİ AD.,FAKÜLTEMİZ WEB SİTESİ ÖĞRENCİ AĞI AMFİ PROGRAMINA BAKINIZ
Dönem 3A Grubu,6 Kasım 2025 Perşembe,10:10,10:50,3-İmmün yetmezlikli hastada öykü ve fizik muayene / Prof.Dr.Ülker Zeynep ALTINEL (Prof.Dr.Cevdet ÖZDEMİR),KAN-LENFOİD II DİLİMİ / ÇOCUK SAĞLIĞI VE HASTALIKLARI AD.,FAKÜLTEMİZ WEB SİTESİ ÖĞRENCİ AĞI UYGULAMA PROGRAMI VE YERİNE BAKINIZ
Dönem 3A Grubu,6 Kasım 2025 Perşembe,11:00,11:40,9-Lenfadenomegaliler ve splenomegaliler / Prof.Dr. Mustafa Nuri YENEREL (Dr.Öğr.Üyesi Murat ÖZBALAK),KAN-LENFOİD II DİLİMİ / İÇ HASTALIKLARI AD.,FAKÜLTEMİZ WEB SİTESİ ÖĞRENCİ AĞI AMFİ PROGRAMINA BAKINIZ
Dönem 3A Grubu,6 Kasım 2025 Perşembe,11:50,12:30,10-Otoinflamatuar hastalıklar / Prof.Dr. Ahmet GÜL (Prof.Dr. Murat İNANÇ),KAN-LENFOİD II DİLİMİ / İÇ HASTALIKLARI AD.,FAKÜLTEMİZ WEB SİTESİ ÖĞRENCİ AĞI AMFİ PROGRAMINA BAKINIZ
Dönem 3A Grubu,6 Kasım 2025 Perşembe,13:30,14:20,Hasta Başı Uygulama-10 A Grubu (İç H.) B Grubu (ÇSvH),SEMİYOLOJİ DİLİMİ,FAKÜLTEMİZ WEB SİTESİ ÖĞRENCİ AĞI UYGULAMA PROGRAMI VE YERİNE BAKINIZ
Dönem 3A Grubu,6 Kasım 2025 Perşembe,14:30,16:20,Uygulama (Patoloji / Mikrobiyoloji),SEMİYOLOJİ DİLİMİ,FAKÜLTEMİZ WEB SİTESİ ÖĞRENCİ AĞI UYGULAMA PROGRAMI VE YERİNE BAKINIZ
Dönem 3A Grubu,7 Kasım 2025 Cuma,08:30,09:10,6-Protein sentezini önleyen antibiyotikler-2 / Prof.Dr. A. Pınar YAMANTÜRK ÇELİK (Prof.Dr. A.Yağız ÜRESİN),KAN-LENFOİD II DİLİMİ / TIBBİ FARMAKOLOJİ AD.,FAKÜLTEMİZ WEB SİTESİ ÖĞRENCİ AĞI AMFİ PROGRAMINA BAKINIZ
Dönem 3A Grubu,7 Kasım 2025 Cuma,09:20,10:00,7-Antiprotozoal droglar / Prof.Dr. A. Pınar YAMANTÜRK ÇELİK (Prof.Dr. A.Yağız ÜRESİN),KAN-LENFOİD II DİLİMİ / TIBBİ FARMAKOLOJİ AD.,FAKÜLTEMİZ WEB SİTESİ ÖĞRENCİ AĞI AMFİ PROGRAMINA BAKINIZ
Dönem 3A Grubu,7 Kasım 2025 Cuma,10:10,10:50,"A7 Grubu Acil Dahiliye öğetim üyesi telafi , A4,A5 Hematoloji Öğretim üyesi telafisi",,FAKÜLTEMİZ WEB SİTESİ ÖĞRENCİ AĞI AMFİ PROGRAMINA BAKINIZ
Dönem 3A Grubu,7 Kasım 2025 Cuma,11:00,11:40,Hematolojik malignitelerde genetik testler / Dr. Aynur ADAY Prof.Dr. Şükrü ÖZTÜRK),KAN-LENFOİD II DİLİMİ / TIBBİ GENETİK AD.,FAKÜLTEMİZ WEB SİTESİ ÖĞRENCİ AĞI AMFİ PROGRAMINA BAKINIZ
Dönem 3A Grubu,7 Kasım 2025 Cuma,11:50,12:30,Kök Hücre Bankacılığı / Prof.Dr. Fatma OĞUZ,KAN-LENFOİD II DİLİMİ / TIBBİ BİYOLOJİ AD.,FAKÜLTEMİZ WEB SİTESİ ÖĞRENCİ AĞI AMFİ PROGRAMINA BAKINIZ
Dönem 3A Grubu,7 Kasım 2025 Cuma,14:00,14:50,Hasta Başı Uygulama-10 A Grubu (ÇSvH) B Grubu (İç H.),SEMİYOLOJİ DİLİMİ,FAKÜLTEMİZ WEB SİTESİ ÖĞRENCİ AĞI UYGULAMA PROGRAMI VE YERİNE BAKINIZ
Dönem 3A Grubu,7 Kasım 2025 Cuma,15:00,16:30,ENTEGRE OTURUM    Aşı / Prof.Dr. Güher SARUHAN DİRESKENELİ - Doç.Dr.Gonca KESKİNDEMİRCİ -Prof.Dr. Ayşe Emel ÖNAL (Prof. Dr. Sevgi CANBAZ) - Doç.Dr. Pınar TOPALOĞLU  (Dr.Öğr.Üyesi Mine SEZGİN ) İngilizce tıp ile ortak ders),KAN-LENFOİD II DİLİMİ / FİZYOLOJİ AD. -- ÇOCUK SAĞLIĞI VE HASTALIKLARI AD. - HALK SAĞLIĞI AD. - NÖROLOJİ AD.,FAKÜLTEMİZ WEB SİTESİ ÖĞRENCİ AĞI AMFİ PROGRAMINA BAKINIZ
Dönem 3A Grubu,10 Kasım 2025 Pazartesi,08:30,10:20,ENTEGRE OTURUM Anemi-Prof.Dr.İpek  YÖNAL HİNDİLERDEN(Dr.Öğr.Üyesi Simge ERDEM) /Prof.Dr.Serap KARAMAN (Prof.Dr.Zeynep KARAKAŞ) - Prof.Dr. F. Aytül Uyar( İngilizce Tıp ile ortak ders) ,KAN-LENFOİD II DİLİMİ / FİZYOLOJİ AD. - İÇ HASTALIKLARI AD. - ÇOCUK SAĞLIĞI VE HASTALIKLARI AD.,FAKÜLTEMİZ WEB SİTESİ ÖĞRENCİ AĞI AMFİ PROGRAMINA BAKINIZ
Dönem 3A Grubu,10 Kasım 2025 Pazartesi,11:10,12:10,Öğretim üyesi Uygulama 7,KAN-LENFOİD II DİLİMİ,FAKÜLTEMİZ WEB SİTESİ ÖĞRENCİ AĞI UYGULAMA PROGRAMI VE YERİNE BAKINIZ
Dönem 3A Grubu,10 Kasım 2025 Pazartesi,13:30,14:20,Hasta Başı Uygulama-11 A Grubu (İç H.) B Grubu (ÇSvH),SEMİYOLOJİ DİLİMİ,FAKÜLTEMİZ WEB SİTESİ ÖĞRENCİ AĞI UYGULAMA PROGRAMI VE YERİNE BAKINIZ
Dönem 3A+3B Grubu,10 Kasım 2025 Pazartesi,14:30,15:10,15-Eşlendirilmiş serilerde t testi / Dr.Öğr.Üyesi Sevda ÖZEL YILDIZ/(Dr.Başak GÜRTEKİN) A + B Grubu Ortak,DİKEY KORİDOR III (A) DİLİMİ / BİYOİSTATİSTİK AD.,FAKÜLTEMİZ WEB SİTESİ ÖĞRENCİ AĞI AMFİ PROGRAMINA BAKINIZ
Dönem 3A+3B Grubu,10 Kasım 2025 Pazartesi,15:20,16:00,16-Oranların (Sıklıkların) karşılaştırılması - güven aralığı tahmini - z testi ve ki-kare testleri / Dr.Öğr.Üyesi Sevda ÖZEL YILDIZ/(Dr.Başak GÜRTEKİN) A + B Grubu Ortak,DİKEY KORİDOR III (A) DİLİMİ / BİYOİSTATİSTİK AD.,FAKÜLTEMİZ WEB SİTESİ ÖĞRENCİ AĞI AMFİ PROGRAMINA BAKINIZ
Dönem 3A Grubu,11 Kasım 2025 Salı,08:30,09:10,4-Çocukta Lenfadenopati / Doç.Dr.Gülşah TANYILDIZ -(Prof.Dr.Zeynep KARAKAŞ),KAN-LENFOİD II DİLİMİ / ÇOCUK SAĞLIĞI VE HASTALIKLARI AD.,FAKÜLTEMİZ WEB SİTESİ ÖĞRENCİ AĞI AMFİ PROGRAMINA BAKINIZ
Dönem 3A Grubu,11 Kasım 2025 Salı,09:20,10:00,12-Hemostaz testlerinin yorumlanması /Dr.Öğr.Üyesi Simge ERDEM(Prof.Dr.İpek HİNDİLERDEN ),KAN-LENFOİD II DİLİMİ / İÇ HASTALIKLARI AD.,FAKÜLTEMİZ WEB SİTESİ ÖĞRENCİ AĞI AMFİ PROGRAMINA BAKINIZ
Dönem 3A Grubu,11 Kasım 2025 Salı,10:10,10:50,8-İmmunofarmakoloji ve büyüme faktörleri / Prof.Dr. Ali Osman GÜROL (Prof.Dr. A. Yağız ÜRESİN),KAN-LENFOİD II DİLİMİ / TIBBİ FARMAKOLOJİ AD.,FAKÜLTEMİZ WEB SİTESİ ÖĞRENCİ AĞI AMFİ PROGRAMINA BAKINIZ
Dönem 3A Grubu,11 Kasım 2025 Salı,11:00,11:40,13-Tümör immünolojisi ve immünoterapi / Dr.Öğr.Üyesi Naziye AK) /(Öğr.Gör. Melin Aydan AHMED),KAN-LENFOİD II DİLİMİ / İÇ HASTALIKLARI AD.,FAKÜLTEMİZ WEB SİTESİ ÖĞRENCİ AĞI AMFİ PROGRAMINA BAKINIZ
Dönem 3A Grubu,11 Kasım 2025 Salı,11:50,12:30,14-Hematopoietik sistem hastalıklarına giriş /Dr.Öğr.Üyesi Metban MASTANZADE( Prof.Dr. İpek YÖNAL HİNDİLERDEN),KAN-LENFOİD II DİLİMİ / İÇ HASTALIKLARI AD.,FAKÜLTEMİZ WEB SİTESİ ÖĞRENCİ AĞI AMFİ PROGRAMINA BAKINIZ
Dönem 3A Grubu,11 Kasım 2025 Salı,13:30,14:20,Hasta Başı Uygulama-11 A Grubu (ÇSvH) B Grubu (İç H.),SEMİYOLOJİ DİLİMİ,FAKÜLTEMİZ WEB SİTESİ ÖĞRENCİ AĞI UYGULAMA PROGRAMI VE YERİNE BAKINIZ
Dönem 3A Grubu,11 Kasım 2025 Salı,14:30,16:20,Uygulama (Patoloji / Mikrobiyoloji),SEMİYOLOJİ DİLİMİ,FAKÜLTEMİZ WEB SİTESİ ÖĞRENCİ AĞI UYGULAMA PROGRAMI VE YERİNE BAKINIZ
Dönem 3A Grubu,12 Kasım 2025 Çarşamba,08:30,09:10,8-Dalak ve timus hastalıkları / Dr.Öğr.Üyesi Ali Yılmaz ALTAY/(Prof.Dr. Gülçin YEGEN),KAN-LENFOİD II DİLİMİ / TIBBİ PATOLOJİ AD.,FAKÜLTEMİZ WEB SİTESİ ÖĞRENCİ AĞI AMFİ PROGRAMINA BAKINIZ
Dönem 3A Grubu,12 Kasım 2025 Çarşamba,09:20,10:00,15-Lökosit hastalıkları / Prof.Dr. Sevgi BEŞIŞIK (Prof.Dr. Mustafa YENEREL),KAN-LENFOİD II DİLİMİ / İÇ HASTALIKLARI AD.,FAKÜLTEMİZ WEB SİTESİ ÖĞRENCİ AĞI AMFİ PROGRAMINA BAKINIZ
Dönem 3A Grubu,12 Kasım 2025 Çarşamba,10:10,10:50,5-Çocukta karında kitle / Prof.Dr. Deniz TUĞCU (Prof.Dr.Serap KARAMAN),KAN-LENFOİD II DİLİMİ / ÇOCUK SAĞLIĞI VE HASTALIKLARI AD.,FAKÜLTEMİZ WEB SİTESİ ÖĞRENCİ AĞI AMFİ PROGRAMINA BAKINIZ
Dönem 3A Grubu,12 Kasım 2025 Çarşamba,11:10,12:10,Öğretim üyesi Uygulama 8,KAN-LENFOİD II DİLİMİ,FAKÜLTEMİZ WEB SİTESİ ÖĞRENCİ AĞI UYGULAMA PROGRAMI VE YERİNE BAKINIZ
Dönem 3A Grubu,12 Kasım 2025 Çarşamba,13:30,14:10,Seçmeli Dersler - 6,,FAKÜLTEMİZ WEB SİTESİ ÖĞRENCİ AĞI SEÇMELİ DERS AMFİ PROGRAMINA BAKINIZ
Dönem 3A Grubu,12 Kasım 2025 Çarşamba,14:20,15:00,Seçmeli Dersler - 6,,FAKÜLTEMİZ WEB SİTESİ ÖĞRENCİ AĞI SEÇMELİ DERS AMFİ PROGRAMINA BAKINIZ
Dönem 3A Grubu,12 Kasım 2025 Çarşamba,15:10,15:50,Seçmeli Dersler - 6,,FAKÜLTEMİZ WEB SİTESİ ÖĞRENCİ AĞI SEÇMELİ DERS AMFİ PROGRAMINA BAKINIZ
Dönem 3A Grubu,13 Kasım 2025 Perşembe,08:30,09:10,,,
Dönem 3A Grubu,13 Kasım 2025 Perşembe,09:20,10:00,17-Kanama Eğilimli Hastaya Yaklaşım / Prof.Dr. Mustafa Nuri YENEREL (Dr.Öğr.Üyesi Murat ÖZBALAK),KAN-LENFOİD II DİLİMİ / İÇ HASTALIKLARI AD.,FAKÜLTEMİZ WEB SİTESİ ÖĞRENCİ AĞI AMFİ PROGRAMINA BAKINIZ
Dönem 3A Grubu,13 Kasım 2025 Perşembe,10:10,10:50,9-Hematopoietik sisteme etkili droglar / Prof.Dr. A. Pınar YAMANTÜRK ÇELİK,KAN-LENFOİD II DİLİMİ / TIBBİ FARMAKOLOJİ AD.,FAKÜLTEMİZ WEB SİTESİ ÖĞRENCİ AĞI AMFİ PROGRAMINA BAKINIZ
Dönem 3A Grubu,13 Kasım 2025 Perşembe,11:00,11:40,18-Transfüzyon ilkeleri /Dr.Öğr.Üyesi Metban MASTANZADE( Prof.Dr. Sevgi BEŞIŞIK) ,KAN-LENFOİD II DİLİMİ / İÇ HASTALIKLARI AD.,FAKÜLTEMİZ WEB SİTESİ ÖĞRENCİ AĞI AMFİ PROGRAMINA BAKINIZ
Dönem 3A Grubu,13 Kasım 2025 Perşembe,11:50,12:30,19-Trombosit hastalıkları / Prof.Dr. İpek YÖNAL HİNDİLERDEN (Dr.Öğr.Üyesi Simge ERDEM),KAN-LENFOİD II DİLİMİ / İÇ HASTALIKLARI AD.,FAKÜLTEMİZ WEB SİTESİ ÖĞRENCİ AĞI AMFİ PROGRAMINA BAKINIZ
Dönem 3A Grubu,13 Kasım 2025 Perşembe,13:30,14:10,1-Brucella - Francisella cinsleri / Prof.Dr. Zerrin AKTAŞ (Prof.Dr. Betigül ÖNGEN),KAN-LENFOİD II DİLİMİ / TIBBİ MİKROBİYOLOJİ AD.,
Dönem 3A Grubu,13 Kasım 2025 Perşembe,14:30,16:20,Uygulama (Patoloji / Mikrobiyoloji),SEMİYOLOJİ DİLİMİ,FAKÜLTEMİZ WEB SİTESİ ÖĞRENCİ AĞI UYGULAMA PROGRAMI VE YERİNE BAKINIZ
Dönem 3A Grubu,14 Kasım 2025 Cuma,08:30,09:10,SERBEST ÇALIŞMA,,
Dönem 3A Grubu,14 Kasım 2025 Cuma,09:20,10:00,SERBEST ÇALIŞMA,,
Dönem 3A Grubu,14 Kasım 2025 Cuma,11:10,12:10,SERBEST ÇALIŞMA,,
Dönem 3A Grubu,14 Kasım 2025 Cuma,14:00,14:50,SERBEST ÇALIŞMA,,
Dönem 3A Grubu,14 Kasım 2025 Cuma,15:00,15:40,SERBEST ÇALIŞMA,,
Dönem 3A Grubu,14 Kasım 2025 Cuma,15:50,16:30,SERBEST ÇALIŞMA,,
Dönem 3A Grubu,17 Kasım 2025 Pazartesi,10:00,13:00,DİLİM SINAVI,SEMİYOLOJİ DİLİMİ + HAREKET II DİLİMİ + KAN-LENFOİD II DİLİMİ,FAKÜLTEMİZ WEB SİTESİ ÖĞRENCİ AĞI AMFİ PROGRAMINA BAKINIZ
Dönem 3A Grubu,18 Kasım 2025 Salı,08:30,09:10,SERBEST ÇALIŞMA,,
Dönem 3A Grubu,18 Kasım 2025 Salı,09:20,10:00,SERBEST ÇALIŞMA,,
Dönem 3A Grubu,18 Kasım 2025 Salı,10:10,10:50,SERBEST ÇALIŞMA,,
Dönem 3A Grubu,18 Kasım 2025 Salı,11:00,11:40,SERBEST ÇALIŞMA,,
Dönem 3A Grubu,18 Kasım 2025 Salı,11:50,12:30,1-Dolaşım sistemi klinik anatomisi / Doç.Dr.Özcan GAYRETLİ (Dr.Öğr.Üyesi Osman COŞKUN),DOLAŞIM II DİLİMİ / ANATOMİ AD.,FAKÜLTEMİZ WEB SİTESİ ÖĞRENCİ AĞI AMFİ PROGRAMINA BAKINIZ
Dönem 3A Grubu,18 Kasım 2025 Salı,13:30,14:20,1-Kalbin klinik anatomisi ve fizyolojisi / Prof.Dr. Ahmet Bilge SÖZEN (Prof.Dr. Hasan KUDAT),DOLAŞIM II DİLİMİ / KARDİYOLOJİ AD.,FAKÜLTEMİZ WEB SİTESİ ÖĞRENCİ AĞI AMFİ PROGRAMINA BAKINIZ
Dönem 3A Grubu,18 Kasım 2025 Salı,14:30,16:20,SERBEST ÇALIŞMA,,
Dönem 3A Grubu,19 Kasım 2025 Çarşamba,08:30,09:10,SERBEST ÇALIŞMA,,
Dönem 3A Grubu,19 Kasım 2025 Çarşamba,09:20,10:00,"1-Kardiyovasküler sistem I - ateriyosikloros, anevrizmalar / Öğr.Gör.Dr.Aysel BAYRAM(Dr.Öğr.Üyesi Doğu Vurallı BAKKALOĞLU)",DOLAŞIM II DİLİMİ / TIBBİ PATOLOJİ AD.,FAKÜLTEMİZ WEB SİTESİ ÖĞRENCİ AĞI AMFİ PROGRAMINA BAKINIZ
Dönem 3A Grubu,19 Kasım 2025 Çarşamba,10:10,10:50,2-Kardiyovasküler sistem II - Vaskülitler - lenf damar hastalıkları / Dr.Öğr.Üyesi Özge HÜRDOĞAN/(Öğr.Gör.Dr.Aysel BAYRAM),DOLAŞIM II DİLİMİ / TIBBİ PATOLOJİ AD.,FAKÜLTEMİZ WEB SİTESİ ÖĞRENCİ AĞI AMFİ PROGRAMINA BAKINIZ
Dönem 3A Grubu,19 Kasım 2025 Çarşamba,11:10,12:10,Öğretim üyesi Uygulama 1,DOLAŞIM II DİLİMİ,FAKÜLTEMİZ WEB SİTESİ ÖĞRENCİ AĞI UYGULAMA PROGRAMI VE YERİNE BAKINIZ
Dönem 3A Grubu,19 Kasım 2025 Çarşamba,13:30,14:10,Seçmeli Dersler - 7,,FAKÜLTEMİZ WEB SİTESİ ÖĞRENCİ AĞI SEÇMELİ DERS AMFİ PROGRAMINA BAKINIZ
Dönem 3A Grubu,19 Kasım 2025 Çarşamba,14:20,15:00,Seçmeli Dersler - 7,,FAKÜLTEMİZ WEB SİTESİ ÖĞRENCİ AĞI SEÇMELİ DERS AMFİ PROGRAMINA BAKINIZ
Dönem 3A Grubu,19 Kasım 2025 Çarşamba,15:10,15:50,Seçmeli Dersler - 7,,FAKÜLTEMİZ WEB SİTESİ ÖĞRENCİ AĞI SEÇMELİ DERS AMFİ PROGRAMINA BAKINIZ
Dönem 3A Grubu,20 Kasım 2025 Perşembe,08:30,09:10,SERBEST ÇALIŞMA,,
Dönem 3A Grubu,20 Kasım 2025 Perşembe,09:20,10:00,SERBEST ÇALIŞMA,,
Dönem 3A Grubu,20 Kasım 2025 Perşembe,10:10,10:50,2-Dispne - öksürük ve ödem / Prof.Dr. Ahmet Bilge SÖZEN (Prof.Dr. Hasan KUDAT),DOLAŞIM II DİLİMİ / KARDİYOLOJİ AD.,FAKÜLTEMİZ WEB SİTESİ ÖĞRENCİ AĞI AMFİ PROGRAMINA BAKINIZ
Dönem 3A Grubu,20 Kasım 2025 Perşembe,11:00,11:40,3-Göğüs ağrısı ve siyanoz / Prof.Dr. Hasan KUDAT (Prof.Dr. Ahmet Bilge SÖZEN),DOLAŞIM II DİLİMİ / KARDİYOLOJİ AD.,FAKÜLTEMİZ WEB SİTESİ ÖĞRENCİ AĞI AMFİ PROGRAMINA BAKINIZ
Dönem 3A Grubu,20 Kasım 2025 Perşembe,11:50,12:30,SERBEST ÇALIŞMA,,
Dönem 3A Grubu,20 Kasım 2025 Perşembe,13:30,14:20,Hasta Başı Uygulama-12 A Grubu (ÇSvH) B Grubu (İç H.),SEMİYOLOJİ DİLİMİ,FAKÜLTEMİZ WEB SİTESİ ÖĞRENCİ AĞI UYGULAMA PROGRAMI VE YERİNE BAKINIZ
Dönem 3A Grubu,20 Kasım 2025 Perşembe,14:30,16:20,SERBEST ÇALIŞMA,,
Dönem 3A Grubu,21 Kasım 2025 Cuma,08:30,09:10,SERBEST ÇALIŞMA,,
cc,21 Kasım 2025 Cuma,09:20,10:00,1-Arter ve ven hastalıklarında muayene yöntemleri / Op.Dr.İbrahim Fethi AZAMAT(Doç.Dr.Fatih YANAR),DOLAŞIM II DİLİMİ / GENEL CERRAHİ AD.,FAKÜLTEMİZ WEB SİTESİ ÖĞRENCİ AĞI AMFİ PROGRAMINA BAKINIZ
Dönem 3A Grubu,21 Kasım 2025 Cuma,10:10,10:50,1-Dolaşım sistemi fizyolojisi / Prof.Dr. Müge Devrim ÜÇOK (Prof.Dr. Tamer DEMİRALP),DOLAŞIM II DİLİMİ / FİZYOLOJİ AD.,FAKÜLTEMİZ WEB SİTESİ ÖĞRENCİ AĞI AMFİ PROGRAMINA BAKINIZ
Dönem 3A Grubu,21 Kasım 2025 Cuma,11:00,11:40,1-İnfektif Endokardit etyopatogenezi / Prof.Dr. Serap ŞİMŞEK YAVUZ (Prof.Dr.Mustafa Oral ÖNCÜL),DOLAŞIM II DİLİMİ / ENFEKSİYON HASTALIKLARI VE KLİNİK MİKROBİYOLOJİ AD.,FAKÜLTEMİZ WEB SİTESİ ÖĞRENCİ AĞI AMFİ PROGRAMINA BAKINIZ
Dönem 3A Grubu,21 Kasım 2025 Cuma,11:50,12:30,SERBEST ÇALIŞMA,,
Dönem 3A Grubu,21 Kasım 2025 Cuma,14:00,14:50,Hasta Başı Uygulama-12 A Grubu(İç H.) B Grubu (ÇSvH) ,SEMİYOLOJİ DİLİMİ,FAKÜLTEMİZ WEB SİTESİ ÖĞRENCİ AĞI UYGULAMA PROGRAMI VE YERİNE BAKINIZ
Dönem 3A Grubu,21 Kasım 2025 Cuma,15:00,15:40,"4-Kalbin oskültasyonu I - Kalp sesleri , / Prof.Dr. Hasan KUDAT/ (Prof.Dr. Ahmet Bilge SÖZEN)",DOLAŞIM II DİLİMİ / KARDİYOLOJİ AD.,FAKÜLTEMİZ WEB SİTESİ ÖĞRENCİ AĞI AMFİ PROGRAMINA BAKINIZ
Dönem 3A Grubu,21 Kasım 2025 Cuma,15:50,16:30,SERBEST ÇALIŞMA,,
Dönem 3A Grubu,24 Kasım 2025 Pazartesi,08:30,09:10,5-Kalbin oskültasyonu II - Üfürümler / Prof.Dr. Hasan KUDAT (Prof.Dr. Ahmet Bilge SÖZEN),DOLAŞIM II DİLİMİ / KARDİYOLOJİ AD.,FAKÜLTEMİZ WEB SİTESİ ÖĞRENCİ AĞI AMFİ PROGRAMINA BAKINIZ
Dönem 3A Grubu,24 Kasım 2025 Pazartesi,09:20,10:00,1-Dolaşım sistem histoloji ve embriyolojisi / Prof.Dr. Sibel KÖKTÜRK/(Doç.Dr.Tuğba KOTİL),DOLAŞIM II DİLİMİ/ HİSTOLOJİ VE EMBİRİYOLOJİ AD.,FAKÜLTEMİZ WEB SİTESİ ÖĞRENCİ AĞI AMFİ PROGRAMINA BAKINIZ
Dönem 3A Grubu,24 Kasım 2025 Pazartesi,10:10,10:50,6-Kan basıncı ölçümü / Prof.Dr. Ahmet Bilge SÖZEN (Prof.Dr. Hasan KUDAT),DOLAŞIM II DİLİMİ / KARDİYOLOJİ AD.,FAKÜLTEMİZ WEB SİTESİ ÖĞRENCİ AĞI AMFİ PROGRAMINA BAKINIZ
Dönem 3A Grubu,24 Kasım 2025 Pazartesi,11:10,12:10,Öğretim üyesi Uygulama 2,DOLAŞIM II DİLİMİ,FAKÜLTEMİZ WEB SİTESİ ÖĞRENCİ AĞI UYGULAMA PROGRAMI VE YERİNE BAKINIZ
Dönem 3A Grubu,24 Kasım 2025 Pazartesi,13:30,14:20,Hasta Başı Uygulama-13 A Grubu (İç H.) B Grubu (ÇSvH),SEMİYOLOJİ DİLİMİ,FAKÜLTEMİZ WEB SİTESİ ÖĞRENCİ AĞI UYGULAMA PROGRAMI VE YERİNE BAKINIZ
Dönem 3A+3B Grubu,24 Kasım 2025 Pazartesi,14:30,15:10,17-İkiden çok grubun ortalamalarının karşılaştırılması - Varyans analizi ve posthoc testler / Dr.Öğr.Üyesi Sevda ÖZEL YILDIZ A + B Grubu Ortak,DİKEY KORİDOR III (A) DİLİMİ / BİYOİSTATİSTİK AD.,FAKÜLTEMİZ WEB SİTESİ ÖĞRENCİ AĞI AMFİ PROGRAMINA BAKINIZ
Dönem 3A+3B Grubu,24 Kasım 2025 Pazartesi,15:20,16:00,18-Parametrik olmayan istatistik yöntemler - sıra istatistikleri / Dr.Öğr.Üyesi Sevda ÖZEL YILDIZ / (Dr. Başak GÜRTEKİN) A + B Grubu Ortak,DİKEY KORİDOR III (A) DİLİMİ / BİYOİSTATİSTİK AD.,FAKÜLTEMİZ WEB SİTESİ ÖĞRENCİ AĞI AMFİ PROGRAMINA BAKINIZ
Dönem 3A Grubu,25 Kasım 2025 Salı,08:30,09:10,SERBEST ÇALIŞMA,,
Dönem 3A Grubu,25 Kasım 2025 Salı,09:20,10:00,SERBEST ÇALIŞMA,,
Dönem 3A Grubu,25 Kasım 2025 Salı,10:10,10:50,3-Kardiyovasküler sistem III - Perikard hastalıklar - Kalp damar tümörleri / Doç.Dr. Gökçen ÜNVERENGİL(Öğr.Gör.Dr.Aysel BAYRAM),DOLAŞIM II DİLİMİ / TIBBİ PATOLOJİ AD.,FAKÜLTEMİZ WEB SİTESİ ÖĞRENCİ AĞI AMFİ PROGRAMINA BAKINIZ
Dönem 3A Grubu,25 Kasım 2025 Salı,11:00,11:40,4-Kardiyovasküler sistem IV - Romatizmal ateş ve endokarditler /Doç.Dr. Gökçen ÜNVERENGİL (Öğr.Gör.Dr.Aysel BAYRAM),DOLAŞIM II DİLİMİ / TIBBİ PATOLOJİ AD.,FAKÜLTEMİZ WEB SİTESİ ÖĞRENCİ AĞI AMFİ PROGRAMINA BAKINIZ
Dönem 3A Grubu,25 Kasım 2025 Salı,11:50,12:30,7-Hipertansiyon / Prof.Dr. Hasan KUDAT (Prof.Dr. Ahmet Bilge SÖZEN),DOLAŞIM II DİLİMİ / KARDİYOLOJİ AD.,FAKÜLTEMİZ WEB SİTESİ ÖĞRENCİ AĞI AMFİ PROGRAMINA BAKINIZ
Dönem 3A Grubu,25 Kasım 2025 Salı,13:30,14:20,Hasta Başı Uygulama-13 A Grubu (ÇSvH) B Grubu (İç H.),SEMİYOLOJİ DİLİMİ,FAKÜLTEMİZ WEB SİTESİ ÖĞRENCİ AĞI UYGULAMA PROGRAMI VE YERİNE BAKINIZ
Dönem 3A Grubu,25 Kasım 2025 Salı,14:30,16:20,,,
Dönem 3A Grubu,26 Kasım 2025 Çarşamba,08:30,09:10,1-Dahili hastalıklar ve dolaşım sistemi anemnez fizik muayene /  Prof.Dr.Ahmet Bilge SÖZEN,DOLAŞIM II DİLİMİ / İÇ HASTALIKLARI AD.,FAKÜLTEMİZ WEB SİTESİ ÖĞRENCİ AĞI AMFİ PROGRAMINA BAKINIZ
Dönem 3A Grubu,26 Kasım 2025 Çarşamba,09:20,10:00,2-Böbrek ve dolaşım sistemi / Doç.Dr.Özgür Akın OTO,DOLAŞIM II DİLİMİ / İÇ HASTALIKLARI AD.,FAKÜLTEMİZ WEB SİTESİ ÖĞRENCİ AĞI AMFİ PROGRAMINA BAKINIZ
Dönem 3A Grubu,26 Kasım 2025 Çarşamba,10:10,10:50,3-Acilde dolaşım sistemi /Prof.Dr. Vakur Azmi AKKAYA /Prof.Dr.Hasan KUDAT,DOLAŞIM II DİLİMİ / İÇ HASTALIKLARI AD.,FAKÜLTEMİZ WEB SİTESİ ÖĞRENCİ AĞI AMFİ PROGRAMINA BAKINIZ
Dönem 3A Grubu,26 Kasım 2025 Çarşamba,11:10,12:10,Öğretim üyesi Uygulama 3,DOLAŞIM II DİLİMİ,FAKÜLTEMİZ WEB SİTESİ ÖĞRENCİ AĞI UYGULAMA PROGRAMI VE YERİNE BAKINIZ
Dönem 3A Grubu,26 Kasım 2025 Çarşamba,13:30,14:10,Seçmeli Dersler - 8,,FAKÜLTEMİZ WEB SİTESİ ÖĞRENCİ AĞI SEÇMELİ DERS AMFİ PROGRAMINA BAKINIZ
Dönem 3A Grubu,26 Kasım 2025 Çarşamba,14:20,15:00,Seçmeli Dersler - 8,,FAKÜLTEMİZ WEB SİTESİ ÖĞRENCİ AĞI SEÇMELİ DERS AMFİ PROGRAMINA BAKINIZ
Dönem 3A Grubu,26 Kasım 2025 Çarşamba,15:10,15:50,Seçmeli Dersler - 8,,FAKÜLTEMİZ WEB SİTESİ ÖĞRENCİ AĞI SEÇMELİ DERS AMFİ PROGRAMINA BAKINIZ
Dönem 3A Grubu,27 Kasım 2025 Perşembe,08:30,09:10,SERBEST ÇALIŞMA,,
Dönem 3A Grubu,27 Kasım 2025 Perşembe,09:20,10:00,4-Göğüs ağrısı olan hastaya yaklaşım / Prof.Dr.HASAN KUDAT,DOLAŞIM II DİLİMİ / İÇ HASTALIKLARI AD.,FAKÜLTEMİZ WEB SİTESİ ÖĞRENCİ AĞI AMFİ PROGRAMINA BAKINIZ
Dönem 3A Grubu,27 Kasım 2025 Perşembe,10:10,10:50,1-Aerobik ve Anaerobik Kapasite /Güç Ölçümü / Dr. Öğr.Üyesi Sertaç YAKAL (Dr. Öğr.Üyesi Şensu DİNÇER),DOLAŞIM II DİLİMİ / SPOR HEKİMLİĞİ AD.,FAKÜLTEMİZ WEB SİTESİ ÖĞRENCİ AĞI AMFİ PROGRAMINA BAKINIZ
Dönem 3A Grubu,27 Kasım 2025 Perşembe,11:00,11:40,2-Sporda kardiyojenik bazlı ölümler / Dr.Öğr.Üyesi. Sertaç YAKAL (Prof.Dr. Oğuz ÖZTÜRK),DOLAŞIM II DİLİMİ / SPOR HEKİMLİĞİ AD.,FAKÜLTEMİZ WEB SİTESİ ÖĞRENCİ AĞI AMFİ PROGRAMINA BAKINIZ
Dönem 3A Grubu,27 Kasım 2025 Perşembe,11:50,12:30,5-Kardiyovasküler sistem V - İnfarktüsler ve miyokard hastalıkları / Öğr.Gör.Dr.Aysel BAYRAM(Dr.Öğr.Üyesi Doğu Vurallı BAKKALOĞLU),DOLAŞIM II DİLİMİ / TIBBİ PATOLOJİ AD.,FAKÜLTEMİZ WEB SİTESİ ÖĞRENCİ AĞI AMFİ PROGRAMINA BAKINIZ
Dönem 3A Grubu,27 Kasım 2025 Perşembe,13:30,14:20,Hasta Başı Uygulama-14 A Grubu (İç H.) B Grubu (ÇSvH),SEMİYOLOJİ DİLİMİ,FAKÜLTEMİZ WEB SİTESİ ÖĞRENCİ AĞI UYGULAMA PROGRAMI VE YERİNE BAKINIZ
Dönem 3A Grubu,27 Kasım 2025 Perşembe,14:30,15:10,SERBEST ÇALIŞMA,,
Dönem 3A Grubu,27 Kasım 2025 Perşembe,15:20,16:00,SERBEST ÇALIŞMA,,
Dönem 3A Grubu,28 Kasım 2025 Cuma,08:30,09:10,1-Pediatrik kardiyolojide fizik muayene tanı yöntemleri / Prof.Dr.Kazım ÖZTARHAN (Dr.Öğr. Üyesi Serra KARACA),DOLAŞIM II DİLİMİ / ÇOCUK SAĞLIĞI VE HASTALIKLARI AD.,FAKÜLTEMİZ WEB SİTESİ ÖĞRENCİ AĞI AMFİ PROGRAMINA BAKINIZ
Dönem 3A Grubu,28 Kasım 2025 Cuma,09:20,10:00,2-Siyanoz / Dr.Öğr. Üyesi Serra KARACA ( Prof.Dr.Kazım ÖZTARHAN),DOLAŞIM II DİLİMİ / ÇOCUK SAĞLIĞI VE HASTALIKLARI AD.,FAKÜLTEMİZ WEB SİTESİ ÖĞRENCİ AĞI AMFİ PROGRAMINA BAKINIZ
Dönem 3A Grubu,28 Kasım 2025 Cuma,10:10,10:50,8-Elektrokardiyogram I / Doç.Dr. Samim EMET (Prof.Dr. Aytaç ÖNCÜL),DOLAŞIM II DİLİMİ / KARDİYOLOJİ AD.,FAKÜLTEMİZ WEB SİTESİ ÖĞRENCİ AĞI AMFİ PROGRAMINA BAKINIZ
Dönem 3A Grubu,28 Kasım 2025 Cuma,11:00,11:40,9-Elektrokardiyogram II / Doç.Dr. Samim EMET (Prof.Dr. Aytaç ÖNCÜL),DOLAŞIM II DİLİMİ / KARDİYOLOJİ AD.,FAKÜLTEMİZ WEB SİTESİ ÖĞRENCİ AĞI AMFİ PROGRAMINA BAKINIZ
Dönem 3A Grubu,28 Kasım 2025 Cuma,11:50,12:30,10-Elektrokardiyogram III / Doç.Dr. Samim EMET (Prof.Dr. Aytaç ÖNCÜL),DOLAŞIM II DİLİMİ / KARDİYOLOJİ AD.,FAKÜLTEMİZ WEB SİTESİ ÖĞRENCİ AĞI AMFİ PROGRAMINA BAKINIZ
Dönem 3A Grubu,28 Kasım 2025 Cuma,14:00,14:50,Hasta Başı Uygulama-14 A Grubu (ÇSvH) B Grubu (İç H.),SEMİYOLOJİ DİLİMİ,FAKÜLTEMİZ WEB SİTESİ ÖĞRENCİ AĞI UYGULAMA PROGRAMI VE YERİNE BAKINIZ
Dönem 3A Grubu,28 Kasım 2025 Cuma,15:00,15:40,SERBEST ÇALIŞMA,,
Dönem 3A Grubu,28 Kasım 2025 Cuma,15:50,16:30,SERBEST ÇALIŞMA,,
Dönem 3A Grubu,1 Aralık 2025 Pazartesi,08:30,09:10,SERBEST ÇALIŞMA,,
Dönem 3A Grubu,1 Aralık 2025 Pazartesi,09:20,10:00,11-Elektrokardiyogram IV /  Doç.Dr. Samim EMET (Prof.Dr. Aytaç ÖNCÜL),DOLAŞIM II DİLİMİ / KARDİYOLOJİ AD.,FAKÜLTEMİZ WEB SİTESİ ÖĞRENCİ AĞI AMFİ PROGRAMINA BAKINIZ
Dönem 3A Grubu,1 Aralık 2025 Pazartesi,10:10,10:50,12-Elektrokardiyogram V /  Doç.Dr. Samim EMET (Prof.Dr. Aytaç ÖNCÜL),DOLAŞIM II DİLİMİ / KARDİYOLOJİ AD.,FAKÜLTEMİZ WEB SİTESİ ÖĞRENCİ AĞI AMFİ PROGRAMINA BAKINIZ
Dönem 3A Grubu,1 Aralık 2025 Pazartesi,11:10,12:10,Öğretim üyesi Uygulama 4,DOLAŞIM II DİLİMİ,FAKÜLTEMİZ WEB SİTESİ ÖĞRENCİ AĞI UYGULAMA PROGRAMI VE YERİNE BAKINIZ
Dönem 3A Grubu,1 Aralık 2025 Pazartesi,13:30,14:20,Hasta Başı Uygulama-15 A Grubu (İç H.) B Grubu (ÇSvH),SEMİYOLOJİ DİLİMİ,FAKÜLTEMİZ WEB SİTESİ ÖĞRENCİ AĞI UYGULAMA PROGRAMI VE YERİNE BAKINIZ
Dönem 3A+3B Grubu,1 Aralık 2025 Pazartesi,14:30,15:10,19-Korelasyon analizi / Dr.Öğr.Üyesi Sevda ÖZEL YILDIZ/ (Dr.Başak GÜRTEKİN) A + B Grubu Ortak,DİKEY KORİDOR III (A) DİLİMİ / BİYOİSTATİSTİK AD.,FAKÜLTEMİZ WEB SİTESİ ÖĞRENCİ AĞI AMFİ PROGRAMINA BAKINIZ
Dönem 3A+3B Grubu,1 Aralık 2025 Pazartesi,15:20,16:00,20-Regresyon çözümlemesi / Dr.Öğr.Üyesi Sevda ÖZEL YILDIZ/ (Dr.Başak GÜRTEKİN) A + B Grubu Ortak,DİKEY KORİDOR III (A) DİLİMİ / BİYOİSTATİSTİK AD.,FAKÜLTEMİZ WEB SİTESİ ÖĞRENCİ AĞI AMFİ PROGRAMINA BAKINIZ
Dönem 3A Grubu,2 Aralık 2025 Salı,08:30,09:10,SERBEST ÇALIŞMA,,
Dönem 3A Grubu,2 Aralık 2025 Salı,09:20,10:00,1-Antihipertansif ilaçların etki mekanizmaları I / Prof.Dr. A. Yağız ÜRESİN ,DOLAŞIM II DİLİMİ / TIBBİ FARMAKOLOJİ AD.,FAKÜLTEMİZ WEB SİTESİ ÖĞRENCİ AĞI AMFİ PROGRAMINA BAKINIZ
Dönem 3A Grubu,2 Aralık 2025 Salı,10:10,10:50,2-Antihipertansif ilaçların etki mekanizmaları II / Prof.Dr. A. Yağız ÜRESİN ,DOLAŞIM II DİLİMİ / TIBBİ FARMAKOLOJİ AD.,FAKÜLTEMİZ WEB SİTESİ ÖĞRENCİ AĞI AMFİ PROGRAMINA BAKINIZ
Dönem 3A Grubu,2 Aralık 2025 Salı,11:00,11:40,13-Elektrokardiyogram VI /  Doç.Dr. Samim EMET (Prof.Dr. Aytaç ÖNCÜL),DOLAŞIM II DİLİMİ / KARDİYOLOJİ AD.,FAKÜLTEMİZ WEB SİTESİ ÖĞRENCİ AĞI AMFİ PROGRAMINA BAKINIZ
Dönem 3A Grubu,2 Aralık 2025 Salı,11:50,12:30,14-Elektrokardiyogram VII /  Doç.Dr. Samim EMET (Prof.Dr. Aytaç ÖNCÜL),DOLAŞIM II DİLİMİ / KARDİYOLOJİ AD.,FAKÜLTEMİZ WEB SİTESİ ÖĞRENCİ AĞI AMFİ PROGRAMINA BAKINIZ
Dönem 3A Grubu,2 Aralık 2025 Salı,13:30,14:20,Hasta Başı Uygulama-15 A Grubu (ÇSvH) B Grubu (İç H.),SEMİYOLOJİ DİLİMİ,FAKÜLTEMİZ WEB SİTESİ ÖĞRENCİ AĞI UYGULAMA PROGRAMI VE YERİNE BAKINIZ
Dönem 3A Grubu,2 Aralık 2025 Salı,14:30,16:20,Uygulama (Patoloji / Mikrobiyoloji),SEMİYOLOJİ DİLİMİ,FAKÜLTEMİZ WEB SİTESİ ÖĞRENCİ AĞI UYGULAMA PROGRAMI VE YERİNE BAKINIZ
Dönem 3A Grubu,3 Aralık 2025 Çarşamba,08:30,09:10,15-Elektrokardiyogram VIII /  Doç.Dr. Samim EMET (Prof.Dr. Aytaç ÖNCÜL),DOLAŞIM II DİLİMİ / KARDİYOLOJİ AD.,FAKÜLTEMİZ WEB SİTESİ ÖĞRENCİ AĞI UYGULAMA PROGRAMI VE YERİNE BAKINIZ
Dönem 3A Grubu,3 Aralık 2025 Çarşamba,09:20,10:00,16-Kronik Koroner Sendromlar / Prof.Dr. Hasan KUDAT (Prof.Dr. Ahmet Bilge SÖZEN),DOLAŞIM II DİLİMİ / KARDİYOLOJİ AD.,FAKÜLTEMİZ WEB SİTESİ ÖĞRENCİ AĞI AMFİ PROGRAMINA BAKINIZ
Dönem 3A Grubu,3 Aralık 2025 Çarşamba,10:10,10:50,"1-Serebrovasküler hastalıklarda anamnez semptom ve bulgular / Prof.Dr. Nilüfer YEŞİLOT, Dr.Öğr.Üyesi Mine SEZGİN ",DOLAŞIM II DİLİMİ / NÖROLOJİ AD.,FAKÜLTEMİZ WEB SİTESİ ÖĞRENCİ AĞI AMFİ PROGRAMINA BAKINIZ
Dönem 3A Grubu,3 Aralık 2025 Çarşamba,11:10,12:10,Öğretim üyesi Uygulama 5,DOLAŞIM II DİLİMİ,FAKÜLTEMİZ WEB SİTESİ ÖĞRENCİ AĞI UYGULAMA PROGRAMI VE YERİNE BAKINIZ
Dönem 3A Grubu,3 Aralık 2025 Çarşamba,13:30,14:10,Seçmeli Dersler - 9,,FAKÜLTEMİZ WEB SİTESİ ÖĞRENCİ AĞI SEÇMELİ DERS AMFİ PROGRAMINA BAKINIZ
Dönem 3A Grubu,3 Aralık 2025 Çarşamba,14:20,15:00,Seçmeli Dersler - 9,,FAKÜLTEMİZ WEB SİTESİ ÖĞRENCİ AĞI SEÇMELİ DERS AMFİ PROGRAMINA BAKINIZ
Dönem 3A Grubu,3 Aralık 2025 Çarşamba,15:10,15:50,Seçmeli Dersler - 9,,FAKÜLTEMİZ WEB SİTESİ ÖĞRENCİ AĞI SEÇMELİ DERS AMFİ PROGRAMINA BAKINIZ
Dönem 3A Grubu,4 Aralık 2025 Perşembe,08:30,09:10,3-Kalp Damar Sağlığı için egzersiz önerileri / Dr. Öğr.üyesi Şensu DİNÇER (Dr. Öğr.Üyesi Sertaç YAKAL),DOLAŞIM II DİLİMİ / SPOR HEKİMLİĞİ AD.,FAKÜLTEMİZ WEB SİTESİ ÖĞRENCİ AĞI AMFİ PROGRAMINA BAKINIZ
Dönem 3A Grubu,4 Aralık 2025 Perşembe,09:20,11:00,ENTEGRE OTURUM Ateroskleroz Modülü  Olgu-I Akut koroner sendrom / Prof.Dr. Aytaç ÖNCÜL / Olgu-II Iskemik inme Prof.Dr. Nilufer Yeşilot Olgu (Dr.Öğr.Üyesi Mine SEZGİN )-III Atersklerotik periferik arter hastaligi Dr.Çağla CANBAY SARILAR (İng. ile ortak ders) ,DOLAŞIM II DİLİMİ / KARDİYOLOJİ AD. - NÖROLOJİ AD. - KALP VE DAMAR CERRAHİSİ AD.,FAKÜLTEMİZ WEB SİTESİ ÖĞRENCİ AĞI AMFİ PROGRAMINA BAKINIZ
Dönem 3A Grubu,4 Aralık 2025 Perşembe,11:50,12:30,1-Kardiyovasküler sistem radyolojisi / Prof. Dr. Menduh DURSUN (Doç. Dr. Ravza YILMAZ),DOLAŞIM II DİLİMİ / RADYOLOJİ AD.,FAKÜLTEMİZ WEB SİTESİ ÖĞRENCİ AĞI AMFİ PROGRAMINA BAKINIZ
Dönem 3A Grubu,4 Aralık 2025 Perşembe,13:30,14:20,Hasta Başı Uygulama-16 A Grubu (İç H.) B Grubu (ÇSvH),SEMİYOLOJİ DİLİMİ,FAKÜLTEMİZ WEB SİTESİ ÖĞRENCİ AĞI UYGULAMA PROGRAMI VE YERİNE BAKINIZ
Dönem 3A Grubu,4 Aralık 2025 Perşembe,14:30,16:20,Uygulama (Patoloji / Mikrobiyoloji),SEMİYOLOJİ DİLİMİ,FAKÜLTEMİZ WEB SİTESİ ÖĞRENCİ AĞI UYGULAMA PROGRAMI VE YERİNE BAKINIZ
Dönem 3A Grubu,5 Aralık 2025 Cuma,08:30,09:10,SERBEST ÇALIŞMA,,
Dönem 3A Grubu,5 Aralık 2025 Cuma,09:20,10:00,SERBEST ÇALIŞMA,,
Dönem 3A Grubu,5 Aralık 2025 Cuma,10:10,10:50,16-Ateşli hastaya yaklaşım (Enfeksiyon dışı nedenler) /  Prof.Dr.Bülent SAKA,KAN-LENFOİD II DİLİMİ / İÇ HASTALIKLARI AD.,FAKÜLTEMİZ WEB SİTESİ ÖĞRENCİ AĞI AMFİ PROGRAMINA BAKINIZ
Dönem 3A Grubu,5 Aralık 2025 Cuma,11:00,11:40,SERBEST ÇALIŞMA,,
Dönem 3A Grubu,5 Aralık 2025 Cuma,14:00,14:50,Hasta Başı Uygulama-16 A Grubu (ÇSvH) B Grubu (İç H.),SEMİYOLOJİ DİLİMİ,FAKÜLTEMİZ WEB SİTESİ ÖĞRENCİ AĞI UYGULAMA PROGRAMI VE YERİNE BAKINIZ
Dönem 3A Grubu,5 Aralık 2025 Cuma,15:00,15:40,SERBEST ÇALIŞMA,,
Dönem 3A Grubu,5 Aralık 2025 Cuma,15:50,16:30,SERBEST ÇALIŞMA,,
Dönem 3A Grubu,8 Aralık 2025 Pazartesi,08:30,09:10,SERBEST ÇALIŞMA,,
Dönem 3A Grubu,8 Aralık 2025 Pazartesi,09:20,10:00,SERBEST ÇALIŞMA,,
Dönem 3A Grubu,8 Aralık 2025 Pazartesi,10:10,10:50,SERBEST ÇALIŞMA,,
Dönem 3A Grubu,8 Aralık 2025 Pazartesi,11:10,12:10,Öğretim üyesi Uygulama 6,DOLAŞIM II DİLİMİ,FAKÜLTEMİZ WEB SİTESİ ÖĞRENCİ AĞI UYGULAMA PROGRAMI VE YERİNE BAKINIZ
Dönem 3A Grubu,8 Aralık 2025 Pazartesi,13:30,14:20,Hasta Başı Uygulama-17 A Grubu (İç H.) B Grubu (ÇSvH),SEMİYOLOJİ DİLİMİ,FAKÜLTEMİZ WEB SİTESİ ÖĞRENCİ AĞI UYGULAMA PROGRAMI VE YERİNE BAKINIZ
Dönem 3A Grubu,8 Aralık 2025 Pazartesi,14:30,15:10,1-Hekimin davranış değişiminde rolü-sorumluluğu / Prof.Dr. Selma KARABEY (Prof.Dr. Gülsüm Nurhan İNCE),DOLAŞIM II DİLİMİ / HALK SAĞLIĞI AD.,FAKÜLTEMİZ WEB SİTESİ ÖĞRENCİ AĞI AMFİ PROGRAMINA BAKINIZ
Dönem 3A Grubu,8 Aralık 2025 Pazartesi,15:20,16:00,2-Riskli davranıştan sağlıklı olana Nasıl? / Prof.Dr. Selma KARABEY  (Prof.Dr. Gülsüm Nurhan İNCE),DOLAŞIM II DİLİMİ / HALK SAĞLIĞI AD.,FAKÜLTEMİZ WEB SİTESİ ÖĞRENCİ AĞI AMFİ PROGRAMINA BAKINIZ
Dönem 3A Grubu,9 Aralık 2025 Salı,08:30,09:10,SERBEST ÇALIŞMA,,
Dönem 3A Grubu,9 Aralık 2025 Salı,09:20,10:00,SERBEST ÇALIŞMA,,
Dönem 3A Grubu,9 Aralık 2025 Salı,10:10,10:50,SERBEST ÇALIŞMA,,
Dönem 3A Grubu,9 Aralık 2025 Salı,11:00,11:40,SERBEST ÇALIŞMA,,
Dönem 3A Grubu,9 Aralık 2025 Salı,11:50,12:30,"20- Egzersiz Elektrokardiyografisi, Holter ve Ambulatuvar Kan Basıncı Monitorizasyonu / Ekrem Bilal KARAAVYAZ / (Ali ELİTOK)",DOLAŞIM II DİLİMİ / KARDİYOLOJİ AD.,FAKÜLTEMİZ WEB SİTESİ ÖĞRENCİ AĞI AMFİ PROGRAMINA BAKINIZ
Dönem 3A Grubu,9 Aralık 2025 Salı,13:30,14:20,Hasta Başı Uygulama-17 A Grubu (ÇSvH) B Grubu (İç H.),SEMİYOLOJİ DİLİMİ,FAKÜLTEMİZ WEB SİTESİ ÖĞRENCİ AĞI UYGULAMA PROGRAMI VE YERİNE BAKINIZ
Dönem 3A Grubu,9 Aralık 2025 Salı,14:30,16:20,Uygulama (Patoloji / Mikrobiyoloji),SEMİYOLOJİ DİLİMİ,FAKÜLTEMİZ WEB SİTESİ ÖĞRENCİ AĞI UYGULAMA PROGRAMI VE YERİNE BAKINIZ
Dönem 3A Grubu,10 Aralık 2025 Çarşamba,08:30,09:10,SERBEST ÇALIŞMA,,
Dönem 3A Grubu,10 Aralık 2025 Çarşamba,09:20,10:00,SERBEST ÇALIŞMA,,
Dönem 3A Grubu,10 Aralık 2025 Çarşamba,10:10,10:50,SERBEST ÇALIŞMA,,
Dönem 3A Grubu,10 Aralık 2025 Çarşamba,11:10,12:10,Öğretim üyesi Uygulama 7,DOLAŞIM II DİLİMİ,FAKÜLTEMİZ WEB SİTESİ ÖĞRENCİ AĞI UYGULAMA PROGRAMI VE YERİNE BAKINIZ
Dönem 3A Grubu,10 Aralık 2025 Çarşamba,13:30,14:10,Seçmeli Dersler - 10,,FAKÜLTEMİZ WEB SİTESİ ÖĞRENCİ AĞI SEÇMELİ DERS AMFİ PROGRAMINA BAKINIZ
Dönem 3A Grubu,10 Aralık 2025 Çarşamba,14:20,15:00,Seçmeli Dersler - 10,,FAKÜLTEMİZ WEB SİTESİ ÖĞRENCİ AĞI SEÇMELİ DERS AMFİ PROGRAMINA BAKINIZ
Dönem 3A Grubu,10 Aralık 2025 Çarşamba,15:10,15:50,Seçmeli Dersler - 10,,FAKÜLTEMİZ WEB SİTESİ ÖĞRENCİ AĞI SEÇMELİ DERS AMFİ PROGRAMINA BAKINIZ
Dönem 3A Grubu,11 Aralık 2025 Perşembe,08:30,09:10,"19-Kardiyak Görüntüleme: Ekokardiyografi, Göğüs Röntgeni / Prof.Dr. Cafer Sadık ZORKUN (Dr.Öğr.Üyesi Ekrem Bilal KARAAYVAZ)",DOLAŞIM II DİLİMİ / KARDİYOLOJİ AD.,FAKÜLTEMİZ WEB SİTESİ ÖĞRENCİ AĞI AMFİ PROGRAMINA BAKINIZ
Dönem 3A Grubu,11 Aralık 2025 Perşembe,09:20,10:00,23-Kardiyopulmoner Resüsitasyon - Temel Yaşam Desteği / Prof.Dr. Cafer ZORKUN (Dr.Öğr.Üyesi Ekrem Bilal KARAAYVAZ),DOLAŞIM II DİLİMİ / KARDİYOLOJİ AD.,FAKÜLTEMİZ WEB SİTESİ ÖĞRENCİ AĞI AMFİ PROGRAMINA BAKINIZ
Dönem 3A Grubu,11 Aralık 2025 Perşembe,10:10,10:50,ENTEGRE OTURUM Ateroskleroz Modülü  Olgu-I Akut koroner sendrom / Prof.Dr. Aytaç ÖNCÜL ,DOLAŞIM II DİLİMİ / KARDİYOLOJİ AD.,FAKÜLTEMİZ WEB SİTESİ ÖĞRENCİ AĞI AMFİ PROGRAMINA BAKINIZ
Dönem 3A Grubu,11 Aralık 2025 Perşembe,11:00,11:40,1-Genetik ve Dolaşım Sistemi / Prof.Dr. Şükrü ÖZTÜRK (Prof.Dr. Ayşe Evrim Bayrak),DOLAŞIM II DİLİMİ / TIBBİ GENETİK AD.,FAKÜLTEMİZ WEB SİTESİ ÖĞRENCİ AĞI AMFİ PROGRAMINA BAKINIZ
Dönem 3A Grubu,11 Aralık 2025 Perşembe,13:30,14:20,Hasta Başı Uygulama-18 A Grubu (İç H.) B Grubu (ÇSvH),SEMİYOLOJİ DİLİMİ,FAKÜLTEMİZ WEB SİTESİ ÖĞRENCİ AĞI UYGULAMA PROGRAMI VE YERİNE BAKINIZ
Dönem 3A Grubu,11 Aralık 2025 Perşembe,14:30,16:20,Uygulama (Patoloji / Mikrobiyoloji),SEMİYOLOJİ DİLİMİ,FAKÜLTEMİZ WEB SİTESİ ÖĞRENCİ AĞI UYGULAMA PROGRAMI VE YERİNE BAKINIZ
Dönem 3A Grubu,11 Aralık 2025 Perşembe,16:30,17:10,"18-Endokardiyal, Miyokardiyal ve Perikardiyal Hastalıklar / Prof.Dr. Cafer SADIK ZORKUN (Dr.Öğr.Üyesi Ekrem Bilal KARAAYVAZ)",DOLAŞIM II DİLİMİ / KARDİYOLOJİ AD.,FAKÜLTEMİZ WEB SİTESİ ÖĞRENCİ AĞI AMFİ PROGRAMINA BAKINIZ
Dönem 3A Grubu,12 Aralık 2025 Cuma,08:30,09:10,SERBEST ÇALIŞMA,,
Dönem 3A Grubu,12 Aralık 2025 Cuma,09:20,10:00,21-Taşikardiler / Doç.Dr.Gökhan AKSAN (Dr.Öğr.Üyesi Ekrem Bilal KARAAYVAZ),DOLAŞIM II DİLİMİ / KARDİYOLOJİ AD.,FAKÜLTEMİZ WEB SİTESİ ÖĞRENCİ AĞI AMFİ PROGRAMINA BAKINIZ
Dönem 3A Grubu,12 Aralık 2025 Cuma,10:10,10:50,22-Bradikardiler / Doç.Dr.Gökhan AKSAN (Dr.Öğr.Üyesi Ekrem Bilal KARAAYVAZ),DOLAŞIM II DİLİMİ / KARDİYOLOJİ AD.,FAKÜLTEMİZ WEB SİTESİ ÖĞRENCİ AĞI AMFİ PROGRAMINA BAKINIZ
Dönem 3A Grubu,12 Aralık 2025 Cuma,11:10,12:10,Öğretim üyesi Uygulama 8,DOLAŞIM II DİLİMİ,FAKÜLTEMİZ WEB SİTESİ ÖĞRENCİ AĞI UYGULAMA PROGRAMI VE YERİNE BAKINIZ
Dönem 3A Grubu,12 Aralık 2025 Cuma,14:00,14:50,Hasta Başı Uygulama-18 A Grubu (ÇSvH) B Grubu (İç H.),SEMİYOLOJİ DİLİMİ,FAKÜLTEMİZ WEB SİTESİ ÖĞRENCİ AĞI UYGULAMA PROGRAMI VE YERİNE BAKINIZ
Dönem 3A Grubu,12 Aralık 2025 Cuma,15:00,15:40,SERBEST ÇALIŞMA,,
Dönem 3A Grubu,12 Aralık 2025 Cuma,15:50,16:30,SERBEST ÇALIŞMA,,
Dönem 3A Grubu,15 Aralık 2025 Pazartesi,08:30,09:10,SERBEST ÇALIŞMA,,
Dönem 3A Grubu,15 Aralık 2025 Pazartesi,09:20,10:00,1-Kalp cerrahisine giriş / Prof.Dr. Nilgün BOZBUĞA (Öğr.Gör.Çağla CANBAY SARI),DOLAŞIM II DİLİMİ / KALP VE DAMAR CERRAHİSİ AD.,FAKÜLTEMİZ WEB SİTESİ ÖĞRENCİ AĞI AMFİ PROGRAMINA BAKINIZ
Dönem 3A Grubu,15 Aralık 2025 Pazartesi,10:10,10:50,2-Damar cerrahisine giriş / Prof.Dr. Nilgün BOZBUĞA (Öğr.Görv.Çağla CANBAY SARI),DOLAŞIM II DİLİMİ / KALP VE DAMAR CERRAHİSİ AD.,FAKÜLTEMİZ WEB SİTESİ ÖĞRENCİ AĞI AMFİ PROGRAMINA BAKINIZ
Dönem 3A Grubu,15 Aralık 2025 Pazartesi,11:10,12:10,Öğretim üyesi Uygulama 1,SOLUNUM II DİLİMİ,FAKÜLTEMİZ WEB SİTESİ ÖĞRENCİ AĞI UYGULAMA PROGRAMI VE YERİNE BAKINIZ
Dönem 3A Grubu,15 Aralık 2025 Pazartesi,13:30,14:10,Hasta Başı Uygulama-19 A Grubu (İç H.) B Grubu (ÇSvH),SEMİYOLOJİ DİLİMİ,FAKÜLTEMİZ WEB SİTESİ ÖĞRENCİ AĞI UYGULAMA PROGRAMI VE YERİNE BAKINIZ
Dönem 3A Grubu,15 Aralık 2025 Pazartesi,14:20,15:00,1-Ventilasyon ve akciğer mekaniği / Prof.Dr. Sarper Diler (Prof.Dr. F. Aytül Uyar),SOLUNUM II DİLİMİ / FİZYOLOJİ AD.,FAKÜLTEMİZ WEB SİTESİ ÖĞRENCİ AĞI AMFİ PROGRAMINA BAKINIZ
Dönem 3A Grubu,15 Aralık 2025 Pazartesi,13:30,14:20,SERBEST ÇALIŞMA,SOLUNUM II DİLİMİ / FİZYOLOJİ AD.,
Dönem 3A Grubu,16 Aralık 2025 Salı,08:30,09:10,2-Solunumun Fizyolojik düzenlenmesi / Prof.Dr. Sarper Diler (Prof.Dr. F. Aytül Uyar),,
Dönem 3A Grubu,16 Aralık 2025 Salı,09:20,10:00,1-Göğüs Cerrahisinde Muayene ve Tanı Yöntemleri / Prof.Dr.Adalet DEMİR (Prof.Dr. Murat KARA),SOLUNUM II DİLİMİ / GÖĞÜS CERRAHİSİ AD.,FAKÜLTEMİZ WEB SİTESİ ÖĞRENCİ AĞI AMFİ PROGRAMINA BAKINIZ
Dönem 3A Grubu,16 Aralık 2025 Salı,10:10,10:50,1-Asit-baz dengesi / Dr. Öğr.Üyesi Hande KARPUZOĞLU/(Prof.Dr.Abdurrahman Fatih AYDIN),SOLUNUM II DİLİMİ / TIBBİ BİYOKİMYA AD.,FAKÜLTEMİZ WEB SİTESİ ÖĞRENCİ AĞI AMFİ PROGRAMINA BAKINIZ
Dönem 3A Grubu,16 Aralık 2025 Salı,11:00,11:40,2-Kan Gazları / Prof.Dr.Figen ESEN (Prof.Dr.Perıhan ERGİN ÖZCAN),SOLUNUM II DİLİMİ / ANESTEZİYOLOJİ VE REANİMASYON AD.,FAKÜLTEMİZ WEB SİTESİ ÖĞRENCİ AĞI AMFİ PROGRAMINA BAKINIZ
Dönem 3A Grubu,16 Aralık 2025 Salı,11:50,12:30,1-Üst solunum yolunun fonksiyonel ve konjenital hastalıkları /   Prof.Dr. Şenol ÇOMOĞLU (Doç.Dr. Levent AYDEMİR ),SOLUNUM II DİLİMİ / KULAK BURUN BOĞAZ HASTALIKLARI AD.,FAKÜLTEMİZ WEB SİTESİ ÖĞRENCİ AĞI SEÇMELİ DERS AMFİ PROGRAMINA BAKINIZ
Dönem 3A Grubu,16 Aralık 2025 Salı,12:30,13:20,Ek Ders(Sağlık Bilimlerinde Kanıta Dayalı Bilimsel Çalışmalar) seçmeli ders,,
Dönem 3A Grubu,16 Aralık 2025 Salı,13:30,14:20,Hasta Başı Uygulama-19 A Grubu (ÇSvH) B Grubu (İç H.),SEMİYOLOJİ DİLİMİ,FAKÜLTEMİZ WEB SİTESİ ÖĞRENCİ AĞI UYGULAMA PROGRAMI VE YERİNE BAKINIZ
Dönem 3A Grubu,16 Aralık 2025 Salı,14:30,16:20,Uygulama (Patoloji / Mikrobiyoloji),SEMİYOLOJİ DİLİMİ,FAKÜLTEMİZ WEB SİTESİ ÖĞRENCİ AĞI UYGULAMA PROGRAMI VE YERİNE BAKINIZ
Dönem 3A Grubu,17 Aralık 2025 Çarşamba,08:30,09:10,2-Göğüs Cerrahisinde Acil Durumlar ve Travma / Prof.Dr. Murat KARA (Doç.Dr. Berker ÖZKAN),SOLUNUM II DİLİMİ / GÖĞÜS CERRAHİSİ AD.,FAKÜLTEMİZ WEB SİTESİ ÖĞRENCİ AĞI SEÇMELİ DERS AMFİ PROGRAMINA BAKINIZ
Dönem 3A Grubu,17 Aralık 2025 Çarşamba,09:20,10:00,"3-Öksürük,Hemoptizi ve göğüs ağrısına yaklaşım / Prof.Dr. Esen KIYAN (Doç.Dr. Aylin PIHTILI)",SOLUNUM II DİLİMİ / GÖĞÜS HASTALIKLARI AD.,FAKÜLTEMİZ WEB SİTESİ ÖĞRENCİ AĞI SEÇMELİ DERS AMFİ PROGRAMINA BAKINIZ
Dönem 3A Grubu,17 Aralık 2025 Çarşamba,10:10,10:50,4-Akciğer grafisini değenlendirme / Prof.Dr. Gülfer OKUMUŞ (Prof.Dr.Züleyha BİNGÖL),SOLUNUM II DİLİMİ / GÖĞÜS HASTALIKLARI AD.,FAKÜLTEMİZ WEB SİTESİ ÖĞRENCİ AĞI AMFİ PROGRAMINA BAKINIZ
Dönem 3A Grubu,17 Aralık 2025 Çarşamba,11:10,12:10,Öğretim üyesi Uygulama 2,SOLUNUM II DİLİMİ,FAKÜLTEMİZ WEB SİTESİ ÖĞRENCİ AĞI UYGULAMA PROGRAMI VE YERİNE BAKINIZ
Dönem 3A Grubu,17 Aralık 2025 Çarşamba,13:30,14:10,Seçmeli Dersler - 11,,FAKÜLTEMİZ WEB SİTESİ ÖĞRENCİ AĞI SEÇMELİ DERS AMFİ PROGRAMINA BAKINIZ
Dönem 3A Grubu,17 Aralık 2025 Çarşamba,14:20,15:00,Seçmeli Dersler - 11,,FAKÜLTEMİZ WEB SİTESİ ÖĞRENCİ AĞI SEÇMELİ DERS AMFİ PROGRAMINA BAKINIZ
Dönem 3A Grubu,17 Aralık 2025 Çarşamba,15:10,15:50,Seçmeli Dersler - 11,,FAKÜLTEMİZ WEB SİTESİ ÖĞRENCİ AĞI SEÇMELİ DERS AMFİ PROGRAMINA BAKINIZ
Dönem 3A Grubu,18 Aralık 2025 Perşembe,08:30,09:10,SERBEST ÇALIŞMA,,
Dönem 3A Grubu,18 Aralık 2025 Perşembe,09:20,10:00,5-Akciğer hastalıklarında tanı yöntemleri  / Prof.Dr.Esen KIYAN (Prof.Dr. Turhan ECE),SOLUNUM II DİLİMİ / GÖĞÜS HASTALIKLARI AD.,FAKÜLTEMİZ WEB SİTESİ ÖĞRENCİ AĞI AMFİ PROGRAMINA BAKINIZ
Dönem 3A Grubu,18 Aralık 2025 Perşembe,10:10,10:50,6-Alt solunum yolu enfeksiyonu / Doç.Dr. Aylin PIHTILI (Prof.Dr.Esen KIYAN),SOLUNUM II DİLİMİ / GÖĞÜS HASTALIKLARI AD.,FAKÜLTEMİZ WEB SİTESİ ÖĞRENCİ AĞI AMFİ PROGRAMINA BAKINIZ
Dönem 3A Grubu,18 Aralık 2025 Perşembe,11:00,11:40,1-Solunum sistemi hastalıklarının toplumda kontrolü ve önlenmesi /Doç.Dr.Meryem Merve ÖREN ( Dr.Öğr.Üyesi Emine Şeyma KARAKETİR),SOLUNUM II DİLİMİ / HALK SAĞLIĞI AD.,FAKÜLTEMİZ WEB SİTESİ ÖĞRENCİ AĞI AMFİ PROGRAMINA BAKINIZ
Dönem 3A Grubu,18 Aralık 2025 Perşembe,11:50,12:30,1-Solunum yolu hastalıklarında öykü fizik muayene / Dr.Öğr.Üyesi Nilay BAŞ İKİZOĞLU/ (Prof.Dr.Ülker Zeynep ALTINEL ),SOLUNUM II DİLİMİ / ÇOCUK SAĞLIĞI VE HASTALIKLARI AD.,FAKÜLTEMİZ WEB SİTESİ ÖĞRENCİ AĞI AMFİ PROGRAMINA BAKINIZ
Dönem 3A Grubu,18 Aralık 2025 Perşembe,13:30,14:20,Hasta Başı Uygulama-20 A Grubu (İç H.) B Grubu (ÇSvH),SEMİYOLOJİ DİLİMİ,FAKÜLTEMİZ WEB SİTESİ ÖĞRENCİ AĞI UYGULAMA PROGRAMI VE YERİNE BAKINIZ
Dönem 3A Grubu,18 Aralık 2025 Perşembe,14:30,16:20,Uygulama (Patoloji / Mikrobiyoloji),SEMİYOLOJİ DİLİMİ,FAKÜLTEMİZ WEB SİTESİ ÖĞRENCİ AĞI UYGULAMA PROGRAMI VE YERİNE BAKINIZ
Dönem 3A Grubu,19 Aralık 2025 Cuma,08:30,09:10,1-Burun ve paranazal sinüs lezyonları ve tümörleri / Dr.Öğr.Üyesi Doğu VURALLI BAKKALOĞLU (Prof.Dr.Yasemin ÖZLÜK),SOLUNUM II DİLİMİ / TIBBİ PATOLOJİ AD.,FAKÜLTEMİZ WEB SİTESİ ÖĞRENCİ AĞI AMFİ PROGRAMINA BAKINIZ
Dönem 3A Grubu,19 Aralık 2025 Cuma,09:20,10:00,2-Üst solunum yolu enfeksiyonu / Prof.Dr.Ayşe KILIÇ Prof.Dr.İsmail YILDIZ),SOLUNUM II DİLİMİ / ÇOCUK SAĞLIĞI VE HASTALIKLARI AD.,FAKÜLTEMİZ WEB SİTESİ ÖĞRENCİ AĞI AMFİ PROGRAMINA BAKINIZ
Dönem 3A Grubu,19 Aralık 2025 Cuma,10:10,10:50,1-Pnömoni etkeni bakteriler / Prof.Dr. Lütfiye ÖKSÜZ (Prof.Dr. Zerrin AKTAŞ),SOLUNUM II DİLİMİ / TIBBİ MİKROBİYOLOJİ AD.,FAKÜLTEMİZ WEB SİTESİ ÖĞRENCİ AĞI AMFİ PROGRAMINA BAKINIZ
Dönem 3A Grubu,19 Aralık 2025 Cuma,11:00,11:40,1-Solunum sistem histoloji ve embriyolojisi / Doç.Dr. Elif KERVANCIOĞLU DEMİRCİ / (Prof. Dr. Sibel KÖKTÜRK ) ,SOLUNUM II DİLİMİ / HİSTOLOJİ VE EMBİRİYOLOJİ AD.,FAKÜLTEMİZ WEB SİTESİ ÖĞRENCİ AĞI AMFİ PROGRAMINA BAKINIZ
Dönem 3A Grubu,19 Aralık 2025 Cuma,11:50,12:30,7-Kronik alt solunum yolu hastalıkları (Astım) / Doç.Dr. Aylin PIHTILI (Prof.Dr. Turhan ECE),SOLUNUM II DİLİMİ / GÖĞÜS HASTALIKLARI AD.,FAKÜLTEMİZ WEB SİTESİ ÖĞRENCİ AĞI AMFİ PROGRAMINA BAKINIZ
Dönem 3A Grubu,19 Aralık 2025 Cuma,14:00,14:50,Hasta Başı Uygulama-20 A Grubu (ÇSvH) B Grubu (İç H.),SEMİYOLOJİ DİLİMİ,FAKÜLTEMİZ WEB SİTESİ ÖĞRENCİ AĞI AMFİ PROGRAMINA BAKINIZ
Dönem 3A Grubu,19 Aralık 2025 Cuma,15:00,15:40,2-Larenks lezyonları ve tümörleri / Dr.Öğr.Üyesi Doğu VURALLI BAKKALOĞLU (Prof.Dr. Yasemin ÖZLÜK),SOLUNUM II DİLİMİ / TIBBİ PATOLOJİ AD.,FAKÜLTEMİZ WEB SİTESİ ÖĞRENCİ AĞI UYGULAMA PROGRAMI VE YERİNE BAKINIZ
Dönem 3A Grubu,19 Aralık 2025 Cuma,15:50,16:30,SERBEST ÇALIŞMA,,
Dönem 3A Grubu,22 Aralık 2025 Pazartesi,08:30,09:10,1-Solunum yolu enfeksiyonları / Prof.Dr.Serap Şimşek YAVUZ (Prof.Dr. Halit ÖZSÜT),SOLUNUM II DİLİMİ / ENFEKSİYON HASTALIKLARI VE KLİNİK MİKROBİYOLOJİ AD.,FAKÜLTEMİZ WEB SİTESİ ÖĞRENCİ AĞI AMFİ PROGRAMINA BAKINIZ
Dönem 3A Grubu,22 Aralık 2025 Pazartesi,09:20,10:00,17-Kalp yetersizliği / Dr.Öğr.Üyesi Ekrem Bilal KARAAYVAZ) (Doç.Dr.Gökhan AKSAN ),DOLAŞIM II DİLİMİ / KARDİYOLOJİ AD.,FAKÜLTEMİZ WEB SİTESİ ÖĞRENCİ AĞI AMFİ PROGRAMINA BAKINIZ
Dönem 3A Grubu,22 Aralık 2025 Pazartesi,10:10,10:50,3-Analeptik - antitusif ve ekspektoran droglar / (Prof.Dr. Ayşe Pınar YAMANTÜRK ÇELİK),SOLUNUM II DİLİMİ / TIBBİ FARMAKOLOJİ AD.,FAKÜLTEMİZ WEB SİTESİ ÖĞRENCİ AĞI AMFİ PROGRAMINA BAKINIZ
Dönem 3A Grubu,22 Aralık 2025 Pazartesi,11:10,12:10,Öğretim üyesi Uygulama 3,SOLUNUM II DİLİMİ,
Dönem 3A Grubu,22 Aralık 2025 Pazartesi,13:30,14:20,Hasta Başı Uygulama-21 A Grubu (İç H.) B Grubu (ÇSvH),SEMİYOLOJİ DİLİMİ,
Dönem 3A Grubu,22 Aralık 2025 Pazartesi,14:30,15:10,2-Atipik pnömoni etkeni bakteriler  Prof.Dr. Lütfiye ÖKSÜZ (Prof.Dr. Betügül ÖNGEN),SOLUNUM II DİLİMİ / TIBBİ MİKROBİYOLOJİ AD.,FAKÜLTEMİZ WEB SİTESİ ÖĞRENCİ AĞI AMFİ PROGRAMINA BAKINIZ
Dönem 3A Grubu,22 Aralık 2025 Pazartesi,15:20,16:00,SERBEST ÇALIŞMA,,
Dönem 3A Grubu,22 Aralık 2025 Pazartesi,16:00,16:40,SERBEST ÇALIŞMA,,
Dönem 3A Grubu,23 Aralık 2025 Salı,08:30,09:10,3-Alt solunum yolu infeksiyonu - tanı ve etyopatogenez / Prof.Dr.Selda HANCERLİ TÖRÜN (Prof.Dr.Ayper SOMER),SOLUNUM II DİLİMİ / ÇOCUK SAĞLIĞI VE HASTALIKLARI AD.,FAKÜLTEMİZ WEB SİTESİ ÖĞRENCİ AĞI AMFİ PROGRAMINA BAKINIZ
Dönem 3A Grubu,23 Aralık 2025 Salı,09:20,10:00,1-Solunum sistemi klinik anatomisi / Dr.Öğr.Üyesi Osman COŞKUN (Prof.Dr. Ayşin KALE),SOLUNUM II DİLİMİ / ANATOMİ AD.,FAKÜLTEMİZ WEB SİTESİ ÖĞRENCİ AĞI AMFİ PROGRAMINA BAKINIZ
Dönem 3A Grubu,23 Aralık 2025 Salı,10:10,10:50,4-Diğer Mycobacterium türleri ve Nocardia cinsi / Prof.Dr. Zayre ERTURAN (Prof.Dr. Meltem UZUN),SOLUNUM II DİLİMİ / TIBBİ MİKROBİYOLOJİ AD.,FAKÜLTEMİZ WEB SİTESİ ÖĞRENCİ AĞI AMFİ PROGRAMINA BAKINIZ
Dönem 3A Grubu,23 Aralık 2025 Salı,11:00,11:40,5-Aspergilloz ve hiyalohifomikoz etkenleri / Prof.Dr. Zayre ERTURAN (Prof.Dr. Meltem UZUN),SOLUNUM II DİLİMİ / TIBBİ MİKROBİYOLOJİ AD.,FAKÜLTEMİZ WEB SİTESİ ÖĞRENCİ AĞI AMFİ PROGRAMINA BAKINIZ
Dönem 3A Grubu,23 Aralık 2025 Salı,11:50,12:30,8-Akciğer tüberkülozu / Prof.Dr.Züleyha BİNGÖL (Prof.Dr. Gülfer OKUMUŞ),SOLUNUM II DİLİMİ / GÖĞÜS HASTALIKLARI AD.,FAKÜLTEMİZ WEB SİTESİ ÖĞRENCİ AĞI AMFİ PROGRAMINA BAKINIZ
Dönem 3A Grubu,23 Aralık 2025 Salı,13:30,14:20,Hasta Başı Uygulama-21 A Grubu (ÇSvH) B Grubu (İç H.),SEMİYOLOJİ DİLİMİ,
Dönem 3A Grubu,23 Aralık 2025 Salı,14:30,16:20,Uygulama (Patoloji / Mikrobiyoloji),SEMİYOLOJİ DİLİMİ,FAKÜLTEMİZ WEB SİTESİ ÖĞRENCİ AĞI UYGULAMA PROGRAMI VE YERİNE BAKINIZ
Dönem 3A Grubu,24 Aralık 2025 Çarşamba,08:30,09:10,6-Pneumocystis jirovecii ve diğer fırsatçı mantarlar / Prof.Dr. Dilek ŞATANA (Prof.Dr. Zayre ERTURAN),SOLUNUM II DİLİMİ / TIBBİ MİKROBİYOLOJİ AD.,FAKÜLTEMİZ WEB SİTESİ ÖĞRENCİ AĞI AMFİ PROGRAMINA BAKINIZ
Dönem 3A Grubu,24 Aralık 2025 Çarşamba,09:20,10:00,10-Diffüz akciğer pankim hastalıkları / Prof.Dr. Gülfer OKUMUŞ (Prof.Dr. Mustafa ERELEL),SOLUNUM II DİLİMİ / GÖĞÜS HASTALIKLARI AD.,FAKÜLTEMİZ WEB SİTESİ ÖĞRENCİ AĞI AMFİ PROGRAMINA BAKINIZ
Dönem 3A Grubu,24 Aralık 2025 Çarşamba,10:10,10:50,1-Kardiyak markerler / Prof.Dr. Evin ADEMOĞLU / Dr.Öğr.Üyesi Hande KARPUZOĞLU ,DOLAŞIM II DİLİMİ / TIBBİ BİYOKİMYA AD.,FAKÜLTEMİZ WEB SİTESİ ÖĞRENCİ AĞI AMFİ PROGRAMINA BAKINIZ
Dönem 3A Grubu,24 Aralık 2025 Çarşamba,11:10,12:10,Öğretim üyesi Uygulama 4,SOLUNUM II DİLİMİ,FAKÜLTEMİZ WEB SİTESİ ÖĞRENCİ AĞI UYGULAMA PROGRAMI VE YERİNE BAKINIZ
Dönem 3A Grubu,24 Aralık 2025 Çarşamba,13:30,14:10,Seçmeli Dersler - 12,,FAKÜLTEMİZ WEB SİTESİ ÖĞRENCİ AĞI SEÇMELİ DERS AMFİ PROGRAMINA BAKINIZ
Dönem 3A Grubu,24 Aralık 2025 Çarşamba,14:20,15:00,Seçmeli Dersler - 12,,FAKÜLTEMİZ WEB SİTESİ ÖĞRENCİ AĞI SEÇMELİ DERS AMFİ PROGRAMINA BAKINIZ
Dönem 3A Grubu,24 Aralık 2025 Çarşamba,15:10,15:50,Seçmeli Dersler - 12,,FAKÜLTEMİZ WEB SİTESİ ÖĞRENCİ AĞI SEÇMELİ DERS AMFİ PROGRAMINA BAKINIZ
Dönem 3A Grubu,25 Aralık 2025 Perşembe,08:30,09:10,1-Nükleik asid sentezini önleyen antibiyotikler / Prof.Dr. A. Pınar YAMANTÜRK ÇELİK (Prof.Dr. A.Yağız ÜRESİN),SOLUNUM II DİLİMİ / TIBBİ FARMAKOLOJİ AD.,FAKÜLTEMİZ WEB SİTESİ ÖĞRENCİ AĞI AMFİ PROGRAMINA BAKINIZ
Dönem 3A Grubu,25 Aralık 2025 Perşembe,09:20,10:00,1-Allerjik hastalıklar / Doç Dr.Derya ÜNAL/Doç.Dr.Semra DEMİR,SOLUNUM II DİLİMİ / İÇ HASTALIKLARI AD.,FAKÜLTEMİZ WEB SİTESİ ÖĞRENCİ AĞI AMFİ PROGRAMINA BAKINIZ
Dönem 3A Grubu,25 Aralık 2025 Perşembe,10:10,10:50,2-Mikobakterilere etkili antibiyotikler / Prof.Dr. A. Pınar YAMANTÜRK ÇELİK (Prof.Dr. A.Yağız ÜRESİN),SOLUNUM II DİLİMİ / TIBBİ FARMAKOLOJİ AD.,FAKÜLTEMİZ WEB SİTESİ ÖĞRENCİ AĞI AMFİ PROGRAMINA BAKINIZ
Dönem 3A Grubu,25 Aralık 2025 Perşembe,11:00,11.40,4-Antiviraller / Prof.Dr. Ayşe Pınar YAMANTÜRK ÇELİK (Prof.Dr. A. Yağız ÜRESİN),SOLUNUM II DİLİMİ / TIBBİ FARMAKOLOJİ AD.,FAKÜLTEMİZ WEB SİTESİ ÖĞRENCİ AĞI AMFİ PROGRAMINA BAKINIZ
Dönem 3A Grubu,25 Aralık 2025 Perşembe,12:00,14:30,SERBEST ÇALIŞMA (Dönem 1 Sınav),,
Dönem 3A Grubu,25 Aralık 2025 Perşembe,13:30,14:10,4-Çocuklarda tüberküloz tanı ve etyopatogenez / Prof.Dr. Ayper SOMER (Doç.Dr. Ayşe BÜYÜKÇAM),SOLUNUM II DİLİMİ / ÇOCUK SAĞLIĞI VE HASTALIKLARI AD.,FAKÜLTEMİZ WEB SİTESİ ÖĞRENCİ AĞI AMFİ PROGRAMINA BAKINIZ
Dönem 3A Grubu,25 Aralık 2025 Perşembe,14:30,16:20,Uygulama (Patoloji / Mikrobiyoloji) ,SEMİYOLOJİ DİLİMİ,FAKÜLTEMİZ WEB SİTESİ ÖĞRENCİ AĞI UYGULAMA PROGRAMI VE YERİNE BAKINIZ
Dönem 3A Grubu,26 Aralık 2025 Cuma,08:30,09:45,ENTEGRE OTURUM Nefes darlığı olguları (Dispne yaklaşım )Prof.Dr. Mustafa ERELEL - Prof.Dr. Aytaç  ÖNCÜL- Prof. Dr. A. Sarper Diler (İngilizce Tıp ile ortak ders) ,SOLUNUM II DİLİMİ / GÖĞÜS HASTALIKLARI AD. - FİZYOLOJİ AD. - KARDİYOLOJİ AD.,FAKÜLTEMİZ WEB SİTESİ ÖĞRENCİ AĞI AMFİ PROGRAMINA BAKINIZ
Dönem 3A Grubu,26 Aralık 2025 Cuma,10:00,13:00,SERBEST ÇALIŞMA (Dönem 2 Sınav),,
Dönem 3A Grubu,26 Aralık 2025 Cuma,14:00,14:40,8-İnfluenza virusları ve RSV / Prof.Dr.Sevim MEŞE (Doç.Dr. Hayriye KIRKOYUN UYSAL),SOLUNUM II DİLİMİ / TIBBİ MİKROBİYOLOJİ AD.,FAKÜLTEMİZ WEB SİTESİ ÖĞRENCİ AĞI AMFİ PROGRAMINA BAKINIZ
Dönem 3A Grubu,26 Aralık 2025 Cuma,14:50,15:30,Akciğer hastalıklarında radyolojik anatomi / Prof. Dr. Atadan TUNACI (Prof. Dr. Menduh DURSUN),SOLUNUM II DİLİMİ / RADYOLOJİ AD.,FAKÜLTEMİZ WEB SİTESİ ÖĞRENCİ AĞI AMFİ PROGRAMINA BAKINIZ
Dönem 3A Grubu,26 Aralık 2025 Cuma,15:40,16:20,3-Akciğer hastalıkları tanı yöntemleri konjenital anomaliler ve dolaşım bozuklukları / Dr.Öğr.Üyesi Doğu VURALLI BAKKALOĞLU /(Prof.Dr.Yasemin ÖZLÜK),SOLUNUM II DİLİMİ / TIBBİ PATOLOJİ AD.,FAKÜLTEMİZ WEB SİTESİ ÖĞRENCİ AĞI AMFİ PROGRAMINA BAKINIZ
Dönem 3A Grubu,29 Aralık 2025 Pazartesi,08:30,09:10,9-Kronik alt solunum yolu hastalıkları (KOAH) / Prof.Dr. Turhan ECE (Prof.Dr. Züleyha BİNGÖL),SOLUNUM II DİLİMİ / GÖĞÜS HASTALIKLARI AD.,FAKÜLTEMİZ WEB SİTESİ ÖĞRENCİ AĞI AMFİ PROGRAMINA BAKINIZ
Dönem 3A Grubu,29 Aralık 2025 Pazartesi,09:20,10:00,11-Akciğer tümörleri / Prof.Dr. Mustafa ERELEL (Prof.Dr. Turhan ECE),SOLUNUM II DİLİMİ / GÖĞÜS HASTALIKLARI AD.,FAKÜLTEMİZ WEB SİTESİ ÖĞRENCİ AĞI AMFİ PROGRAMINA BAKINIZ
Dönem 3A Grubu,29 Aralık 2025 Pazartesi,10:10,11:00,12-Plevra / Prof.Dr. Züleyha BİNGÖL (Prof.Dr.Tülin ÇAĞATAY),SOLUNUM II DİLİMİ / GÖĞÜS HASTALIKLARI AD.,FAKÜLTEMİZ WEB SİTESİ ÖĞRENCİ AĞI AMFİ PROGRAMINA BAKINIZ
Dönem 3A Grubu,29 Aralık 2025 Pazartesi,11:10,12:10,Öğretim üyesi Uygulama 5,SOLUNUM II DİLİMİ,FAKÜLTEMİZ WEB SİTESİ ÖĞRENCİ AĞI UYGULAMA PROGRAMI VE YERİNE BAKINIZ
Dönem 3A Grubu,29 Aralık 2025 Pazartesi,13:30,14:10,3-Mycobacterium tuberculosis kompleksi / Prof.Dr. Meltem UZUN (Prof.Dr. Zayre ERTURAN),SOLUNUM II DİLİMİ / TIBBİ MİKROBİYOLOJİ AD.,FAKÜLTEMİZ WEB SİTESİ ÖĞRENCİ AĞI AMFİ PROGRAMINA BAKINIZ
Dönem 3A Grubu,29 Aralık 2025 Pazartesi,14:20,15:00,7-Endemik mikoz etkenleri / Prof.Dr. Meltem UZUN (Prof.Dr. Dilek ŞATANA),SOLUNUM II DİLİMİ / TIBBİ MİKROBİYOLOJİ AD.,FAKÜLTEMİZ WEB SİTESİ ÖĞRENCİ AĞI AMFİ PROGRAMINA BAKINIZ
Dönem 3A Grubu,29 Aralık 2025 Pazartesi,15:10,15:50,5-Allerjik hastalıkların etyopatogenezi / Prof.Dr. Cevdet ÖZDEMİR (Prof.Dr.Zeynep ALTINEL ),SOLUNUM II DİLİMİ / ÇOCUK SAĞLIĞI VE HASTALIKLARI AD.,FAKÜLTEMİZ WEB SİTESİ ÖĞRENCİ AĞI AMFİ PROGRAMINA BAKINIZ
Dönem 3A Grubu,30 Aralık 2025 Salı,08:30,09:10,4-Kronik alt solunum yolu hastalıkları - infeksiyonlar ve plevral lezyonlar / Prof.Dr. Yasemin ÖZLÜK (Dr. Öğr.Üyesi Doğu VURALLI BAKKALOĞLU),SOLUNUM II DİLİMİ / TIBBİ PATOLOJİ AD.,FAKÜLTEMİZ WEB SİTESİ ÖĞRENCİ AĞI AMFİ PROGRAMINA BAKINIZ
Dönem 3A Grubu,30 Aralık 2025 Salı,09:20,10:00,5-Diffüz akciğer parankim hastalıkları ve pnömokonyozlar / Prof.Dr. Yasemin ÖZLÜK (Dr.Öğr.Üyesi Doğu VURALLI BAKKALOĞLU),SOLUNUM II DİLİMİ / TIBBİ PATOLOJİ AD.,FAKÜLTEMİZ WEB SİTESİ ÖĞRENCİ AĞI AMFİ PROGRAMINA BAKINIZ
Dönem 3A Grubu,30 Aralık 2025 Salı,10:10,10:50,13-Göğüs hastalıkları acillleri / Doç.Dr. Aylin PIHTILI (Prof.Dr. Mustafa ERELEL),SOLUNUM II DİLİMİ / GÖĞÜS HASTALIKLARI AD.,FAKÜLTEMİZ WEB SİTESİ ÖĞRENCİ AĞI AMFİ PROGRAMINA BAKINIZ
Dönem 3A Grubu,30 Aralık 2025 Salı,11:00,11:40,1-Solunum Sistemi Temelli Hastalıklarda Egzersiz:Tanı ve Tedavideki Yeri / Dr.Öğr.Üyesi Sertaç YAKAL ( Dr.Öğr.Üyesi Şensu DİNÇER ),SOLUNUM II DİLİMİ / SPOR HEKİMLİĞİ AD.,FAKÜLTEMİZ WEB SİTESİ ÖĞRENCİ AĞI AMFİ PROGRAMINA BAKINIZ
Dönem 3A Grubu,30 Aralık 2025 Salı,11:50,12:30,SERBEST ÇALIŞMA,,
Dönem 3A Grubu,30 Aralık 2025 Salı,13:30,14:20,SERBEST ÇALIŞMA,,
Dönem 3A Grubu,31 Aralık 2025 Çarşamba,08:30,09:10,SERBEST ÇALIŞMA,,
Dönem 3A Grubu,31 Aralık 2025 Çarşamba,09:20,10:00,SERBEST ÇALIŞMA,,
Dönem 3A Grubu,31 Aralık 2025 Çarşamba,10:10,10:50,SERBEST ÇALIŞMA,,
Dönem 3A Grubu,31 Aralık 2025 Çarşamba,11:10,12:10,Öğretim üyesi Uygulama 6,,
Dönem 3A Grubu,31 Aralık 2025 Çarşamba,13:30,16:00,SERBEST ÇALIŞMA,,FAKÜLTEMİZ WEB SİTESİ ÖĞRENCİ AĞI UYGULAMA PROGRAMI VE YERİNE BAKINIZ
Dönem 3A Grubu,1 Ocak 2026 Perşembe,08:30,16:30,YILBAŞI,,
Dönem 3A Grubu,2 Ocak 2026 Cuma,08:30,09:10,Dolaşım ve solunum sistemi etkileri / Prof.Dr.Hasan KUDAT,SOLUNUM II DİLİMİ / İÇ HASTALIKLARI AD.,FAKÜLTEMİZ WEB SİTESİ ÖĞRENCİ AĞI AMFİ PROGRAMINA BAKINIZ
Dönem 3A Grubu,2 Ocak 2026 Cuma,09:20,10:00,5-Kanser tedavisinde farmakolojik ilkeler - alkile edici ve antimetabolitler / Prof.Dr. Ali Osman GÜROL (Prof.Dr. Ayşe Pınar YAMANTÜRK ÇELİK),SOLUNUM II DİLİMİ / TIBBİ FARMAKOLOJİ AD.,FAKÜLTEMİZ WEB SİTESİ ÖĞRENCİ AĞI AMFİ PROGRAMINA BAKINIZ
Dönem 3A Grubu,2 Ocak 2026 Cuma,10:10,10:50,6-Kanser tedavisinde kullanılan antibiyotikler ve diğer ilaçlar / Prof.Dr. Ali Osman GÜROL (Prof.Dr. Ayşe Pınar YAMANTÜRK ÇELİK),SOLUNUM II DİLİMİ / TIBBİ FARMAKOLOJİ AD.,FAKÜLTEMİZ WEB SİTESİ ÖĞRENCİ AĞI AMFİ PROGRAMINA BAKINIZ
Dönem 3A Grubu,2 Ocak 2026 Cuma,11:10,12:10,Öğretim üyesi Uygulama 7,SOLUNUM II DİLİMİ,
Dönem 3A Grubu,2 Ocak 2026 Cuma,14:00,15:30,SERBEST ÇALIŞMA (DÖNEM 2 SINAV),,
Dönem 3A Grubu,5 Ocak 2026 Pazartesi,08:30,10:00,ENTEGRE OTURUM Tütün kontrolü politikaları ve Sigarayı bırakma / Doç.Dr.Aylin PIHTILI (Prof.Dr.Züleyha BİNGÖL) -  Prof.Dr.Selma KARABEY (Prof.Dr. Gülsüm Nurhan İNCE) - Prof.Dr. Ahmet Bilge SÖZEN ,SOLUNUM II DİLİMİ / GÖĞÜS HASTALIKLARI AD. - KARDİYOLOJİ AD. - HALK SAĞLIĞI AD.,FAKÜLTEMİZ WEB SİTESİ ÖĞRENCİ AĞI AMFİ PROGRAMINA BAKINIZ
Dönem 3A Grubu,5 Ocak 2026 Pazartesi,10:10,10:50,SERBEST ÇALIŞMA,,
Dönem 3A Grubu,5 Ocak 2026 Pazartesi,11:10,12:10,Öğretim üyesi Uygulama 8,SOLUNUM II DİLİMİ,FAKÜLTEMİZ WEB SİTESİ ÖĞRENCİ AĞI UYGULAMA PROGRAMI VE YERİNE BAKINIZ
Dönem 3A Grubu,5 Ocak 2026 Pazartesi,13:30,14:10,3-Larenks - Anatomi Fizyoloji İnflamasyouProf.Dr. İsmet ASLAN (Uzm.Dr. Cömert ŞEN),SOLUNUM II DİLİMİ / KULAK BURUN BOĞAZ HASTALIKLARI AD.,FAKÜLTEMİZ WEB SİTESİ ÖĞRENCİ AĞI AMFİ PROGRAMINA BAKINIZ
Dönem 3A Grubu,5 Ocak 2026 Pazartesi,14:20,15:00,6-Akciğer ve plevra tümörleri / Dr.Öğr.Üyesi Doğu VURALLI BAKKALOĞLU (Prof.Dr. Yasemin ÖZLÜK),SOLUNUM II DİLİMİ / TIBBİ PATOLOJİ AD.,FAKÜLTEMİZ WEB SİTESİ ÖĞRENCİ AĞI AMFİ PROGRAMINA BAKINIZ
Dönem 3A Grubu,5 Ocak 2026 Pazartesi,15:10,15:50,7-Solunum yolu hastalıklarında ve alerjik hastalıklarda tanı  in vivo in vitro tesler / Prof.Dr. Zeynep ALTINEL (Prof.Dr. Cevdet ÖZDEMİR),SOLUNUM II DİLİMİ / ÇOCUK SAĞLIĞI VE HASTALIKLARI AD.,FAKÜLTEMİZ WEB SİTESİ ÖĞRENCİ AĞI AMFİ PROGRAMINA BAKINIZ
Dönem 3A Grubu,6 Ocak 2026 Salı,08:30,09:10,2-Üst solunum yolunun inflamatuar ve enfeksiyoz hastalıkları / Prof.Dr. Şenol ÇOMOĞLU,SOLUNUM II DİLİMİ / KULAK BURUN BOĞAZ HASTALIKLARI AD.,FAKÜLTEMİZ WEB SİTESİ ÖĞRENCİ AĞI UYGULAMA PROGRAMI VE YERİNE BAKINIZ
Dönem 3A Grubu,6 Ocak 2026 Salı,09:20,10:00,4- Üst solunum yolu acilleri / (Uzm.Dr. Cömert ŞEN)(Dr.Öğr.üyesi Hakan KARA),SOLUNUM II DİLİMİ / KULAK BURUN BOĞAZ HASTALIKLARI AD.,FAKÜLTEMİZ WEB SİTESİ ÖĞRENCİ AĞI AMFİ PROGRAMINA BAKINIZ
Dönem 3A Grubu,6 Ocak 2026 Salı,10:00,13:00,SERBEST ÇALIŞMA (DÖNEM 2 SINAV),,
Dönem 3A Grubu,6 Ocak 2026 Salı,13:30,14:10,1- Oksijen tedavisi /  Dr.Öğr.Üyesi Özlem  TURHAN (Prof.Dr. Zerrin SUNGUR),SOLUNUM II DİLİMİ / ANESTEZİYOLOJİ VE REANİMASYON AD.,FAKÜLTEMİZ WEB SİTESİ ÖĞRENCİ AĞI AMFİ PROGRAMINA BAKINIZ
Dönem 3A Grubu,6 Ocak 2026 Salı,14:20,15:00,6-Allerjik hastalıklarda öykü fizik muayene / Doç.Dr Ayşe SÜLEYMAN (Prof.Dr. Zeynep ALTINEL),SOLUNUM II DİLİMİ / ÇOCUK SAĞLIĞI VE HASTALIKLARI AD.,FAKÜLTEMİZ WEB SİTESİ ÖĞRENCİ AĞI AMFİ PROGRAMINA BAKINIZ
Dönem 3A Grubu,7 Ocak 2026 Çarşamba,8:30,15:50,SERBEST ÇALIŞMA,,
Dönem 3A Grubu,8 Ocak 2026 Perşembe,8:30,15:50,SERBEST ÇALIŞMA,,
Dönem 3A Grubu,9 Ocak 2026 Cuma,10:00,12:30,DİLİM SINAVI,SOLUNUM II DİLİMİ + DOLAŞIM II DİLİMİ + DİKEY KORİDOR III (A) DİLİMİ (Biyoistatistik),FAKÜLTEMİZ WEB SİTESİ ÖĞRENCİ AĞI AMFİ PROGRAMINA BAKINIZ
Dönem 3A+3B Grubu,9 Ocak 2026 Cuma,13:30,16:30,SERBEST ÇALIŞMA,,
Dönem 3A+3B Grubu,12 Ocak 2026 Pazartesi,09:00,12:00,Simüle Hasta Uygulaması /Anamnez +Serbest Çalışma,ZORUNLU SEÇMELİ,HULUSİ BEHÇET KÜTÜPHANESİ
Dönem 3A+3B Grubu,12 Ocak 2026 Pazartesi,13:00,17:00,Simüle Hasta Uygulaması /Anamnez +Serbest Çalışma,ZORUNLU SEÇMELİ,HULUSİ BEHÇET KÜTÜPHANESİ
Dönem 3A+3B Grubu,13 Ocak 2026 Salı,09:00,12:00,Simüle Hasta Uygulaması /Anamnez +Serbest Çalışma,ZORUNLU SEÇMELİ,HULUSİ BEHÇET KÜTÜPHANESİ
Dönem 3A+3B Grubu,13 Ocak 2026 Salı,13:00,17:00,Simüle Hasta Uygulaması /Anamnez +Serbest Çalışma,ZORUNLU SEÇMELİ,HULUSİ BEHÇET KÜTÜPHANESİ
Dönem 3A Grubu,14 Ocak 2026 Çarşamba,10:00,13:00,DÖNEM SINAVI KURAMSAL 1. OTURUM,SEMİYOLOJİ DİLİMİ + HAREKET II DİLİMİ + KAN-LENFOİD II DİLİMİ,FAKÜLTEMİZ WEB SİTESİ ÖĞRENCİ AĞI AMFİ PROGRAMINA BAKINIZ
Dönem 3A Grubu,15 Ocak 2026 Perşembe,10:00,12:00,SERBEST ÇALIŞMA (Dönem 1 Sınav),,
Dönem 3A Grubu,16 Ocak 2026 Cuma,14:00,15:30,SERBEST ÇALIŞMA (Dönem 1 Sınav),,
Dönem 3A Grubu,16 Ocak 2026 Cuma,10:00,12:30,DÖNEM SINAVI KURAMSAL 2. OTURUM,SOLUNUM II DİLİMİ + DOLAŞIM II DİLİMİ + DİKEY KORİDOR III (A) DİLİMİ (Biyoistatistik),FAKÜLTEMİZ WEB SİTESİ ÖĞRENCİ AĞI AMFİ PROGRAMINA BAKINIZ
Dönem 3A Grubu,19 Ocak 2026 Pazartesi,08:30,16:20,YARIYIL TATİLİ,,
Dönem 3A Grubu,20 Ocak 2026 Salı,08:30,16:20,YARIYIL TATİLİ,,
Dönem 3A Grubu,21 Ocak 2026 Çarşamba,08:30,16:20,YARIYIL TATİLİ,,
Dönem 3A Grubu,22 Ocak 2026 Perşembe,08:30,16:20,YARIYIL TATİLİ,,
Dönem 3A Grubu,23 Ocak 2026 Cuma,08:30,16:20,YARIYIL TATİLİ,,
Dönem 3A Grubu,26 Ocak 2026 Pazartesi,08:30,16:20,YARIYIL TATİLİ,,
Dönem 3A Grubu,27 Ocak 2026 Salı,08:30,16:20,YARIYIL TATİLİ,,
Dönem 3A Grubu,28 Ocak 2026 Çarşamba,08:30,16:20,YARIYIL TATİLİ,,
Dönem 3A Grubu,29 Ocak 2026 Perşembe,08:30,16:20,YARIYIL TATİLİ,,
Dönem 3A Grubu,30 Ocak 2026 Cuma,08:30,16:20,YARIYIL TATİLİ,,
Dönem 3A Grubu,2 Şubat 2026 Pazartesi,8:30,9:10,SERBEST ÇALIŞMA,,
Dönem 3A Grubu,2 Şubat 2026 Pazartesi,9:20,10:00,1-Endokrin Sistemin Fizyolojik Düzenleme Mekanizmaları / Prof.Dr. Güher Saruhan Direskeneli (Prof.Dr. F. Aytül Uyar),ENDOKRİN - METABOLİZMA II DİLİMİ / FİZYOLOJİ AD.,FAKÜLTEMİZ WEB SİTESİ ÖĞRENCİ AĞI AMFİ PROGRAMINA BAKINIZ
Dönem 3A Grubu,2 Şubat 2026 Pazartesi,10:10,10:50,1-Hormon ölçüm prensipleri / Doç.Dr. Ayşe Gül SÜNDÜS TELCİ / Prof.Dr. Pervin VURAL,ENDOKRİN - METABOLİZMA II DİLİMİ / TIBBİ BİYOKİMYA AD.,FAKÜLTEMİZ WEB SİTESİ ÖĞRENCİ AĞI AMFİ PROGRAMINA BAKINIZ
Dönem 3A Grubu,2 Şubat 2026 Pazartesi,11:10,12:10,Öğretim üyesi Uygulama 1,ENDOKRİN - METABOLİZMA II DİLİMİ,FAKÜLTEMİZ WEB SİTESİ ÖĞRENCİ AĞI UYGULAMA PROGRAMI VE YERİNE BAKINIZ
Dönem 3A Grubu,2 Şubat 2026 Pazartesi,12:30,13:30,ÖĞLE TATİLİ,,
Dönem 3A Grubu,2 Şubat 2026 Pazartesi,13:30,14:20,Hasta Başı Uygulama-22 A Grubu (İç H.) B Grubu (ÇSvH),SEMİYOLOJİ DİLİMİ,FAKÜLTEMİZ WEB SİTESİ ÖĞRENCİ AĞI UYGULAMA PROGRAMI VE YERİNE BAKINIZ
Dönem 3A Grubu,2 Şubat 2026 Pazartesi,14:30,15:10,SERBEST ÇALIŞMA,,
Dönem 3A Grubu,2 Şubat 2026 Pazartesi,15:20,16:00,SERBEST ÇALIŞMA,,
Dönem 3A Grubu,3 Şubat 2026 Salı,8:30,9:10,SERBEST ÇALIŞMA,,
Dönem 3A Grubu,3 Şubat 2026 Salı,9:20,10:00,1-Endokrin sistem histoloji ve embriyolojisi / Prof. Dr. Sibel KÖKTÜRK (Doç.Dr. Tuğba KOTİL),ENDOKRİN - METABOLİZMA II DİLİMİ / HİSTOLOJİ VE EMBİRİYOLOJİ AD.,FAKÜLTEMİZ WEB SİTESİ ÖĞRENCİ AĞI AMFİ PROGRAMINA BAKINIZ
Dönem 3A Grubu,3 Şubat 2026 Salı,10:10,10:50,1-Endokrin ve Metabolizma Hastalıklarında Kontrol ve Önleme Programları / Prof.Dr. Ayşe Emel ÖNAL (Prof.Dr. Halim İŞSEVER),ENDOKRİN - METABOLİZMA II DİLİMİ / HALK SAĞLIĞI AD.,FAKÜLTEMİZ WEB SİTESİ ÖĞRENCİ AĞI AMFİ PROGRAMINA BAKINIZ
Dönem 3A Grubu,3 Şubat 2026 Salı,11:00,11:40,2-Endokrin ve Metabolizma Hastalıklarının Toplum Sağlığı Boyutu / Prof.Dr. Ayşe Emel ÖNAL (Prof.Dr. Halim İŞSEVER),ENDOKRİN - METABOLİZMA II DİLİMİ / HALK SAĞLIĞI AD.,FAKÜLTEMİZ WEB SİTESİ ÖĞRENCİ AĞI AMFİ PROGRAMINA BAKINIZ
Dönem 3A Grubu,3 Şubat 2026 Salı,11:50,12:30,1-Hipofiz hastalıkları / Prof.Dr. Bilge BİLGİÇ /(Doç.Dr.Gökçen ÜNVERENGİL),ENDOKRİN - METABOLİZMA II DİLİMİ / TIBBİ PATOLOJİ AD.,FAKÜLTEMİZ WEB SİTESİ ÖĞRENCİ AĞI AMFİ PROGRAMINA BAKINIZ
Dönem 3A Grubu,3 Şubat 2026 Salı,12:30,13:30,ÖĞLE TATİLİ,,
Dönem 3A Grubu,3 Şubat 2026 Salı,13:30,14:20,Hasta Başı Uygulama-22 A Grubu (ÇSvH) B Grubu (İç H.),SEMİYOLOJİ DİLİMİ,FAKÜLTEMİZ WEB SİTESİ ÖĞRENCİ AĞI UYGULAMA PROGRAMI VE YERİNE BAKINIZ
Dönem 3A Grubu,3 Şubat 2026 Salı,14:30,15:10,SERBEST ÇALIŞMA,,
Dönem 3A Grubu,3 Şubat 2026 Salı,15:20,16:00,SERBEST ÇALIŞMA,,
Dönem 3A Grubu,4 Şubat 2026 Çarşamba,8:30,9:10,SERBEST ÇALIŞMA,,FAKÜLTEMİZ WEB SİTESİ ÖĞRENCİ AĞI AMFİ PROGRAMINA BAKINIZ
Dönem 3A Grubu,4 Şubat 2026 Çarşamba,9:20,10:00,1-Erişkinde hipertiroidi / Prof.Dr. Ayşe KUBAT ÜZÜM  (Prof.Dr. Gülşah YENİDÜNYA YALIN),ENDOKRİN - METABOLİZMA II DİLİMİ / İÇ HASTALIKLARI AD.,FAKÜLTEMİZ WEB SİTESİ ÖĞRENCİ AĞI AMFİ PROGRAMINA BAKINIZ
Dönem 3A Grubu,4 Şubat 2026 Çarşamba,10:10,10:50,2-Tiroid hastalıkları / Prof.Dr. Semen ÖNDER (Prof.Dr. Gülçin YEGEN),ENDOKRİN - METABOLİZMA II DİLİMİ / TIBBİ PATOLOJİ AD.,FAKÜLTEMİZ WEB SİTESİ ÖĞRENCİ AĞI AMFİ PROGRAMINA BAKINIZ
Dönem 3A Grubu,4 Şubat 2026 Çarşamba,11:10,12:10,Öğretim üyesi Uygulama 2,ENDOKRİN - METABOLİZMA II DİLİMİ,FAKÜLTEMİZ WEB SİTESİ ÖĞRENCİ AĞI UYGULAMA PROGRAMI VE YERİNE BAKINIZ
Dönem 3A Grubu,4 Şubat 2026 Çarşamba,12:30,13:30,ÖĞLE TATİLİ,,
Dönem 3A Grubu,4 Şubat 2026 Çarşamba,13:30,14:10,SERBEST ÇALIŞMA,,
Dönem 3A Grubu,4 Şubat 2026 Çarşamba,14:20,15:00,3-Kalsiyum metabolizması bozuklukları / Doç.Dr. Ayşe Gül SÜNDÜS TELCİ/(Prof.Dr. Semra ABBASOĞLU),ENDOKRİN - METABOLİZMA II DİLİMİ / TIBBİ BİYOKİMYA AD.,FAKÜLTEMİZ WEB SİTESİ ÖĞRENCİ AĞI AMFİ PROGRAMINA BAKINIZ
Dönem 3A Grubu,4 Şubat 2026 Çarşamba,15:10,15:50,4-Endokrin bozukluklarının fizyopatolojisi / Doç.Dr. Ayşe Gül SÜNDÜS TELCİ / Prof.Dr. Semra ABBASOĞLU),ENDOKRİN - METABOLİZMA II DİLİMİ / TIBBİ BİYOKİMYA AD.,FAKÜLTEMİZ WEB SİTESİ ÖĞRENCİ AĞI AMFİ PROGRAMINA BAKINIZ
Dönem 3A Grubu,5 Şubat 2026 Perşembe,8:30,9:10,SERBEST ÇALIŞMA,,
Dönem 3A Grubu,5 Şubat 2026 Perşembe,9:20,10:00,SERBEST ÇALIŞMA,,
Dönem 3A Grubu,5 Şubat 2026 Perşembe,10:10,10:50,SERBEST ÇALIŞMA,,
Dönem 3A Grubu,5 Şubat 2026 Perşembe,11:00,11:40,1-Çocukluk çağında doğumsal ve edinsel tiroid hastalıkları yenidoğan hipotiroidi taraması / Doç.Dr.Aslı Derya KARDELEN AL (Doç.Dr.Melek YILDIZ),ENDOKRİN - METABOLİZMA II DİLİMİ / ÇOCUK SAĞLIĞI VE HASTALIKLARI AD.,FAKÜLTEMİZ WEB SİTESİ ÖĞRENCİ AĞI AMFİ PROGRAMINA BAKINIZ
Dönem 3A Grubu,5 Şubat 2026 Perşembe,11:50,12:30,3-Tiroid tümörleri / Prof.Dr. Semen ÖNDER (Prof.Dr. Gülçin YEGEN),ENDOKRİN - METABOLİZMA II DİLİMİ / TIBBİ PATOLOJİ AD.,FAKÜLTEMİZ WEB SİTESİ ÖĞRENCİ AĞI AMFİ PROGRAMINA BAKINIZ
Dönem 3A Grubu,5 Şubat 2026 Perşembe,12:30,13:30,ÖĞLE TATİLİ,,
Dönem 3A Grubu,5 Şubat 2026 Perşembe,13:30,14:20,Hasta Başı Uygulama-23 A Grubu (İç H.) B Grubu (ÇSvH),SEMİYOLOJİ DİLİMİ,FAKÜLTEMİZ WEB SİTESİ ÖĞRENCİ AĞI UYGULAMA PROGRAMI VE YERİNE BAKINIZ
Dönem 3A Grubu,5 Şubat 2026 Perşembe,14:30,15:10,2-Tiroid Fonksiyonlarının değerlendirilmesinde laboratuvar / Doç.Dr. Ayşe Gül SÜNDÜS TELCİ (Prof.Dr. Pervin VURAL),ENDOKRİN - METABOLİZMA II DİLİMİ / TIBBİ BİYOKİMYA AD.,FAKÜLTEMİZ WEB SİTESİ ÖĞRENCİ AĞI AMFİ PROGRAMINA BAKINIZ
Dönem 3A Grubu,5 Şubat 2026 Perşembe,15:20,16:00,SERBEST ÇALIŞMA,,
Dönem 3A Grubu,6 Şubat 2026 Cuma,8:30,9:10,SERBEST ÇALIŞMA,,
Dönem 3A Grubu,6 Şubat 2026 Cuma,9:20,10:00,5-Lipoprotein metabolizması ve bozuklukları / Doç.Dr. Ayşe Gül SÜNDÜS TELCİ/(Prof. Dr. Pervin VURAL),ENDOKRİN - METABOLİZMA II DİLİMİ / TIBBİ BİYOKİMYA AD.,FAKÜLTEMİZ WEB SİTESİ ÖĞRENCİ AĞI AMFİ PROGRAMINA BAKINIZ
Dönem 3A Grubu,6 Şubat 2026 Cuma,10:10,10:50,6-Hipo ve hiperlipoproteinemiler / Doç.Dr. Ayşe Gül SÜNDÜS TELCİ/Prof. Dr. Pervin VURAL),ENDOKRİN - METABOLİZMA II DİLİMİ / TIBBİ BİYOKİMYA AD.,FAKÜLTEMİZ WEB SİTESİ ÖĞRENCİ AĞI AMFİ PROGRAMINA BAKINIZ
Dönem 3A Grubu,6 Şubat 2026 Cuma,11:00,11:40,2-Erişkinde hipotiroidi / Prof.Dr. Ayşe KUBAT ÜZÜM (Prof.Dr. Gülşah YENİDÜNYA YALIN),ENDOKRİN - METABOLİZMA II DİLİMİ / İÇ HASTALIKLARI AD.,FAKÜLTEMİZ WEB SİTESİ ÖĞRENCİ AĞI AMFİ PROGRAMINA BAKINIZ
Dönem 3A Grubu,6 Şubat 2026 Cuma,11:50,12:30,3-D vitamini eksikliği ve osteomalasi / Doç.Dr.Hülya HACIŞAHİNOĞULLARI  (Prof.Dr. Gülşah YENİDÜNYA YALIN),ENDOKRİN - METABOLİZMA II DİLİMİ / İÇ HASTALIKLARI AD.,FAKÜLTEMİZ WEB SİTESİ ÖĞRENCİ AĞI AMFİ PROGRAMINA BAKINIZ
Dönem 3A Grubu,6 Şubat 2026 Cuma,12:30,13:30,ÖĞLE TATİLİ,,
Dönem 3A Grubu,6 Şubat 2026 Cuma,14:00,14:50,Hasta Başı Uygulama-23 A Grubu (ÇSvH) B Grubu (İç H.),SEMİYOLOJİ DİLİMİ,FAKÜLTEMİZ WEB SİTESİ ÖĞRENCİ AĞI UYGULAMA PROGRAMI VE YERİNE BAKINIZ
Dönem 3A Grubu,6 Şubat 2026 Cuma,15:00,15:40,SERBEST ÇALIŞMA,,
Dönem 3A Grubu,6 Şubat 2026 Cuma,15:50,16:30,SERBEST ÇALIŞMA,,
Dönem 3A Grubu,9 Şubat 2026 Pazartesi,8:30,9:10,SERBEST ÇALIŞMA,,
Dönem 3A Grubu,9 Şubat 2026 Pazartesi,9:20,10:00,4-İyot yetersizliği /Prof.Dr. Özlem SOYLUK SELÇUKBİRİCİK  (Doç.Dr.Hülya HACIŞAHİNOĞULLARI ),ENDOKRİN - METABOLİZMA II DİLİMİ / İÇ HASTALIKLARI AD.,FAKÜLTEMİZ WEB SİTESİ ÖĞRENCİ AĞI AMFİ PROGRAMINA BAKINIZ
Dönem 3A Grubu,9 Şubat 2026 Pazartesi,10:10,10:50,5-Hipogonadizmler / Prof.Dr. Ayşe KUBAT ÜZÜM (Prof.Dr. Özlem SOYLUK SELÇUKBİRİCİK),ENDOKRİN - METABOLİZMA II DİLİMİ / İÇ HASTALIKLARI AD.,FAKÜLTEMİZ WEB SİTESİ ÖĞRENCİ AĞI AMFİ PROGRAMINA BAKINIZ
Dönem 3A Grubu,9 Şubat 2026 Pazartesi,11:10,12:10,Öğretim üyesi Uygulama 3,ENDOKRİN - METABOLİZMA II DİLİMİ,FAKÜLTEMİZ WEB SİTESİ ÖĞRENCİ AĞI UYGULAMA PROGRAMI VE YERİNE BAKINIZ
Dönem 3A Grubu,9 Şubat 2026 Pazartesi,12:30,13:30,ÖĞLE TATİLİ,,
Dönem 3A Grubu,9 Şubat 2026 Pazartesi,13:30,14:20,Hasta Başı Uygulama-24 A Grubu (İç H.) B Grubu (ÇSvH),SEMİYOLOJİ DİLİMİ,
Dönem 3A Grubu,9 Şubat 2026 Pazartesi,14:30,15:10,SERBEST ÇALIŞMA,,
Dönem 3A Grubu,10 Şubat 2026 Salı,8:30,9:10,6-Erişkinde sağlıklı beslenmenin temel ilkeleri / Öğr.Gör.Dr. Bedia Fulya ÇALIKOĞLU/Prof.Dr.Kubilay Karşıdağ,ENDOKRİN - METABOLİZMA II DİLİMİ / İÇ HASTALIKLARI AD.,FAKÜLTEMİZ WEB SİTESİ ÖĞRENCİ AĞI AMFİ PROGRAMINA BAKINIZ
Dönem 3A Grubu,10 Şubat 2026 Salı,9:20,10:00,7-Diabetes mellitus izlemindeki sorunlara yaklaşım / Prof.Dr.Kubilay Karşıdağ (Prof.Dr Nurdan GÜL ),ENDOKRİN - METABOLİZMA II DİLİMİ / İÇ HASTALIKLARI AD.,FAKÜLTEMİZ WEB SİTESİ ÖĞRENCİ AĞI AMFİ PROGRAMINA BAKINIZ
Dönem 3A Grubu,10 Şubat 2026 Salı,10:10,10:50,4-Paratiroid patolojileri / Öğr. Gör. Dr. Sidar BAĞBUDAR / Prof.Dr. Gülçin YEGEN,ENDOKRİN - METABOLİZMA II DİLİMİ / TIBBİ PATOLOJİ AD.,FAKÜLTEMİZ WEB SİTESİ ÖĞRENCİ AĞI AMFİ PROGRAMINA BAKINIZ
Dönem 3A Grubu,10 Şubat 2026 Salı,11:00,11:40,SERBEST ÇALIŞMA,,
Dönem 3A Grubu,10 Şubat 2026 Salı,11:50,12:30,SERBEST ÇALIŞMA,,
Dönem 3A Grubu,10 Şubat 2026 Salı,12:30,13:30,ÖĞLE TATİLİ,,
Dönem 3A Grubu,10 Şubat 2026 Salı,13:30,14:20,Hasta Başı Uygulama-24 A Grubu (ÇSvH) B Grubu (İç H.),SEMİYOLOJİ DİLİMİ,FAKÜLTEMİZ WEB SİTESİ ÖĞRENCİ AĞI UYGULAMA PROGRAMI VE YERİNE BAKINIZ
Dönem 3A Grubu,10 Şubat 2026 Salı,14:30,15:10,"2-Çocukluk ve Ergenlik Döneminde Kemik Sağlığı, Kalsiyum ve Fosfor Metabolizma Bozuklukları / Prof.Dr.Firdevs BAŞ (Doç.Dr. Aslı Derya Kardelen AL)",ENDOKRİN - METABOLİZMA II DİLİMİ / ÇOCUK SAĞLIĞI VE HASTALIKLARI AD.,FAKÜLTEMİZ WEB SİTESİ ÖĞRENCİ AĞI AMFİ PROGRAMINA BAKINIZ
Dönem 3A Grubu,10 Şubat 2026 Salı,15:20,16:00,3-Çocukluk çağında diyabete yaklaşım / Prof.Dr.Firdevs BAŞ (Doç. Dr.Aslı Derya KARDELEN AL),ENDOKRİN - METABOLİZMA II DİLİMİ / ÇOCUK SAĞLIĞI VE HASTALIKLARI AD.,FAKÜLTEMİZ WEB SİTESİ ÖĞRENCİ AĞI AMFİ PROGRAMINA BAKINIZ
Dönem 3A Grubu,11 Şubat 2026 Çarşamba,8:30,9:10,1-Tiroid ve paratiroid Radyolojisi / Prof. Dr. Artür SALMASLIOĞLU (Doç. Dr. Mesut BULAKÇI),ENDOKRİN - METABOLİZMA II DİLİMİ / RADYOLOJİ AD.,FAKÜLTEMİZ WEB SİTESİ ÖĞRENCİ AĞI AMFİ PROGRAMINA BAKINIZ
Dönem 3A Grubu,11 Şubat 2026 Çarşamba,9:20,10:00,7-Kan proteinlerinin özellikleri ve fonksiyonları / Dr.Hande Parıldar KARPUZOĞLU/(Prof.Dr. Semra ABBASOĞLU),ENDOKRİN - METABOLİZMA II DİLİMİ / TIBBİ BİYOKİMYA AD.,FAKÜLTEMİZ WEB SİTESİ ÖĞRENCİ AĞI AMFİ PROGRAMINA BAKINIZ
Dönem 3A Grubu,11 Şubat 2026 Çarşamba,10:10,10:50,8-Kan proteinlerinde görülen değişiklikler ve akut faz reaktanları elektroforez / Dr. Öğr.Üyesi Hande Parıldar KARPUZOĞLU/(Prof.Dr. Semra ABBASOĞLU),ENDOKRİN - METABOLİZMA II DİLİMİ / TIBBİ BİYOKİMYA AD.,FAKÜLTEMİZ WEB SİTESİ ÖĞRENCİ AĞI AMFİ PROGRAMINA BAKINIZ
Dönem 3A Grubu,11 Şubat 2026 Çarşamba,11:10,12:10,Öğretim üyesi Uygulama 4,ENDOKRİN - METABOLİZMA II DİLİMİ,FAKÜLTEMİZ WEB SİTESİ ÖĞRENCİ AĞI UYGULAMA PROGRAMI VE YERİNE BAKINIZ
Dönem 3A Grubu,11 Şubat 2026 Çarşamba,12:30,13:30,ÖĞLE TATİLİ,,
Dönem 3A+3B Grubu,11 Şubat 2026 Çarşamba,13:30,14:10,Bilimsel Okuma Yazma Öğrenmek 2. Temel bilimler araştırma yöntemleri / Prof.Dr. Tamer DEMİRALP A + B Grubu Ortak,DİKEY KORİDOR III (B) DİLİMİ / FİZYOLOJİ AD.,FAKÜLTEMİZ WEB SİTESİ ÖĞRENCİ AĞI AMFİ PROGRAMINA BAKINIZ
Dönem 3A Grubu,11 Şubat 2026 Çarşamba,14:20,15:00,SERBEST ÇALIŞMA,,
Dönem 3A Grubu,11 Şubat 2026 Çarşamba,15:10,15:50,SERBEST ÇALIŞMA,,
Dönem 3A Grubu,12 Şubat 2026 Perşembe,8:30,9:10,SERBEST ÇALIŞMA,,
Dönem 3A Grubu,12 Şubat 2026 Perşembe,9:20,10:00,9-Diyabet tanı ve izlenimde laboratuar / Prof.Dr. Nihal SALMAYENLİ (Prof.Dr. Evin ADEMOĞLU),ENDOKRİN - METABOLİZMA II DİLİMİ / TIBBİ BİYOKİMYA AD.,FAKÜLTEMİZ WEB SİTESİ ÖĞRENCİ AĞI AMFİ PROGRAMINA BAKINIZ
Dönem 3A Grubu,12 Şubat 2026 Perşembe,10:10,10:50,10-Hiperglisemiler ve hipoglisemiler / Prof.Dr. Nihal SALMAYENLİ (Prof.Dr. Evin ADEMOĞLU),ENDOKRİN - METABOLİZMA II DİLİMİ / TIBBİ BİYOKİMYA AD.,FAKÜLTEMİZ WEB SİTESİ ÖĞRENCİ AĞI AMFİ PROGRAMINA BAKINIZ
Dönem 3A Grubu,12 Şubat 2026 Perşembe,11:00,11:40,4-Doğumsal metabolik hastalıklarda tanımlar / Doç.Dr. Mehmet Cihan BALCI  (Prof.Dr. Asuman GEDİKBAŞI),ENDOKRİN - METABOLİZMA II DİLİMİ / ÇOCUK SAĞLIĞI VE HASTALIKLARI AD.,FAKÜLTEMİZ WEB SİTESİ ÖĞRENCİ AĞI AMFİ PROGRAMINA BAKINIZ
Dönem 3A Grubu,12 Şubat 2026 Perşembe,11:50,12:30,8-Tip 1 diyabetin etyopatogenezi klinik formları doğal seyri ve izlem kriterleri / Prof.Dr. Nurdan GÜL /Prof.Dr.Kubilay KARŞIDAĞ,ENDOKRİN - METABOLİZMA II DİLİMİ / İÇ HASTALIKLARI AD.,FAKÜLTEMİZ WEB SİTESİ ÖĞRENCİ AĞI AMFİ PROGRAMINA BAKINIZ
Dönem 3A Grubu,12 Şubat 2026 Perşembe,12:30,13:30,ÖĞLE TATİLİ,,
Dönem 3A Grubu,12 Şubat 2026 Perşembe,13:30,14:20,Hasta Başı Uygulama-25 A Grubu (İç H.) B Grubu (ÇSvH),SEMİYOLOJİ DİLİMİ,FAKÜLTEMİZ WEB SİTESİ ÖĞRENCİ AĞI UYGULAMA PROGRAMI VE YERİNE BAKINIZ
Dönem 3A Grubu,12 Şubat 2026 Perşembe,14:30,15:10,5-Çocuk sağkalım ilkeleri / Prof.Dr.Gonca KESKİNDEMİRCİ (Prof.Dr.Gülbin GÖKÇAY),ENDOKRİN - METABOLİZMA II DİLİMİ / ÇOCUK SAĞLIĞI VE HASTALIKLARI AD.,FAKÜLTEMİZ WEB SİTESİ ÖĞRENCİ AĞI AMFİ PROGRAMINA BAKINIZ
Dönem 3A Grubu,13 Şubat 2026 Cuma,8:30,9:10,SERBEST ÇALIŞMA,,
Dönem 3A Grubu,13 Şubat 2026 Cuma,9:20,10:00,SERBEST ÇALIŞMA,,
Dönem 3A Grubu,13 Şubat 2026 Cuma,10:10,10:50,SERBEST ÇALIŞMA,,
Dönem 3A Grubu,13 Şubat 2026 Cuma,11:00,11:40,SERBEST ÇALIŞMA,,
Dönem 3A Grubu,13 Şubat 2026 Cuma,11:50,12:30,1-Endokrin sistemin farmakolojik özellikleri /Dr. Zinnet EREN (Prof.Dr. A. Yağız ÜRESİN),ENDOKRİN - METABOLİZMA II DİLİMİ / TIBBİ FARMAKOLOJİ AD.,FAKÜLTEMİZ WEB SİTESİ ÖĞRENCİ AĞI AMFİ PROGRAMINA BAKINIZ
Dönem 3A Grubu,13 Şubat 2026 Cuma,12:30,13:30,ÖĞLE TATİLİ,,
Dönem 3A Grubu,13 Şubat 2026 Cuma,14:00,14:50,Hasta Başı Uygulama-25 A Grubu (ÇSvH) B Grubu (İç H.),SEMİYOLOJİ DİLİMİ,FAKÜLTEMİZ WEB SİTESİ ÖĞRENCİ AĞI UYGULAMA PROGRAMI VE YERİNE BAKINIZ
Dönem 3A+3B Grubu,13 Şubat 2026 Cuma,15:00,15:40,Bilimsel Okuma Yazma Öğrenmek 3. Radyolojide Yapay Zeka ve Uygulamaları / Prof. Dr. Atadan TUNACI (Prof. Dr. Artür SALMASLIOĞLU) A + B Grubu Ortak,DİKEY KORİDOR III (B) DİLİMİ / RADYOLOJİ AD.,FAKÜLTEMİZ WEB SİTESİ ÖĞRENCİ AĞI AMFİ PROGRAMINA BAKINIZ
Dönem 3A Grubu,16 Şubat 2026 Pazartesi,8:30,9:10,SERBEST ÇALIŞMA,,
Dönem 3A Grubu,16 Şubat 2026 Pazartesi,9:20,10:00,SERBEST ÇALIŞMA,,
Dönem 3A Grubu,16 Şubat 2026 Pazartesi,10:10,10:50,SERBEST ÇALIŞMA,,
Dönem 3A Grubu,16 Şubat 2026 Pazartesi,11:10,12:10,Öğretim üyesi Uygulama 5,ENDOKRİN - METABOLİZMA II DİLİMİ,FAKÜLTEMİZ WEB SİTESİ ÖĞRENCİ AĞI UYGULAMA PROGRAMI VE YERİNE BAKINIZ
Dönem 3A Grubu,16 Şubat 2026 Pazartesi,12:30,13:30,ÖĞLE TATİLİ,,
Dönem 3A Grubu,16 Şubat 2026 Pazartesi,13:30,14:20,Hasta Başı Uygulama-26 A Grubu (İç H.) B Grubu (ÇSvH),SEMİYOLOJİ DİLİMİ,FAKÜLTEMİZ WEB SİTESİ ÖĞRENCİ AĞI UYGULAMA PROGRAMI VE YERİNE BAKINIZ
Dönem 3A Grubu,16 Şubat 2026 Pazartesi,14:30,15:10,2-Doping ve spor / Prof.Dr. Gökhan METİN (Dr.Öğr.Üyesi Şensu DİNÇER ),ENDOKRİN - METABOLİZMA II DİLİMİ / SPOR HEKİMLİĞİ AD.,FAKÜLTEMİZ WEB SİTESİ ÖĞRENCİ AĞI AMFİ PROGRAMINA BAKINIZ
Dönem 3A Grubu,16 Şubat 2026 Pazartesi,15:20,16:00,Bilimsel Okuma Yazma Öğrenmek 1. Eleştirel makale okuma / Prof.Dr. Ahmet GÜL      A + B Grubu Ortak,DİKEY KORİDOR III (B) DİLİMİ / İÇ HASTALIKLARI AD.,FAKÜLTEMİZ WEB SİTESİ ÖĞRENCİ AĞI AMFİ PROGRAMINA BAKINIZ
Dönem 3A Grubu,17 Şubat 2026 Salı,8:30,9:10,11-Tip 2 diyabetin etyopatogenezi klinik formları doğal seyri ve izlem kriterleri / Prof.Dr. Özlem SOYLUK SELÇUKBİRİCİK (Prof.Dr. Ayşe KUBAT ÜZÜM),ENDOKRİN - METABOLİZMA II DİLİMİ / İÇ HASTALIKLARI AD.,FAKÜLTEMİZ WEB SİTESİ ÖĞRENCİ AĞI AMFİ PROGRAMINA BAKINIZ
Dönem 3A Grubu,17 Şubat 2026 Salı,9:20,10:00,1-Nükleer Tıp Tanı ve Tedavi Yöntemlerinde temel ilkeler / Prof.Dr. Zeynep Gözde ÖZKAN (Dr.Öğr.Üyesi Emine Göknur IŞIK),ENDOKRİN - METABOLİZMA II DİLİMİ / NÜKLEER TIP AD.,FAKÜLTEMİZ WEB SİTESİ ÖĞRENCİ AĞI AMFİ PROGRAMINA BAKINIZ
Dönem 3A Grubu,17 Şubat 2026 Salı,10:10,10:50,6-Olgularla intoksikasyon tipi doğumsal metabolik hastalıklara yaklaşım / Doktor Öğretim Üyesi Dilek GÜNEŞ(Dr.Öğr.Üyesi Mehmet Cihan BALCI),ENDOKRİN - METABOLİZMA II DİLİMİ / ÇOCUK SAĞLIĞI VE HASTALIKLARI AD.,FAKÜLTEMİZ WEB SİTESİ ÖĞRENCİ AĞI AMFİ PROGRAMINA BAKINIZ
Dönem 3A Grubu,17 Şubat 2026 Salı,11:00,11:40,7-Doğumsal metabolik Hastalıklarında Enerji Eksikliği ve kompleks molekül bozukluğu tabloları / Prof.Dr.Asuman GEDİKBAŞI (Doktor Öğretim Üyesi Dilek GÜNEŞ),ENDOKRİN - METABOLİZMA II DİLİMİ / ÇOCUK SAĞLIĞI VE HASTALIKLARI AD.,FAKÜLTEMİZ WEB SİTESİ ÖĞRENCİ AĞI AMFİ PROGRAMINA BAKINIZ
Dönem 3A Grubu,17 Şubat 2026 Salı,11:50,12:30,DÖNEM DEĞERLENDİRME TOPLANTISI,,
Dönem 3A Grubu,17 Şubat 2026 Salı,12:30,13:30,ÖĞLE TATİLİ,,
Dönem 3A Grubu,17 Şubat 2026 Salı,13:30,14:20,Hasta Başı Uygulama-26 A Grubu (ÇSvH) B Grubu (İç H.),SEMİYOLOJİ DİLİMİ,FAKÜLTEMİZ WEB SİTESİ ÖĞRENCİ AĞI UYGULAMA PROGRAMI VE YERİNE BAKINIZ
Dönem 3A Grubu,17 Şubat 2026 Salı,14:30,16:20,Uygulama (Patoloji / Mikrobiyoloji),SEMİYOLOJİ DİLİMİ,FAKÜLTEMİZ WEB SİTESİ ÖĞRENCİ AĞI UYGULAMA PROGRAMI VE YERİNE BAKINIZ
Dönem 3A Grubu,18 Şubat 2026 Çarşamba,8:30,9:10,SERBEST ÇALIŞMA,,
Dönem 3A Grubu,18 Şubat 2026 Çarşamba,9:20,10:00,SERBEST ÇALIŞMA,,
Dönem 3A Grubu,18 Şubat 2026 Çarşamba,10:10,10:50,1-Sporcu beslenmesi / Dr.Öğr.Üyesi Şensu DİNÇER (Dr.Öğr.Üyesi. Sertaç YAKALL),ENDOKRİN - METABOLİZMA II DİLİMİ / SPOR HEKİMLİĞİ AD.,FAKÜLTEMİZ WEB SİTESİ ÖĞRENCİ AĞI AMFİ PROGRAMINA BAKINIZ
Dönem 3A Grubu,18 Şubat 2026 Çarşamba,11:10,12:10,Öğretim üyesi Uygulama 6,ENDOKRİN - METABOLİZMA II DİLİMİ,FAKÜLTEMİZ WEB SİTESİ ÖĞRENCİ AĞI UYGULAMA PROGRAMI VE YERİNE BAKINIZ
Dönem 3A Grubu,18 Şubat 2026 Çarşamba,12:30,13:30,ÖĞLE TATİLİ,,
Dönem 3A Grubu,18 Şubat 2026 Çarşamba,13:30,14:10,SERBEST ÇALIŞMA,,
Dönem 3A Grubu,18 Şubat 2026 Çarşamba,14:20,15:00,SERBEST ÇALIŞMA,,
Dönem 3A Grubu,18 Şubat 2026 Çarşamba,15:10,15:50,SERBEST ÇALIŞMA,,
Dönem 3A Grubu,19 Şubat 2026 Perşembe,8:30,9:10,SERBEST ÇALIŞMA,,
Dönem 3A Grubu,19 Şubat 2026 Perşembe,9:20,10:00,SERBEST ÇALIŞMA,,
Dönem 3A Grubu,19 Şubat 2026 Perşembe,10:10,10:50,A5-A6  Öğretim Üyesi uygulaması,,
Dönem 3A Grubu,19 Şubat 2026 Perşembe,11:00,11:40,9-Hipo-hiperkalsemiler ve fosfor metabolizması / Doç.Dr.Hülya Hacişahinoğulları  (Dr.Öğr.Üyesi Ümmü MUTLU ),ENDOKRİN - METABOLİZMA II DİLİMİ / İÇ HASTALIKLARI AD.,FAKÜLTEMİZ WEB SİTESİ ÖĞRENCİ AĞI UYGULAMA PROGRAMI VE YERİNE BAKINIZ
Dönem 3A Grubu,19 Şubat 2026 Perşembe,11:50,12:30,10-Böbrek üstü bezinin hipo ve hiperfonksiyon durumları / Prof.Dr. Özlem SOYLUK SELÇUKBİRİCİK (Prof.Dr. Ayşe KUBAT ÜZÜM),ENDOKRİN - METABOLİZMA II DİLİMİ / İÇ HASTALIKLARI AD.,FAKÜLTEMİZ WEB SİTESİ ÖĞRENCİ AĞI AMFİ PROGRAMINA BAKINIZ
Dönem 3A Grubu,19 Şubat 2026 Perşembe,12:30,13:30,ÖĞLE TATİLİ,,
Dönem 3A Grubu,19 Şubat 2026 Perşembe,13:30,14:20,Hasta Başı Uygulama-27 A Grubu (İç H.) B Grubu (ÇSvH),SEMİYOLOJİ DİLİMİ,FAKÜLTEMİZ WEB SİTESİ ÖĞRENCİ AĞI UYGULAMA PROGRAMI VE YERİNE BAKINIZ
Dönem 3A Grubu,19 Şubat 2026 Perşembe,14:30,16:20,Uygulama (Patoloji / Mikrobiyoloji),,FAKÜLTEMİZ WEB SİTESİ ÖĞRENCİ AĞI UYGULAMA PROGRAMI VE YERİNE BAKINIZ
Dönem 3A Grubu,20 Şubat 2026 Cuma,8:30,9:10,A6-A7  Öğretim üyesi uygulaması,,
Dönem 3A Grubu,20 Şubat 2026 Cuma,9:20,10:50,INTEGRATED SESSION/ Genetic approach to disorders of sexual development / Prof.Dr. Firdevs BAŞ(Dr.Öğr.Üyesi Aslı Kardelen Al)  - Prof. Dr. Birsen KARAMAN (Dr.Öğretim Üyesi Ceren ALAVANDA )/(Türkçe tıp A grubu ile ortak ders),ENDOCRINE - METABOLISM II / ÇOCUK SAĞLIĞI VE HASTALIKLARI AD. - TIBBİ GENETİK AD.,FAKÜLTEMİZ WEB SİTESİ ÖĞRENCİ AĞI AMFİ PROGRAMINA BAKINIZ
Dönem 3A Grubu,20 Şubat 2026 Cuma,11:00,11:40,3-Sağlıklı yaşam - Diyabette egzersiz / Dr.Öğr.Üyesi Şensu DİNÇER (Dr.Öğr.Üyesi. Sertaç YAKAL),ENDOKRİN - METABOLİZMA II DİLİMİ / SPOR HEKİMLİĞİ AD.,FAKÜLTEMİZ WEB SİTESİ ÖĞRENCİ AĞI AMFİ PROGRAMINA BAKINIZ
Dönem 3A Grubu,20 Şubat 2026 Cuma,11:50,12:30,4-Egzersizde metabolik değişikler / Dr.Öğr.Üyesi. Sertaç YAKAL (Dr.Öğr.Üyesi Şensu DİNÇER ),ENDOKRİN - METABOLİZMA II DİLİMİ / SPOR HEKİMLİĞİ AD.,FAKÜLTEMİZ WEB SİTESİ ÖĞRENCİ AĞI AMFİ PROGRAMINA BAKINIZ
Dönem 3A Grubu,20 Şubat 2026 Cuma,12:30,14:00,ÖĞLE TATİLİ,,
Dönem 3A Grubu,20 Şubat 2026 Cuma,14:00,14:50,Hasta Başı Uygulama-27 A Grubu (ÇSvH) B Grubu (İç H.),SEMİYOLOJİ DİLİMİ,FAKÜLTEMİZ WEB SİTESİ ÖĞRENCİ AĞI UYGULAMA PROGRAMI VE YERİNE BAKINIZ
Dönem 3A Grubu,20 Şubat 2026 Cuma,15:00,15:40,SERBEST ÇALIŞMA,,
Dönem 3A Grubu,20 Şubat 2026 Cuma,15:50,16:30,SERBEST ÇALIŞMA,,
Dönem 3A Grubu,23 Şubat 2026 Pazartesi,8:30,9:10,SERBEST ÇALIŞMA,,
Dönem 3A Grubu,23 Şubat 2026 Pazartesi,9:20,10:50,ENTEGRE OTURUM Yenidoğan ve Çocukluk Çağında Hipoglisemi / Prof.Dr. Şükran POYRAZOĞLU (Doç.Dr. Aslı Kardelen AL) / Doktor Öğretim Üyesi Dilek GÜNEŞ (Doç.Dr. Mehmet Cihan BALCI ),ENDOKRİN - METABOLİZMA II DİLİMİ/ÇOCUK SAĞLIĞI VE HASTALIKLARI AD./ÇOCUK ENDOKRİNOLOJISI BD VE ÇOCUK METABOLİZMA VE BESLENME BD),FAKÜLTEMİZ WEB SİTESİ ÖĞRENCİ AĞI UYGULAMA PROGRAMI VE YERİNE BAKINIZ
Dönem 3A Grubu,23 Şubat 2026 Pazartesi,11:10,12:10,Öğretim üyesi Uygulama 7,ENDOKRİN - METABOLİZMA II DİLİMİ,FAKÜLTEMİZ WEB SİTESİ ÖĞRENCİ AĞI UYGULAMA PROGRAMI VE YERİNE BAKINIZ
Dönem 3A Grubu,23 Şubat 2026 Pazartesi,12:30,13:30,ÖĞLE TATİLİ,,
Dönem 3A Grubu,23 Şubat 2026 Pazartesi,13:30,14:20,Hasta Başı Uygulama-28 A Grubu (İç H.) B Grubu (ÇSvH),SEMİYOLOJİ DİLİMİ,FAKÜLTEMİZ WEB SİTESİ ÖĞRENCİ AĞI UYGULAMA PROGRAMI VE YERİNE BAKINIZ
Dönem 3A Grubu,23 Şubat 2026 Pazartesi,14:30,15:10,SERBEST ÇALIŞMA,,
Dönem 3A Grubu,23 Şubat 2026 Pazartesi,15:20,16:00,SERBEST ÇALIŞMA,,
Dönem 3A Grubu,24 Şubat 2026 Salı,8:30,9:10,SERBEST ÇALIŞMA,,
Dönem 3A Grubu,24 Şubat 2026 Salı,9:20,10:00,5-Böbreküstü bezi patolojileri / Prof.Dr. Gülçin YEGEN (Prof.Dr. Semen ÖNDER),ENDOKRİN - METABOLİZMA II DİLİMİ / TIBBİ PATOLOJİ AD.,FAKÜLTEMİZ WEB SİTESİ ÖĞRENCİ AĞI AMFİ PROGRAMINA BAKINIZ
Dönem 3A Grubu,24 Şubat 2026 Salı,10:10,10:50,8-Çocuklarda vitamin eksiklikleri tabloları / Doktor Öğretim Üyesi Dilek GÜNEŞ (Doç.Dr. Mehmet Cihan BALCI ),ENDOKRİN - METABOLİZMA II DİLİMİ / ÇOCUK SAĞLIĞI VE HASTALIKLARI AD.,FAKÜLTEMİZ WEB SİTESİ ÖĞRENCİ AĞI UYGULAMA PROGRAMI VE YERİNE BAKINIZ
Dönem 3A Grubu,24 Şubat 2026 Salı,11:00,11:40,9-Bebek ve küçük çocuk beslenmesinde sorunlar / Dr.Öğr. Üyesi Meryem KARACA (Doktor Öğretim Üyesi Dilek GÜNEŞ),ENDOKRİN - METABOLİZMA II DİLİMİ / ÇOCUK SAĞLIĞI VE HASTALIKLARI AD.,FAKÜLTEMİZ WEB SİTESİ ÖĞRENCİ AĞI UYGULAMA PROGRAMI VE YERİNE BAKINIZ
Dönem 3A Grubu,24 Şubat 2026 Salı,11:50,12:30,10-Beslenme bozukluklarını değerlendirme ve Protein enerji malnütrisyonu / (Doktor Öğretim Üyesi Dilek GÜNEŞ )Doç.Dr. Mehmet Cihan BALCI ,ENDOKRİN - METABOLİZMA II DİLİMİ / ÇOCUK SAĞLIĞI VE HASTALIKLARI AD.,FAKÜLTEMİZ WEB SİTESİ ÖĞRENCİ AĞI UYGULAMA PROGRAMI VE YERİNE BAKINIZ
Dönem 3A Grubu,24 Şubat 2026 Salı,12:30,13:30,ÖĞLE TATİLİ,,
Dönem 3A Grubu,24 Şubat 2026 Salı,13:30,14:20,Hasta Başı Uygulama-28 A Grubu (ÇSvH) B Grubu (İç H.),SEMİYOLOJİ DİLİMİ,FAKÜLTEMİZ WEB SİTESİ ÖĞRENCİ AĞI UYGULAMA PROGRAMI VE YERİNE BAKINIZ
Dönem 3A Grubu,24 Şubat 2026 Salı,14:30,15:10,SERBEST ÇALIŞMA,,
Dönem 3A Grubu,24 Şubat 2026 Salı,15:20,16:00,SERBEST ÇALIŞMA,,
Dönem 3A Grubu,25 Şubat 2026 Çarşamba,8:30,9:10,SERBEST ÇALIŞMA,,
Dönem 3A Grubu,25 Şubat 2026 Çarşamba,9:20,10:00,SERBEST ÇALIŞMA,,
Dönem 3A Grubu,25 Şubat 2026 Çarşamba,10:10,10:50,SERBEST ÇALIŞMA,,
Dönem 3A Grubu,25 Şubat 2026 Çarşamba,11:10,12:10,Öğretim üyesi Uygulama 8,ENDOKRİN - METABOLİZMA II DİLİMİ,FAKÜLTEMİZ WEB SİTESİ ÖĞRENCİ AĞI UYGULAMA PROGRAMI VE YERİNE BAKINIZ
Dönem 3A Grubu,25 Şubat 2026 Çarşamba,12:30,13:30,ÖĞLE TATİLİ,,
Dönem 3A Grubu,25 Şubat 2026 Çarşamba,13:30,14:10,Seçmeli Dersler -1,,FAKÜLTEMİZ WEB SİTESİ ÖĞRENCİ AĞI SEÇMELİ DERS AMFİ PROGRAMINA BAKINIZ
Dönem 3A Grubu,25 Şubat 2026 Çarşamba,14:20,15:00,Seçmeli Dersler -1,,FAKÜLTEMİZ WEB SİTESİ ÖĞRENCİ AĞI SEÇMELİ DERS AMFİ PROGRAMINA BAKINIZ
Dönem 3A Grubu,25 Şubat 2026 Çarşamba,15:10,15:50,Seçmeli Dersler -1,,FAKÜLTEMİZ WEB SİTESİ ÖĞRENCİ AĞI SEÇMELİ DERS AMFİ PROGRAMINA BAKINIZ
Dönem 3A Grubu,26 Şubat 2026 Perşembe,8:30,9:10,SERBEST ÇALIŞMA,,
Dönem 3A Grubu,26 Şubat 2026 Perşembe,9:20,10:00,SERBEST ÇALIŞMA,,
Dönem 3A Grubu,26 Şubat 2026 Perşembe,10:10,10:50,SERBEST ÇALIŞMA,,
Dönem 3A Grubu,26 Şubat 2026 Perşembe,11:10,12:10,SERBEST ÇALIŞMA,,
Dönem 3A Grubu,26 Şubat 2026 Perşembe,11:50,12:30,A8  Öğretim üyesi uygulaması,,
Dönem 3A Grubu,26 Şubat 2026 Perşembe,12:30,13:30,ÖĞLE TATİLİ,,
Dönem 3A Grubu,26 Şubat 2026 Perşembe,13:30,14:20,Hasta Başı Uygulama-29 A Grubu (İç H.) B Grubu (ÇSvH),SEMİYOLOJİ DİLİMİ,FAKÜLTEMİZ WEB SİTESİ ÖĞRENCİ AĞI UYGULAMA PROGRAMI VE YERİNE BAKINIZ
Dönem 3A Grubu,26 Şubat 2026 Perşembe,14:30,15:10,SERBEST ÇALIŞMA,,
Dönem 3A Grubu,26 Şubat 2026 Perşembe,15:20,16:00,SERBEST ÇALIŞMA,,
Dönem 3A Grubu,27 Şubat 2026 Cuma,8:30,9:10,SERBEST ÇALIŞMA,,
Dönem 3A Grubu,27 Şubat 2026 Cuma,9:20,10:50,SERBEST ÇALIŞMA,,
Dönem 3A Grubu,27 Şubat 2026 Cuma,11:00,11:40,A5 ÖĞRETİM ÜYESİ ,,
Dönem 3A Grubu,27 Şubat 2026 Cuma,11:50,12:30,A7  Öğretim üyesi uygulaması,,
Dönem 3A Grubu,27 Şubat 2026 Cuma,12:30,14:00,ÖĞLE TATİLİ,,
Dönem 3A Grubu,27 Şubat 2026 Cuma,14:00,14:50,Hasta Başı Uygulama-29 A Grubu (ÇSvH) B Grubu (İç H.),SEMİYOLOJİ DİLİMİ,FAKÜLTEMİZ WEB SİTESİ ÖĞRENCİ AĞI UYGULAMA PROGRAMI VE YERİNE BAKINIZ
Dönem 3A Grubu,27 Şubat 2026 Cuma,15:00,15:40,SERBEST ÇALIŞMA,,
Dönem 3A Grubu,27 Şubat 2026 Cuma,15:50,16:30,SERBEST ÇALIŞMA,,
Dönem 3A Grubu,2 Mart 2026 Pazartesi,8:30,9:10,SERBEST ÇALIŞMA,,
Dönem 3A Grubu,2 Mart 2026 Pazartesi,9:20,10:00,1-Sindirim sistemi histoloji ve embriyolojisi / Dr.Öğr.Üyesi Tuğba EKİZ YILMAZ (Doç.Dr. Elif KERVANCIOĞLU DEMİRCİ)        ,SİNDİRİM II DİLİMİ / HİSTOLOJİ VE EMBİRİYOLOJİ AD.,FAKÜLTEMİZ WEB SİTESİ ÖĞRENCİ AĞI AMFİ PROGRAMINA BAKINIZ
Dönem 3A Grubu,2 Mart 2026 Pazartesi,10:10,10:50,1-Gastrointestinal sistemde fizyolojik düzenlemeler / Prof.Dr. Sarper DİLER (Prof.Dr. F. AYTÜL UYAR) ,SİNDİRİM II DİLİMİ / FİZYOLOJİ AD.,FAKÜLTEMİZ WEB SİTESİ ÖĞRENCİ AĞI AMFİ PROGRAMINA BAKINIZ
Dönem 3A Grubu,2 Mart 2026 Pazartesi,11:10,12:10,Öğretim üyesi Uygulama 1,SİNDİRİM II DİLİMİ,FAKÜLTEMİZ WEB SİTESİ ÖĞRENCİ AĞI UYGULAMA PROGRAMI VE YERİNE BAKINIZ
Dönem 3A Grubu,2 Mart 2026 Pazartesi,12:30,13:30,ÖĞLE TATİLİ,,
Dönem 3A Grubu,2 Mart 2026 Pazartesi,13:30,14:20,Hasta Başı Uygulama- 30 A Grubu (İç H.) B Grubu (ÇSvH),SEMİYOLOJİ DİLİMİ,FAKÜLTEMİZ WEB SİTESİ ÖĞRENCİ AĞI UYGULAMA PROGRAMI VE YERİNE BAKINIZ
Dönem 3A Grubu,2 Mart 2026 Pazartesi,14:30,15:10,1-Sindirim sistemi klinik anatomisi / Prof.Dr. Ayşin KALE (Doç.Dr.Özcan GAYRETLİ) ,SİNDİRİM II DİLİMİ / ANATOMİ AD. ,FAKÜLTEMİZ WEB SİTESİ ÖĞRENCİ AĞI AMFİ PROGRAMINA BAKINIZ
Dönem 3A Grubu,2 Mart 2026 Pazartesi,15:20,16:00,SERBEST ÇALIŞMA,,
Dönem 3A Grubu,3 Mart 2026 Salı,8:30,9:10,SERBEST ÇALIŞMA,,
Dönem 3A Grubu,3 Mart 2026 Salı,9:20,10:00,A6 ÖĞRETİM ÜYESİ ÇOCUK SAĞLIĞI ,,
Dönem 3A Grubu,3 Mart 2026 Salı,10:10,10:50,1-Karaciğer fonksiyon testleri / Prof.Dr. Semra ABBASOĞLU/ (Dr. Öğr.Üyesi Hande Parıldar KARPUZOĞLU,SİNDİRİM II DİLİMİ / TIBBİ BİYOKİMYA AD.,FAKÜLTEMİZ WEB SİTESİ ÖĞRENCİ AĞI AMFİ PROGRAMINA BAKINIZ
Dönem 3A Grubu,3 Mart 2026 Salı,11:00,11:40,2-Bilirubin metabolizması ve sarılıkların fizyopatolojisi / Prof.Dr. Semra ABBASOĞLU/(Dr. Öğr.Üyesi Hande Parıldar KARPUZOĞLU),SİNDİRİM II DİLİMİ / TIBBİ BİYOKİMYA AD.,FAKÜLTEMİZ WEB SİTESİ ÖĞRENCİ AĞI AMFİ PROGRAMINA BAKINIZ
Dönem 3A Grubu,3 Mart 2026 Salı,11:50,12:30,1-Oral kavite ve tükrük bezi hastalıkları / Doç.Dr. Gökçen ÜNVERENGİL (Dr.Öğr.Üyesi Melek BÜYÜK),SİNDİRİM II DİLİMİ / TIBBİ PATOLOJİ AD.,FAKÜLTEMİZ WEB SİTESİ ÖĞRENCİ AĞI AMFİ PROGRAMINA BAKINIZ
Dönem 3A Grubu,3 Mart 2026 Salı,12:30,13:30,ÖĞLE TATİLİ,,
Dönem 3A Grubu,3 Mart 2026 Salı,13:30,14:20,Hasta Başı Uygulama-30 A Grubu (ÇSvH) B Grubu (İç H.),SEMİYOLOJİ DİLİMİ,FAKÜLTEMİZ WEB SİTESİ ÖĞRENCİ AĞI UYGULAMA PROGRAMI VE YERİNE BAKINIZ
Dönem 3A Grubu,3 Mart 2026 Salı,14:30,15:10,A6  Öğretim üyesi uygulaması,,
Dönem 3A Grubu,3 Mart 2026 Salı,15:20,16:00,A7  Öğretim üyesi uygulaması,,
Dönem 3A Grubu,4 Mart 2026 Çarşamba,8:30,9:10,SERBEST ÇALIŞMA,,FAKÜLTEMİZ WEB SİTESİ ÖĞRENCİ AĞI AMFİ PROGRAMINA BAKINIZ
Dönem 3A Grubu,4 Mart 2026 Çarşamba,9:20,10:00,2-Özofagus hastalıkları / Dr.Öğr.Gör.Neslihan BERKER ( Dr.Öğr.Üyesi Melek BÜYÜK),SİNDİRİM II DİLİMİ / TIBBİ PATOLOJİ AD.,FAKÜLTEMİZ WEB SİTESİ ÖĞRENCİ AĞI AMFİ PROGRAMINA BAKINIZ
Dönem 3A Grubu,4 Mart 2026 Çarşamba,10:10,10:50,1-Çocukluk çağında karın ağrısı / Doç.Dr. Zerrin ÖNAL (Doç.Dr. Elif TÜRKMEN),SİNDİRİM II DİLİMİ / ÇOCUK SAĞLIĞI VE HASTALIKLARI AD.,FAKÜLTEMİZ WEB SİTESİ ÖĞRENCİ AĞI AMFİ PROGRAMINA BAKINIZ
Dönem 3A Grubu,4 Mart 2026 Çarşamba,11:10,12:10,Öğretim üyesi Uygulama 2,SİNDİRİM II DİLİMİ,FAKÜLTEMİZ WEB SİTESİ ÖĞRENCİ AĞI UYGULAMA PROGRAMI VE YERİNE BAKINIZ
Dönem 3A Grubu,4 Mart 2026 Çarşamba,12:30,13:30,ÖĞLE TATİLİ,,
Dönem 3A Grubu,4 Mart 2026 Çarşamba,13:30,14:10,Seçmeli Dersler - 2,,FAKÜLTEMİZ WEB SİTESİ ÖĞRENCİ AĞI SEÇMELİ DERS AMFİ PROGRAMINA BAKINIZ
Dönem 3A Grubu,4 Mart 2026 Çarşamba,14:20,15:00,Seçmeli Dersler - 2,,FAKÜLTEMİZ WEB SİTESİ ÖĞRENCİ AĞI SEÇMELİ DERS AMFİ PROGRAMINA BAKINIZ
Dönem 3A Grubu,4 Mart 2026 Çarşamba,15:10,15:50,Seçmeli Dersler - 2,,FAKÜLTEMİZ WEB SİTESİ ÖĞRENCİ AĞI SEÇMELİ DERS AMFİ PROGRAMINA BAKINIZ
Dönem 3A Grubu,5 Mart 2026 Perşembe,8:30,9:10,2-Karın ağrıları / Prof.Dr. Sabahattin KAYMAKOĞLU (Prof.Dr. Filiz AKYÜZ),SİNDİRİM II DİLİMİ / İÇ HASTALIKLARI AD.,FAKÜLTEMİZ WEB SİTESİ ÖĞRENCİ AĞI AMFİ PROGRAMINA BAKINIZ
Dönem 3A Grubu,5 Mart 2026 Perşembe,9:20,10:00,1-Toplum sağlığı açısından sindirim sistemi / Doç. Dr.Meryem Merve Ören Çelik( Prof.Dr. Sevgi CANBAZ ),SİNDİRİM II DİLİMİ / HALK SAĞLIĞI AD.,FAKÜLTEMİZ WEB SİTESİ ÖĞRENCİ AĞI AMFİ PROGRAMINA BAKINIZ
Dönem 3A Grubu,5 Mart 2026 Perşembe,10:10,10:50,1-Akut infeksiyöz ishaller / Prof.Dr. Arif Atahan ÇAĞATAY (Prof.Dr. Serap ŞİMŞEK YAVUZ),SİNDİRİM II DİLİMİ / ENFEKSİYON HASTALIKLARI VE KLİNİK MİKROBİYOLOJİ AD.,FAKÜLTEMİZ WEB SİTESİ ÖĞRENCİ AĞI AMFİ PROGRAMINA BAKINIZ
Dönem 3A Grubu,5 Mart 2026 Perşembe,11:00,11:40,1-Salmonella / Prof.Dr. Betigül ÖNGEN (Prof.Dr. Zerrin AKTAŞ),SİNDİRİM II DİLİMİ / TIBBİ MİKROBİYOLOJİ AD.,FAKÜLTEMİZ WEB SİTESİ ÖĞRENCİ AĞI AMFİ PROGRAMINA BAKINIZ
Dönem 3A Grubu,5 Mart 2026 Perşembe,11:50,12:30,SERBEST ÇALIŞMA,,
Dönem 3A Grubu,5 Mart 2026 Perşembe,12:30,13:30,ÖĞLE TATİLİ,,
Dönem 3A Grubu,5 Mart 2026 Perşembe,13:30,14:20,Hasta Başı Uygulama-31 A Grubu (İç H.) B Grubu (ÇSvH),SEMİYOLOJİ DİLİMİ,FAKÜLTEMİZ WEB SİTESİ ÖĞRENCİ AĞI UYGULAMA PROGRAMI VE YERİNE BAKINIZ
Dönem 3A Grubu,5 Mart 2026 Perşembe,14:30,15:10,A8 ÖĞRETİM ÜYESİ ÇOCUK SAĞLIĞI ,,
Dönem 3A Grubu,5 Mart 2026 Perşembe,15:20,16:00,SERBEST ÇALIŞMA,,
Dönem 3A Grubu,6 Mart 2026 Cuma,8:30,9:10,SERBEST ÇALIŞMA,,
Dönem 3A Grubu,6 Mart 2026 Cuma,9:20,10:00,SERBEST ÇALIŞMA,,
Dönem 3A Grubu,6 Mart 2026 Cuma,10:10,10:50,2-Çocuklarda dışkılama ile ilgili semptomlar / Prof.Dr.Özlem DURMAZ (Doç.Dr.Zerrin ÖNAL) ,SİNDİRİM II DİLİMİ / ÇOCUK SAĞLIĞI VE HASTALIKLARI AD.,FAKÜLTEMİZ WEB SİTESİ ÖĞRENCİ AĞI AMFİ PROGRAMINA BAKINIZ
Dönem 3A Grubu,6 Mart 2026 Cuma,11:00,11:40,3-Sindirim sistemleri hastalıklarında laboratuvar / Prof.Dr. Kadir DEMİR (Prof.Dr. Aslı ÇİTFÇİBAŞÖRMECİ),SİNDİRİM II DİLİMİ / İÇ HASTALIKLARI AD.,FAKÜLTEMİZ WEB SİTESİ ÖĞRENCİ AĞI AMFİ PROGRAMINA BAKINIZ
Dönem 3A Grubu,6 Mart 2026 Cuma,11:50,12:30,4-Özofagus hastalıklarında semptomatoloji / Prof.Dr. Filiz AKYÜZ (Prof.Dr.Aslı ÇİFTÇİBAŞÖRMECİ),SİNDİRİM II DİLİMİ / İÇ HASTALIKLARI AD.,FAKÜLTEMİZ WEB SİTESİ ÖĞRENCİ AĞI AMFİ PROGRAMINA BAKINIZ
Dönem 3A Grubu,6 Mart 2026 Cuma,12:30,14:00,ÖĞLE TATİLİ,,
Dönem 3A Grubu,6 Mart 2026 Cuma,14:00,14:50,Hasta Başı Uygulama-31 A Grubu (ÇSvH) B Grubu (İç H.),SEMİYOLOJİ DİLİMİ,FAKÜLTEMİZ WEB SİTESİ ÖĞRENCİ AĞI UYGULAMA PROGRAMI VE YERİNE BAKINIZ
Dönem 3A Grubu,6 Mart 2026 Cuma,15:00,15:40,2-Shigella ve bağırsak patojeni E. coli / Prof.Dr. Betigül ÖNGEN (Prof.Dr. Zerrin AKTAŞ),SİNDİRİM II DİLİMİ / TIBBİ MİKROBİYOLOJİ AD.,FAKÜLTEMİZ WEB SİTESİ ÖĞRENCİ AĞI AMFİ PROGRAMINA BAKINIZ
Dönem 3A Grubu,6 Mart 2026 Cuma,15:50,16:30,1-Dispepsi + Bulantı kusma / Doç.Dr. Bilger ÇAVUŞ (Prof.Dr. Filiz AKYÜZ),SİNDİRİM II DİLİMİ / İÇ HASTALIKLARI AD.,FAKÜLTEMİZ WEB SİTESİ ÖĞRENCİ AĞI AMFİ PROGRAMINA BAKINIZ
Dönem 3A Grubu,9 Mart 2026 Pazartesi,8:30,9:10,SERBEST ÇALIŞMA,,
Dönem 3A Grubu,9 Mart 2026 Pazartesi,9:20,10:00,SERBEST ÇALIŞMA,,
Dönem 3A Grubu,9 Mart 2026 Pazartesi,10:00,12:00,SERBEST ÇALIŞMA (Dönem 2 Sınav),,
Dönem 3A Grubu,9 Mart 2026 Pazartesi,11:10,12:10,SERBEST ÇALIŞMA,,
Dönem 3A Grubu,9 Mart 2026 Pazartesi,12:30,13:30,ÖĞLE TATİLİ,,
Dönem 3A Grubu,9 Mart 2026 Pazartesi,13:30,14:20,Hasta Başı Uygulama-32 A Grubu (İç H.) B Grubu (ÇSvH),SEMİYOLOJİ DİLİMİ,FAKÜLTEMİZ WEB SİTESİ ÖĞRENCİ AĞI UYGULAMA PROGRAMI VE YERİNE BAKINIZ
Dönem 3A+3B Grubu,9 Mart 2026 Pazartesi,14:30,15:10,Bilimsel Okuma Yazma Öğrenmek 4. Makale Yazmak / Prof.Dr. Güher SARUHAN DİRESKENELİ A + B Grubu Ortak,DİKEY KORİDOR (B) DİLİMİ / FİZYOLOJİ AD.,FAKÜLTEMİZ WEB SİTESİ ÖĞRENCİ AĞI UYGULAMA PROGRAMI VE YERİNE BAKINIZ
Dönem 3A+3B Grubu,9 Mart 2026 Pazartesi,15:20,16:00,Bilimsel Okuma Yazma Öğrenmek 5. Makale türleri ve  aralarındaki farklar / Prof.Dr. Serap YAVUZ / Prof.Dr.Mustafa Oral ÖNCÜL A + B Grubu Ortak,DİKEY KORİDOR (B) DİLİMİ /,FAKÜLTEMİZ WEB SİTESİ ÖĞRENCİ AĞI UYGULAMA PROGRAMI VE YERİNE BAKINIZ
Dönem 3A Grubu,10 Mart 2026 Salı,8:30,9:10,5-Sindirim sistemi kanamaları / Prof.Dr. Sabahattin KAYMAKOĞLU (Prof.Dr. Filiz AKYÜZ),SİNDİRİM II DİLİMİ / İÇ HASTALIKLARI AD.,
Dönem 3A Grubu,10 Mart 2026 Salı,9:20,10:00,6-İshaller / Prof.Dr. Sabahattin KAYMAKOĞLU (Prof.Dr. Filiz AKYÜZ),SİNDİRİM II DİLİMİ / İÇ HASTALIKLARI AD.,FAKÜLTEMİZ WEB SİTESİ ÖĞRENCİ AĞI AMFİ PROGRAMINA BAKINIZ
Dönem 3A Grubu,10 Mart 2026 Salı,10:10,10:50,SERBEST ÇALIŞMA,,
Dönem 3A Grubu,10 Mart 2026 Salı,11:00,11:40,3-Mide hastalıkları I / Dr.Öğr.Üyesi Neslihan BERKER ( Dr.Öğr.Üyesi Melek BÜYÜK),SİNDİRİM II DİLİMİ / TIBBİ PATOLOJİ AD.,FAKÜLTEMİZ WEB SİTESİ ÖĞRENCİ AĞI AMFİ PROGRAMINA BAKINIZ
Dönem 3A Grubu,10 Mart 2026 Salı,11:50,12:30,4-Mide hastalıkları II / Dr.Öğr.Üyesi Neslihan BERKER ( Dr.Öğr.Üyesi Melek BÜYÜK),SİNDİRİM II DİLİMİ / TIBBİ PATOLOJİ AD.,FAKÜLTEMİZ WEB SİTESİ ÖĞRENCİ AĞI AMFİ PROGRAMINA BAKINIZ
Dönem 3A Grubu,10 Mart 2026 Salı,12:30,13:30,ÖĞLE TATİLİ,,
Dönem 3A Grubu,10 Mart 2026 Salı,13:30,14:20,Hasta Başı Uygulama-32 A Grubu (ÇSvH)B Grubu (İç H. ),SEMİYOLOJİ DİLİMİ,FAKÜLTEMİZ WEB SİTESİ ÖĞRENCİ AĞI UYGULAMA PROGRAMI VE YERİNE BAKINIZ
Dönem 3A Grubu,10 Mart 2026 Salı,14:30,16:20,Uygulama (Patoloji / Mikrobiyoloji),SEMİYOLOJİ DİLİMİ,FAKÜLTEMİZ WEB SİTESİ ÖĞRENCİ AĞI UYGULAMA PROGRAMI VE YERİNE BAKINIZ
Dönem 3A Grubu,11 Mart 2026 Çarşamba,8:30,9:10,3-Vibrio cholerae ve diğer Vibrio türleri / Prof.Dr. Betigül ÖNGEN (Prof.Dr. Zerrin AKTAŞ),SİNDİRİM II DİLİMİ / TIBBİ MİKROBİYOLOJİ AD.,FAKÜLTEMİZ WEB SİTESİ ÖĞRENCİ AĞI AMFİ PROGRAMINA BAKINIZ
Dönem 3A Grubu,11 Mart 2026 Çarşamba,9:20,10:00,SERBEST ÇALIŞMA,,
Dönem 3A Grubu,11 Mart 2026 Çarşamba,10:10,10:50,6-İnce ve kalın bağırsak hastalıkları II / /Dr.Öğr.Üyesi Neslihan BERKER (Dr.Öğr.Üyesi Melek BÜYÜK),SİNDİRİM II DİLİMİ / TIBBİ PATOLOJİ AD.,FAKÜLTEMİZ WEB SİTESİ ÖĞRENCİ AĞI AMFİ PROGRAMINA BAKINIZ
Dönem 3A Grubu,11 Mart 2026 Çarşamba,11:10,12:10,Öğretim üyesi Uygulama 4,SİNDİRİM II DİLİMİ,FAKÜLTEMİZ WEB SİTESİ ÖĞRENCİ AĞI UYGULAMA PROGRAMI VE YERİNE BAKINIZ
Dönem 3A Grubu,11 Mart 2026 Çarşamba,12:30,13:30,ÖĞLE TATİLİ,,
Dönem 3A Grubu,11 Mart 2026 Çarşamba,13:30,14:10,Seçmeli Dersler - 3,,FAKÜLTEMİZ WEB SİTESİ ÖĞRENCİ AĞI SEÇMELİ DERS AMFİ PROGRAMINA BAKINIZ
Dönem 3A Grubu,11 Mart 2026 Çarşamba,14:20,15:00,Seçmeli Dersler - 3,,FAKÜLTEMİZ WEB SİTESİ ÖĞRENCİ AĞI SEÇMELİ DERS AMFİ PROGRAMINA BAKINIZ
Dönem 3A Grubu,11 Mart 2026 Çarşamba,15:10,15:50,Seçmeli Dersler - 3,,FAKÜLTEMİZ WEB SİTESİ ÖĞRENCİ AĞI SEÇMELİ DERS AMFİ PROGRAMINA BAKINIZ
Dönem 3A Grubu,12 Mart 2026 Perşembe,8:30,9:10,8-Karaciğerin kolestatik ve metabolik hastalıkları / Dr.Öğr.Üyesi Melek BÜYÜK /Dr.Öğr.Üyesi Neslihan BERKER,SİNDİRİM II DİLİMİ / TIBBİ PATOLOJİ AD.,FAKÜLTEMİZ WEB SİTESİ ÖĞRENCİ AĞI AMFİ PROGRAMINA BAKINIZ
Dönem 3A Grubu,12 Mart 2026 Perşembe,9:20,10:00,7-Barsak tümörleri / /Dr.Öğr.Üyesi Neslihan BERKER (Dr.Öğr.Üyesi Melek BÜYÜK),SİNDİRİM II DİLİMİ / TIBBİ PATOLOJİ AD.,FAKÜLTEMİZ WEB SİTESİ ÖĞRENCİ AĞI AMFİ PROGRAMINA BAKINIZ
Dönem 3A Grubu,12 Mart 2026 Perşembe,10:10,10:50,3-Sarılıklı çocuğa yaklaşım / Doç.Dr.Zerrin ÖNAL (Prof.Dr.Özlem DURMAZ),SİNDİRİM II DİLİMİ / ÇOCUK SAĞLIĞI VE HASTALIKLARI AD.,FAKÜLTEMİZ WEB SİTESİ ÖĞRENCİ AĞI AMFİ PROGRAMINA BAKINIZ
Dönem 3A Grubu,12 Mart 2026 Perşembe,11:00,11:40,4-Çocukluk çağında kusmaya yaklaşım / Doç.Dr.Zerrin ÖNAL (Doç.Dr.Elif TÜRKMEN) ,SİNDİRİM II DİLİMİ / ÇOCUK SAĞLIĞI VE HASTALIKLARI AD.,FAKÜLTEMİZ WEB SİTESİ ÖĞRENCİ AĞI AMFİ PROGRAMINA BAKINIZ
Dönem 3A Grubu,12 Mart 2026 Perşembe,11:50,12:30,4-Campylobacter ve Helicobacter cinsleri / Prof.Dr. Betigül ÖNGEN (Prof.Dr. Zerrin AKTAŞ),SİNDİRİM II DİLİMİ / TIBBİ MİKROBİYOLOJİ AD.,FAKÜLTEMİZ WEB SİTESİ ÖĞRENCİ AĞI AMFİ PROGRAMINA BAKINIZ
Dönem 3A Grubu,12 Mart 2026 Perşembe,13:30,14:20,Hasta Başı Uygulama-33 A Grubu (İç H.) B Grubu (ÇSvH),SEMİYOLOJİ DİLİMİ,FAKÜLTEMİZ WEB SİTESİ ÖĞRENCİ AĞI UYGULAMA PROGRAMI VE YERİNE BAKINIZ
Dönem 3A Grubu,12 Mart 2026 Perşembe,14:30,16:20,Uygulama (Patoloji / Mikrobiyoloji),SEMİYOLOJİ DİLİMİ,FAKÜLTEMİZ WEB SİTESİ ÖĞRENCİ AĞI UYGULAMA PROGRAMI VE YERİNE BAKINIZ
Dönem 3A Grubu,13 Mart 2026 Cuma,8:30,9:10,10-Siroz / Dr.Öğr.Üyesi Melek BÜYÜK /Dr.Öğr.Üyesi Neslihan BERKER,SİNDİRİM II DİLİMİ / TIBBİ PATOLOJİ AD.,FAKÜLTEMİZ WEB SİTESİ ÖĞRENCİ AĞI AMFİ PROGRAMINA BAKINIZ
Dönem 3A Grubu,13 Mart 2026 Cuma,9:20,10:00,SERBEST ÇALIŞMA,,
Dönem 3A Grubu,13 Mart 2026 Cuma,10:10,10:50,SERBEST ÇALIŞMA,,
Dönem 3A Grubu,13 Mart 2026 Cuma,11:00,11:40,5-İnce ve kalın bağırsak hastalıkları I /Dr.Öğr.Üyesi Neslihan BERKER (Dr.Öğr.Üyesi Melek BÜYÜK),SİNDİRİM II DİLİMİ / TIBBİ PATOLOJİ AD.,FAKÜLTEMİZ WEB SİTESİ ÖĞRENCİ AĞI AMFİ PROGRAMINA BAKINIZ
Dönem 3A Grubu,13 Mart 2026 Cuma,11:50,12:30,Sindirim sistemi hastalıklarında genetik etyopatogenez / Prof.Dr. Şükrü ÖZTÜRK (Doç.Dr. Ayça Dilruba ASLANGER),SİNDİRİM II DİLİMİ / TIBBİ GENETİK AD.,FAKÜLTEMİZ WEB SİTESİ ÖĞRENCİ AĞI AMFİ PROGRAMINA BAKINIZ
Dönem 3A Grubu,13 Mart 2026 Cuma,12:30,14:00,ÖĞLE TATİLİ,,
Dönem 3A Grubu,13 Mart 2026 Cuma,14:00,14:50,Hasta Başı Uygulama-33 A Grubu (ÇSvH) B Grubu (İç H.),SEMİYOLOJİ DİLİMİ,FAKÜLTEMİZ WEB SİTESİ ÖĞRENCİ AĞI UYGULAMA PROGRAMI VE YERİNE BAKINIZ
Dönem 3A Grubu,13 Mart 2026 Cuma,15:00,15:40,6-Sindirim sistemi infeksiyonu etkeni protozoonlar (E. histolytica G. lamblia B. hominis Cryptosporidium cinsi) / Prof.Dr. Özden BORAL (Prof.Dr. Zayre ERTURAN),SİNDİRİM II DİLİMİ / TIBBİ MİKROBİYOLOJİ AD.,FAKÜLTEMİZ WEB SİTESİ ÖĞRENCİ AĞI UYGULAMA PROGRAMI VE YERİNE BAKINIZ
Dönem 3A Grubu,13 Mart 2026 Cuma,15:50,16:30,SERBEST ÇALIŞMA,,
Dönem 3A Grubu,16 Mart 2026 Pazartesi,8:30,9:10,9-Karaciğerde toksik etkiler ve hepatitler / Dr.Öğr.Üyesi Melek BÜYÜK /Dr.Öğr. Üyesi Neslihan BERKER,SİNDİRİM II DİLİMİ / TIBBİ PATOLOJİ AD.,FAKÜLTEMİZ WEB SİTESİ ÖĞRENCİ AĞI AMFİ PROGRAMINA BAKINIZ
Dönem 3A Grubu,16 Mart 2026 Pazartesi,9:20,10:00,1-Akut karın ve GİS cerrahi acilleri I / Dr.Öğr.Üyesi Leman Damla ERCAN (Prof.Dr. Mehmet İLHAN),SİNDİRİM II DİLİMİ / GENEL CERRAHİ AD.,FAKÜLTEMİZ WEB SİTESİ ÖĞRENCİ AĞI AMFİ PROGRAMINA BAKINIZ
Dönem 3A Grubu,16 Mart 2026 Pazartesi,10:10,10:50,2-Akut karın ve GİS cerrahi acilleri II / Dr.Öğr.Üyesi Leman Damla ERCAN (Prof.Dr. Mehmet İLHAN),SİNDİRİM II DİLİMİ / GENEL CERRAHİ AD.,FAKÜLTEMİZ WEB SİTESİ ÖĞRENCİ AĞI AMFİ PROGRAMINA BAKINIZ
Dönem 3A Grubu,16 Mart 2026 Pazartesi,11:10,12:10,Öğretim üyesi Uygulama 5,SİNDİRİM II DİLİMİ,FAKÜLTEMİZ WEB SİTESİ ÖĞRENCİ AĞI UYGULAMA PROGRAMI VE YERİNE BAKINIZ
Dönem 3A Grubu,16 Mart 2026 Pazartesi,12:30,13:30,ÖĞLE TATİLİ,,
Dönem 3A Grubu,16 Mart 2026 Pazartesi,13:30,14:20,Hasta Başı Uygulama-34 A Grubu (İç H.) B Grubu (ÇSvH),SEMİYOLOJİ DİLİMİ,FAKÜLTEMİZ WEB SİTESİ ÖĞRENCİ AĞI UYGULAMA PROGRAMI VE YERİNE BAKINIZ
Dönem 3A Grubu,16 Mart 2026 Pazartesi,14:30,15:10,3-Gastrointestinal sistem kanamaları / Prof.Dr.Hakan Teoman YANAR (Doç.Dr. Feza EKİZ),SİNDİRİM II DİLİMİ / GENEL CERRAHİ AD.,FAKÜLTEMİZ WEB SİTESİ ÖĞRENCİ AĞI UYGULAMA PROGRAMI VE YERİNE BAKINIZ
Dönem 3A Grubu,16 Mart 2026 Pazartesi,15:20,16:00,7-Kalın bağırsak hastalıklarında semptomatoloji I / Dr.Öğr. Üyesi Bilger ÇAVUŞ (Prof.Dr.Aslı ÇİFTÇİBAŞÖRMECİ),SİNDİRİM II DİLİMİ / İÇ HASTALIKLARI AD.,FAKÜLTEMİZ WEB SİTESİ ÖĞRENCİ AĞI AMFİ PROGRAMINA BAKINIZ
Dönem 3A Grubu,17 Mart 2026 Salı,8:30,9:10,SERBEST ÇALIŞMA,,
Dönem 3A Grubu,17 Mart 2026 Salı,9:20,10:00,7-Sindirim sistemi infeksiyonu etkeni protozoonlar (Balantidium coli ve Isospora - Microsporidia - Cyclospora cinsleri) / Prof.Dr. Özden BORAL (Prof.Dr. Meltem UZUN),SİNDİRİM II DİLİMİ / TIBBİ MİKROBİYOLOJİ AD.,FAKÜLTEMİZ WEB SİTESİ ÖĞRENCİ AĞI AMFİ PROGRAMINA BAKINIZ
Dönem 3A Grubu,17 Mart 2026 Salı,10:10,10:50,8-Sestotlar / Prof.Dr. Özden BORAL (Prof.Dr. Zayre ERTURAN),SİNDİRİM II DİLİMİ / TIBBİ MİKROBİYOLOJİ AD.,FAKÜLTEMİZ WEB SİTESİ ÖĞRENCİ AĞI AMFİ PROGRAMINA BAKINIZ
Dönem 3A Grubu,17 Mart 2026 Salı,11:00,11:40,1-Laksatif - Purgatif ve antidiyareik droglar / Prof.Dr. Ali Osman GÜROL (Prof.Dr. A. Pınar YAMANTÜRK ÇELİK),SİNDİRİM II DİLİMİ / TIBBİ FARMAKOLOJİ AD.,FAKÜLTEMİZ WEB SİTESİ ÖĞRENCİ AĞI AMFİ PROGRAMINA BAKINIZ
Dönem 3A Grubu,17 Mart 2026 Salı,11:50,12:30,2-Emetik ve antiemetik droglar / Prof.Dr. Ali Osman GÜROL (Prof.Dr. A. Pınar YAMANTÜRK ÇELİK),SİNDİRİM II DİLİMİ / TIBBİ FARMAKOLOJİ AD.,FAKÜLTEMİZ WEB SİTESİ ÖĞRENCİ AĞI AMFİ PROGRAMINA BAKINIZ
Dönem 3A Grubu,17 Mart 2026 Salı,12:30,13:30,ÖĞLE TATİLİ,,
Dönem 3A Grubu,17 Mart 2026 Salı,13:30,14:20,Hasta Başı Uygulama-34 A Grubu (ÇSvH) B Grubu (İç H.),SEMİYOLOJİ DİLİMİ,FAKÜLTEMİZ WEB SİTESİ ÖĞRENCİ AĞI UYGULAMA PROGRAMI VE YERİNE BAKINIZ
Dönem 3A Grubu,17 Mart 2026 Salı,14:30,15:10,5-Viral gastroenterit etkenleri / Prof.Dr. Ali AĞAÇFİDAN (Doç.Dr. Hayriye KIRKOYUN UYSAL),SİNDİRİM II DİLİMİ / TIBBİ MİKROBİYOLOJİ AD.,
Dönem 3A Grubu,17 Mart 2026 Salı,15:20,16:00,8-Kalın bağırsak hastalıklarında semptomatoloji II / Dr.Öğr. Üyesi Bilger ÇAVUŞ (Prof.Dr.Aslı ÇİTFÇİBAŞÖRMECİ),SİNDİRİM II DİLİMİ / İÇ HASTALIKLARI AD.,FAKÜLTEMİZ WEB SİTESİ ÖĞRENCİ AĞI AMFİ PROGRAMINA BAKINIZ
Dönem 3A Grubu,18 Mart 2026 Çarşamba,8:30,9:10,9-Trematotlar / Prof.Dr. Özden BORAL (Prof.Dr. Meltem UZUN),SİNDİRİM II DİLİMİ / TIBBİ MİKROBİYOLOJİ AD.,FAKÜLTEMİZ WEB SİTESİ ÖĞRENCİ AĞI AMFİ PROGRAMINA BAKINIZ
Dönem 3A Grubu,18 Mart 2026 Çarşamba,9:20,10:00,10-Nematotlar / Prof.Dr. Özden BORAL (Prof.Dr. Zayre ERTURAN),SİNDİRİM II DİLİMİ / TIBBİ MİKROBİYOLOJİ AD.,FAKÜLTEMİZ WEB SİTESİ ÖĞRENCİ AĞI AMFİ PROGRAMINA BAKINIZ
Dönem 3A Grubu,18 Mart 2026 Çarşamba,10:10,10:50,2-Akut viral hepatit / Prof.Dr. Mustafa Oral ÖNCÜL (Prof.Dr.Arif Atahan ÇAĞATAY),SİNDİRİM II DİLİMİ / ENFEKSİYON HASTALIKLARI VE KLİNİK MİKROBİYOLOJİ AD.,FAKÜLTEMİZ WEB SİTESİ ÖĞRENCİ AĞI AMFİ PROGRAMINA BAKINIZ
Dönem 3A Grubu,18 Mart 2026 Çarşamba,11:10,12:10,Öğretim üyesi Uygulama 6,SİNDİRİM II DİLİMİ,FAKÜLTEMİZ WEB SİTESİ ÖĞRENCİ AĞI UYGULAMA PROGRAMI VE YERİNE BAKINIZ
Dönem 3A Grubu,18 Mart 2026 Çarşamba,12:30,13:30,ÖĞLE TATİLİ,,
Dönem 3A Grubu,18 Mart 2026 Çarşamba,13:30,14:10,Seçmeli Dersler - 4,,FAKÜLTEMİZ WEB SİTESİ ÖĞRENCİ AĞI SEÇMELİ DERS AMFİ PROGRAMINA BAKINIZ
Dönem 3A Grubu,18 Mart 2026 Çarşamba,14:20,15:00,Seçmeli Dersler - 4,,FAKÜLTEMİZ WEB SİTESİ ÖĞRENCİ AĞI SEÇMELİ DERS AMFİ PROGRAMINA BAKINIZ
Dönem 3A Grubu,18 Mart 2026 Çarşamba,15:10,15:50,Seçmeli Dersler - 4,,FAKÜLTEMİZ WEB SİTESİ ÖĞRENCİ AĞI SEÇMELİ DERS AMFİ PROGRAMINA BAKINIZ
Dönem 3A Grubu,19 Mart 2026 Perşembe,8:30,9:10,SERBEST ÇALIŞMA,,
Dönem 3A Grubu,19 Mart 2026 Perşembe,9:20,10:00,SERBEST ÇALIŞMA,,
Dönem 3A Grubu,19 Mart 2026 Perşembe,10:10,10:50,9-İkterli ve kolestazlı hastaya yaklaşım / Prof.Dr. Kadir DEMİR (Prof.Dr.Aslı ÇİFTÇİBAŞÖRMECİ),SİNDİRİM II DİLİMİ / İÇ HASTALIKLARI AD.,FAKÜLTEMİZ WEB SİTESİ ÖĞRENCİ AĞI AMFİ PROGRAMINA BAKINIZ
Dönem 3A Grubu,19 Mart 2026 Perşembe,11:00,11:40,10-Asitli hastaya yaklaşım / Prof.Dr. Kadir DEMİR (Prof.Dr.Aslı ÇİFTÇİBAŞÖRMECİ),SİNDİRİM II DİLİMİ / İÇ HASTALIKLARI AD.,FAKÜLTEMİZ WEB SİTESİ ÖĞRENCİ AĞI AMFİ PROGRAMINA BAKINIZ
Dönem 3A Grubu,19 Mart 2026 Perşembe,11:50,12:30,11-Karaciğerin neoplastik ve nonneoplastik kitleleri / Dr.Öğr.Üyesi Melek BÜYÜK / Dr.Öğr.Üyesi Neslihan BERKER,SİNDİRİM II DİLİMİ / TIBBİ PATOLOJİ AD.,FAKÜLTEMİZ WEB SİTESİ ÖĞRENCİ AĞI AMFİ PROGRAMINA BAKINIZ
Dönem 3A Grubu,19 Mart 2026 Perşembe,12:30,13:30,ÖĞLE TATİLİ,,
Dönem 3A Grubu,19 Mart 2026 Perşembe,13:00,16:30,RAMAZAN BAYRAMI ARİFESİ,,
Dönem 3A Grubu,20 Mart 2026 Cuma,8:30,16:30,RAMAZAN BAYRAMI ,,
Dönem 3A Grubu,23 Mart 2026 Pazartesi,8:30,9:10,11-Portal hipertansiyon / Prof.Dr. Selman Fatih BEŞIŞIK ,SİNDİRİM II DİLİMİ / İÇ HASTALIKLARI AD.,FAKÜLTEMİZ WEB SİTESİ ÖĞRENCİ AĞI AMFİ PROGRAMINA BAKINIZ
Dönem 3A Grubu,23 Mart 2026 Pazartesi,9:20,10:00,12-Hepato-splenomegali / Prof.Dr. Filiz AKYÜZ ,SİNDİRİM II DİLİMİ / İÇ HASTALIKLARI AD.,FAKÜLTEMİZ WEB SİTESİ ÖĞRENCİ AĞI AMFİ PROGRAMINA BAKINIZ
Dönem 3A Grubu,23 Mart 2026 Pazartesi,10:10,10:50,12-Safra kesesi safra yolları hastalıkları ve tümörleri / Dr.Öğr.Üyesi Melek BÜYÜK / Dr.Öğr.Üyesi Neslihan BERKER,SİNDİRİM II DİLİMİ / TIBBİ PATOLOJİ AD.,FAKÜLTEMİZ WEB SİTESİ ÖĞRENCİ AĞI AMFİ PROGRAMINA BAKINIZ
Dönem 3A Grubu,23 Mart 2026 Pazartesi,11:10,12:10,Öğretim üyesi Uygulama 7,SİNDİRİM II DİLİMİ,FAKÜLTEMİZ WEB SİTESİ ÖĞRENCİ AĞI UYGULAMA PROGRAMI VE YERİNE BAKINIZ
Dönem 3A Grubu,23 Mart 2026 Pazartesi,12:30,13:30,ÖĞLE TATİLİ,,
Dönem 3A Grubu,23 Mart 2026 Pazartesi,13:30,14:20,Hasta Başı Uygulama-35 A Grubu (İç H.) B Grubu (ÇSvH),SEMİYOLOJİ DİLİMİ,FAKÜLTEMİZ WEB SİTESİ ÖĞRENCİ AĞI UYGULAMA PROGRAMI VE YERİNE BAKINIZ
Dönem 3A Grubu,23 Mart 2026 Pazartesi,14:30,15:10,SERBEST ÇALIŞMA,,
Dönem 3A Grubu,23 Mart 2026 Pazartesi,15:20,16:00,SERBEST ÇALIŞMA,,
Dönem 3A Grubu,24 Mart 2026 Salı,8:30,9:10,SERBEST ÇALIŞMA,,
Dönem 3A Grubu,24 Mart 2026 Salı,9:20,10:00,3-Antihelmintikler ve ektoparazitlere etkili droglar / Prof.Dr. A. Pınar YAMANTÜR-ÇELİK (Prof.Dr. A. Yağız ÜRESİN),SİNDİRİM II DİLİMİ / TIBBİ FARMAKOLOJİ AD.,FAKÜLTEMİZ WEB SİTESİ ÖĞRENCİ AĞI AMFİ PROGRAMINA BAKINIZ
Dönem 3A Grubu,24 Mart 2026 Salı,10:10,10:50,4-Antifungaller / Prof.Dr. A. Pınar YAMANTÜRK ÇELİK (Prof.Dr. A. Yağız ÜRESİN),SİNDİRİM II DİLİMİ / TIBBİ FARMAKOLOJİ AD.,FAKÜLTEMİZ WEB SİTESİ ÖĞRENCİ AĞI AMFİ PROGRAMINA BAKINIZ
Dönem 3A Grubu,24 Mart 2026 Salı,11:00,11:40,SERBEST ÇALIŞMA,,
Dönem 3A Grubu,24 Mart 2026 Salı,11:50,12:30,Öğretim üyesi Uygulama 3 (A3-A4-A5),SİNDİRİM II DİLİMİ,FAKÜLTEMİZ WEB SİTESİ ÖĞRENCİ AĞI UYGULAMA PROGRAMI VE YERİNE BAKINIZ
Dönem 3A Grubu,24 Mart 2026 Salı,12:30,13:30,ÖĞLE TATİLİ,,
Dönem 3A Grubu,24 Mart 2026 Salı,13:30,14:20,Hasta Başı Uygulama-35 A Grubu (ÇSvH) B Grubu (İç H.),SEMİYOLOJİ DİLİMİ,FAKÜLTEMİZ WEB SİTESİ ÖĞRENCİ AĞI UYGULAMA PROGRAMI VE YERİNE BAKINIZ
Dönem 3A Grubu,24 Mart 2026 Salı,14:30,16:20,Uygulama (Patoloji / Mikrobiyoloji),SEMİYOLOJİ DİLİMİ,FAKÜLTEMİZ WEB SİTESİ ÖĞRENCİ AĞI UYGULAMA PROGRAMI VE YERİNE BAKINIZ
Dönem 3A Grubu,25 Mart 2026 Çarşamba,8:30,9:10,SERBEST ÇALIŞMA,,
Dönem 3A Grubu,25 Mart 2026 Çarşamba,9:20,10:00,5-Antiseptikler ve dezenfektanlar / Prof.Dr. Ali Osman GÜROL (Prof.Dr. A. Pınar YAMANTÜRK ÇELİK),SİNDİRİM II DİLİMİ / TIBBİ FARMAKOLOJİ AD.,FAKÜLTEMİZ WEB SİTESİ ÖĞRENCİ AĞI AMFİ PROGRAMINA BAKINIZ
Dönem 3A Grubu,25 Mart 2026 Çarşamba,10:10,10:50,Direk  Karın Grafi / Prof.Dr. M. Gülbiz KARTAL (Doç. Dr. Mesut BULAKÇI),SİNDİRİM II DİLİMİ / RADYOLOJİ AD.,FAKÜLTEMİZ WEB SİTESİ ÖĞRENCİ AĞI AMFİ PROGRAMINA BAKINIZ
Dönem 3A Grubu,25 Mart 2026 Çarşamba,11:10,12:10,Öğretim üyesi Uygulama 8,SİNDİRİM II DİLİMİ,FAKÜLTEMİZ WEB SİTESİ ÖĞRENCİ AĞI UYGULAMA PROGRAMI VE YERİNE BAKINIZ
Dönem 3A Grubu,25 Mart 2026 Çarşamba,12:30,13:30,ÖĞLE TATİLİ,,
Dönem 3A Grubu,25 Mart 2026 Çarşamba,13:30,14:10,Seçmeli Dersler - 5,,FAKÜLTEMİZ WEB SİTESİ ÖĞRENCİ AĞI SEÇMELİ DERS AMFİ PROGRAMINA BAKINIZ
Dönem 3A Grubu,25 Mart 2026 Çarşamba,14:20,15:00,Seçmeli Dersler - 5,,FAKÜLTEMİZ WEB SİTESİ ÖĞRENCİ AĞI SEÇMELİ DERS AMFİ PROGRAMINA BAKINIZ
Dönem 3A Grubu,25 Mart 2026 Çarşamba,15:10,15:50,Seçmeli Dersler - 5,,FAKÜLTEMİZ WEB SİTESİ ÖĞRENCİ AĞI SEÇMELİ DERS AMFİ PROGRAMINA BAKINIZ
Dönem 3A Grubu,26 Mart 2026 Perşembe,8:30,9:10,13-Pankreas hastalıkları ve tümörleri / Dr.Öğr.Üyesi Melek BÜYÜK / Dr.Öğr.Üyesi Neslihan BERKER,SİNDİRİM II DİLİMİ / TIBBİ PATOLOJİ AD.,FAKÜLTEMİZ WEB SİTESİ ÖĞRENCİ AĞI AMFİ PROGRAMINA BAKINIZ
Dönem 3A Grubu,26 Mart 2026 Perşembe,9:20,10:50,ENTEGRE OTURUM Karaciğer enzim yükseklikli hastaya yaklaşım / Prof.Dr. Selman Fatih BEŞIŞIK /Dr.Öğr.Üyesi Aysun BENLİ /Dr.Öğr.Üyesi Melek BÜYÜK  (İngilizce Tıp ile ortak ders),SİNDİRİM II DİLİMİ / İÇ HASTALIKLARI AD.-ENFEKSİYON HASTALIKLARI - NÖROLOJİ AD.,FAKÜLTEMİZ WEB SİTESİ ÖĞRENCİ AĞI AMFİ PROGRAMINA BAKINIZ
Dönem 3A+3B Grubu,26 Mart 2026 Perşembe,11:00,11:40,Öğretim üyesi Uygulama 8 (A5),SİNDİRİM II DİLİMİ,FAKÜLTEMİZ WEB SİTESİ ÖĞRENCİ AĞI UYGULAMA PROGRAMI VE YERİNE BAKINIZ
Dönem 3A+3B Grubu,26 Mart 2026 Perşembe,11:50,12:30,SERBEST ÇALIŞMA,,
Dönem 3A Grubu,26 Mart 2026 Perşembe,12:30,13:30,ÖĞLE TATİLİ,,
Dönem 3A Grubu,26 Mart 2026 Perşembe,13:30,14:20,SERBEST ÇALIŞMA,,
Dönem 3A Grubu,26 Mart 2026 Perşembe,14:30,16:20,Uygulama (Patoloji / Mikrobiyoloji),SEMİYOLOJİ DİLİMİ,FAKÜLTEMİZ WEB SİTESİ ÖĞRENCİ AĞI UYGULAMA PROGRAMI VE YERİNE BAKINIZ
Dönem 3A Grubu,27 Mart 2026 Cuma,8:30,9:10,SERBEST ÇALIŞMA,,
Dönem 3A Grubu,27 Mart 2026 Cuma,9:20,10:00,SERBEST ÇALIŞMA,,
Dönem 3A Grubu,27 Mart 2026 Cuma,10:10,10:50,SERBEST ÇALIŞMA,,
Dönem 3A Grubu,27 Mart 2026 Cuma,11:00,11:40,SERBEST ÇALIŞMA,,
Dönem 3A Grubu,27 Mart 2026 Cuma,11:50,12:30,SERBEST ÇALIŞMA,,
Dönem 3A Grubu,27 Mart 2026 Cuma,12:30,13:30,ÖĞLE TATİLİ,,
Dönem 3A Grubu,27 Mart 2026 Cuma,14:00,14:40,SERBEST ÇALIŞMA,,
Dönem 3A Grubu,27 Mart 2026 Cuma,14:50,15:30,SERBEST ÇALIŞMA,,
Dönem 3A Grubu,30 Mart 2026 Pazartesi,10:00,12:30,DİLİM SINAVI,ENDOKRİN - METABOLİZMA II DİLİMİ + SİNDİRİM II DİLİMİ ,FAKÜLTEMİZ WEB SİTESİ ÖĞRENCİ AĞI AMFİ PROGRAMINA BAKINIZ
Dönem 3A Grubu,30 Mart 2026 Pazartesi,13:30,14:20,Hasta Başı Uygulama-36 A Grubu (İç H.) B Grubu (ÇSvH),SEMİYOLOJİ DİLİMİ,FAKÜLTEMİZ WEB SİTESİ ÖĞRENCİ AĞI UYGULAMA PROGRAMI VE YERİNE BAKINIZ
Dönem 3A+3B Grubu,31 Mart 2026 Salı,8:30,13:00,Simüle Hasta Uygulaması /Fizik Muayene +Serbest Çalışma,ZORUNLU SEÇMELİ,FAKÜLTEMİZ WEB SİTESİ ÖĞRENCİ AĞI UYGULAMA PROGRAMI VE YERİNE BAKINIZ
Dönem 3A Grubu,31 Mart 2026 Salı,13:30,14:20,Hasta Başı Uygulama-36 A Grubu (ÇSvH) B Grubu (İç H.),SEMİYOLOJİ DİLİMİ,FAKÜLTEMİZ WEB SİTESİ ÖĞRENCİ AĞI UYGULAMA PROGRAMI VE YERİNE BAKINIZ
Dönem 3A Grubu,31 Mart 2026 Salı,14:30,15:10,Bilimsel Okuma Yazma Öğrenmek 8. / Makale Okuma 1 Prof.Dr.Hasan KUDAT ,sorumlu öğretim üyesi ile küçük grup çalışması,FAKÜLTEMİZ WEB SİTESİ ÖĞRENCİ AĞI AMFİ PROGRAMINA BAKINIZ
Dönem 3A Grubu,31 Mart 2026 Salı,15:20,16:00,Bilimsel Okuma Yazma Öğrenmek 6. / Makale Okuma  2 Prof.Dr.Hasan KUDAT,sorumlu öğretim üyesi ile küçük grup çalışması,FAKÜLTEMİZ WEB SİTESİ ÖĞRENCİ AĞI AMFİ PROGRAMINA BAKINIZ
Dönem 3A+3B Grubu,1 Nisan 2026 Çarşamba,8:30,13:00,Simüle Hasta Uygulaması /Fizik Muayene +Serbest Çalışma,ZORUNLU SEÇMELİ,FAKÜLTEMİZ WEB SİTESİ ÖĞRENCİ AĞI UYGULAMA PROGRAMI VE YERİNE BAKINIZ
Dönem 3A Grubu,1 Nisan 2026 Çarşamba,13:00,13:30,ÖĞLE TATİLİ,,
Dönem 3A Grubu,1 Nisan 2026 Çarşamba,13:30,14:10,Seçmeli Dersler - 6,,FAKÜLTEMİZ WEB SİTESİ ÖĞRENCİ AĞI SEÇMELİ DERS AMFİ PROGRAMINA BAKINIZ
Dönem 3A Grubu,1 Nisan 2026 Çarşamba,14:20,15:00,Seçmeli Dersler - 6,,FAKÜLTEMİZ WEB SİTESİ ÖĞRENCİ AĞI SEÇMELİ DERS AMFİ PROGRAMINA BAKINIZ
Dönem 3A Grubu,1 Nisan 2026 Çarşamba,15:10,15:50,Seçmeli Dersler - 6,,FAKÜLTEMİZ WEB SİTESİ ÖĞRENCİ AĞI SEÇMELİ DERS AMFİ PROGRAMINA BAKINIZ
Dönem 3A+3B Grubu,2 Nisan 2026 Perşembe,8:30,13:00,Simüle Hasta Uygulaması /Fizik Muayene +Serbest Çalışma,ZORUNLU SEÇMELİ,FAKÜLTEMİZ WEB SİTESİ ÖĞRENCİ AĞI UYGULAMA PROGRAMI VE YERİNE BAKINIZ
Dönem 3A Grubu,2 Nisan 2026 Perşembe,12:30,13:30,ÖĞLE TATİLİ,,
Dönem 3A Grubu,2 Nisan 2026 Perşembe,13:30,14:20,Hasta Başı Uygulama-37 A Grubu (İç H.) B Grubu (ÇSvH),SEMİYOLOJİ DİLİMİ,FAKÜLTEMİZ WEB SİTESİ ÖĞRENCİ AĞI UYGULAMA PROGRAMI VE YERİNE BAKINIZ
Dönem 3A Grubu,2 Nisan 2026 Perşembe,14:30,16:20,Uygulama (Patoloji / Mikrobiyoloji),SEMİYOLOJİ DİLİMİ,FAKÜLTEMİZ WEB SİTESİ ÖĞRENCİ AĞI UYGULAMA PROGRAMI VE YERİNE BAKINIZ
Dönem 3A+3B Grubu,3 Nisan 2026 Cuma,8:30,13:00,Simüle Hasta Uygulaması /Fizik Muayene +Serbest Çalışma,ZORUNLU SEÇMELİ,FAKÜLTEMİZ WEB SİTESİ ÖĞRENCİ AĞI UYGULAMA PROGRAMI VE YERİNE BAKINIZ
Dönem 3A Grubu,3 Nisan 2026 Cuma,12:30,13:30,ÖĞLE TATİLİ,,
Dönem 3A Grubu,3 Nisan 2026 Cuma,14:00,14:50,Hasta Başı Uygulama-37 A Grubu (ÇSvH) B Grubu (İç H.),SEMİYOLOJİ DİLİMİ,FAKÜLTEMİZ WEB SİTESİ ÖĞRENCİ AĞI UYGULAMA PROGRAMI VE YERİNE BAKINIZ
Dönem 3A Grubu,3 Nisan 2026 Cuma,15:00,15:40,1-Böbrek Fizyolojisi / Prof.Dr. Alaattin YILDIZ (Prof.Dr. Halil YAZICI),ÜROGENİTAL VE ÜREME II DİLİMİ / İÇ HASTALIKLARI AD.,FAKÜLTEMİZ WEB SİTESİ ÖĞRENCİ AĞI AMFİ PROGRAMINA BAKINIZ
Dönem 3A Grubu,3 Nisan 2026 Cuma,15:50,16:30,1-Üriner ve genital infeksiyonlar / Prof.Dr. Serap ŞİMŞEK YAVUZ (Prof.Dr. Halit ÖZSÜT),ÜROGENİTAL VE ÜREME II DİLİMİ / ENFEKSİYON HASTALIKLARI VE KLİNİK MİKROBİYOLOJİ AD.,FAKÜLTEMİZ WEB SİTESİ ÖĞRENCİ AĞI AMFİ PROGRAMINA BAKINIZ
Dönem 3A Grubu,6 Nisan 2026 Pazartesi,8:30,9:10,2-Akut böbrek yetersizliğine yaklaşım / Prof.Dr. Halil YAZICI,ÜROGENİTAL VE ÜREME II DİLİMİ / İÇ HASTALIKLARI AD.,FAKÜLTEMİZ WEB SİTESİ ÖĞRENCİ AĞI AMFİ PROGRAMINA BAKINIZ
Dönem 3A Grubu,6 Nisan 2026 Pazartesi,9:20,10:00,Bilimsel Okuma Yazma Öğrenmek 7.  / Makale Okuma 3 Prof.Dr.Hasan KUDAT ,sorumlu öğretim üyesi ile küçük grup çalışması,FAKÜLTEMİZ WEB SİTESİ ÖĞRENCİ AĞI AMFİ PROGRAMINA BAKINIZ
Dönem 3A Grubu,6 Nisan 2026 Pazartesi,10:10,10:50,1-Üreme Fizyolojisi / Prof.Dr. F. AYTÜL UYAR (Dr.Öğr.Üyesi Emre HARI ),ÜROGENİTAL VE ÜREME II DİLİMİ / FİZYOLOJİ AD.,FAKÜLTEMİZ WEB SİTESİ ÖĞRENCİ AĞI AMFİ PROGRAMINA BAKINIZ
Dönem 3A Grubu,6 Nisan 2026 Pazartesi,11:10,12:10,Öğretim üyesi Uygulama 1 ,ÜROGENİTAL VE ÜREME II DİLİMİ / ÜROLOJİ AD.,
Dönem 3A Grubu,6 Nisan 2026 Pazartesi,12:30,13:30,ÖĞLE TATİLİ,,
Dönem 3A Grubu,6 Nisan 2026 Pazartesi,13:30,14:20,Hasta Başı Uygulama-38 A Grubu (İç H.) B Grubu (ÇSvH),SEMİYOLOJİ DİLİMİ,FAKÜLTEMİZ WEB SİTESİ ÖĞRENCİ AĞI UYGULAMA PROGRAMI VE YERİNE BAKINIZ
Dönem 3A Grubu,6 Nisan 2026 Pazartesi,14:30,15:10,1-Vulva - vagina ve plasenta hastalıkları ve Plesenta / Doç.Dr.Aysel BAYRAM( Prof. Dr. Semen ÖNDER),ÜROGENİTAL VE ÜREME II DİLİMİ / TIBBİ PATOLOJİ AD.,FAKÜLTEMİZ WEB SİTESİ ÖĞRENCİ AĞI AMFİ PROGRAMINA BAKINIZ
Dönem 3A Grubu,6 Nisan 2026 Pazartesi,15:20,16:00,2-Uterus serviksinin hastalıkları ve tümörleri / Doç.Dr.Aysel BAYRAM( Prof.Dr. Semen ÖNDER),ÜROGENİTAL VE ÜREME II DİLİMİ / TIBBİ PATOLOJİ AD.,FAKÜLTEMİZ WEB SİTESİ ÖĞRENCİ AĞI AMFİ PROGRAMINA BAKINIZ
Dönem 3A+3B Grubu,7 Nisan 2026 Salı,8:30,13:00,Simüle Hasta Uygulaması /Fizik Muayene +Serbest Çalışma,ZORUNLU SEÇMELİ,FAKÜLTEMİZ WEB SİTESİ ÖĞRENCİ AĞI UYGULAMA PROGRAMI VE YERİNE BAKINIZ
Dönem 3A Grubu,7 Nisan 2026 Salı,12:30,13:30,ÖĞLE TATİLİ,,
Dönem 3A Grubu,7 Nisan 2026 Salı,13:30,14:20,Hasta Başı Uygulama-38 A Grubu (ÇSvH) B Grubu (İç H.),SEMİYOLOJİ DİLİMİ,FAKÜLTEMİZ WEB SİTESİ ÖĞRENCİ AĞI UYGULAMA PROGRAMI VE YERİNE BAKINIZ
Dönem 3A Grubu,7 Nisan 2026 Salı,14:30,16:20,Uygulama (Patoloji / Mikrobiyoloji),SEMİYOLOJİ DİLİMİ,FAKÜLTEMİZ WEB SİTESİ ÖĞRENCİ AĞI UYGULAMA PROGRAMI VE YERİNE BAKINIZ
Dönem 3A Grubu,8 Nisan 2026 Çarşamba,8:30,9:10,,,
Dönem 3A Grubu,8 Nisan 2026 Çarşamba,9:20,10:00,3-Sıvı-elektrolit fizyolojisi / Dr.Öğr.üyesi Ahmet Burak DİRİM,,FAKÜLTEMİZ WEB SİTESİ ÖĞRENCİ AĞI AMFİ PROGRAMINA BAKINIZ
Dönem 3A Grubu,8 Nisan 2026 Çarşamba,10:10,10:50,3-Endometriumun siklus değişiklikleri ve hiperplazileri / Prof.Dr.Semen ÖNDER (Doç.Dr.Aysel BAYRAM),ÜROGENİTAL VE ÜREME II DİLİMİ / TIBBİ PATOLOJİ AD.,FAKÜLTEMİZ WEB SİTESİ ÖĞRENCİ AĞI AMFİ PROGRAMINA BAKINIZ
Dönem 3A Grubu,8 Nisan 2026 Çarşamba,11:10,12:10,Öğretim üyesi Uygulama 2 ,,
Dönem 3A Grubu,8 Nisan 2026 Çarşamba,12:30,13:30,ÖĞLE TATİLİ,,
Dönem 3A Grubu,8 Nisan 2026 Çarşamba,13:30,14:10,Seçmeli Dersler - 7,,FAKÜLTEMİZ WEB SİTESİ ÖĞRENCİ AĞI SEÇMELİ DERS AMFİ PROGRAMINA BAKINIZ
Dönem 3A Grubu,8 Nisan 2026 Çarşamba,14:20,15:00,Seçmeli Dersler - 7,,FAKÜLTEMİZ WEB SİTESİ ÖĞRENCİ AĞI SEÇMELİ DERS AMFİ PROGRAMINA BAKINIZ
Dönem 3A Grubu,8 Nisan 2026 Çarşamba,15:10,15:50,Seçmeli Dersler - 7,,FAKÜLTEMİZ WEB SİTESİ ÖĞRENCİ AĞI SEÇMELİ DERS AMFİ PROGRAMINA BAKINIZ
Dönem 3A Grubu,9 Nisan 2026 Perşembe,8:30,9:10,,,
Dönem 3A Grubu,9 Nisan 2026 Perşembe,9:20,10:00,1-N. gonorroeae ve H. ducreyi / Prof.Dr. Zerrin AKTAŞ (Prof.Dr. Betigül ÖNGEN),ÜROGENİTAL VE ÜREME II DİLİMİ / TIBBİ MİKROBİYOLOJİ AD.,FAKÜLTEMİZ WEB SİTESİ ÖĞRENCİ AĞI AMFİ PROGRAMINA BAKINIZ
Dönem 3A Grubu,9 Nisan 2026 Perşembe,10:10,10:50,SERBEST ÇALIŞMA,,
Dönem 3A Grubu,9 Nisan 2026 Perşembe,11:00,11:40,1-Obstetrikte Temel Kavramlar / Prof. Dr. İbrahim Halil KALELİOĞLU (Doç.Dr.Tuğba SARAÇ SİVRİKOZ),ÜROGENİTAL VE ÜREME II DİLİMİ / KADIN HASTALIKLARI VE DOĞUM AD.,FAKÜLTEMİZ WEB SİTESİ ÖĞRENCİ AĞI AMFİ PROGRAMINA BAKINIZ
Dönem 3A Grubu,9 Nisan 2026 Perşembe,11:50,12:30,4-Endometrium-miyometrium hastalıkları ve tümörleri / Prof.Dr.Semen ÖNDER (Doç.Dr.Aysel BAYRAM),ÜROGENİTAL VE ÜREME II DİLİMİ / TIBBİ PATOLOJİ AD.,FAKÜLTEMİZ WEB SİTESİ ÖĞRENCİ AĞI AMFİ PROGRAMINA BAKINIZ
Dönem 3A Grubu,9 Nisan 2026 Perşembe,12:30,13:30,ÖĞLE TATİLİ,,
Dönem 3A Grubu,9 Nisan 2026 Perşembe,13:30,14:20,Hasta Başı Uygulama-39 A Grubu (İç H.) B Grubu (ÇSvH),SEMİYOLOJİ DİLİMİ,FAKÜLTEMİZ WEB SİTESİ ÖĞRENCİ AĞI UYGULAMA PROGRAMI VE YERİNE BAKINIZ
Dönem 3A Grubu,9 Nisan 2026 Perşembe,14:30,15:10,Tıbbi Etik 1 Tıp Etiğine Giriş / Prof.Dr. Fatma Arın NAMAL (Prof.Dr. İlhan İLKILIÇ) A + B Grubu Ortak,DİKEY KORİDOR III (B) DİLİMİ / TIP TARİHİ VE ETİK AD.,FAKÜLTEMİZ WEB SİTESİ ÖĞRENCİ AĞI AMFİ PROGRAMINA BAKINIZ
Dönem 3A Grubu,9 Nisan 2026 Perşembe,15:20,16:00,Tıbbi Etik 2 Etik Açısından Hekim-Hasta-Hasta Yakını İlişkileri / Prof.Dr. Fatma Arın NAMAL (Prof.Dr. İlhan İLKILIÇ)  A + B Grubu Ortak,DİKEY KORİDOR III (B) DİLİMİ / TIP TARİHİ VE ETİK AD.,FAKÜLTEMİZ WEB SİTESİ ÖĞRENCİ AĞI AMFİ PROGRAMINA BAKINIZ
Dönem 3A Grubu,10 Nisan 2026 Cuma,8:30,9:10,1-Cinsel sağlık üreme sağlığı kavramlar ölçütler / Prof.Dr. Nuray ÖZGÜLNAR (Prof.Dr. Gülsüm Nurhan İNCE),ÜROGENİTAL VE ÜREME II DİLİMİ / HALK SAĞLIĞI AD.,FAKÜLTEMİZ WEB SİTESİ ÖĞRENCİ AĞI AMFİ PROGRAMINA BAKINIZ
Dönem 3A Grubu,10 Nisan 2026 Cuma,9:20,10:00,5-Over iltihapları ve epitelyal tümörleri / Prof.Dr.Semen ÖNDER(Doç.Dr.Aysel BAYRAM),ÜROGENİTAL VE ÜREME II DİLİMİ / TIBBİ PATOLOJİ AD.,FAKÜLTEMİZ WEB SİTESİ ÖĞRENCİ AĞI AMFİ PROGRAMINA BAKINIZ
Dönem 3A Grubu,10 Nisan 2026 Cuma,10:10,10:50,6-Overin seks kord stromal ve germ hücreli tümörleri / Prof.Dr.Semen ÖNDER (Doç.Dr.Aysel BAYRAM),ÜROGENİTAL VE ÜREME II DİLİMİ / TIBBİ PATOLOJİ AD.,FAKÜLTEMİZ WEB SİTESİ ÖĞRENCİ AĞI AMFİ PROGRAMINA BAKINIZ
Dönem 3A Grubu,10 Nisan 2026 Cuma,11:00,11:40,2-Chlamydia - Mycoplasma - Ureaplasma - Gardnerella cinsleri / Prof.Dr. Betigül ÖNGEN (Prof.Dr. Lütfiye ÖKSÜZ),ÜROGENİTAL VE ÜREME II DİLİMİ / TIBBİ MİKROBİYOLOJİ AD.,FAKÜLTEMİZ WEB SİTESİ ÖĞRENCİ AĞI AMFİ PROGRAMINA BAKINIZ
Dönem 3A Grubu,10 Nisan 2026 Cuma,11:50,12:30,SERBEST ÇALIŞMA,,
Dönem 3A Grubu,10 Nisan 2026 Cuma,12:30,14:00,ÖĞLE TATİLİ,,
Dönem 3A Grubu,10 Nisan 2026 Cuma,14:00,14:50,Hasta Başı Uygulama-39 A Grubu (ÇSvH) B Grubu (İç H.),SEMİYOLOJİ DİLİMİ,FAKÜLTEMİZ WEB SİTESİ ÖĞRENCİ AĞI UYGULAMA PROGRAMI VE YERİNE BAKINIZ
Dönem 3A Grubu,10 Nisan 2026 Cuma,15:00,15:40,SERBEST ÇALIŞMA,,
Dönem 3A Grubu,10 Nisan 2026 Cuma,15:50,16:30,SERBEST ÇALIŞMA,,
Dönem 3A Grubu,13 Nisan 2026 Pazartesi,8:30,9:10,3-Gebelik Endokrinolojisi / Doç.Dr.Burçin Karamustafaoğlu Balcı (Prof.Dr.Cemil AKGÜLl),ÜROGENİTAL VE ÜREME II DİLİMİ / KADIN HASTALIKLARI VE DOĞUM AD.,FAKÜLTEMİZ WEB SİTESİ ÖĞRENCİ AĞI AMFİ PROGRAMINA BAKINIZ
Dönem 3A Grubu,13 Nisan 2026 Pazartesi,9:20,10:00,7-Meme hastalıkları ve selim tümörleri / Prof. Dr.Semen ÖNDER (Doç.Dr.Aysel BAYRAM),ÜROGENİTAL VE ÜREME II DİLİMİ / TIBBİ PATOLOJİ AD.,FAKÜLTEMİZ WEB SİTESİ ÖĞRENCİ AĞI AMFİ PROGRAMINA BAKINIZ
Dönem 3A Grubu,13 Nisan 2026 Pazartesi,10:10,10:50,8-Meme karsinomları / Prof.Dr.Semen ÖNDER (Doç.Dr.Aysel BAYRAM),ÜROGENİTAL VE ÜREME II DİLİMİ / TIBBİ PATOLOJİ AD.,FAKÜLTEMİZ WEB SİTESİ ÖĞRENCİ AĞI AMFİ PROGRAMINA BAKINIZ
Dönem 3A Grubu,13 Nisan 2026 Pazartesi,11:10,12:10,Öğretim üyesi Uygulama 3,ÜROGENİTAL VE ÜREME II DİLİMİ,FAKÜLTEMİZ WEB SİTESİ ÖĞRENCİ AĞI UYGULAMA PROGRAMI VE YERİNE BAKINIZ
Dönem 3A Grubu,13 Nisan 2026 Pazartesi,12:30,13:30,ÖĞLE TATİLİ,,
Dönem 3A Grubu,13 Nisan 2026 Pazartesi,13:30,14:20,Hasta Başı Uygulama-40 A Grubu (İç H.) B Grubu (ÇSvH),SEMİYOLOJİ DİLİMİ,FAKÜLTEMİZ WEB SİTESİ ÖĞRENCİ AĞI UYGULAMA PROGRAMI VE YERİNE BAKINIZ
Dönem 3A Grubu,13 Nisan 2026 Pazartesi,14:30,15:10,2-CYBE'nin Toplum Sağlığı Açısından Önemi ve kontrolü / Prof.Dr. Selma KARABEY (Prof.Dr. Nuray ÖZGÜLNAR),ÜROGENİTAL VE ÜREME II DİLİMİ / HALK SAĞLIĞI AD.,FAKÜLTEMİZ WEB SİTESİ ÖĞRENCİ AĞI AMFİ PROGRAMINA BAKINIZ
Dönem 3A Grubu,13 Nisan 2026 Pazartesi,15:20,16:00,SERBEST ÇALIŞMA,,
Dönem 3A Grubu,14 Nisan 2026 Salı,8:30,9:10,SERBEST ÇALIŞMA,,
Dönem 3A Grubu,14 Nisan 2026 Salı,9:20,10:00,13-Böbrek anomalileri ve böbrek tümörleri / Dr.Öğr. Üyesi Özge HÜRDOĞAN (Prof.Dr. Yasemin ÖZLÜK),ÜROGENİTAL VE ÜREME II DİLİMİ / TIBBİ PATOLOJİ AD.,FAKÜLTEMİZ WEB SİTESİ ÖĞRENCİ AĞI AMFİ PROGRAMINA BAKINIZ
Dönem 3A Grubu,14 Nisan 2026 Salı,10:10,10:50,SERBEST ÇALIŞMA,,
Dönem 3A Grubu,14 Nisan 2026 Salı,11:00,11:40,SERBEST ÇALIŞMA,,
Dönem 3A Grubu,14 Nisan 2026 Salı,11:50,12:30,SERBEST ÇALIŞMA,,
Dönem 3A Grubu,14 Nisan 2026 Salı,12:30,13:30,ÖĞLE TATİLİ,,
Dönem 3A Grubu,14 Nisan 2026 Salı,13:30,14:20,Hasta Başı Uygulama-40 A Grubu (ÇSvH) B Grubu (İç H.),SEMİYOLOJİ DİLİMİ,FAKÜLTEMİZ WEB SİTESİ ÖĞRENCİ AĞI UYGULAMA PROGRAMI VE YERİNE BAKINIZ
Dönem 3A Grubu,14 Nisan 2026 Salı,14:30,15:10,1-Ürogenital sistemi klinik anatomisi / Prof.Dr. Ayşin KALE (Dr.Öğr. Üyesi Osman COŞKUN),ÜROGENİTAL VE ÜREME II DİLİMİ / ANATOMİ AD.,FAKÜLTEMİZ WEB SİTESİ ÖĞRENCİ AĞI AMFİ PROGRAMINA BAKINIZ
Dönem 3A Grubu,14 Nisan 2026 Salı,15:20,16.00,2-Doğumsal böbrek hastalıkları / Prof.Dr. Zeynep Nagehan YÜRÜK YILDIRIM (Doç.Dr. Bağdagül AKSU),ÜROGENİTAL VE ÜREME II DİLİMİ / ÇOCUK SAĞLIĞI VE HASTALIKLARI AD.,FAKÜLTEMİZ WEB SİTESİ ÖĞRENCİ AĞI AMFİ PROGRAMINA BAKINIZ
Dönem 3A Grubu,15 Nisan 2026 Çarşamba,8:30,9:10,5-Tam idrar tahlili / Dr.Öğr.Üyesi Ayşe Serra UÇAR,ÜROGENİTAL VE ÜREME II DİLİMİ / İÇ HASTALIKLARI AD.,FAKÜLTEMİZ WEB SİTESİ ÖĞRENCİ AĞI AMFİ PROGRAMINA BAKINIZ
Dönem 3A Grubu,15 Nisan 2026 Çarşamba,9:20,10:00,9-Glomerülonefrit oluşum mekanizmaları ve primer glomerüler hastalıklar I / Prof.Dr. Yasemin ÖZLÜK/Dr.Öğr. Üyesi Özge HÜRDOĞAN,ÜROGENİTAL VE ÜREME II DİLİMİ / TIBBİ PATOLOJİ AD.,FAKÜLTEMİZ WEB SİTESİ ÖĞRENCİ AĞI AMFİ PROGRAMINA BAKINIZ
Dönem 3A Grubu,15 Nisan 2026 Çarşamba,10:10,10:50,1-Genitoüriner sistem malformasyonlarında gelişimsel genetik /  Dr.Öğretim Üyesi Ceren ALAVANDA (Dr.Öğr.Üyesi Tuğba KALAYCI),ÜROGENİTAL VE ÜREME II DİLİMİ / TIBBİ GENETİK AD.,FAKÜLTEMİZ WEB SİTESİ ÖĞRENCİ AĞI AMFİ PROGRAMINA BAKINIZ
Dönem 3A Grubu,15 Nisan 2026 Çarşamba,11:10,12:10,Öğretim üyesi Uygulama 4,ÜROGENİTAL VE ÜREME II DİLİMİ,FAKÜLTEMİZ WEB SİTESİ ÖĞRENCİ AĞI UYGULAMA PROGRAMI VE YERİNE BAKINIZ
Dönem 3A Grubu,15 Nisan 2026 Çarşamba,12:30,13:30,ÖĞLE TATİLİ,,
Dönem 3A Grubu,15 Nisan 2026 Çarşamba,13:30,14:10,Seçmeli Dersler - 8,,FAKÜLTEMİZ WEB SİTESİ ÖĞRENCİ AĞI UYGULAMA PROGRAMI VE YERİNE BAKINIZ
Dönem 3A Grubu,15 Nisan 2026 Çarşamba,14:20,15:00,Seçmeli Dersler - 8,,FAKÜLTEMİZ WEB SİTESİ ÖĞRENCİ AĞI UYGULAMA PROGRAMI VE YERİNE BAKINIZ
Dönem 3A Grubu,15 Nisan 2026 Çarşamba,15:10,15:50,Seçmeli Dersler - 8,,FAKÜLTEMİZ WEB SİTESİ ÖĞRENCİ AĞI UYGULAMA PROGRAMI VE YERİNE BAKINIZ
Dönem 3A Grubu,16 Nisan 2026 Perşembe,8:30,9:10,3-Treponema pallidum ve diğer Treponema türleri / Prof.Dr.Muammer Osman KÖKSAL (Prof.Dr. Hayriye KIRKOYUN UYSAL),ÜROGENİTAL VE ÜREME II DİLİMİ / TIBBİ MİKROBİYOLOJİ AD.,FAKÜLTEMİZ WEB SİTESİ ÖĞRENCİ AĞI AMFİ PROGRAMINA BAKINIZ
Dönem 3A Grubu,16 Nisan 2026 Perşembe,9:20,10:00,6-Asit-Baz Fizyolojisi /  Prof.Dr.Alaattin YILDIZ,ÜROGENİTAL VE ÜREME II DİLİMİ / İÇ HASTALIKLARI AD.,FAKÜLTEMİZ WEB SİTESİ ÖĞRENCİ AĞI AMFİ PROGRAMINA BAKINIZ
Dönem 3A Grubu,16 Nisan 2026 Perşembe,10:10,10:50,4-T. Vaginalis - S. haematobium - mikrofilaryalar / Prof.Dr. Özden BORAL (Prof.Dr. Meltem UZUN),ÜROGENİTAL VE ÜREME II DİLİMİ / TIBBİ MİKROBİYOLOJİ AD.,FAKÜLTEMİZ WEB SİTESİ ÖĞRENCİ AĞI AMFİ PROGRAMINA BAKINIZ
Dönem 3A Grubu,16 Nisan 2026 Perşembe,11:00,11:40,7-Kronik böbrek yetersizliği etyopatogenezi /  Prof.Dr.Halil YAZICI,ÜROGENİTAL VE ÜREME II DİLİMİ / İÇ HASTALIKLARI AD.,FAKÜLTEMİZ WEB SİTESİ ÖĞRENCİ AĞI AMFİ PROGRAMINA BAKINIZ
Dönem 3A Grubu,16 Nisan 2026 Perşembe,11:50,12:30,1-Ürogenital sistem histolojisi ve embriyolojisi / Doç.Dr. Elif KERVANCIOĞLU DEMİRCİ (Dr.Öğr.Üyesi Tuğba EKİZ YILMAZ ) ,ÜROGENİTAL VE ÜREME II DİLİMİ / HİSTOLOJİ VE EMBİRİYOLOJİ AD.,FAKÜLTEMİZ WEB SİTESİ ÖĞRENCİ AĞI AMFİ PROGRAMINA BAKINIZ
Dönem 3A Grubu,16 Nisan 2026 Perşembe,12:30,13:30,ÖĞLE TATİLİ,,
Dönem 3A Grubu,16 Nisan 2026 Perşembe,13:30,14:20,Hasta Başı Uygulama-41 A Grubu (İç H.) B Grubu (ÇSvH),SEMİYOLOJİ DİLİMİ,FAKÜLTEMİZ WEB SİTESİ ÖĞRENCİ AĞI AMFİ PROGRAMINA BAKINIZ
Dönem 3A Grubu,16 Nisan 2026 Perşembe,14:30,16:20,Uygulama (Patoloji / Mikrobiyoloji),SEMİYOLOJİ DİLİMİ,FAKÜLTEMİZ WEB SİTESİ ÖĞRENCİ AĞI UYGULAMA PROGRAMI VE YERİNE BAKINIZ
Dönem 3A+3B Grubu,17 Nisan 2026 Cuma,8:30,13:00,Simüle Hasta Uygulaması /Fizik Muayene +Serbest Çalışma,ZORUNLU SEÇMELİ,FAKÜLTEMİZ WEB SİTESİ ÖĞRENCİ AĞI UYGULAMA PROGRAMI VE YERİNE BAKINIZ
Dönem 3A Grubu,17 Nisan 2026 Cuma,13:00,14:00,ÖĞLE TATİLİ,,
Dönem 3A Grubu,17 Nisan 2026 Cuma,14:00,14:50,Hasta Başı Uygulama-41 A Grubu (ÇSvH) B Grubu (İç H.),SEMİYOLOJİ DİLİMİ,FAKÜLTEMİZ WEB SİTESİ ÖĞRENCİ AĞI AMFİ PROGRAMINA BAKINIZ
Dönem 3A Grubu,17 Nisan 2026 Cuma,15:00,15:40,7-Puerperium ve Laktasyon / Dr.Öğr.Üyesi Yağmur MİNARECİ (Prof.Dr.Samet TOPUZ),ÜROGENİTAL VE ÜREME II DİLİMİ / KADIN HASTALIKLARI VE DOĞUM AD.,FAKÜLTEMİZ WEB SİTESİ ÖĞRENCİ AĞI AMFİ PROGRAMINA BAKINIZ
Dönem 3A Grubu,17 Nisan 2026 Cuma,15:50,16:30,SERBEST ÇALIŞMA,,
Dönem 3A Grubu,20 Nisan 2026 Pazartesi,8:30,9:10,8-Gebelikte böbrek /  Prof.Dr. Aydın TÜRKMEN,ÜROGENİTAL VE ÜREME II DİLİMİ / İÇ HASTALIKLARI AD.,FAKÜLTEMİZ WEB SİTESİ ÖĞRENCİ AĞI AMFİ PROGRAMINA BAKINIZ
Dönem 3A Grubu,20 Nisan 2026 Pazartesi,9:20,10:00,9-Kan basıncı regülasyonu ve böbrek / Prof.Dr. Aydın TÜRKMEN,ÜROGENİTAL VE ÜREME II DİLİMİ / İÇ HASTALIKLARI AD.,FAKÜLTEMİZ WEB SİTESİ ÖĞRENCİ AĞI AMFİ PROGRAMINA BAKINIZ
Dönem 3A Grubu,20 Nisan 2026 Pazartesi,10:10,10:50,4-Böbrek hastalıklarının sınıflandırılması ve klinik tabloları / Prof.Dr.Ayşe Serra UÇAR,ÜROGENİTAL VE ÜREME II DİLİMİ / İÇ HASTALIKLARI AD.,FAKÜLTEMİZ WEB SİTESİ ÖĞRENCİ AĞI AMFİ PROGRAMINA BAKINIZ
Dönem 3A Grubu,20 Nisan 2026 Pazartesi,11:10,12:10,Öğretim üyesi Uygulama 5,ÜROGENİTAL VE ÜREME II DİLİMİ,FAKÜLTEMİZ WEB SİTESİ ÖĞRENCİ AĞI UYGULAMA PROGRAMI VE YERİNE BAKINIZ
Dönem 3A Grubu,20 Nisan 2026 Pazartesi,12:30,13:30,ÖĞLE TATİLİ,,
Dönem 3A Grubu,20 Nisan 2026 Pazartesi,13:30,14:20,Hasta Başı Uygulama-42 A Grubu (İç H.) B Grubu (ÇSvH),SEMİYOLOJİ DİLİMİ,FAKÜLTEMİZ WEB SİTESİ ÖĞRENCİ AĞI AMFİ PROGRAMINA BAKINIZ
Dönem 3A+3B Grubu,20 Nisan 2026 Pazartesi,14:30,15:10,Tıbbi Etik 3 Yaşamın Başlangıcına Ait Etik Sorunlar / Prof.Dr. Fatma Arın NAMAL (Prof.Dr. İlhan İLKILIÇ ) A + B Grubu Ortak ,DİKEY KORİDOR III (B) DİLİMİ / TIP TARİHİ VE ETİK AD.,FAKÜLTEMİZ WEB SİTESİ ÖĞRENCİ AĞI AMFİ PROGRAMINA BAKINIZ
Dönem 3A+3B Grubu,20 Nisan 2026 Pazartesi,15:20,16:00,Tıbbi Etik 4 Yaşamın Sonuna Ait Etik Sorunlar / Prof.Dr. Fatma Arın NAMAL(Prof.Dr. İlhan İLKILIÇ ) A + B Grubu Ortak ,DİKEY KORİDOR III (B) DİLİMİ / TIP TARİHİ VE ETİK AD.,FAKÜLTEMİZ WEB SİTESİ ÖĞRENCİ AĞI AMFİ PROGRAMINA BAKINIZ
Dönem 3A Grubu,21 Nisan 2026 Salı,8:30,9:10,SERBEST ÇALIŞMA,,
Dönem 3A Grubu,21 Nisan 2026 Salı,9:20,10:00,1-Ürolojide tanı yöntemleri / Doç.Dr. Muhammet İrfan DÖNMEZ (Prof.Dr. Tayfun OKTAR),ÜROGENİTAL VE ÜREME II DİLİMİ / ÜROLOJİ AD.,FAKÜLTEMİZ WEB SİTESİ ÖĞRENCİ AĞI AMFİ PROGRAMINA BAKINIZ
Dönem 3A Grubu,21 Nisan 2026 Salı,10:10,10:50,4-Antenatal Bakım / Doç.Dr. Tuğba Saraç Sivrikoz,ÜROGENİTAL VE ÜREME II DİLİMİ / KADIN HASTALIKLARI VE DOĞUM AD.,FAKÜLTEMİZ WEB SİTESİ ÖĞRENCİ AĞI AMFİ PROGRAMINA BAKINIZ
Dönem 3A Grubu,21 Nisan 2026 Salı,11:00,12:00,SERBEST ÇALIŞMA (dönem1 sınav),,
Dönem 3A Grubu,21 Nisan 2026 Salı,12:30,13:30,ÖĞLE TATİLİ,,
Dönem 3A Grubu,21 Nisan 2026 Salı,13:30,14:20,Hasta Başı Uygulama-42 A Grubu (ÇSvH) B Grubu (İç H.),SEMİYOLOJİ DİLİMİ,FAKÜLTEMİZ WEB SİTESİ ÖĞRENCİ AĞI UYGULAMA PROGRAMI VE YERİNE BAKINIZ
Dönem 3A Grubu,21 Nisan 2026 Salı,14:30,16:20,Uygulama (Patoloji / Mikrobiyoloji),SEMİYOLOJİ DİLİMİ,
Dönem 3A Grubu,22 Nisan 2026 Çarşamba,8:30,9:10,2-Cinsel yolla bulaşan infeksiyonlar / Prof.Dr. Arif Atahan ÇAĞATAY (Prof.Dr. Serap ŞİMŞEK YAVUZ),ÜROGENİTAL VE ÜREME II DİLİMİ / ENFEKSİYON HASTALIKLARI VE MİKROBİYOLOJİ AD.,FAKÜLTEMİZ WEB SİTESİ ÖĞRENCİ AĞI AMFİ PROGRAMINA BAKINIZ
Dönem 3A Grubu,22 Nisan 2026 Çarşamba,9:20,10:00,SERBEST ÇALIŞMA,,
Dönem 3A Grubu,22 Nisan 2026 Çarşamba,10:10,10:50,SERBEST ÇALIŞMA,,
Dönem 3A Grubu,22 Nisan 2026 Çarşamba,11:10,12:10,Öğretim üyesi Uygulama 6,ÜROGENİTAL VE ÜREME II DİLİMİ,
Dönem 3A Grubu,22 Nisan 2026 Çarşamba,12:30,13:30,ÖĞLE TATİLİ,,
Dönem 3A Grubu,22 Nisan 2026 Çarşamba,13:30,14:10,Seçmeli Dersler - 9,,FAKÜLTEMİZ WEB SİTESİ ÖĞRENCİ AĞI SEÇMELİ DERS AMFİ PROGRAMINA BAKINIZ
Dönem 3A Grubu,22 Nisan 2026 Çarşamba,14:20,15:00,Seçmeli Dersler - 9,,FAKÜLTEMİZ WEB SİTESİ ÖĞRENCİ AĞI SEÇMELİ DERS AMFİ PROGRAMINA BAKINIZ
Dönem 3A Grubu,22 Nisan 2026 Çarşamba,15:10,15:50,Seçmeli Dersler - 9,,FAKÜLTEMİZ WEB SİTESİ ÖĞRENCİ AĞI SEÇMELİ DERS AMFİ PROGRAMINA BAKINIZ
Dönem 3A Grubu,23 Nisan 2026 Perşembe,8:30,16:20,23NİSAN ULUSAL EGEMENLİK VE ÇOCUK BAYRAMI,,
Dönem 3A Grubu,24 Nisan 2026 Cuma,8:30,9:10,"6-Prepuberte, Puberte, Reprodüktif Dönem, Klimakteriyum ve Menopoz / Prof.Dr. Cenk Yaşa (Prof.Dr.Özlem DURAL)",ÜROGENİTAL VE ÜREME II DİLİMİ / KADIN HASTALIKLARI VE DOĞUM AD.,FAKÜLTEMİZ WEB SİTESİ ÖĞRENCİ AĞI AMFİ PROGRAMINA BAKINIZ
Dönem 3A+3B Grubu,24 Nisan 2026 Cuma,9:20,10:00,Tıbbi Etik 5/Yoğun Bakımda ve Transplantasyon Tıbbında Etik Sorunlar/Prof.Dr. Fatma Arın NAMAL(Prof.Dr. İlhan İLKILIÇ )  A + B Grubu Ortak,DİKEY KORİDOR III (B) DİLİMİ / TIP TARİHİ VE ETİK AD.,FAKÜLTEMİZ WEB SİTESİ ÖĞRENCİ AĞI AMFİ PROGRAMINA BAKINIZ
Dönem 3A+3B Grubu,24 Nisan 2026 Cuma,10:10,10:50,"Tıbbi Etik 6 /Bulaşıcı Hastalıklar,Pandemiler ve Afetlerde Etik Sorunlar / Prof.Dr. Fatma Arın NAMAL(Prof.Dr. İlhan İLKILIÇ ) A + B Grubu Ortak",DİKEY KORİDOR III (B) DİLİMİ / TIP TARİHİ VE ETİK AD.,FAKÜLTEMİZ WEB SİTESİ ÖĞRENCİ AĞI AMFİ PROGRAMINA BAKINIZ
Dönem 3A Grubu,24 Nisan 2026 Cuma,11:00,11:40,2-Ürolojide semptomlar /  Prof. Dr. Faruk ÖZCAN (Doç.Dr.Muhammet İrfan DÖNMEZ),ÜROGENİTAL VE ÜREME II DİLİMİ / ÜROLOJİ AD.,FAKÜLTEMİZ WEB SİTESİ ÖĞRENCİ AĞI AMFİ PROGRAMINA BAKINIZ
Dönem 3A Grubu,24 Nisan 2026 Cuma,11:50,12:30,9-Üreme Fizyolojisi / Prof. Dr. Cemil AKGÜL (Doç.Dr. Burçin Karamustafaoğlu Balcı),ÜROGENİTAL VE ÜREME II DİLİMİ / KADIN HASTALIKLARI VE DOĞUM AD.,FAKÜLTEMİZ WEB SİTESİ ÖĞRENCİ AĞI AMFİ PROGRAMINA BAKINIZ
Dönem 3A Grubu,24 Nisan 2026 Cuma,12:30,14:00,ÖĞLE TATİLİ,,
Dönem 3A Grubu,24 Nisan 2026 Cuma,14:00,14:40,14-Testis hastalıkları / Dr.Öğr.Üyesi Özge HÜRDOĞAN (Prof.Dr. Yasemin ÖZLÜK),ÜROGENİTAL VE ÜREME II DİLİMİ / TIBBİ PATOLOJİ AD.,FAKÜLTEMİZ WEB SİTESİ ÖĞRENCİ AĞI AMFİ PROGRAMINA BAKINIZ
Dönem 3A Grubu,24 Nisan 2026 Cuma,14:50,15:30,15-Mesane ve Prostat hastalıkları / Dr.Öğr.Üyesi Özge HÜRDOĞAN (Prof.Dr. Yasemin ÖZLÜK),ÜROGENİTAL VE ÜREME II DİLİMİ / TIBBİ PATOLOJİ AD.,FAKÜLTEMİZ WEB SİTESİ ÖĞRENCİ AĞI AMFİ PROGRAMINA BAKINIZ
Dönem 3A Grubu,24 Nisan 2026 Cuma,15:40,16:20,SERBEST ÇALIŞMA,,
Dönem 3A +3B Grubu,27 Nisan 2026 Pazartesi,8:30,9:10,Hipotonik bebek /Doç.Dr.Hülya Maraş GENÇ,FİZYOPATOLOJİ ZORUNLU SEÇMELİ,FAKÜLTEMİZ WEB SİTESİ ÖĞRENCİ AĞI AMFİ PROGRAMINA BAKINIZ
Dönem 3A +3B Grubu,27 Nisan 2026 Pazartesi,9:20,10:00,Kalp yetersizliği/Doç.Dr. Üyesi Ece Serra Karaca ,FİZYOPATOLOJİ ZORUNLU SEÇMELİ,FAKÜLTEMİZ WEB SİTESİ ÖĞRENCİ AĞI AMFİ PROGRAMINA BAKINIZ
Dönem 3A +3B Grubu,27 Nisan 2026 Pazartesi,10:10,10:50,Otoinflamasyon /Prof.Dr.Nuray Aktay AYAZ,FİZYOPATOLOJİ ZORUNLU SEÇMELİ,FAKÜLTEMİZ WEB SİTESİ ÖĞRENCİ AĞI AMFİ PROGRAMINA BAKINIZ
Dönem 3A Grubu,27 Nisan 2026 Pazartesi,11:10,12:10,Öğretim üyesi Uygulama 7,ÜROGENİTAL VE ÜREME II DİLİMİ,FAKÜLTEMİZ WEB SİTESİ ÖĞRENCİ AĞI UYGULAMA PROGRAMI VE YERİNE BAKINIZ
Dönem 3A Grubu,27 Nisan 2026 Pazartesi,12:30,13:30,ÖĞLE TATİLİ,,
Dönem 3A +3B Grubu,27 Nisan 2026 Pazartesi,13:30,14:10,SLE /Prof.Dr.Bahar ARTIM ESEN ,FİZYOPATOLOJİ ZORUNLU SEÇMELİ,FAKÜLTEMİZ WEB SİTESİ ÖĞRENCİ AĞI UYGULAMA PROGRAMI VE YERİNE BAKINIZ
Dönem 3A +3B Grubu,27 Nisan 2026 Pazartesi,14:20,15:00,Glomerülonefrit /Prof. Dr. Savaş ÖZTÜRK,FİZYOPATOLOJİ ZORUNLU SEÇMELİ,FAKÜLTEMİZ WEB SİTESİ ÖĞRENCİ AĞI UYGULAMA PROGRAMI VE YERİNE BAKINIZ
Dönem 3A +3B Grubu,27 Nisan 2026 Pazartesi,15:10,15:50,Hemostaz/Prof.Dr.Ayşegül Ünüvar,FİZYOPATOLOJİ ZORUNLU SEÇMELİ,FAKÜLTEMİZ WEB SİTESİ ÖĞRENCİ AĞI UYGULAMA PROGRAMI VE YERİNE BAKINIZ
Dönem 3A Grubu,28 Nisan 2026 Salı,8:30,9:10,11-Teratoloji / Doç.Dr. Tuğba Saraç SİVRİKOZ(Prof.Dr. İbrahim Halil Kalelioğlu),ÜROGENİTAL VE ÜREME II DİLİMİ / KADIN HASTALIKLARI VE DOĞUM AD.,FAKÜLTEMİZ WEB SİTESİ ÖĞRENCİ AĞI AMFİ PROGRAMINA BAKINIZ
Dönem 3A +3B Grubu,28 Nisan 2026 Salı,9:20,10:00,İshal ve malabsorbsiyon /Doç.Dr.Elif TÜRKMEN,FİZYOPATOLOJİ ZORUNLU SEÇMELİ,FAKÜLTEMİZ WEB SİTESİ ÖĞRENCİ AĞI AMFİ PROGRAMINA BAKINIZ
Dönem 3A +3B Grubu,28 Nisan 2026 Salı,10:10,10:50,,,
Dönem 3A +3B Grubu,28 Nisan 2026 Salı,11:00,11:40,Akut Böbrek hasarı /Doç.Dr.Özgür Akın OTO,FİZYOPATOLOJİ ZORUNLU SEÇMELİ,FAKÜLTEMİZ WEB SİTESİ ÖĞRENCİ AĞI AMFİ PROGRAMINA BAKINIZ
Dönem 3A +3B Grubu,28 Nisan 2026 Salı,11:50,12:30,Ateroskleroz /Prof.Dr. Samim EMET,FİZYOPATOLOJİ ZORUNLU SEÇMELİ,FAKÜLTEMİZ WEB SİTESİ ÖĞRENCİ AĞI AMFİ PROGRAMINA BAKINIZ
Dönem 3A Grubu,28 Nisan 2026 Salı,12:30,13:30,ÖĞLE TATİLİ,,FAKÜLTEMİZ WEB SİTESİ ÖĞRENCİ AĞI AMFİ PROGRAMINA BAKINIZ
Dönem 3A +3B Grubu,28 Nisan 2026 Salı,13:30,14:20,Astım /Prof.Dr. Züleyha BİNGÖL,FİZYOPATOLOJİ ZORUNLU SEÇMELİ,FAKÜLTEMİZ WEB SİTESİ ÖĞRENCİ AĞI AMFİ PROGRAMINA BAKINIZ
Dönem 3A Grubu,28 Nisan 2026 Salı,14:30,16:20,Uygulama (Patoloji / Mikrobiyoloji),SEMİYOLOJİ DİLİMİ,FAKÜLTEMİZ WEB SİTESİ ÖĞRENCİ AĞI AMFİ PROGRAMINA BAKINIZ
Dönem 3A +3B Grubu,29 Nisan 2026 Çarşamba,8:30,9:10,Tromboz /Dr.Öğr.Üyesi Simge ERDEM,FİZYOPATOLOJİ ZORUNLU SEÇMELİ,FAKÜLTEMİZ WEB SİTESİ ÖĞRENCİ AĞI AMFİ PROGRAMINA BAKINIZ
Dönem 3A +3B Grubu,29 Nisan 2026 Çarşamba,9:20,10:00,Yaşlanma /Doç.Dr.Serdar Özkök,FİZYOPATOLOJİ ZORUNLU SEÇMELİ,FAKÜLTEMİZ WEB SİTESİ ÖĞRENCİ AĞI AMFİ PROGRAMINA BAKINIZ
Dönem 3A +3B Grubu,29 Nisan 2026 Çarşamba,10:10,10:50,Nefrotik sendrom / Prof.Dr.Alev YILMAZ,FİZYOPATOLOJİ ZORUNLU SEÇMELİ,FAKÜLTEMİZ WEB SİTESİ ÖĞRENCİ AĞI AMFİ PROGRAMINA BAKINIZ
Dönem 3A Grubu,29 Nisan 2026 Çarşamba,11:10,12:10,Öğretim üyesi Uygulama 8,ÜROGENİTAL VE ÜREME II DİLİMİ,
Dönem 3A Grubu,29 Nisan 2026 Çarşamba,12:30,13:30,ÖĞLE TATİLİ,,
Dönem 3A Grubu,29 Nisan 2026 Çarşamba,13:30,14:10,Seçmeli Dersler - 10,,FAKÜLTEMİZ WEB SİTESİ ÖĞRENCİ AĞI AMFİ PROGRAMINA BAKINIZ
Dönem 3A Grubu,29 Nisan 2026 Çarşamba,14:20,15:00,Seçmeli Dersler - 10,,FAKÜLTEMİZ WEB SİTESİ ÖĞRENCİ AĞI AMFİ PROGRAMINA BAKINIZ
Dönem 3A Grubu,29 Nisan 2026 Çarşamba,15:10,15:50,Seçmeli Dersler - 10,,FAKÜLTEMİZ WEB SİTESİ ÖĞRENCİ AĞI AMFİ PROGRAMINA BAKINIZ
Dönem 3A Grubu,30 Nisan 2026 Perşembe,8:30,9:10,1-Çocuk Nefrolojisine genel bakış / Prof.Dr. Alev YILMAZ (Doç.Dr.Bağdagül AKSU),ÜROGENİTAL VE ÜREME II DİLİMİ / ÇOCUK SAĞLIĞI VE HASTALIKLARI AD.,FAKÜLTEMİZ WEB SİTESİ ÖĞRENCİ AĞI AMFİ PROGRAMINA BAKINIZ
Dönem 3A Grubu,30 Nisan 2026 Perşembe,9:20,10:00,"5-Normal Doğumda Takip ve Travay ,Situs,Pozisyon,Habitus / Prof. Dr. Funda GÜNGÖR UĞURLUCAN (Prof.Dr Süleyman AKHAN)",ÜROGENİTAL VE ÜREME II DİLİMİ / KADIN HASTALIKLARI VE DOĞUM AD.,FAKÜLTEMİZ WEB SİTESİ ÖĞRENCİ AĞI AMFİ PROGRAMINA BAKINIZ
Dönem 3A Grubu,30 Nisan 2026 Perşembe,10:10,10:50,10-Primer glomerüler hastalıklar II / Prof.Dr. Yasemin ÖZLÜK/Dr.Öğr. Üyesi Özge HÜRDOĞAN,ÜROGENİTAL VE ÜREME II DİLİMİ / TIBBİ PATOLOJİ AD.,FAKÜLTEMİZ WEB SİTESİ ÖĞRENCİ AĞI AMFİ PROGRAMINA BAKINIZ
Dönem 3A Grubu,30 Nisan 2026 Perşembe,11:00,11:40,11-Sistemik hastalıklarda böbrek değişiklikleri ve Tubulointerstisyel hastalıklar /Prof.Dr. Yasemin ÖZLÜK/Dr.Öğr. Üyesi Özge HÜRDOĞAN,ÜROGENİTAL VE ÜREME II DİLİMİ / TIBBİ PATOLOJİ AD.,FAKÜLTEMİZ WEB SİTESİ ÖĞRENCİ AĞI AMFİ PROGRAMINA BAKINIZ
Dönem 3A Grubu,30 Nisan 2026 Perşembe,11:50,12:30,12-Böbreğin damarsal hastalıkları ve transplantasyon patolojisi / Prof.Dr. Yasemin ÖZLÜK/Dr.Öğr. Üyesi Özge HÜRDOĞAN,ÜROGENİTAL VE ÜREME II DİLİMİ / TIBBİ PATOLOJİ AD.,FAKÜLTEMİZ WEB SİTESİ ÖĞRENCİ AĞI AMFİ PROGRAMINA BAKINIZ
Dönem 3A Grubu,30 Nisan 2026 Perşembe,12:30,13:30,ÖĞLE TATİLİ,,
Dönem 3A Grubu,30 Nisan 2026 Perşembe,13:30,14:10,3-Çocuklarda idrar analizi ve değerlendirilmesi / Doç.Dr.Bağdagül AKSU(Prof.Dr.Alev YILMAZ),ÜROGENİTAL VE ÜREME II DİLİMİ / ÇOCUK SAĞLIĞI VE HASTALIKLARI AD.,FAKÜLTEMİZ WEB SİTESİ ÖĞRENCİ AĞI AMFİ PROGRAMINA BAKINIZ
Dönem 3A Grubu,30 Nisan 2026 Perşembe,14:20,15:00,SERBEST ÇALIŞMA,,
Dönem 3A Grubu,30 Nisan 2026 Perşembe,15:10,15:50,SERBEST ÇALIŞMA,,
Dönem 3A Grubu,1 Mayıs 2026 Cuma,9:20,16:20,İŞÇİ BAYRAMI,,
Dönem 3A Grubu,4 Mayıs 2026 Pazartesi,8:30,9:10,8-Fetusun Morfolojik Gelişimi Plasenta Fetal Membranlar Amniotik Sıvı / Prof. Dr. Recep Has (Doç.Dr.Tuğba Saraç Sivrikoz),ÜROGENİTAL VE ÜREME II DİLİMİ / KADIN HASTALIKLARI VE DOĞUM AD.,FAKÜLTEMİZ WEB SİTESİ ÖĞRENCİ AĞI AMFİ PROGRAMINA BAKINIZ
Dönem 3A Grubu,4 Mayıs 2026 Pazartesi,9:20,10:00,1-Sinir dokusu ve görme biyokimyası / Doç.Dr. Ayşe Gül SÜNDÜS TELCİ/(Dr.Hande Parıldar KARPUZOĞLU),SİNİR DUYU II DİLİMİ / TIBBİBİYOKİMYA AD.,FAKÜLTEMİZ WEB SİTESİ ÖĞRENCİ AĞI AMFİ PROGRAMINA BAKINIZ
Dönem 3A Grubu,4 Mayıs 2026 Pazartesi,10:10,10:50,1-Nörolojik hastaya yaklaşım ve muayene / Doç.Dr. Arzu ÇOBAN / Dr.Öğr. Üyesi Arman ÇAKAR,SİNİR DUYU II DİLİMİ / NÖROLOJİ AD.,FAKÜLTEMİZ WEB SİTESİ ÖĞRENCİ AĞI AMFİ PROGRAMINA BAKINIZ
Dönem 3A Grubu,4 Mayıs 2026 Pazartesi,11:10,12:10,Öğretim üyesi Uygulama 1,SİNİR DUYU II DİLİMİ,FAKÜLTEMİZ WEB SİTESİ ÖĞRENCİ AĞI UYGULAMA PROGRAMI VE YERİNE BAKINIZ
Dönem 3A Grubu,4 Mayıs 2026 Pazartesi,12:30,13:30,ÖĞLE TATİLİ,,
Dönem 3A Grubu,4 Mayıs 2026 Pazartesi,13:30,14:20,Hasta Başı Uygulama-43 A Grubu (İç H.) B Grubu (ÇSvH),SEMİYOLOJİ DİLİMİ,FAKÜLTEMİZ WEB SİTESİ ÖĞRENCİ AĞI AMFİ PROGRAMINA BAKINIZ
Dönem 3A Grubu,4 Mayıs 2026 Pazartesi,14:30,15:10,SERBEST ÇALIŞMA,,
Dönem 3A Grubu,4 Mayıs 2026 Pazartesi,15:20,16:00,SERBEST ÇALIŞMA,,
Dönem 3A Grubu,5 Mayıs 2026 Salı,8:30,9:10,SERBEST ÇALIŞMA,,
Dönem 3A Grubu,5 Mayıs 2026 Salı,9:20,10:00,1-Sinir sistemi işlevinin hücresel ve moleküler mekanizmaları Prof.Dr. Tamer DEMİRALP (Prof.Dr. Sarper DİLER),SİNİR DUYU II DİLİMİ / FİZYOLOJİ AD.,FAKÜLTEMİZ WEB SİTESİ ÖĞRENCİ AĞI AMFİ PROGRAMINA BAKINIZ
Dönem 3A Grubu,5 Mayıs 2026 Salı,10:10,10:50,2-Sinir sisteminde işlevsel organizasyon / Prof.Dr. Tamer DEMİRALP (Prof.Dr. Sarper DİLER),SİNİR DUYU II DİLİMİ / FİZYOLOJİ AD.,FAKÜLTEMİZ WEB SİTESİ ÖĞRENCİ AĞI AMFİ PROGRAMINA BAKINIZ
Dönem 3A Grubu,5 Mayıs 2026 Salı,11:00,11:40,1-Sinir duyu sistemi klinik anatomisi I / Doç.Dr. Özcan GAYRETLİ (Dr.Öğr.Üyesi Osman COŞKUN),SİNİR DUYU II DİLİMİ / ANATOMİ AD.,FAKÜLTEMİZ WEB SİTESİ ÖĞRENCİ AĞI AMFİ PROGRAMINA BAKINIZ
Dönem 3A Grubu,5 Mayıs 2026 Salı,11:50,12:30,2-Sinir duyu sistemi klinik anatomisi II / Doç.Dr. Özcan GAYRETLİ (Dr.Öğr.Üyesi Osman COŞKUN),SİNİR DUYU II DİLİMİ / ANATOMİ AD.,FAKÜLTEMİZ WEB SİTESİ ÖĞRENCİ AĞI AMFİ PROGRAMINA BAKINIZ
Dönem 3A Grubu,5 Mayıs 2026 Salı,12:30,13:30,ÖĞLE TATİLİ,,
Dönem 3A Grubu,5 Mayıs 2026 Salı,13:30,14:20,Hasta Başı Uygulama-43 A Grubu (ÇSvH) B Grubu (İç H.),SEMİYOLOJİ DİLİMİ,FAKÜLTEMİZ WEB SİTESİ ÖĞRENCİ AĞI UYGULAMA PROGRAMI VE YERİNE BAKINIZ
Dönem 3A Grubu,5 Mayıs 2026 Salı,14:30,16:20,Uygulama (Patoloji / Mikrobiyoloji),SEMİYOLOJİ DİLİMİ,FAKÜLTEMİZ WEB SİTESİ ÖĞRENCİ AĞI UYGULAMA PROGRAMI VE YERİNE BAKINIZ
Dönem 3A Grubu,5 Mayıs 2026 Salı,16:30,18:00,"ENTEGRE OTURUM Ürolojik ve nefrolojik açıdan Hematüriler A GRUBU+İNGİLİZCE ORTAK / Doç.Dr. Selçuk ERDEM, Dr.Öğr. Üyesi Ahmet Burak DİRİM",ÜROGENİTAL VE ÜREME II DİLİMİ / ÜROLOJİ AD. - İÇ HASTALIKLARI AD. ,FAKÜLTEMİZ WEB SİTESİ ÖĞRENCİ AĞI AMFİ PROGRAMINA BAKINIZ
Dönem 3A Grubu,6 Mayıs 2026 Çarşamba,8:30,9:10,10-Menstruel siklus / Prof.Dr. Özlem DURAL (Prof.Dr. Cenk YAŞA),ÜROGENİTAL VE ÜREME II DİLİMİ / KADIN HASTALIKLARI VE DOĞUM AD.,FAKÜLTEMİZ WEB SİTESİ ÖĞRENCİ AĞI AMFİ PROGRAMINA BAKINIZ
Dönem 3A Grubu,6 Mayıs 2026 Çarşamba,9:20,10:00,1-Nörolojik hastalıkların toplum sağlığı boyutu / Prof.Dr. Sevgi CANBAZ ( Dr.Öğr.Üyesi Emine Şeyma KARAKETİR),SİNİR DUYU II DİLİMİ / HALK SAĞLIĞI AD.,FAKÜLTEMİZ WEB SİTESİ ÖĞRENCİ AĞI AMFİ PROGRAMINA BAKINIZ
Dönem 3A Grubu,6 Mayıs 2026 Çarşamba,10:10,10:50,2-Nörolojik hastalıklarda kontrol ve önleme programları /Prof.Dr. Sevgi CANBAZ (Dr.Öğr.Üyesi Emine Şeyma KARAKETİR),SİNİR DUYU II DİLİMİ / HALK SAĞLIĞI AD.,FAKÜLTEMİZ WEB SİTESİ ÖĞRENCİ AĞI AMFİ PROGRAMINA BAKINIZ
Dönem 3A Grubu,6 Mayıs 2026 Çarşamba,11:10,12:10,Öğretim üyesi Uygulama 2,SİNİR DUYU II DİLİMİ,FAKÜLTEMİZ WEB SİTESİ ÖĞRENCİ AĞI UYGULAMA PROGRAMI VE YERİNE BAKINIZ
Dönem 3A Grubu,6 Mayıs 2026 Çarşamba,13:30,14:10,Seçmeli Dersler - 11,,FAKÜLTEMİZ WEB SİTESİ ÖĞRENCİ AĞI SEÇMELİ DERS AMFİ PROGRAMINA BAKINIZ
Dönem 3A Grubu,6 Mayıs 2026 Çarşamba,14:20,15:00,Seçmeli Dersler - 11,,FAKÜLTEMİZ WEB SİTESİ ÖĞRENCİ AĞI SEÇMELİ DERS AMFİ PROGRAMINA BAKINIZ
Dönem 3A Grubu,6 Mayıs 2026 Çarşamba,15:10,15:50,Seçmeli Dersler - 11,,FAKÜLTEMİZ WEB SİTESİ ÖĞRENCİ AĞI SEÇMELİ DERS AMFİ PROGRAMINA BAKINIZ
Dönem 3A+3B Grubu,6 Mayıs 2026 Çarşamba,16:00,16:40,Tıbbi Etik 7/ Pediatride Etik / Prof.Dr. Fatma Arın NAMAL (Prof.Dr. İlhan İLKILIÇ ) A + B Grubu Ortak,DİKEY KORİDOR III (B) DİLİMİ / TIP TARİHİ VE ETİK AD.,FAKÜLTEMİZ WEB SİTESİ ÖĞRENCİ AĞI AMFİ PROGRAMINA BAKINIZ
Dönem 3A+3B Grubu,7 Mayıs 2026 Perşembe,8:30,9:10,Tıbbi Etik 8/ Genetik ve Etik / Prof.Dr. Fatma Arın NAMAL (Prof.Dr. İlhan İLKILIÇ)  A + B Grubu Ortak,DİKEY KORİDOR III (B) DİLİMİ / TIP TARİHİ VE ETİK AD.,FAKÜLTEMİZ WEB SİTESİ ÖĞRENCİ AĞI AMFİ PROGRAMINA BAKINIZ
Dönem 3A Grubu,7 Mayıs 2026 Perşembe,9:20,10:00,1-Polioviruslar ve diğer enteroviruslar / Prof.Dr.Sevim MEŞE (Doç.Dr. Hayriye KIRKOYUN UYSAL),SİNİR DUYU II DİLİMİ / TIBBİ MİKROBİYOLOJİ AD.,FAKÜLTEMİZ WEB SİTESİ ÖĞRENCİ AĞI SEÇMELİ DERS AMFİ PROGRAMINA BAKINIZ
Dönem 3A Grubu,7 Mayıs 2026 Perşembe,10:10,10:50,1-Algolojiye Giriş / Prof.Dr. Gül KÖKNEL TALU (Dr.Öğr.Ü.Halil ÇETİNGÖK),SİNİR DUYU II DİLİMİ / ANESTEZİYOLOJİ VE REANİMASYON AD.,FAKÜLTEMİZ WEB SİTESİ ÖĞRENCİ AĞI SEÇMELİ DERS AMFİ PROGRAMINA BAKINIZ
Dönem 3A Grubu,7 Mayıs 2026 Perşembe,11:00,11:40,1-Çocukta merkezi sinir sistemi enfeksiyonlarında tanı / Doç.Dr. Ayşe BÜYÜKÇAM (Prof.Dr. Ayper SOMER),SİNİR DUYU II DİLİMİ / ÇOCUK SAĞLIĞI VE HASTALIKLARI AD.,FAKÜLTEMİZ WEB SİTESİ ÖĞRENCİ AĞI SEÇMELİ DERS AMFİ PROGRAMINA BAKINIZ
Dönem 3A Grubu,7 Mayıs 2026 Perşembe,11:50,12:30,SERBEST ÇALIŞMA,,
Dönem 3A Grubu,7 Mayıs 2026 Perşembe,12:30,13:30,ÖĞLE TATİLİ,,
Dönem 3A Grubu,7 Mayıs 2026 Perşembe,13:30,14:20,Hasta Başı Uygulama-44 A Grubu (İç H.) B Grubu (ÇSvH),SEMİYOLOJİ DİLİMİ,FAKÜLTEMİZ WEB SİTESİ ÖĞRENCİ AĞI AMFİ PROGRAMINA BAKINIZ
Dönem 3A Grubu,7 Mayıs 2026 Perşembe,14:30,16:20,Uygulama (Patoloji / Mikrobiyoloji),SEMİYOLOJİ DİLİMİ,
Dönem 3A Grubu,8 Mayıs 2026 Cuma,8:30,9:10,SERBEST ÇALIŞMA,,
Dönem 3A Grubu,8 Mayıs 2026 Cuma,9:20,10:00,SERBEST ÇALIŞMA,,
Dönem 3A Grubu,8 Mayıs 2026 Cuma,10:10,10:50,1-Santral sinir sistemi farmakolojisinin genel özellikleri / Prof.Dr. A. Pınar YAMANTÜRK ÇELİK (Prof.Dr. A. Yağız ÜRESİN),SİNİR DUYU II DİLİMİ / TIBBİ FARMAKOLOJİ AD.,FAKÜLTEMİZ WEB SİTESİ ÖĞRENCİ AĞI UYGULAMA PROGRAMI VE YERİNE BAKINIZ
Dönem 3A Grubu,8 Mayıs 2026 Cuma,11:00,11:55,DÖNEM 5 SINAV,,
Dönem 3A Grubu,8 Mayıs 2026 Cuma,12:00,12:40,"
2-SSS'nin demiyelinizan hastalıkları / Prof.Dr. Bilge BİLGİÇ / Doç.Dr.Gökçen ÜNVERENGİL        ",SİNİR DUYU II DİLİMİ / TIBBİ PATOLOJİ AD.,FAKÜLTEMİZ WEB SİTESİ ÖĞRENCİ AĞI AMFİ PROGRAMINA BAKINIZ
Dönem 3A Grubu,8 Mayıs 2026 Cuma,14:00,14:50,Hasta Başı Uygulama-44 A Grubu (ÇSvH) B Grubu (İç H.),SEMİYOLOJİ DİLİMİ,FAKÜLTEMİZ WEB SİTESİ ÖĞRENCİ AĞI AMFİ PROGRAMINA BAKINIZ
Dönem 3A+3B Grubu,8 Mayıs 2026 Cuma,15:00,15:40,Tıbbi Etik 9- Psikiyatride Etik / Prof.Dr. Fatma Arın NAMAL (Prof.Dr. İlhan İLKILIÇ ) A + B Grubu Ortak,DİKEY KORİDOR III (B) DİLİMİ / TIP TARİHİ VE ETİK AD.,FAKÜLTEMİZ WEB SİTESİ ÖĞRENCİ AĞI AMFİ PROGRAMINA BAKINIZ
Dönem 3A+3B Grubu,8 Mayıs 2026 Cuma,15:50,16:30,Tıbbi Etik 10- Geriatri ve Palyatif Tıpta Etik/Prof.Dr. Fatma Arın NAMAL (Prof.Dr. İlhan İLKILIÇ) ,DİKEY KORİDOR III (B) DİLİMİ / TIP TARİHİ VE ETİK AD.,FAKÜLTEMİZ WEB SİTESİ ÖĞRENCİ AĞI AMFİ PROGRAMINA BAKINIZ
Dönem 3A Grubu,11 Mayıs 2026 Pazartesi,8:30,9:10,2-Epizodik bilinç bozuklukları / Doç.Dr.Arzu ÇOBAN ,SİNİR DUYU II DİLİMİ / NÖROLOJİ AD.,FAKÜLTEMİZ WEB SİTESİ ÖĞRENCİ AĞI AMFİ PROGRAMINA BAKINIZ
Dönem 3A Grubu,11 Mayıs 2026 Pazartesi,9:20,10:00,DÖNEM 5 SINAV,,
Dönem 3A Grubu,11 Mayıs 2026 Pazartesi,10:10,10:50,1-Derinin yapısı ve elementer lezyonları / Dr.Öğr. Üyesi Armağan KUTLAY (Dr.Öğr.Üyesi Yasemin ERDEM),SİNİR DUYU II DİLİMİ / DERİ VE ZÜHREVİ HASTALIKLARI AD.,FAKÜLTEMİZ WEB SİTESİ ÖĞRENCİ AĞI AMFİ PROGRAMINA BAKINIZ
Dönem 3A Grubu,11 Mayıs 2026 Pazartesi,11:10,12:10,Öğretim üyesi Uygulama 3,SİNİR DUYU II DİLİMİ,FAKÜLTEMİZ WEB SİTESİ ÖĞRENCİ AĞI UYGULAMA PROGRAMI VE YERİNE BAKINIZ
Dönem 3A Grubu,11 Mayıs 2026 Pazartesi,12:30,13:30,ÖĞLE TATİLİ,,
Dönem 3A Grubu,11 Mayıs 2026 Pazartesi,13:30,14:20,Hasta Başı Uygulama-45 A Grubu (İç H.) B Grubu (ÇSvH),SEMİYOLOJİ DİLİMİ,FAKÜLTEMİZ WEB SİTESİ ÖĞRENCİ AĞI AMFİ PROGRAMINA BAKINIZ
Dönem 3A+3B Grubu,11 Mayıs 2026 Pazartesi,14:30,15:10,Tıbbi Etik 11 Tıpta Yeni Etik Sorun Alanları / Prof.Dr. Fatma Arın NAMAL (Prof.Dr. İlhan İLKILIÇ)  A + B Grubu Ortak,DİKEY KORİDOR III (B) DİLİMİ / TIP TARİHİ VE ETİK AD.,FAKÜLTEMİZ WEB SİTESİ ÖĞRENCİ AĞI UYGULAMA PROGRAMI VE YERİNE BAKINIZ
Dönem 3A+3B Grubu,11 Mayıs 2026 Pazartesi,15:20,16:00,Tıbbi Etik 12 Klinik Araştırmalar Etiği / Prof.Dr. Fatma Arın NAMAL (Prof.Dr. İlhan İLKILIÇ) A + B Grubu Ortak,DİKEY KORİDOR III (B) DİLİMİ / TIP TARİHİ VE ETİK AD.,FAKÜLTEMİZ WEB SİTESİ ÖĞRENCİ AĞI UYGULAMA PROGRAMI VE YERİNE BAKINIZ
Dönem 3A Grubu,12 Mayıs 2026 Salı,8:30,9:10,2-Serotonin ve serotonin antagonistleri /  Prof.Dr. Ali Osman GÜROL (Prof.Dr. A. Pınar YAMANTÜRK ÇELİK),SİNİR DUYU II DİLİMİ / TIBBİ FARMAKOLOJİ AD.,FAKÜLTEMİZ WEB SİTESİ ÖĞRENCİ AĞI AMFİ PROGRAMINA BAKINIZ
Dönem 3A Grubu,12 Mayıs 2026 Salı,9:20,10:00,1-Sinir sistem histoloji ve embriyolojisi / Doç.Dr. Tuğba KOTİL (Prof. Dr. Sibel KÖKTÜRK),SİNİR DUYU II DİLİMİ / HİSTOLOJİ VE EMBİRİYOLOJİ AD.,FAKÜLTEMİZ WEB SİTESİ ÖĞRENCİ AĞI AMFİ PROGRAMINA BAKINIZ
Dönem 3A Grubu,12 Mayıs 2026 Salı,10:10,10:50,3-SSS'nin dejeneratif hastalıkları /Prof.Dr. Bilge BİLGİÇ/Doç.Dr.Gökçen ÜNVERENGİL,SİNİR DUYU II DİLİMİ / TIBBİ PATOLOJİ AD.,FAKÜLTEMİZ WEB SİTESİ ÖĞRENCİ AĞI AMFİ PROGRAMINA BAKINIZ
Dönem 3A Grubu,12 Mayıs 2026 Salı,11:00,11:40,4-SSS'nin tümörleri / Prof.Dr. Bilge BİLGİÇ/Doç.Dr.Gökçen ÜNVERENGİL,SİNİR DUYU II DİLİMİ / TIBBİ PATOLOJİ AD.,FAKÜLTEMİZ WEB SİTESİ ÖĞRENCİ AĞI AMFİ PROGRAMINA BAKINIZ
Dönem 3A Grubu,12 Mayıs 2026 Salı,11:50,12:30,2-Kuduz virusu / Prof.Dr. Ali AĞAÇFİDAN (Doç.Dr. Hayriye KIRKOYUN UYSAL),SİNİR DUYU II DİLİMİ / TIBBİ MİKROBİYOLOJİ AD.,FAKÜLTEMİZ WEB SİTESİ ÖĞRENCİ AĞI AMFİ PROGRAMINA BAKINIZ
Dönem 3A Grubu,12 Mayıs 2026 Salı,12:30,13:30,ÖĞLE TATİLİ,,
Dönem 3A Grubu,12 Mayıs 2026 Salı,13:30,14:20,Hasta Başı Uygulama-45 A Grubu (ÇSvH) B Grubu (İç H.),SEMİYOLOJİ DİLİMİ,FAKÜLTEMİZ WEB SİTESİ ÖĞRENCİ AĞI UYGULAMA PROGRAMI VE YERİNE BAKINIZ
Dönem 3A Grubu,12 Mayıs 2026 Salı,14:30,16:20,Uygulama (Patoloji / Mikrobiyoloji),SEMİYOLOJİ DİLİMİ,FAKÜLTEMİZ WEB SİTESİ ÖĞRENCİ AĞI UYGULAMA PROGRAMI VE YERİNE BAKINIZ
Dönem 3A Grubu,13 Mayıs 2026 Çarşamba,8:30,9:10,1-Psikiyatrik hastalıklarda semptom ve bulgular / Öğr.Üyesi Dr. Ezgi İnce GULIYEV(Doç.Dr. Müge BOZKURT ),SİNİR DUYU II DİLİMİ / RUH SAĞLIĞI VE HASTALIKLARI AD.,
Dönem 3A Grubu,13 Mayıs 2026 Çarşamba,9:20,10:50,"ENTEGRE OTURUM Sistemik hastalıklarda spesifik bulgular / Dr. Öğr. Üyesi Hakan KARA , Dr. Öğr. Üyesi Irmak POLAT, Prof. Dr. Elif KOCASOY ORHAN", SİNİR DUYU II DİLİMİ / KULAK BURUN BOĞAZ HASTALIKLARI AD. - RUH SAĞLIĞI VE HASTALIKLARI AD. - NÖROLOJİ AD.,FAKÜLTEMİZ WEB SİTESİ ÖĞRENCİ AĞI AMFİ PROGRAMINA BAKINIZ
Dönem 3A Grubu,13 Mayıs 2026 Çarşamba,11:10,12:10,Öğretim üyesi Uygulama 4,SİNİR DUYU II DİLİMİ,FAKÜLTEMİZ WEB SİTESİ ÖĞRENCİ AĞI UYGULAMA PROGRAMI VE YERİNE BAKINIZ
Dönem 3A Grubu,13 Mayıs 2026 Çarşamba,12:30,13:30,DÖNEM DEĞERLENDİRME TOPLANTISI,,
Dönem 3A Grubu,13 Mayıs 2026 Çarşamba,13:30,14:10,Seçmeli Dersler - 12,,FAKÜLTEMİZ WEB SİTESİ ÖĞRENCİ AĞI SEÇMELİ DERS AMFİ PROGRAMINA BAKINIZ
Dönem 3A Grubu,13 Mayıs 2026 Çarşamba,14:20,15:00,Seçmeli Dersler - 12,,FAKÜLTEMİZ WEB SİTESİ ÖĞRENCİ AĞI SEÇMELİ DERS AMFİ PROGRAMINA BAKINIZ
Dönem 3A Grubu,13 Mayıs 2026 Çarşamba,15:10,15:50,Seçmeli Dersler - 12,,FAKÜLTEMİZ WEB SİTESİ ÖĞRENCİ AĞI SEÇMELİ DERS AMFİ PROGRAMINA BAKINIZ
Dönem 3A Grubu,14 Mayıs 2026 Perşembe,8:30,9:10,3-Viral ensefalit etkenleri / Doç.Dr. Hayriye KIRKOYUN UYSAL (Dr.Öğr.Üyesi Mustafa ÖNEL),SİNİR DUYU II DİLİMİ / TIBBİ MİKROBİYOLOJİ AD.,FAKÜLTEMİZ WEB SİTESİ ÖĞRENCİ AĞI AMFİ PROGRAMINA BAKINIZ
Dönem 3A Grubu,14 Mayıs 2026 Perşembe,9:20,10:00,4-N. meningitidis - H. influenzae / Doç.Dr.Bahar Deniz AKGÜN KARAPINAR (Prof.Dr. Zerrin AKTAŞ)        ,SİNİR DUYU II DİLİMİ / TIBBİ MİKROBİYOLOJİ AD.,FAKÜLTEMİZ WEB SİTESİ ÖĞRENCİ AĞI AMFİ PROGRAMINA BAKINIZ
Dönem 3A Grubu,14 Mayıs 2026 Perşembe,10:10,10:50,SERBEST ÇALIŞMA,,
Dönem 3A Grubu,14 Mayıs 2026 Perşembe,11:00,11:40,"5-Orbita - göz kapağı - konjonktiva - sklera ve kornea hastalıkları,Uvea - retina - vitre hastalıkları ve tümörleri / Dr. Öğr. Üyesi Begüm YENİ ERDEM / Doç.Dr. Şule ÖZTÜRK SARI",SİNİR DUYU II DİLİMİ / TIBBİ PATOLOJİ AD.,FAKÜLTEMİZ WEB SİTESİ ÖĞRENCİ AĞI AMFİ PROGRAMINA BAKINIZ
Dönem 3A Grubu,14 Mayıs 2026 Perşembe,11:50,12:30,3-Histamin ve histamin antagonistleri /  Prof.Dr. Ali Osman GÜROL Prof.Dr. A. Pınar YAMANTÜRK ÇELİK),SİNİR DUYU II DİLİMİ / TIBBİ FARMAKOLOJİ AD.,FAKÜLTEMİZ WEB SİTESİ ÖĞRENCİ AĞI AMFİ PROGRAMINA BAKINIZ
Dönem 3A Grubu,14 Mayıs 2026 Perşembe,12:30,13:30,ÖĞLE TATİLİ,,
Dönem 3A Grubu,14 Mayıs 2026 Perşembe,13:30,14:20,Hasta Başı Uygulama-46 A Grubu (İç H.) B Grubu (ÇSvH),SEMİYOLOJİ DİLİMİ,FAKÜLTEMİZ WEB SİTESİ ÖĞRENCİ AĞI AMFİ PROGRAMINA BAKINIZ
Dönem 3A Grubu,14 Mayıs 2026 Perşembe,14:30,16:20,Uygulama (Patoloji / Mikrobiyoloji),SEMİYOLOJİ DİLİMİ,FAKÜLTEMİZ WEB SİTESİ ÖĞRENCİ AĞI UYGULAMA PROGRAMI VE YERİNE BAKINIZ
Dönem 3A Grubu,15 Mayıs 2026 Cuma,8:30,9:10,5-Mycobacterium leprae ve Cryptococcus cinsi / Prof.Dr Zayre ERTURAN (Prof.Dr. Dilek ŞATANA)       ,SİNİR DUYU II DİLİMİ / TIBBİ MİKROBİYOLOJİ AD.,FAKÜLTEMİZ WEB SİTESİ ÖĞRENCİ AĞI AMFİ PROGRAMINA BAKINIZ
Dönem 3A Grubu,15 Mayıs 2026 Cuma,9:20,10:00,1-İşitme kayıpları /Doç.Dr. Mehmet ÇELİK (Dr.Öğr.üyesi Said SÖNMEZ),SİNİR DUYU II DİLİMİ / KULAK BURUN BOĞAZ HASTALIKLARI AD.,FAKÜLTEMİZ WEB SİTESİ ÖĞRENCİ AĞI AMFİ PROGRAMINA BAKINIZ
Dönem 3A Grubu,15 Mayıs 2026 Cuma,10:10,10:50,6-Naegleria fowleri - Acanthamoeba spp. - Balamuthia mandrillaris - Sappinia diploidea / Prof.Dr. Özden BORAL (Prof.Dr. Meltem UZUN),SİNİR DUYU II DİLİMİ / TIBBİ MİKROBİYOLOJİ AD.,FAKÜLTEMİZ WEB SİTESİ ÖĞRENCİ AĞI AMFİ PROGRAMINA BAKINIZ
Dönem 3A Grubu,15 Mayıs 2026 Cuma,11:10,12:10,Öğretim üyesi Uygulama 5,SİNİR DUYU II DİLİMİ,FAKÜLTEMİZ WEB SİTESİ ÖĞRENCİ AĞI AMFİ PROGRAMINA BAKINIZ
Dönem 3A Grubu,15 Mayıs 2026 Cuma,12:30,13:30,ÖĞLE TATİLİ,,
Dönem 3A Grubu,15 Mayıs 2026 Cuma,14:00,14:50,Hasta Başı Uygulama-46 A Grubu (ÇSvH) B Grubu (İç H.),SEMİYOLOJİ DİLİMİ,FAKÜLTEMİZ WEB SİTESİ ÖĞRENCİ AĞI AMFİ PROGRAMINA BAKINIZ
Dönem 3A Grubu,15 Mayıs 2026 Cuma,15:00,15:40,6-Akut inflamatuvar dermatozlar /  Dr. Öğr. Üyesi Begüm YENİ ERDEM / Doç.Dr. Şule ÖZTÜRK SARI,SİNİR DUYU II DİLİMİ / TIBBİ PATOLOJİ AD.,FAKÜLTEMİZ WEB SİTESİ ÖĞRENCİ AĞI AMFİ PROGRAMINA BAKINIZ
Dönem 3A Grubu,15 Mayıs 2026 Cuma,15:50,16:30,1-Temel optik ve göz /  Dr.Öğr.Üyesi Semih ÇAKMAK (Dr.Öğr.Üyesi Adem TELLİOĞLU),SİNİR DUYU II DİLİMİ / GÖZ HASTALIKLARI,FAKÜLTEMİZ WEB SİTESİ ÖĞRENCİ AĞI AMFİ PROGRAMINA BAKINIZ
Dönem 3A Grubu,15 Mayıs 2026 Cuma,16:40,17:20,2-Göz Anatomisi / Dr.Öğr.Üyesi Semih ÇAKMAK (Dr.Öğr.Üyesi Adem TELLİOĞLU),SİNİR DUYU II DİLİMİ / GÖZ HASTALIKLARI AD.,FAKÜLTEMİZ WEB SİTESİ ÖĞRENCİ AĞI AMFİ PROGRAMINA BAKINIZ
Dönem 3A Grubu,18 Mayıs 2026 Pazartesi,8:30,9:10,5-Çocuğun nörolojik gelişimi / Doç.Dr.Pınar TOPALOĞLU (Dr.Öğr.Görevlisi Mine SEZGİN),SİNİR DUYU II DİLİMİ / NÖROLOJİ AD.,FAKÜLTEMİZ WEB SİTESİ ÖĞRENCİ AĞI AMFİ PROGRAMINA BAKINIZ
Dönem 3A Grubu,18 Mayıs 2026 Pazartesi,9:20,10:00,6-Denge Bozuklukları / Doç.Dr.Tuncay GÜNDÜZ,SİNİR DUYU II DİLİMİ / NÖROLOJİ AD.,FAKÜLTEMİZ WEB SİTESİ ÖĞRENCİ AĞI AMFİ PROGRAMINA BAKINIZ
Dönem 3A Grubu,18 Mayıs 2026 Pazartesi,10:10,10:50,2-Sistemik hastalıkların deri bulguları / Dr.Öğr. Üyesi Yasemin ERDEM (DR. ÖĞR. ÜYESİ Tuğba ATCI),SİNİR DUYU II DİLİMİ / DERİ VE ZÜHREVİ HASTALIKLARI AD.,FAKÜLTEMİZ WEB SİTESİ ÖĞRENCİ AĞI AMFİ PROGRAMINA BAKINIZ
Dönem 3A Grubu,18 Mayıs 2026 Pazartesi,11:10,12:10,Öğretim üyesi Uygulama 6,SİNİR DUYU II DİLİMİ,FAKÜLTEMİZ WEB SİTESİ ÖĞRENCİ AĞI UYGULAMA PROGRAMI VE YERİNE BAKINIZ
Dönem 3A Grubu,18 Mayıs 2026 Pazartesi,12:30,13:30,ÖĞLE TATİLİ,,
Dönem 3A Grubu,18 Mayıs 2026 Pazartesi,13:30,14:10,7-Kronik inflamatuvar dermatozlar /  Dr. Öğr. Üyesi Begüm YENİ ERDEM / Doç.Dr. Şule ÖZTÜRK SARI,SİNİR DUYU II DİLİMİ / TIBBİ PATOLOJİ AD.,FAKÜLTEMİZ WEB SİTESİ ÖĞRENCİ AĞI AMFİ PROGRAMINA BAKINIZ
Dönem 3A Grubu,18 Mayıs 2026 Pazartesi,14:20,15:00,1-Mental gelişimde genetik etyopatogenez ve davranış modelleri / Doç.Dr. Ayça  ASLANGER (Dr.Öğr.Üyesi Tuğba KALAYCI),SİNİR DUYU II DİLİMİ / TIBBİ GENETİK AD.,FAKÜLTEMİZ WEB SİTESİ ÖĞRENCİ AĞI AMFİ PROGRAMINA BAKINIZ
Dönem 3A Grubu,18 Mayıs 2026 Pazartesi,15:10,15:50,3-Bir olgu örneğinde yaşla değişen dermatolojik hastalıklar / Dr.Öğr. Üyesi Tuğba ATCI (Dr.Öğr. Üyesi Armağan KUTLAY),SİNİR DUYU II DİLİMİ / DERİ VE ZÜHREVİ HASTALIKLARI AD.,
Dönem 3A Grubu,19 Mayıs 2026 Salı,8:30,16:20,19 MAYIS GENÇLİK VE SPOR BAYRAMI,,
Dönem 3A Grubu,20 Mayıs 2026 Çarşamba,8:30,9:10,7-Koma / Prof.Dr. Nilüfer YEŞİLOT ( Dr.Öğr.Üyesi Mine SEZGİN),SİNİR DUYU II DİLİMİ / NÖROLOJİ AD.,FAKÜLTEMİZ WEB SİTESİ ÖĞRENCİ AĞI AMFİ PROGRAMINA BAKINIZ
Dönem 3A Grubu,20 Mayıs 2026 Çarşamba,9:20,10:00,8-Büllü deri hastalıkları - infeksiyon ve infestasyonları /Dr. Öğr. Üyesi Begüm YENİ ERDEM / Doç.Dr. Şule ÖZTÜRK SARI,SİNİR DUYU II DİLİMİ / TIBBİ PATOLOJİ AD.,FAKÜLTEMİZ WEB SİTESİ ÖĞRENCİ AĞI AMFİ PROGRAMINA BAKINIZ
Dönem 3A Grubu,20 Mayıs 2026 Çarşamba,10:10,10:50,9-Melanositik tümörler - Nevüsler ve Melanom / Dr. Öğr. Üyesi Begüm YENİ ERDEM / Doç.Dr. Şule ÖZTÜRK SARI (ONLİNE ),SİNİR DUYU II DİLİMİ / TIBBİ PATOLOJİ AD.,FAKÜLTEMİZ WEB SİTESİ ÖĞRENCİ AĞI AMFİ PROGRAMINA BAKINIZ
Dönem 3A Grubu,20 Mayıs 2026 Çarşamba,11:10,12:10,Öğretim üyesi Uygulama 7,SİNİR DUYU II DİLİMİ,FAKÜLTEMİZ WEB SİTESİ ÖĞRENCİ AĞI UYGULAMA PROGRAMI VE YERİNE BAKINIZ
Dönem 3A Grubu,20 Mayıs 2026 Çarşamba,12:30,13:30,ÖĞLE TATİLİ,,
Dönem 3A Grubu,20 Mayıs 2026 Çarşamba,13:30,14:10,1-İnfeksiyon hastalıkları I / Prof.Dr. Halit ÖZSÜT (Prof.Dr. Arif Atahan ÇAĞATAY),SİNİR DUYU II DİLİMİ / ENFEKSİYON HASTALIKLARI VE KLİNİK MİKROBİYOLOJİ AD.,FAKÜLTEMİZ WEB SİTESİ ÖĞRENCİ AĞI AMFİ PROGRAMINA BAKINIZ
Dönem 3A Grubu,20 Mayıs 2026 Çarşamba,14:20,15:00,2-İnfeksiyon hastalıkları II / Prof.Dr. Serap ŞİMŞEK YAVUZ (Prof.Dr. Arif Atahan ÇAĞATAY),SİNİR DUYU II DİLİMİ / ENFEKSİYON HASTALIKLARI VE KLİNİK MİKROBİYOLOJİ AD.,FAKÜLTEMİZ WEB SİTESİ ÖĞRENCİ AĞI AMFİ PROGRAMINA BAKINIZ
Dönem 3A Grubu,20 Mayıs 2026 Çarşamba,15:10,15:50,3-Başağrısı / Prof.Dr. Elif  KOCASOY ORHAN (Doç.Dr. Esme EKİZOĞLU),SİNİR DUYU II DİLİMİ / NÖROLOJİ AD.,FAKÜLTEMİZ WEB SİTESİ ÖĞRENCİ AĞI AMFİ PROGRAMINA BAKINIZ
Dönem 3A Grubu,21 Mayıs 2026 Perşembe,8:30,9:10,4-Sinir-Duyu dilimine giriş-Acil Nörolojik Olgular /  Dr.Öğr.Üyesi Mine SEZGİN/Prof.Dr. Nilüfer YEŞİLOT,SİNİR DUYU II DİLİMİ / NÖROLOJİ AD.,FAKÜLTEMİZ WEB SİTESİ ÖĞRENCİ AĞI AMFİ PROGRAMINA BAKINIZ
Dönem 3A Grubu,21 Mayıs 2026 Perşembe,9:20,10:00,2-Yenidoğan ve süt çocuğunun nörolojik muayenesi /Dr.Öğr.üyesi Mehmet Akif KILIÇ( Prof.Dr.Edibe PEMBEGÜL YILDIZ),SİNİR DUYU II DİLİMİ / ÇOCUK SAĞLIĞI VE HASTALIKLARI AD.,FAKÜLTEMİZ WEB SİTESİ ÖĞRENCİ AĞI UYGULAMA PROGRAMI VE YERİNE BAKINIZ
Dönem 3A Grubu,21 Mayıs 2026 Perşembe,10:10,10:50,4-İlaç ve madde bağımlığının farmakolojisi / Prof.Dr. A.Yağız ÜRESİN (Prof.Dr. A. Pınar YAMANTÜRK ÇELİK),SİNİR DUYU II DİLİMİ / TIBBİ FARMAKOLOJİ AD.,FAKÜLTEMİZ WEB SİTESİ ÖĞRENCİ AĞI AMFİ PROGRAMINA BAKINIZ
Dönem 3A Grubu,21 Mayıs 2026 Perşembe,11:00,11:40,10-Benign ve malign epitelyal tümörler / Dr. Öğr. Üyesi Begüm YENİ ERDEM / Doç.Dr. Şule ÖZTÜRK SARI,SİNİR DUYU II DİLİMİ / TIBBİ PATOLOJİ AD.,FAKÜLTEMİZ WEB SİTESİ ÖĞRENCİ AĞI AMFİ PROGRAMINA BAKINIZ
Dönem 3A Grubu,21 Mayıs 2026 Perşembe,11:50,12:30,11-Derinin migratuvar hücre kaynaklı tümörleri (Dermal tümörler) /  Dr. Öğr. Üyesi Begüm YENİ ERDEM / Doç.Dr. Şule ÖZTÜRK SARI,SİNİR DUYU II DİLİMİ / TIBBİ PATOLOJİ AD.,FAKÜLTEMİZ WEB SİTESİ ÖĞRENCİ AĞI AMFİ PROGRAMINA BAKINIZ
Dönem 3A Grubu,21 Mayıs 2026 Perşembe,12:30,13:30,ÖĞLE TATİLİ,,
Dönem 3A Grubu,21 Mayıs 2026 Perşembe,13:30,14:10,1-SSS'nin enfeksiyöz hastalıkları / Doç.Dr.Gökçen ÜNVERENGİL / Prof.Dr. Bilge BİLGİÇ        ,SİNİR DUYU II DİLİMİ / TIBBİ PATOLOJİ AD.,FAKÜLTEMİZ WEB SİTESİ ÖĞRENCİ AĞI AMFİ PROGRAMINA BAKINIZ
Dönem 3A+3B Grubu,21 Mayıs 2026 Perşembe,14:20,15:00,Tıbbi Etik 13 Bilim ve Yayın Etiği / Prof.Dr. Fatma Arın NAMAL (Prof.Dr. İlhan İLKILIÇ) A + B Grubu Ortak,DİKEY KORİDOR III (B) DİLİMİ / TIP TARİHİ VE ETİK AD.,FAKÜLTEMİZ WEB SİTESİ ÖĞRENCİ AĞI AMFİ PROGRAMINA BAKINIZ
Dönem 3A+3B Grubu,21 Mayıs 2026 Perşembe,15:10,15:50,Tıbbi Etik 14 Kültürlerarası Tıp Etiği / Prof.Dr. Fatma Arın NAMAL (Prof.Dr. İlhan İLKILIÇ) A + B Grubu Ortak,DİKEY KORİDOR III (B) DİLİMİ / TIP TARİHİ VE ETİK AD.,FAKÜLTEMİZ WEB SİTESİ ÖĞRENCİ AĞI AMFİ PROGRAMINA BAKINIZ
Dönem 3A Grubu,22 Mayıs 2026 Cuma,8:30,9:10,2-Gebelıkte Maternal Fizyolojık Değişiklikler / Prof. Dr. Süleyman Engin AKHAN (Prof. Dr. Funda GÜNGÖR UĞURLUCAN),ÜROGENİTAL VE ÜREME II DİLİMİ / KADIN HASTALIKLARI VE DOĞUM AD.,FAKÜLTEMİZ WEB SİTESİ ÖĞRENCİ AĞI AMFİ PROGRAMINA BAKINIZ
Dönem 3A Grubu,22 Mayıs 2026 Cuma,9:20,10:00,3-Acil göz hastalıkları /  Doç.Dr. Sevcan BALCI  ( Dr.Öğr.Üyesi.Semih ÇAKMAK),SİNİR DUYU II DİLİMİ / GÖZ HASTALIKLARI AD.,FAKÜLTEMİZ WEB SİTESİ ÖĞRENCİ AĞI AMFİ PROGRAMINA BAKINIZ
Dönem 3A Grubu,22 Mayıs 2026 Cuma,10:10,10:50,2-Periferik Vertigo / Prof.Dr. Beldan POLAT (Dr.Öğr.üyesi Said SÖNMEZ,SİNİR DUYU II DİLİMİ / KULAK BURUN BOĞAZ HASTALIKLARI AD.,FAKÜLTEMİZ WEB SİTESİ ÖĞRENCİ AĞI AMFİ PROGRAMINA BAKINIZ
Dönem 3A Grubu,22 Mayıs 2026 Cuma,11:10,12:10,Öğretim üyesi Uygulama 8,SİNİR DUYU II DİLİMİ,FAKÜLTEMİZ WEB SİTESİ ÖĞRENCİ AĞI UYGULAMA PROGRAMI VE YERİNE BAKINIZ
Dönem 3A Grubu,22 Mayıs 2026 Cuma,14:00,14:40,Nöroradyoloji I / Dr.Öğr.Üyesi Mehmet BARBUROĞLU / Uzm.Dr.Celal Caner ERCAN,SİNİR DUYU II DİLİMİ / RADYOLOJİ AD.,FAKÜLTEMİZ WEB SİTESİ ÖĞRENCİ AĞI AMFİ PROGRAMINA BAKINIZ
Dönem 3A Grubu,22 Mayıs 2026 Cuma,14:50,15:30,Nöroradyoloji II / Dr.Öğr.Üyesi Mehmet BARBUROĞLU / Uzm.Dr.Celal Caner ERCAN,SİNİR DUYU II DİLİMİ / RADYOLOJİ AD.,FAKÜLTEMİZ WEB SİTESİ ÖĞRENCİ AĞI AMFİ PROGRAMINA BAKINIZ
Dönem 3A Grubu,22 Mayıs 2026 Cuma,15:10,15:50,2-Alkol ve Tütün kullanımı bozuklukları / Doç.Dr. Müge BOZKURT  (Öğr.Üyesi Dr. Ezgi İnce GULIYEV ),SİNİR DUYU II DİLİMİ / RUH SAĞLIĞI VE HASTALIKLARI AD.,FAKÜLTEMİZ WEB SİTESİ ÖĞRENCİ AĞI AMFİ PROGRAMINA BAKINIZ
Dönem 3A Grubu,22 Mayıs 2026 Cuma,16:00,16:40,SERBEST ÇALIŞMA,,
Dönem 3A Grubu,25 Mayıs 2026 Pazartesi,8:30,9:10,SERBEST ÇALIŞMA,,
Dönem 3A Grubu,25 Mayıs 2026 Pazartesi,9:20,10:00,SERBEST ÇALIŞMA,,
Dönem 3A Grubu,25 Mayıs 2026 Pazartesi,10:10,10:50,SERBEST ÇALIŞMA,,
Dönem 3A Grubu,25 Mayıs 2026 Pazartesi,11:10,12:10,SERBEST ÇALIŞMA,,
Dönem 3A Grubu,25 Mayıs 2026 Pazartesi,12:30,13:30,ÖĞLE TATİLİ,,
Dönem 3A Grubu,25 Mayıs 2026 Pazartesi,13:30,14:10,SERBEST ÇALIŞMA,,
Dönem 3A Grubu,25 Mayıs 2026 Pazartesi,14:20,15:00,SERBEST ÇALIŞMA,,
Dönem 3A Grubu,25 Mayıs 2026 Pazartesi,15:10,15:50,SERBEST ÇALIŞMA,,
Dönem 3A Grubu,26 Mayıs 2026 Salı,8:30,9:10,SERBEST ÇALIŞMA,,
Dönem 3A Grubu,26 Mayıs 2026 Salı,9:20,10:00,SERBEST ÇALIŞMA,,
Dönem 3A Grubu,26 Mayıs 2026 Salı,10:10,10:50,SERBEST ÇALIŞMA,,
Dönem 3A Grubu,26 Mayıs 2026 Salı,11:00,11:40,SERBEST ÇALIŞMA,,
Dönem 3A Grubu,26 Mayıs 2026 Salı,11:50,12:30,SERBEST ÇALIŞMA,,
Dönem 3A Grubu,26 Mayıs 2026 Salı,12:30,13:30,ÖĞLE TATİLİ,,
Dönem 3A Grubu,26 Mayıs 2026 Salı,13:00,16:20,KURBAN BAYRAMI AREFESİ,,
Dönem 3A Grubu,27 Mayıs 2026 Çarşamba,8:30,16:20,KURBAN BAYRAMI,,
Dönem 3A Grubu,28 Mayıs 2026 Perşembe,8:30,16:20,KURBAN BAYRAMI,,
Dönem 3A Grubu,29 Mayıs 2026 Cuma,8:30,16:20,KURBAN BAYRAMI,,
Dönem 3A+3B Grubu,1 Haziran 2026 Pazartesi,13:00,15:50,Simüle Hasta Uygulaması /Fizik Muayene/Telafi +Serbest Çalışma,ZORUNLU SEÇMELİ,FAKÜLTEMİZ WEB SİTESİ ÖĞRENCİ AĞI UYGULAMA PROGRAMI VE YERİNE BAKINIZ
Dönem 3A Grubu,2 Haziran 2026 Salı,10:00,12:30,DİLİM SINAVI,ÜROGENİTAL VE ÜREME II DİLİMİ + SİNİR DUYU II DİLİMİ + DİKEY KORİDOR III(B) DİLİMİ (Tıbbi Etik),FAKÜLTEMİZ WEB SİTESİ ÖĞRENCİ AĞI AMFİ PROGRAMINA BAKINIZ
Dönem 3A +3B Grubu,2 Haziran 2026 Salı,12:30,15:50,Simüle Hasta Uygulaması /Fizik Muayene/Telafi +Serbest Çalışma,ZORUNLU SEÇMELİ,FAKÜLTEMİZ WEB SİTESİ ÖĞRENCİ AĞI UYGULAMA PROGRAMI VE YERİNE BAKINIZ
Dönem 3A Grubu,3 Haziran 2026 Çarşamba,8:30,16:20,SERBEST ÇALIŞMA,,
Dönem 3A Grubu,4 Haziran 2026 Perşembe,8:30,9:10,SERBEST ÇALIŞMA,,
Dönem 3A Grubu,4 Haziran 2026 Perşembe,9:20,10:00,SERBEST ÇALIŞMA,,
Dönem 3A Grubu,4 Haziran 2026 Perşembe,10:10,10:50,SERBEST ÇALIŞMA,,
Dönem 3A Grubu,4 Haziran 2026 Perşembe,11:00,11:40,SERBEST ÇALIŞMA,,
Dönem 3A Grubu,4 Haziran 2026 Perşembe,11:50,12:30,SERBEST ÇALIŞMA,,
Dönem 3A Grubu,4 Haziran 2026 Perşembe,13:00,,SERBEST ÇALIŞMA,,
Dönem 3A Grubu,4 Haziran 2026 Perşembe,14:30,16:20,SERBEST ÇALIŞMA,,
Dönem 3A Grubu,5 Haziran 2026 Cuma,8:30,9:10,SERBEST ÇALIŞMA,,
Dönem 3A Grubu,5 Haziran 2026 Cuma,9:20,10:00,SERBEST ÇALIŞMA,,
Dönem 3A Grubu,5 Haziran 2026 Cuma,10:10,10:50,SERBEST ÇALIŞMA,,
Dönem 3A Grubu,5 Haziran 2026 Cuma,11:10,12:10,SERBEST ÇALIŞMA,,
Dönem 3A Grubu,5 Haziran 2026 Cuma,12:30,14:00,SERBEST ÇALIŞMA,,
Dönem 3A Grubu,5 Haziran 2026 Cuma,14:00,14:40,SERBEST ÇALIŞMA,,
Dönem 3A Grubu,5 Haziran 2026 Cuma,14:50,15:30,SERBEST ÇALIŞMA,,
Dönem 3A Grubu,5 Haziran 2026 Cuma,15:40,16:20,SERBEST ÇALIŞMA,,
Dönem 3A Grubu,8 Haziran 2026 Pazartesi,8:30,9:10,SERBEST ÇALIŞMA,,
Dönem 3A Grubu,8 Haziran 2026 Pazartesi,9:20,10:00,SERBEST ÇALIŞMA,,
Dönem 3A Grubu,8 Haziran 2026 Pazartesi,10:10,10:50,SERBEST ÇALIŞMA,,
Dönem 3A Grubu,8 Haziran 2026 Pazartesi,11:10,12:10,SERBEST ÇALIŞMA,,
Dönem 3A Grubu,8 Haziran 2026 Pazartesi,12:30,13:30,SERBEST ÇALIŞMA,,
Dönem 3A Grubu,8 Haziran 2026 Pazartesi,13:30,14:10,SERBEST ÇALIŞMA,,
Dönem 3A Grubu,8 Haziran 2026 Pazartesi,14:20,15:00,SERBEST ÇALIŞMA,,
Dönem 3A Grubu,8 Haziran 2026 Pazartesi,15:10,15:50,SERBEST ÇALIŞMA,,
Dönem 3A Grubu,9 Haziran 2026 Salı,9:00,16:00,UYGULAMA SINAVI + SERBEST ÇALIŞMA,KLİNİK BİLİMLER,FAKÜLTEMİZ WEB SİTESİ ÖĞRENCİ AĞINDA DUYRUSU YAPILACAK
Dönem 3A Grubu,10 Haziran 2026 Çarşamba,9:00,16:00,UYGULAMA SINAVI + SERBEST ÇALIŞMA,KLİNİK BİLİMLER,FAKÜLTEMİZ WEB SİTESİ ÖĞRENCİ AĞINDA DUYRUSU YAPILACAK
Dönem 3A Grubu,11 Haziran 2026 Perşembe,13:00,16:00,UYGULAMA SINAVI + SERBEST ÇALIŞMA,MİKROBİYOLOJİ,FAKÜLTEMİZ WEB SİTESİ ÖĞRENCİ AĞINDA DUYRUSU YAPILACAK
Dönem 3A Grubu,12 Haziran 2026 Cuma,9:00,13:00,UYGULAMA SINAVI + SERBEST ÇALIŞMA,PATOLOJİ,FAKÜLTEMİZ WEB SİTESİ ÖĞRENCİ AĞINDA DUYRUSU YAPILACAK
Dönem 3A Grubu,15 Haziran 2026 Pazartesi,10:00,12:00,FREE TIME (Time Table 1 Examination),,
Dönem 3A Grubu,15 Haziran 2026 Pazartesi,13:00,15:00,FREE TIME (Time Table 2 Examination),,
Dönem 3A Grubu,16 Haziran 2026 Salı,10:30,13:00,DÖNEM SINAVI KURAMSAL 2 (1. OTURUM),ENDOKRİN - METABOLİZMA II DİLİMİ + SİNDİRİM II DİLİMİ ,FAKÜLTEMİZ WEB SİTESİ ÖĞRENCİ AĞI AMFİ PROGRAMINA BAKINIZ
Dönem 3A Grubu,17 Haziran 2026 Çarşamba,10:00,13:00,DÖNEM SINAVI KURAMSAL 2 (1. OTURUM),ÜROGENİTAL VE ÜREME II DİLİMİ + SİNİR-DUYU II DİLİMİ DİKEY KORİDOR III(B) DİLİMİ (Tıbbi Etik),FAKÜLTEMİZ WEB SİTESİ ÖĞRENCİ AĞI AMFİ PROGRAMINA BAKINIZ
Dönem 3A Grubu,18 Haziran 2026 Perşembe,13:30,16:00,SERBEST ÇALIŞMA (Dönem  2 Sınav),,
Dönem 3A Grubu,19 Haziran 2026 Cuma,14:00,16:00,SERBEST ÇALIŞMA,,
Dönem 3A Grubu,22 Haziran 2026 Pazartesi,13:00,15:00,SERBEST ÇALIŞMA (Dönem 1 Sınav),,
Dönem 3A Grubu,22 Haziran 2026 Pazartesi,13:00,15:00,SERBEST ÇALIŞMA (Dönem 1 Sınav),,
Dönem 3A Grubu,23 Haziran 2026 Salı,8:30,16:00,SERBEST ÇALIŞMA,,
Dönem 3A Grubu,24 Haziran 2026 Çarşamba,8:30,16:00,SERBEST ÇALIŞMA,,
Dönem 3A Grubu,25 Haziran 2026 Perşembe,8:30,16:00,SERBEST ÇALIŞMA,,
Dönem 3A Grubu,26 Haziran 2026 Cuma,10:00,13:00,DÖNEM 1 SINAV,,
Dönem 3A Grubu,29 Haziran 2026 Pazartesi,8:30,16:00,SERBEST ÇALIŞMA,,
Dönem 3A Grubu,30 Haziran 2026 Salı,9:00,16:00,UYGULAMA BÜTÜNLEME SINAVI,KLİNİK BİLİMLER,FAKÜLTEMİZ WEB SİTESİ ÖĞRENCİ AĞINDA DUYRUSU YAPILACAK
Dönem 3A Grubu,1 Temmuz 2026 Çarşamba,13:00,16:00,UYGULAMA BÜTÜNLEME SINAVI,MİKROBİYOLOJİ,FAKÜLTEMİZ WEB SİTESİ ÖĞRENCİ AĞI AMFİ PROGRAMINA BAKINIZ
Dönem 3A Grubu,2 Temmuz 2026 Perşembe,9:00,12:00,UYGULAMA BÜTÜNLEME SINAVI,PATOLOJİ,FAKÜLTEMİZ WEB SİTESİ ÖĞRENCİ AĞI AMFİ PROGRAMINA BAKINIZ
Dönem 3A Grubu,3 Temmuz 2026 Cuma,8:30,16:00,SERBEST ÇALIŞMA,,
Dönem 3A Grubu,6 Temmuz 2026 Pazartesi,10:00,13:00,SERBEST ÇALIŞMA,,
Dönem 3A Grubu,7 Temmuz 2026 Salı,10:00,13:00,DÖNEM SINAVI KURAMSAL 1 BUTUNLEME (1. OTURUM),SEMİYOLOJİ DİLİMİ + HAREKET II DİLİMİ + KAN-LENFOİD II DİLİMİ,FAKÜLTEMİZ WEB SİTESİ ÖĞRENCİ AĞI AMFİ PROGRAMINA BAKINIZ
Dönem 3A Grubu,8 Temmuz 2026 Çarşamba,10:00,13:00,DÖNEM SINAVI KURAMSAL 1 BUTUNLEME (2. OTURUM),DOLAŞIM II DİLİMİ + SOLUNUM II DİLİMİ + DİKEY KORİDOR III(A) DİLİMİ (Biyoistatistik),FAKÜLTEMİZ WEB SİTESİ ÖĞRENCİ AĞI AMFİ PROGRAMINA BAKINIZ
Dönem 3A Grubu,9 Temmuz 2026 Perşembe,10:00,13:00,DÖNEM SINAVI KURAMSAL 2 BUTUNLEME (1. OTURUM),ENDOKRİN - METABOLİZMA II DİLİMİ + SİNDİRİM II DİLİMİ ,FAKÜLTEMİZ WEB SİTESİ ÖĞRENCİ AĞI AMFİ PROGRAMINA BAKINIZ
Dönem 3A Grubu,10 Temmuz 2026 Cuma,10:00,13:00,DÖNEM SINAVI KURAMSAL 2 BUTUNLEME (2. OTURUM),ÜROGENİTAL VE ÜREME II DİLİMİ + SİNİR-DUYU II DİLİMİ DİKEY KORİDOR III(B) DİLİMİ (Tıbbi Etik),FAKÜLTEMİZ WEB SİTESİ ÖĞRENCİ AĞI AMFİ PROGRAMINA BAKINIZ